DEBUG - 2026-05-12 01:44:35 --> Session: Class initialized using 'CodeIgniter\Session\Handlers\FileHandler' driver.
DEBUG - 2026-05-12 01:44:42 --> Session: Class initialized using 'CodeIgniter\Session\Handlers\FileHandler' driver.
DEBUG - 2026-05-12 01:44:42 --> Session: Class initialized using 'CodeIgniter\Session\Handlers\FileHandler' driver.
DEBUG - 2026-05-12 01:44:45 --> Session: Class initialized using 'CodeIgniter\Session\Handlers\FileHandler' driver.
DEBUG - 2026-05-12 02:06:08 --> Session: Class initialized using 'CodeIgniter\Session\Handlers\FileHandler' driver.
DEBUG - 2026-05-12 02:06:11 --> Session: Class initialized using 'CodeIgniter\Session\Handlers\FileHandler' driver.
DEBUG - 2026-05-12 02:06:12 --> Session: Class initialized using 'CodeIgniter\Session\Handlers\FileHandler' driver.
DEBUG - 2026-05-12 02:11:00 --> Session: Class initialized using 'CodeIgniter\Session\Handlers\FileHandler' driver.
DEBUG - 2026-05-12 02:11:00 --> Session: Class initialized using 'CodeIgniter\Session\Handlers\FileHandler' driver.
DEBUG - 2026-05-12 02:12:34 --> Session: Class initialized using 'CodeIgniter\Session\Handlers\FileHandler' driver.
DEBUG - 2026-05-12 02:12:34 --> Session: Class initialized using 'CodeIgniter\Session\Handlers\FileHandler' driver.
DEBUG - 2026-05-12 02:12:39 --> Session: Class initialized using 'CodeIgniter\Session\Handlers\FileHandler' driver.
DEBUG - 2026-05-12 02:51:27 --> Session: Class initialized using 'CodeIgniter\Session\Handlers\FileHandler' driver.
DEBUG - 2026-05-12 02:51:36 --> Session: Class initialized using 'CodeIgniter\Session\Handlers\FileHandler' driver.
ERROR - 2026-05-12 02:51:36 --> Unknown column 'ph.id_control_no' in 'field list'
in SYSTEMPATH\Database\MySQLi\Connection.php on line 300.
 1 SYSTEMPATH\Database\MySQLi\Connection.php(300): mysqli->query('SELECT `ph`.`plan_holder_id`, `ph`.`user_id`, `ph`.`branch_id`, `ph`.`unique_identifier`, `ph`.`address_no`, `ph`.`address_street`, `ph`.`address_barangay`, `ph`.`address_city`, `ph`.`date_of_birth`, `ph`.`place_of_birth`, `ph`.`age`, `ph`.`gender`, `ph`.`civil_status`, `ph`.`citizenship`, `ph`.`height`, `ph`.`weight`, `ph`.`spouse_name`, `ph`.`spouse_birthdate`, `ph`.`spouse_occupation`, `ph`.`senior_citizen_id`, `ph`.`organization_affiliation`, `ph`.`id_control_no`, `ph`.`coordinator`, `ph`.`application_date`, `ph`.`emergency_contact_name`, `ph`.`emergency_contact_number`, `ph`.`emergency_contact_address`, `ph`.`status` AS `plan_holder_status`, `u`.`first_name`, `u`.`last_name`, `u`.`email`, `u`.`contact_number`, `b`.`branch_name`
FROM `plan_holders` `ph`
INNER JOIN `users` `u` ON `u`.`user_id` = `ph`.`user_id`
LEFT JOIN `branches` `b` ON `b`.`branch_id` = `ph`.`branch_id`
WHERE `ph`.`plan_holder_id` = 7', 0)
 2 SYSTEMPATH\Database\BaseConnection.php(910): CodeIgniter\Database\MySQLi\Connection->execute('SELECT `ph`.`plan_holder_id`, `ph`.`user_id`, `ph`.`branch_id`, `ph`.`unique_identifier`, `ph`.`address_no`, `ph`.`address_street`, `ph`.`address_barangay`, `ph`.`address_city`, `ph`.`date_of_birth`, `ph`.`place_of_birth`, `ph`.`age`, `ph`.`gender`, `ph`.`civil_status`, `ph`.`citizenship`, `ph`.`height`, `ph`.`weight`, `ph`.`spouse_name`, `ph`.`spouse_birthdate`, `ph`.`spouse_occupation`, `ph`.`senior_citizen_id`, `ph`.`organization_affiliation`, `ph`.`id_control_no`, `ph`.`coordinator`, `ph`.`application_date`, `ph`.`emergency_contact_name`, `ph`.`emergency_contact_number`, `ph`.`emergency_contact_address`, `ph`.`status` AS `plan_holder_status`, `u`.`first_name`, `u`.`last_name`, `u`.`email`, `u`.`contact_number`, `b`.`branch_name`
FROM `plan_holders` `ph`
INNER JOIN `users` `u` ON `u`.`user_id` = `ph`.`user_id`
LEFT JOIN `branches` `b` ON `b`.`branch_id` = `ph`.`branch_id`
WHERE `ph`.`plan_holder_id` = 7')
 3 SYSTEMPATH\Database\BaseConnection.php(827): CodeIgniter\Database\BaseConnection->simpleQuery('SELECT `ph`.`plan_holder_id`, `ph`.`user_id`, `ph`.`branch_id`, `ph`.`unique_identifier`, `ph`.`address_no`, `ph`.`address_street`, `ph`.`address_barangay`, `ph`.`address_city`, `ph`.`date_of_birth`, `ph`.`place_of_birth`, `ph`.`age`, `ph`.`gender`, `ph`.`civil_status`, `ph`.`citizenship`, `ph`.`height`, `ph`.`weight`, `ph`.`spouse_name`, `ph`.`spouse_birthdate`, `ph`.`spouse_occupation`, `ph`.`senior_citizen_id`, `ph`.`organization_affiliation`, `ph`.`id_control_no`, `ph`.`coordinator`, `ph`.`application_date`, `ph`.`emergency_contact_name`, `ph`.`emergency_contact_number`, `ph`.`emergency_contact_address`, `ph`.`status` AS `plan_holder_status`, `u`.`first_name`, `u`.`last_name`, `u`.`email`, `u`.`contact_number`, `b`.`branch_name`
FROM `plan_holders` `ph`
INNER JOIN `users` `u` ON `u`.`user_id` = `ph`.`user_id`
LEFT JOIN `branches` `b` ON `b`.`branch_id` = `ph`.`branch_id`
WHERE `ph`.`plan_holder_id` = 7')
 4 SYSTEMPATH\Database\BaseBuilder.php(1649): CodeIgniter\Database\BaseConnection->query('SELECT `ph`.`plan_holder_id`, `ph`.`user_id`, `ph`.`branch_id`, `ph`.`unique_identifier`, `ph`.`address_no`, `ph`.`address_street`, `ph`.`address_barangay`, `ph`.`address_city`, `ph`.`date_of_birth`, `ph`.`place_of_birth`, `ph`.`age`, `ph`.`gender`, `ph`.`civil_status`, `ph`.`citizenship`, `ph`.`height`, `ph`.`weight`, `ph`.`spouse_name`, `ph`.`spouse_birthdate`, `ph`.`spouse_occupation`, `ph`.`senior_citizen_id`, `ph`.`organization_affiliation`, `ph`.`id_control_no`, `ph`.`coordinator`, `ph`.`application_date`, `ph`.`emergency_contact_name`, `ph`.`emergency_contact_number`, `ph`.`emergency_contact_address`, `ph`.`status` AS `plan_holder_status`, `u`.`first_name`, `u`.`last_name`, `u`.`email`, `u`.`contact_number`, `b`.`branch_name`
FROM `plan_holders` `ph`
INNER JOIN `users` `u` ON `u`.`user_id` = `ph`.`user_id`
LEFT JOIN `branches` `b` ON `b`.`branch_id` = `ph`.`branch_id`
WHERE `ph`.`plan_holder_id` = :ph.plan_holder_id:', [...], false)
 5 APPPATH\Services\ClientService.php(49): CodeIgniter\Database\BaseBuilder->get()
 6 APPPATH\Controllers\BranchAdmin\ClientController.php(114): App\Services\ClientService->getClientDetails(7)
 7 SYSTEMPATH\CodeIgniter.php(951): App\Controllers\BranchAdmin\ClientController->view(7)
 8 SYSTEMPATH\CodeIgniter.php(497): CodeIgniter\CodeIgniter->runController(Object(App\Controllers\BranchAdmin\ClientController))
 9 SYSTEMPATH\CodeIgniter.php(340): CodeIgniter\CodeIgniter->handleRequest(null, Object(Config\Cache), false)
10 SYSTEMPATH\Boot.php(417): CodeIgniter\CodeIgniter->run()
11 SYSTEMPATH\Boot.php(68): CodeIgniter\Boot::runCodeIgniter(Object(CodeIgniter\CodeIgniter))
12 FCPATH\index.php(59): CodeIgniter\Boot::bootWeb(Object(Config\Paths))
CRITICAL - 2026-05-12 02:51:36 --> CodeIgniter\Database\Exceptions\DatabaseException: Unknown column 'ph.id_control_no' in 'field list'
[Method: GET, Route: branch-admin/client-management/view/7]
in SYSTEMPATH\Database\BaseConnection.php on line 865.
 1 SYSTEMPATH\Database\BaseBuilder.php(1649): CodeIgniter\Database\BaseConnection->query('SELECT `ph`.`plan_holder_id`, `ph`.`user_id`, `ph`.`branch_id`, `ph`.`unique_identifier`, `ph`.`address_no`, `ph`.`address_street`, `ph`.`address_barangay`, `ph`.`address_city`, `ph`.`date_of_birth`, `ph`.`place_of_birth`, `ph`.`age`, `ph`.`gender`, `ph`.`civil_status`, `ph`.`citizenship`, `ph`.`height`, `ph`.`weight`, `ph`.`spouse_name`, `ph`.`spouse_birthdate`, `ph`.`spouse_occupation`, `ph`.`senior_citizen_id`, `ph`.`organization_affiliation`, `ph`.`id_control_no`, `ph`.`coordinator`, `ph`.`application_date`, `ph`.`emergency_contact_name`, `ph`.`emergency_contact_number`, `ph`.`emergency_contact_address`, `ph`.`status` AS `plan_holder_status`, `u`.`first_name`, `u`.`last_name`, `u`.`email`, `u`.`contact_number`, `b`.`branch_name`
FROM `plan_holders` `ph`
INNER JOIN `users` `u` ON `u`.`user_id` = `ph`.`user_id`
LEFT JOIN `branches` `b` ON `b`.`branch_id` = `ph`.`branch_id`
WHERE `ph`.`plan_holder_id` = :ph.plan_holder_id:', [...], false)
 2 APPPATH\Services\ClientService.php(49): CodeIgniter\Database\BaseBuilder->get()
 3 APPPATH\Controllers\BranchAdmin\ClientController.php(114): App\Services\ClientService->getClientDetails(7)
 4 SYSTEMPATH\CodeIgniter.php(951): App\Controllers\BranchAdmin\ClientController->view(7)
 5 SYSTEMPATH\CodeIgniter.php(497): CodeIgniter\CodeIgniter->runController(Object(App\Controllers\BranchAdmin\ClientController))
 6 SYSTEMPATH\CodeIgniter.php(340): CodeIgniter\CodeIgniter->handleRequest(null, Object(Config\Cache), false)
 7 SYSTEMPATH\Boot.php(417): CodeIgniter\CodeIgniter->run()
 8 SYSTEMPATH\Boot.php(68): CodeIgniter\Boot::runCodeIgniter(Object(CodeIgniter\CodeIgniter))
 9 FCPATH\index.php(59): CodeIgniter\Boot::bootWeb(Object(Config\Paths))
CRITICAL - 2026-05-12 02:51:36 --> [Caused by] CodeIgniter\Database\Exceptions\DatabaseException: Unknown column 'ph.id_control_no' in 'field list'
in SYSTEMPATH\Database\MySQLi\Connection.php on line 310.
 1 SYSTEMPATH\Database\BaseConnection.php(910): CodeIgniter\Database\MySQLi\Connection->execute('SELECT `ph`.`plan_holder_id`, `ph`.`user_id`, `ph`.`branch_id`, `ph`.`unique_identifier`, `ph`.`address_no`, `ph`.`address_street`, `ph`.`address_barangay`, `ph`.`address_city`, `ph`.`date_of_birth`, `ph`.`place_of_birth`, `ph`.`age`, `ph`.`gender`, `ph`.`civil_status`, `ph`.`citizenship`, `ph`.`height`, `ph`.`weight`, `ph`.`spouse_name`, `ph`.`spouse_birthdate`, `ph`.`spouse_occupation`, `ph`.`senior_citizen_id`, `ph`.`organization_affiliation`, `ph`.`id_control_no`, `ph`.`coordinator`, `ph`.`application_date`, `ph`.`emergency_contact_name`, `ph`.`emergency_contact_number`, `ph`.`emergency_contact_address`, `ph`.`status` AS `plan_holder_status`, `u`.`first_name`, `u`.`last_name`, `u`.`email`, `u`.`contact_number`, `b`.`branch_name`
FROM `plan_holders` `ph`
INNER JOIN `users` `u` ON `u`.`user_id` = `ph`.`user_id`
LEFT JOIN `branches` `b` ON `b`.`branch_id` = `ph`.`branch_id`
WHERE `ph`.`plan_holder_id` = 7')
 2 SYSTEMPATH\Database\BaseConnection.php(827): CodeIgniter\Database\BaseConnection->simpleQuery('SELECT `ph`.`plan_holder_id`, `ph`.`user_id`, `ph`.`branch_id`, `ph`.`unique_identifier`, `ph`.`address_no`, `ph`.`address_street`, `ph`.`address_barangay`, `ph`.`address_city`, `ph`.`date_of_birth`, `ph`.`place_of_birth`, `ph`.`age`, `ph`.`gender`, `ph`.`civil_status`, `ph`.`citizenship`, `ph`.`height`, `ph`.`weight`, `ph`.`spouse_name`, `ph`.`spouse_birthdate`, `ph`.`spouse_occupation`, `ph`.`senior_citizen_id`, `ph`.`organization_affiliation`, `ph`.`id_control_no`, `ph`.`coordinator`, `ph`.`application_date`, `ph`.`emergency_contact_name`, `ph`.`emergency_contact_number`, `ph`.`emergency_contact_address`, `ph`.`status` AS `plan_holder_status`, `u`.`first_name`, `u`.`last_name`, `u`.`email`, `u`.`contact_number`, `b`.`branch_name`
FROM `plan_holders` `ph`
INNER JOIN `users` `u` ON `u`.`user_id` = `ph`.`user_id`
LEFT JOIN `branches` `b` ON `b`.`branch_id` = `ph`.`branch_id`
WHERE `ph`.`plan_holder_id` = 7')
 3 SYSTEMPATH\Database\BaseBuilder.php(1649): CodeIgniter\Database\BaseConnection->query('SELECT `ph`.`plan_holder_id`, `ph`.`user_id`, `ph`.`branch_id`, `ph`.`unique_identifier`, `ph`.`address_no`, `ph`.`address_street`, `ph`.`address_barangay`, `ph`.`address_city`, `ph`.`date_of_birth`, `ph`.`place_of_birth`, `ph`.`age`, `ph`.`gender`, `ph`.`civil_status`, `ph`.`citizenship`, `ph`.`height`, `ph`.`weight`, `ph`.`spouse_name`, `ph`.`spouse_birthdate`, `ph`.`spouse_occupation`, `ph`.`senior_citizen_id`, `ph`.`organization_affiliation`, `ph`.`id_control_no`, `ph`.`coordinator`, `ph`.`application_date`, `ph`.`emergency_contact_name`, `ph`.`emergency_contact_number`, `ph`.`emergency_contact_address`, `ph`.`status` AS `plan_holder_status`, `u`.`first_name`, `u`.`last_name`, `u`.`email`, `u`.`contact_number`, `b`.`branch_name`
FROM `plan_holders` `ph`
INNER JOIN `users` `u` ON `u`.`user_id` = `ph`.`user_id`
LEFT JOIN `branches` `b` ON `b`.`branch_id` = `ph`.`branch_id`
WHERE `ph`.`plan_holder_id` = :ph.plan_holder_id:', [...], false)
 4 APPPATH\Services\ClientService.php(49): CodeIgniter\Database\BaseBuilder->get()
 5 APPPATH\Controllers\BranchAdmin\ClientController.php(114): App\Services\ClientService->getClientDetails(7)
 6 SYSTEMPATH\CodeIgniter.php(951): App\Controllers\BranchAdmin\ClientController->view(7)
 7 SYSTEMPATH\CodeIgniter.php(497): CodeIgniter\CodeIgniter->runController(Object(App\Controllers\BranchAdmin\ClientController))
 8 SYSTEMPATH\CodeIgniter.php(340): CodeIgniter\CodeIgniter->handleRequest(null, Object(Config\Cache), false)
 9 SYSTEMPATH\Boot.php(417): CodeIgniter\CodeIgniter->run()
10 SYSTEMPATH\Boot.php(68): CodeIgniter\Boot::runCodeIgniter(Object(CodeIgniter\CodeIgniter))
11 FCPATH\index.php(59): CodeIgniter\Boot::bootWeb(Object(Config\Paths))
CRITICAL - 2026-05-12 02:51:36 --> [Caused by] mysqli_sql_exception: Unknown column 'ph.id_control_no' in 'field list'
in SYSTEMPATH\Database\MySQLi\Connection.php on line 300.
 1 SYSTEMPATH\Database\MySQLi\Connection.php(300): mysqli->query('SELECT `ph`.`plan_holder_id`, `ph`.`user_id`, `ph`.`branch_id`, `ph`.`unique_identifier`, `ph`.`address_no`, `ph`.`address_street`, `ph`.`address_barangay`, `ph`.`address_city`, `ph`.`date_of_birth`, `ph`.`place_of_birth`, `ph`.`age`, `ph`.`gender`, `ph`.`civil_status`, `ph`.`citizenship`, `ph`.`height`, `ph`.`weight`, `ph`.`spouse_name`, `ph`.`spouse_birthdate`, `ph`.`spouse_occupation`, `ph`.`senior_citizen_id`, `ph`.`organization_affiliation`, `ph`.`id_control_no`, `ph`.`coordinator`, `ph`.`application_date`, `ph`.`emergency_contact_name`, `ph`.`emergency_contact_number`, `ph`.`emergency_contact_address`, `ph`.`status` AS `plan_holder_status`, `u`.`first_name`, `u`.`last_name`, `u`.`email`, `u`.`contact_number`, `b`.`branch_name`
FROM `plan_holders` `ph`
INNER JOIN `users` `u` ON `u`.`user_id` = `ph`.`user_id`
LEFT JOIN `branches` `b` ON `b`.`branch_id` = `ph`.`branch_id`
WHERE `ph`.`plan_holder_id` = 7', 0)
 2 SYSTEMPATH\Database\BaseConnection.php(910): CodeIgniter\Database\MySQLi\Connection->execute('SELECT `ph`.`plan_holder_id`, `ph`.`user_id`, `ph`.`branch_id`, `ph`.`unique_identifier`, `ph`.`address_no`, `ph`.`address_street`, `ph`.`address_barangay`, `ph`.`address_city`, `ph`.`date_of_birth`, `ph`.`place_of_birth`, `ph`.`age`, `ph`.`gender`, `ph`.`civil_status`, `ph`.`citizenship`, `ph`.`height`, `ph`.`weight`, `ph`.`spouse_name`, `ph`.`spouse_birthdate`, `ph`.`spouse_occupation`, `ph`.`senior_citizen_id`, `ph`.`organization_affiliation`, `ph`.`id_control_no`, `ph`.`coordinator`, `ph`.`application_date`, `ph`.`emergency_contact_name`, `ph`.`emergency_contact_number`, `ph`.`emergency_contact_address`, `ph`.`status` AS `plan_holder_status`, `u`.`first_name`, `u`.`last_name`, `u`.`email`, `u`.`contact_number`, `b`.`branch_name`
FROM `plan_holders` `ph`
INNER JOIN `users` `u` ON `u`.`user_id` = `ph`.`user_id`
LEFT JOIN `branches` `b` ON `b`.`branch_id` = `ph`.`branch_id`
WHERE `ph`.`plan_holder_id` = 7')
 3 SYSTEMPATH\Database\BaseConnection.php(827): CodeIgniter\Database\BaseConnection->simpleQuery('SELECT `ph`.`plan_holder_id`, `ph`.`user_id`, `ph`.`branch_id`, `ph`.`unique_identifier`, `ph`.`address_no`, `ph`.`address_street`, `ph`.`address_barangay`, `ph`.`address_city`, `ph`.`date_of_birth`, `ph`.`place_of_birth`, `ph`.`age`, `ph`.`gender`, `ph`.`civil_status`, `ph`.`citizenship`, `ph`.`height`, `ph`.`weight`, `ph`.`spouse_name`, `ph`.`spouse_birthdate`, `ph`.`spouse_occupation`, `ph`.`senior_citizen_id`, `ph`.`organization_affiliation`, `ph`.`id_control_no`, `ph`.`coordinator`, `ph`.`application_date`, `ph`.`emergency_contact_name`, `ph`.`emergency_contact_number`, `ph`.`emergency_contact_address`, `ph`.`status` AS `plan_holder_status`, `u`.`first_name`, `u`.`last_name`, `u`.`email`, `u`.`contact_number`, `b`.`branch_name`
FROM `plan_holders` `ph`
INNER JOIN `users` `u` ON `u`.`user_id` = `ph`.`user_id`
LEFT JOIN `branches` `b` ON `b`.`branch_id` = `ph`.`branch_id`
WHERE `ph`.`plan_holder_id` = 7')
 4 SYSTEMPATH\Database\BaseBuilder.php(1649): CodeIgniter\Database\BaseConnection->query('SELECT `ph`.`plan_holder_id`, `ph`.`user_id`, `ph`.`branch_id`, `ph`.`unique_identifier`, `ph`.`address_no`, `ph`.`address_street`, `ph`.`address_barangay`, `ph`.`address_city`, `ph`.`date_of_birth`, `ph`.`place_of_birth`, `ph`.`age`, `ph`.`gender`, `ph`.`civil_status`, `ph`.`citizenship`, `ph`.`height`, `ph`.`weight`, `ph`.`spouse_name`, `ph`.`spouse_birthdate`, `ph`.`spouse_occupation`, `ph`.`senior_citizen_id`, `ph`.`organization_affiliation`, `ph`.`id_control_no`, `ph`.`coordinator`, `ph`.`application_date`, `ph`.`emergency_contact_name`, `ph`.`emergency_contact_number`, `ph`.`emergency_contact_address`, `ph`.`status` AS `plan_holder_status`, `u`.`first_name`, `u`.`last_name`, `u`.`email`, `u`.`contact_number`, `b`.`branch_name`
FROM `plan_holders` `ph`
INNER JOIN `users` `u` ON `u`.`user_id` = `ph`.`user_id`
LEFT JOIN `branches` `b` ON `b`.`branch_id` = `ph`.`branch_id`
WHERE `ph`.`plan_holder_id` = :ph.plan_holder_id:', [...], false)
 5 APPPATH\Services\ClientService.php(49): CodeIgniter\Database\BaseBuilder->get()
 6 APPPATH\Controllers\BranchAdmin\ClientController.php(114): App\Services\ClientService->getClientDetails(7)
 7 SYSTEMPATH\CodeIgniter.php(951): App\Controllers\BranchAdmin\ClientController->view(7)
 8 SYSTEMPATH\CodeIgniter.php(497): CodeIgniter\CodeIgniter->runController(Object(App\Controllers\BranchAdmin\ClientController))
 9 SYSTEMPATH\CodeIgniter.php(340): CodeIgniter\CodeIgniter->handleRequest(null, Object(Config\Cache), false)
10 SYSTEMPATH\Boot.php(417): CodeIgniter\CodeIgniter->run()
11 SYSTEMPATH\Boot.php(68): CodeIgniter\Boot::runCodeIgniter(Object(CodeIgniter\CodeIgniter))
12 FCPATH\index.php(59): CodeIgniter\Boot::bootWeb(Object(Config\Paths))
DEBUG - 2026-05-12 02:51:39 --> Session: Class initialized using 'CodeIgniter\Session\Handlers\FileHandler' driver.
DEBUG - 2026-05-12 02:51:48 --> Session: Class initialized using 'CodeIgniter\Session\Handlers\FileHandler' driver.
DEBUG - 2026-05-12 02:51:51 --> Session: Class initialized using 'CodeIgniter\Session\Handlers\FileHandler' driver.
DEBUG - 2026-05-12 03:04:16 --> Session: Class initialized using 'CodeIgniter\Session\Handlers\FileHandler' driver.
DEBUG - 2026-05-12 03:04:16 --> Session: Class initialized using 'CodeIgniter\Session\Handlers\FileHandler' driver.
DEBUG - 2026-05-12 03:04:16 --> Session: Class initialized using 'CodeIgniter\Session\Handlers\FileHandler' driver.
DEBUG - 2026-05-12 03:07:40 --> Session: Class initialized using 'CodeIgniter\Session\Handlers\FileHandler' driver.
DEBUG - 2026-05-12 03:07:41 --> Session: Class initialized using 'CodeIgniter\Session\Handlers\FileHandler' driver.
DEBUG - 2026-05-12 03:07:47 --> Session: Class initialized using 'CodeIgniter\Session\Handlers\FileHandler' driver.
DEBUG - 2026-05-12 03:08:46 --> Session: Class initialized using 'CodeIgniter\Session\Handlers\FileHandler' driver.
DEBUG - 2026-05-12 03:08:47 --> Session: Class initialized using 'CodeIgniter\Session\Handlers\FileHandler' driver.
DEBUG - 2026-05-12 03:08:49 --> Session: Class initialized using 'CodeIgniter\Session\Handlers\FileHandler' driver.
ERROR - 2026-05-12 03:09:46 --> Unknown column 'type' in 'field list'
in SYSTEMPATH\Database\MySQLi\Connection.php on line 300.
 1 SYSTEMPATH\Database\MySQLi\Connection.php(300): mysqli->query('INSERT INTO `notifications` (`user_id`, `message`, `type`, `status`, `created_at`) VALUES (15, \'Your account was created. Complete plan holder registration to unlock services and payments.\', \'registration_pending\', \'unread\', \'2026-05-12 03:09:46\')', 0)
 2 SYSTEMPATH\Database\BaseConnection.php(910): CodeIgniter\Database\MySQLi\Connection->execute('INSERT INTO `notifications` (`user_id`, `message`, `type`, `status`, `created_at`) VALUES (15, \'Your account was created. Complete plan holder registration to unlock services and payments.\', \'registration_pending\', \'unread\', \'2026-05-12 03:09:46\')')
 3 SYSTEMPATH\Database\BaseConnection.php(827): CodeIgniter\Database\BaseConnection->simpleQuery('INSERT INTO `notifications` (`user_id`, `message`, `type`, `status`, `created_at`) VALUES (15, \'Your account was created. Complete plan holder registration to unlock services and payments.\', \'registration_pending\', \'unread\', \'2026-05-12 03:09:46\')')
 4 SYSTEMPATH\Database\BaseBuilder.php(2345): CodeIgniter\Database\BaseConnection->query('INSERT INTO `notifications` (`user_id`, `message`, `type`, `status`, `created_at`) VALUES (:user_id:, :message:, :type:, :status:, :created_at:)', [...], false)
 5 APPPATH\Services\NotificationService.php(35): CodeIgniter\Database\BaseBuilder->insert([...])
 6 APPPATH\Controllers\Auth.php(167): App\Services\NotificationService->notify(15, 'Your account was created. Complete plan holder registration to unlock services and payments.', 'registration_pending')
 7 SYSTEMPATH\CodeIgniter.php(951): App\Controllers\Auth->attemptRegister()
 8 SYSTEMPATH\CodeIgniter.php(497): CodeIgniter\CodeIgniter->runController(Object(App\Controllers\Auth))
 9 SYSTEMPATH\CodeIgniter.php(340): CodeIgniter\CodeIgniter->handleRequest(null, Object(Config\Cache), false)
10 SYSTEMPATH\Boot.php(417): CodeIgniter\CodeIgniter->run()
11 SYSTEMPATH\Boot.php(68): CodeIgniter\Boot::runCodeIgniter(Object(CodeIgniter\CodeIgniter))
12 FCPATH\index.php(59): CodeIgniter\Boot::bootWeb(Object(Config\Paths))
ERROR - 2026-05-12 03:09:46 --> NotificationService::notify - Unknown column 'type' in 'field list'
ERROR - 2026-05-12 03:09:46 --> Table 'kaagapay_db.activity_logs' doesn't exist
in SYSTEMPATH\Database\MySQLi\Connection.php on line 300.
 1 SYSTEMPATH\Database\MySQLi\Connection.php(300): mysqli->query('INSERT INTO `activity_logs` (`user_id`, `action`, `module`, `target_id`, `description`, `old_values`, `new_values`, `ip_address`, `created_at`) VALUES (15, \'created\', \'user\', 15, \'Registered new client account\', NULL, \'{\\"linked_existing_plan_holder\\":false}\', \'::1\', \'2026-05-12 03:09:46\')', 0)
 2 SYSTEMPATH\Database\BaseConnection.php(910): CodeIgniter\Database\MySQLi\Connection->execute('INSERT INTO `activity_logs` (`user_id`, `action`, `module`, `target_id`, `description`, `old_values`, `new_values`, `ip_address`, `created_at`) VALUES (15, \'created\', \'user\', 15, \'Registered new client account\', NULL, \'{\\"linked_existing_plan_holder\\":false}\', \'::1\', \'2026-05-12 03:09:46\')')
 3 SYSTEMPATH\Database\BaseConnection.php(827): CodeIgniter\Database\BaseConnection->simpleQuery('INSERT INTO `activity_logs` (`user_id`, `action`, `module`, `target_id`, `description`, `old_values`, `new_values`, `ip_address`, `created_at`) VALUES (15, \'created\', \'user\', 15, \'Registered new client account\', NULL, \'{\\"linked_existing_plan_holder\\":false}\', \'::1\', \'2026-05-12 03:09:46\')')
 4 SYSTEMPATH\Database\BaseBuilder.php(2345): CodeIgniter\Database\BaseConnection->query('INSERT INTO `activity_logs` (`user_id`, `action`, `module`, `target_id`, `description`, `old_values`, `new_values`, `ip_address`, `created_at`) VALUES (:user_id:, :action:, :module:, :target_id:, :description:, :old_values:, :new_values:, :ip_address:, :created_at:)', [...], false)
 5 APPPATH\Services\ActivityLogService.php(73): CodeIgniter\Database\BaseBuilder->insert([...])
 6 APPPATH\Controllers\Auth.php(170): App\Services\ActivityLogService->log(15, 'created', 'user', 15, 'Registered new client account', null, [...])
 7 SYSTEMPATH\CodeIgniter.php(951): App\Controllers\Auth->attemptRegister()
 8 SYSTEMPATH\CodeIgniter.php(497): CodeIgniter\CodeIgniter->runController(Object(App\Controllers\Auth))
 9 SYSTEMPATH\CodeIgniter.php(340): CodeIgniter\CodeIgniter->handleRequest(null, Object(Config\Cache), false)
10 SYSTEMPATH\Boot.php(417): CodeIgniter\CodeIgniter->run()
11 SYSTEMPATH\Boot.php(68): CodeIgniter\Boot::runCodeIgniter(Object(CodeIgniter\CodeIgniter))
12 FCPATH\index.php(59): CodeIgniter\Boot::bootWeb(Object(Config\Paths))
ERROR - 2026-05-12 03:09:46 --> ActivityLogService::log - Table 'kaagapay_db.activity_logs' doesn't exist
DEBUG - 2026-05-12 03:09:46 --> Session: Class initialized using 'CodeIgniter\Session\Handlers\FileHandler' driver.
DEBUG - 2026-05-12 03:09:47 --> Session: Class initialized using 'CodeIgniter\Session\Handlers\FileHandler' driver.
DEBUG - 2026-05-12 03:09:52 --> Session: Class initialized using 'CodeIgniter\Session\Handlers\FileHandler' driver.
DEBUG - 2026-05-12 03:09:53 --> Session: Class initialized using 'CodeIgniter\Session\Handlers\FileHandler' driver.
DEBUG - 2026-05-12 03:09:57 --> Session: Class initialized using 'CodeIgniter\Session\Handlers\FileHandler' driver.
DEBUG - 2026-05-12 03:09:59 --> Session: Class initialized using 'CodeIgniter\Session\Handlers\FileHandler' driver.
DEBUG - 2026-05-12 03:10:07 --> Session: Class initialized using 'CodeIgniter\Session\Handlers\FileHandler' driver.
DEBUG - 2026-05-12 03:10:09 --> Session: Class initialized using 'CodeIgniter\Session\Handlers\FileHandler' driver.
DEBUG - 2026-05-12 03:10:13 --> Session: Class initialized using 'CodeIgniter\Session\Handlers\FileHandler' driver.
DEBUG - 2026-05-12 03:10:37 --> Session: Class initialized using 'CodeIgniter\Session\Handlers\FileHandler' driver.
DEBUG - 2026-05-12 03:10:37 --> Session: Class initialized using 'CodeIgniter\Session\Handlers\FileHandler' driver.
DEBUG - 2026-05-12 03:10:46 --> Session: Class initialized using 'CodeIgniter\Session\Handlers\FileHandler' driver.
DEBUG - 2026-05-12 03:10:46 --> Session: Class initialized using 'CodeIgniter\Session\Handlers\FileHandler' driver.
DEBUG - 2026-05-12 03:15:10 --> Session: Class initialized using 'CodeIgniter\Session\Handlers\FileHandler' driver.
DEBUG - 2026-05-12 03:15:31 --> Session: Class initialized using 'CodeIgniter\Session\Handlers\FileHandler' driver.
DEBUG - 2026-05-12 03:15:31 --> Session: Class initialized using 'CodeIgniter\Session\Handlers\FileHandler' driver.
CRITICAL - 2026-05-12 03:26:36 --> ErrorException: Cannot redeclare App\Controllers\PlanHolders::nullablePost()
[Method: GET, Route: plan-holders/register]
in APPPATH\Controllers\PlanHolders.php on line 641.
 1 [internal function]: CodeIgniter\Debug\Exceptions->shutdownHandler()
DEBUG - 2026-05-12 03:26:36 --> Session: Class initialized using 'CodeIgniter\Session\Handlers\FileHandler' driver.
DEBUG - 2026-05-12 03:26:38 --> Session: Class initialized using 'CodeIgniter\Session\Handlers\FileHandler' driver.
DEBUG - 2026-05-12 03:27:15 --> Session: Class initialized using 'CodeIgniter\Session\Handlers\FileHandler' driver.
DEBUG - 2026-05-12 03:27:15 --> Session: Class initialized using 'CodeIgniter\Session\Handlers\FileHandler' driver.
DEBUG - 2026-05-12 03:27:32 --> Session: Class initialized using 'CodeIgniter\Session\Handlers\FileHandler' driver.
DEBUG - 2026-05-12 03:27:33 --> Session: Class initialized using 'CodeIgniter\Session\Handlers\FileHandler' driver.
DEBUG - 2026-05-12 03:27:44 --> Session: Class initialized using 'CodeIgniter\Session\Handlers\FileHandler' driver.
DEBUG - 2026-05-12 03:27:44 --> Session: Class initialized using 'CodeIgniter\Session\Handlers\FileHandler' driver.
DEBUG - 2026-05-12 03:27:57 --> Session: Class initialized using 'CodeIgniter\Session\Handlers\FileHandler' driver.
DEBUG - 2026-05-12 03:28:02 --> Session: Class initialized using 'CodeIgniter\Session\Handlers\FileHandler' driver.
DEBUG - 2026-05-12 03:28:49 --> Session: Class initialized using 'CodeIgniter\Session\Handlers\FileHandler' driver.
DEBUG - 2026-05-12 03:28:50 --> Session: Class initialized using 'CodeIgniter\Session\Handlers\FileHandler' driver.
CRITICAL - 2026-05-12 03:29:25 --> ErrorException: Access level to App\Controllers\PlanHolders::nullablePost() must be protected (as in class App\Controllers\BaseController) or weaker
[Method: GET, Route: plan-holders/register]
in APPPATH\Controllers\PlanHolders.php on line 435.
 1 [internal function]: CodeIgniter\Debug\Exceptions->shutdownHandler()
DEBUG - 2026-05-12 03:29:41 --> Session: Class initialized using 'CodeIgniter\Session\Handlers\FileHandler' driver.
CRITICAL - 2026-05-12 03:29:41 --> TypeError: App\Controllers\PlanHolders::register(): Return value must be of type string, CodeIgniter\HTTP\RedirectResponse returned
[Method: GET, Route: plan-holders/register]
in APPPATH\Controllers\PlanHolders.php on line 20.
 1 SYSTEMPATH\CodeIgniter.php(951): App\Controllers\PlanHolders->register()
 2 SYSTEMPATH\CodeIgniter.php(497): CodeIgniter\CodeIgniter->runController(Object(App\Controllers\PlanHolders))
 3 SYSTEMPATH\CodeIgniter.php(340): CodeIgniter\CodeIgniter->handleRequest(null, Object(Config\Cache), false)
 4 SYSTEMPATH\Boot.php(417): CodeIgniter\CodeIgniter->run()
 5 SYSTEMPATH\Boot.php(68): CodeIgniter\Boot::runCodeIgniter(Object(CodeIgniter\CodeIgniter))
 6 FCPATH\index.php(59): CodeIgniter\Boot::bootWeb(Object(Config\Paths))
DEBUG - 2026-05-12 03:30:00 --> Session: Class initialized using 'CodeIgniter\Session\Handlers\FileHandler' driver.
CRITICAL - 2026-05-12 03:30:00 --> TypeError: App\Controllers\PlanHolders::register(): Return value must be of type string, CodeIgniter\HTTP\RedirectResponse returned
[Method: GET, Route: plan-holders/register]
in APPPATH\Controllers\PlanHolders.php on line 20.
 1 SYSTEMPATH\CodeIgniter.php(951): App\Controllers\PlanHolders->register()
 2 SYSTEMPATH\CodeIgniter.php(497): CodeIgniter\CodeIgniter->runController(Object(App\Controllers\PlanHolders))
 3 SYSTEMPATH\CodeIgniter.php(340): CodeIgniter\CodeIgniter->handleRequest(null, Object(Config\Cache), false)
 4 SYSTEMPATH\Boot.php(417): CodeIgniter\CodeIgniter->run()
 5 SYSTEMPATH\Boot.php(68): CodeIgniter\Boot::runCodeIgniter(Object(CodeIgniter\CodeIgniter))
 6 FCPATH\index.php(59): CodeIgniter\Boot::bootWeb(Object(Config\Paths))
DEBUG - 2026-05-12 03:30:16 --> Session: Class initialized using 'CodeIgniter\Session\Handlers\FileHandler' driver.
DEBUG - 2026-05-12 03:30:17 --> Session: Class initialized using 'CodeIgniter\Session\Handlers\FileHandler' driver.
DEBUG - 2026-05-12 03:30:24 --> Session: Class initialized using 'CodeIgniter\Session\Handlers\FileHandler' driver.
DEBUG - 2026-05-12 03:30:25 --> Session: Class initialized using 'CodeIgniter\Session\Handlers\FileHandler' driver.
DEBUG - 2026-05-12 03:30:33 --> Session: Class initialized using 'CodeIgniter\Session\Handlers\FileHandler' driver.
DEBUG - 2026-05-12 03:30:33 --> Session: Class initialized using 'CodeIgniter\Session\Handlers\FileHandler' driver.
DEBUG - 2026-05-12 03:30:53 --> Session: Class initialized using 'CodeIgniter\Session\Handlers\FileHandler' driver.
DEBUG - 2026-05-12 03:30:54 --> Session: Class initialized using 'CodeIgniter\Session\Handlers\FileHandler' driver.
DEBUG - 2026-05-12 03:31:16 --> Session: Class initialized using 'CodeIgniter\Session\Handlers\FileHandler' driver.
DEBUG - 2026-05-12 03:31:17 --> Session: Class initialized using 'CodeIgniter\Session\Handlers\FileHandler' driver.
DEBUG - 2026-05-12 03:31:17 --> Session: Class initialized using 'CodeIgniter\Session\Handlers\FileHandler' driver.
DEBUG - 2026-05-12 03:31:18 --> Session: Class initialized using 'CodeIgniter\Session\Handlers\FileHandler' driver.
DEBUG - 2026-05-12 03:32:26 --> Session: Class initialized using 'CodeIgniter\Session\Handlers\FileHandler' driver.
DEBUG - 2026-05-12 03:32:27 --> Session: Class initialized using 'CodeIgniter\Session\Handlers\FileHandler' driver.
DEBUG - 2026-05-12 03:32:39 --> Session: Class initialized using 'CodeIgniter\Session\Handlers\FileHandler' driver.
DEBUG - 2026-05-12 03:32:40 --> Session: Class initialized using 'CodeIgniter\Session\Handlers\FileHandler' driver.
DEBUG - 2026-05-12 03:32:44 --> Session: Class initialized using 'CodeIgniter\Session\Handlers\FileHandler' driver.
DEBUG - 2026-05-12 03:32:50 --> Session: Class initialized using 'CodeIgniter\Session\Handlers\FileHandler' driver.
DEBUG - 2026-05-12 03:32:54 --> Session: Class initialized using 'CodeIgniter\Session\Handlers\FileHandler' driver.
DEBUG - 2026-05-12 03:33:13 --> Session: Class initialized using 'CodeIgniter\Session\Handlers\FileHandler' driver.
DEBUG - 2026-05-12 03:33:14 --> Session: Class initialized using 'CodeIgniter\Session\Handlers\FileHandler' driver.
DEBUG - 2026-05-12 03:37:49 --> Session: Class initialized using 'CodeIgniter\Session\Handlers\FileHandler' driver.
DEBUG - 2026-05-12 03:38:00 --> Session: Class initialized using 'CodeIgniter\Session\Handlers\FileHandler' driver.
DEBUG - 2026-05-12 03:38:01 --> Session: Class initialized using 'CodeIgniter\Session\Handlers\FileHandler' driver.
DEBUG - 2026-05-12 03:43:55 --> Session: Class initialized using 'CodeIgniter\Session\Handlers\FileHandler' driver.
DEBUG - 2026-05-12 03:44:16 --> Session: Class initialized using 'CodeIgniter\Session\Handlers\FileHandler' driver.
DEBUG - 2026-05-12 03:44:32 --> Session: Class initialized using 'CodeIgniter\Session\Handlers\FileHandler' driver.
DEBUG - 2026-05-12 03:44:32 --> Session: Class initialized using 'CodeIgniter\Session\Handlers\FileHandler' driver.
DEBUG - 2026-05-12 03:45:35 --> Session: Class initialized using 'CodeIgniter\Session\Handlers\FileHandler' driver.
DEBUG - 2026-05-12 03:45:50 --> Session: Class initialized using 'CodeIgniter\Session\Handlers\FileHandler' driver.
DEBUG - 2026-05-12 03:45:51 --> Session: Class initialized using 'CodeIgniter\Session\Handlers\FileHandler' driver.
DEBUG - 2026-05-12 03:48:54 --> Session: Class initialized using 'CodeIgniter\Session\Handlers\FileHandler' driver.
DEBUG - 2026-05-12 03:49:07 --> Session: Class initialized using 'CodeIgniter\Session\Handlers\FileHandler' driver.
DEBUG - 2026-05-12 03:49:08 --> Session: Class initialized using 'CodeIgniter\Session\Handlers\FileHandler' driver.
DEBUG - 2026-05-12 03:50:31 --> Session: Class initialized using 'CodeIgniter\Session\Handlers\FileHandler' driver.
DEBUG - 2026-05-12 03:50:42 --> Session: Class initialized using 'CodeIgniter\Session\Handlers\FileHandler' driver.
DEBUG - 2026-05-12 03:50:42 --> Session: Class initialized using 'CodeIgniter\Session\Handlers\FileHandler' driver.
DEBUG - 2026-05-12 04:03:20 --> Session: Class initialized using 'CodeIgniter\Session\Handlers\FileHandler' driver.
DEBUG - 2026-05-12 04:03:23 --> Session: Class initialized using 'CodeIgniter\Session\Handlers\FileHandler' driver.
DEBUG - 2026-05-12 04:03:24 --> Session: Class initialized using 'CodeIgniter\Session\Handlers\FileHandler' driver.
DEBUG - 2026-05-12 04:03:26 --> Session: Class initialized using 'CodeIgniter\Session\Handlers\FileHandler' driver.
DEBUG - 2026-05-12 04:03:44 --> Session: Class initialized using 'CodeIgniter\Session\Handlers\FileHandler' driver.
DEBUG - 2026-05-12 04:03:44 --> Session: Class initialized using 'CodeIgniter\Session\Handlers\FileHandler' driver.
DEBUG - 2026-05-12 04:03:56 --> Session: Class initialized using 'CodeIgniter\Session\Handlers\FileHandler' driver.
ERROR - 2026-05-12 04:03:56 --> Plan registration failed: At least one beneficiary is required.
DEBUG - 2026-05-12 04:03:57 --> Session: Class initialized using 'CodeIgniter\Session\Handlers\FileHandler' driver.
DEBUG - 2026-05-12 04:16:10 --> Session: Class initialized using 'CodeIgniter\Session\Handlers\FileHandler' driver.
DEBUG - 2026-05-12 04:16:36 --> Session: Class initialized using 'CodeIgniter\Session\Handlers\FileHandler' driver.
ERROR - 2026-05-12 04:16:36 --> Plan registration failed: At least one beneficiary is required.
DEBUG - 2026-05-12 04:16:36 --> Session: Class initialized using 'CodeIgniter\Session\Handlers\FileHandler' driver.
DEBUG - 2026-05-12 04:18:11 --> Session: Class initialized using 'CodeIgniter\Session\Handlers\FileHandler' driver.
DEBUG - 2026-05-12 04:18:12 --> Session: Class initialized using 'CodeIgniter\Session\Handlers\FileHandler' driver.
DEBUG - 2026-05-12 04:21:40 --> Session: Class initialized using 'CodeIgniter\Session\Handlers\FileHandler' driver.
ERROR - 2026-05-12 04:22:06 --> Can't create table `kaagapay_db`.`package_services` (errno: 150 "Foreign key constraint is incorrectly formed")
in SYSTEMPATH\Database\MySQLi\Connection.php on line 300.
 1 SYSTEMPATH\Database\MySQLi\Connection.php(300): mysqli->query('CREATE TABLE `package_services` (
	`id` INT(11) UNSIGNED NOT NULL AUTO_INCREMENT,
	`package_id` INT(11) UNSIGNED NOT NULL,
	`service_list_id` INT(11) UNSIGNED NOT NULL,
	CONSTRAINT `pk_package_services` PRIMARY KEY(`id`),
	CONSTRAINT `package_services_package_id_foreign` FOREIGN KEY (`package_id`) REFERENCES `packages`(`package_id`) ON DELETE CASCADE ON UPDATE CASCADE,
	CONSTRAINT `package_services_service_list_id_foreign` FOREIGN KEY (`service_list_id`) REFERENCES `service_list`(`service_list_id`) ON DELETE CASCADE ON UPDATE CASCADE,
	KEY `package_id` (`package_id`),
	KEY `service_list_id` (`service_list_id`)
) DEFAULT CHARACTER SET = utf8mb4 COLLATE = utf8mb4_general_ci', 0)
 2 SYSTEMPATH\Database\BaseConnection.php(910): CodeIgniter\Database\MySQLi\Connection->execute('CREATE TABLE `package_services` (
	`id` INT(11) UNSIGNED NOT NULL AUTO_INCREMENT,
	`package_id` INT(11) UNSIGNED NOT NULL,
	`service_list_id` INT(11) UNSIGNED NOT NULL,
	CONSTRAINT `pk_package_services` PRIMARY KEY(`id`),
	CONSTRAINT `package_services_package_id_foreign` FOREIGN KEY (`package_id`) REFERENCES `packages`(`package_id`) ON DELETE CASCADE ON UPDATE CASCADE,
	CONSTRAINT `package_services_service_list_id_foreign` FOREIGN KEY (`service_list_id`) REFERENCES `service_list`(`service_list_id`) ON DELETE CASCADE ON UPDATE CASCADE,
	KEY `package_id` (`package_id`),
	KEY `service_list_id` (`service_list_id`)
) DEFAULT CHARACTER SET = utf8mb4 COLLATE = utf8mb4_general_ci')
 3 SYSTEMPATH\Database\BaseConnection.php(827): CodeIgniter\Database\BaseConnection->simpleQuery('CREATE TABLE `package_services` (
	`id` INT(11) UNSIGNED NOT NULL AUTO_INCREMENT,
	`package_id` INT(11) UNSIGNED NOT NULL,
	`service_list_id` INT(11) UNSIGNED NOT NULL,
	CONSTRAINT `pk_package_services` PRIMARY KEY(`id`),
	CONSTRAINT `package_services_package_id_foreign` FOREIGN KEY (`package_id`) REFERENCES `packages`(`package_id`) ON DELETE CASCADE ON UPDATE CASCADE,
	CONSTRAINT `package_services_service_list_id_foreign` FOREIGN KEY (`service_list_id`) REFERENCES `service_list`(`service_list_id`) ON DELETE CASCADE ON UPDATE CASCADE,
	KEY `package_id` (`package_id`),
	KEY `service_list_id` (`service_list_id`)
) DEFAULT CHARACTER SET = utf8mb4 COLLATE = utf8mb4_general_ci')
 4 SYSTEMPATH\Database\Forge.php(570): CodeIgniter\Database\BaseConnection->query('CREATE TABLE `package_services` (
	`id` INT(11) UNSIGNED NOT NULL AUTO_INCREMENT,
	`package_id` INT(11) UNSIGNED NOT NULL,
	`service_list_id` INT(11) UNSIGNED NOT NULL,
	CONSTRAINT `pk_package_services` PRIMARY KEY(`id`),
	CONSTRAINT `package_services_package_id_foreign` FOREIGN KEY (`package_id`) REFERENCES `packages`(`package_id`) ON DELETE CASCADE ON UPDATE CASCADE,
	CONSTRAINT `package_services_service_list_id_foreign` FOREIGN KEY (`service_list_id`) REFERENCES `service_list`(`service_list_id`) ON DELETE CASCADE ON UPDATE CASCADE,
	KEY `package_id` (`package_id`),
	KEY `service_list_id` (`service_list_id`)
) DEFAULT CHARACTER SET = utf8mb4 COLLATE = utf8mb4_general_ci')
 5 APPPATH\Database\Migrations\2026-04-17-120000_CreatePackageServicesTable.php(35): CodeIgniter\Database\Forge->createTable('package_services', true)
 6 SYSTEMPATH\Database\MigrationRunner.php(1014): App\Database\Migrations\CreatePackageServicesTable->up()
 7 SYSTEMPATH\Database\MigrationRunner.php(202): CodeIgniter\Database\MigrationRunner->migrate('up', Object(stdClass))
 8 SYSTEMPATH\Commands\Database\Migrate.php(89): CodeIgniter\Database\MigrationRunner->latest(null)
 9 SYSTEMPATH\CLI\SignalTrait.php(245): CodeIgniter\Commands\Database\Migrate::CodeIgniter\Commands\Database\{closure}()
10 SYSTEMPATH\Commands\Database\Migrate.php(88): CodeIgniter\Commands\Database\Migrate->withSignalsBlocked(Object(Closure))
11 SYSTEMPATH\CLI\Commands.php(74): CodeIgniter\Commands\Database\Migrate->run([])
12 SYSTEMPATH\CLI\Console.php(47): CodeIgniter\CLI\Commands->run('migrate', [])
13 SYSTEMPATH\Boot.php(442): CodeIgniter\CLI\Console->run()
14 SYSTEMPATH\Boot.php(166): CodeIgniter\Boot::runCommand(Object(CodeIgniter\CLI\Console))
15 ROOTPATH\spark(87): CodeIgniter\Boot::bootSpark(Object(Config\Paths))
DEBUG - 2026-05-12 04:24:21 --> Session: Class initialized using 'CodeIgniter\Session\Handlers\FileHandler' driver.
DEBUG - 2026-05-12 04:24:26 --> Session: Class initialized using 'CodeIgniter\Session\Handlers\FileHandler' driver.
DEBUG - 2026-05-12 04:24:26 --> Session: Class initialized using 'CodeIgniter\Session\Handlers\FileHandler' driver.
DEBUG - 2026-05-12 04:24:29 --> Session: Class initialized using 'CodeIgniter\Session\Handlers\FileHandler' driver.
DEBUG - 2026-05-12 04:24:46 --> Session: Class initialized using 'CodeIgniter\Session\Handlers\FileHandler' driver.
ERROR - 2026-05-12 04:24:46 --> Unknown column 'type' in 'field list'
in SYSTEMPATH\Database\MySQLi\Connection.php on line 300.
 1 SYSTEMPATH\Database\MySQLi\Connection.php(300): mysqli->query('INSERT INTO `notifications` (`user_id`, `message`, `type`, `status`, `created_at`) VALUES (15, \'Your registration has been approved. Your plan is now active.\', \'registration_pending\', \'unread\', \'2026-05-12 04:24:46\')', 0)
 2 SYSTEMPATH\Database\BaseConnection.php(910): CodeIgniter\Database\MySQLi\Connection->execute('INSERT INTO `notifications` (`user_id`, `message`, `type`, `status`, `created_at`) VALUES (15, \'Your registration has been approved. Your plan is now active.\', \'registration_pending\', \'unread\', \'2026-05-12 04:24:46\')')
 3 SYSTEMPATH\Database\BaseConnection.php(827): CodeIgniter\Database\BaseConnection->simpleQuery('INSERT INTO `notifications` (`user_id`, `message`, `type`, `status`, `created_at`) VALUES (15, \'Your registration has been approved. Your plan is now active.\', \'registration_pending\', \'unread\', \'2026-05-12 04:24:46\')')
 4 SYSTEMPATH\Database\BaseBuilder.php(2345): CodeIgniter\Database\BaseConnection->query('INSERT INTO `notifications` (`user_id`, `message`, `type`, `status`, `created_at`) VALUES (:user_id:, :message:, :type:, :status:, :created_at:)', [...], false)
 5 APPPATH\Services\NotificationService.php(35): CodeIgniter\Database\BaseBuilder->insert([...])
 6 APPPATH\Controllers\PaymentTracking.php(541): App\Services\NotificationService->notify(15, 'Your registration has been approved. Your plan is now active.', 'registration_pending')
 7 APPPATH\Controllers\PaymentTracking.php(207): App\Controllers\PaymentTracking->autoApprovePlanHolderFromInitialPayment([...], 1)
 8 SYSTEMPATH\CodeIgniter.php(951): App\Controllers\PaymentTracking->recordCash()
 9 SYSTEMPATH\CodeIgniter.php(497): CodeIgniter\CodeIgniter->runController(Object(App\Controllers\PaymentTracking))
10 SYSTEMPATH\CodeIgniter.php(340): CodeIgniter\CodeIgniter->handleRequest(null, Object(Config\Cache), false)
11 SYSTEMPATH\Boot.php(417): CodeIgniter\CodeIgniter->run()
12 SYSTEMPATH\Boot.php(68): CodeIgniter\Boot::runCodeIgniter(Object(CodeIgniter\CodeIgniter))
13 FCPATH\index.php(59): CodeIgniter\Boot::bootWeb(Object(Config\Paths))
ERROR - 2026-05-12 04:24:46 --> Table 'kaagapay_db.activity_logs' doesn't exist
in SYSTEMPATH\Database\MySQLi\Connection.php on line 300.
 1 SYSTEMPATH\Database\MySQLi\Connection.php(300): mysqli->query('INSERT INTO `activity_logs` (`user_id`, `action`, `module`, `target_id`, `description`, `old_values`, `new_values`, `ip_address`, `created_at`) VALUES (6, \'approved\', \'plan_holder\', 10, \'Auto-approved plan holder after initial payment verification\', \'{\\"status\\":\\"inactive\\"}\', \'{\\"status\\":\\"active\\"}\', \'::1\', \'2026-05-12 04:24:46\')', 0)
 2 SYSTEMPATH\Database\BaseConnection.php(910): CodeIgniter\Database\MySQLi\Connection->execute('INSERT INTO `activity_logs` (`user_id`, `action`, `module`, `target_id`, `description`, `old_values`, `new_values`, `ip_address`, `created_at`) VALUES (6, \'approved\', \'plan_holder\', 10, \'Auto-approved plan holder after initial payment verification\', \'{\\"status\\":\\"inactive\\"}\', \'{\\"status\\":\\"active\\"}\', \'::1\', \'2026-05-12 04:24:46\')')
 3 SYSTEMPATH\Database\BaseConnection.php(827): CodeIgniter\Database\BaseConnection->simpleQuery('INSERT INTO `activity_logs` (`user_id`, `action`, `module`, `target_id`, `description`, `old_values`, `new_values`, `ip_address`, `created_at`) VALUES (6, \'approved\', \'plan_holder\', 10, \'Auto-approved plan holder after initial payment verification\', \'{\\"status\\":\\"inactive\\"}\', \'{\\"status\\":\\"active\\"}\', \'::1\', \'2026-05-12 04:24:46\')')
 4 SYSTEMPATH\Database\BaseBuilder.php(2345): CodeIgniter\Database\BaseConnection->query('INSERT INTO `activity_logs` (`user_id`, `action`, `module`, `target_id`, `description`, `old_values`, `new_values`, `ip_address`, `created_at`) VALUES (:user_id:, :action:, :module:, :target_id:, :description:, :old_values:, :new_values:, :ip_address:, :created_at:)', [...], false)
 5 APPPATH\Services\ActivityLogService.php(73): CodeIgniter\Database\BaseBuilder->insert([...])
 6 APPPATH\Controllers\PaymentTracking.php(548): App\Services\ActivityLogService->log(6, 'approved', 'plan_holder', 10, 'Auto-approved plan holder after initial payment verification', [...], [...])
 7 APPPATH\Controllers\PaymentTracking.php(207): App\Controllers\PaymentTracking->autoApprovePlanHolderFromInitialPayment([...], 1)
 8 SYSTEMPATH\CodeIgniter.php(951): App\Controllers\PaymentTracking->recordCash()
 9 SYSTEMPATH\CodeIgniter.php(497): CodeIgniter\CodeIgniter->runController(Object(App\Controllers\PaymentTracking))
10 SYSTEMPATH\CodeIgniter.php(340): CodeIgniter\CodeIgniter->handleRequest(null, Object(Config\Cache), false)
11 SYSTEMPATH\Boot.php(417): CodeIgniter\CodeIgniter->run()
12 SYSTEMPATH\Boot.php(68): CodeIgniter\Boot::runCodeIgniter(Object(CodeIgniter\CodeIgniter))
13 FCPATH\index.php(59): CodeIgniter\Boot::bootWeb(Object(Config\Paths))
ERROR - 2026-05-12 04:24:46 --> Unknown column 'type' in 'field list'
in SYSTEMPATH\Database\MySQLi\Connection.php on line 300.
 1 SYSTEMPATH\Database\MySQLi\Connection.php(300): mysqli->query('INSERT INTO `notifications` (`user_id`, `message`, `type`, `status`, `created_at`) VALUES (15, \'Your advance payment covering 1 month has been approved.\', \'payment_approved\', \'unread\', \'2026-05-12 04:24:46\')', 0)
 2 SYSTEMPATH\Database\BaseConnection.php(910): CodeIgniter\Database\MySQLi\Connection->execute('INSERT INTO `notifications` (`user_id`, `message`, `type`, `status`, `created_at`) VALUES (15, \'Your advance payment covering 1 month has been approved.\', \'payment_approved\', \'unread\', \'2026-05-12 04:24:46\')')
 3 SYSTEMPATH\Database\BaseConnection.php(827): CodeIgniter\Database\BaseConnection->simpleQuery('INSERT INTO `notifications` (`user_id`, `message`, `type`, `status`, `created_at`) VALUES (15, \'Your advance payment covering 1 month has been approved.\', \'payment_approved\', \'unread\', \'2026-05-12 04:24:46\')')
 4 SYSTEMPATH\Database\BaseBuilder.php(2345): CodeIgniter\Database\BaseConnection->query('INSERT INTO `notifications` (`user_id`, `message`, `type`, `status`, `created_at`) VALUES (:user_id:, :message:, :type:, :status:, :created_at:)', [...], false)
 5 APPPATH\Services\NotificationService.php(35): CodeIgniter\Database\BaseBuilder->insert([...])
 6 APPPATH\Controllers\PaymentTracking.php(221): App\Services\NotificationService->notify(15, 'Your advance payment covering 1 month has been approved.', 'payment_approved')
 7 SYSTEMPATH\CodeIgniter.php(951): App\Controllers\PaymentTracking->recordCash()
 8 SYSTEMPATH\CodeIgniter.php(497): CodeIgniter\CodeIgniter->runController(Object(App\Controllers\PaymentTracking))
 9 SYSTEMPATH\CodeIgniter.php(340): CodeIgniter\CodeIgniter->handleRequest(null, Object(Config\Cache), false)
10 SYSTEMPATH\Boot.php(417): CodeIgniter\CodeIgniter->run()
11 SYSTEMPATH\Boot.php(68): CodeIgniter\Boot::runCodeIgniter(Object(CodeIgniter\CodeIgniter))
12 FCPATH\index.php(59): CodeIgniter\Boot::bootWeb(Object(Config\Paths))
ERROR - 2026-05-12 04:24:46 --> NotificationService::notify - Unknown column 'type' in 'field list'
ERROR - 2026-05-12 04:24:46 --> Table 'kaagapay_db.activity_logs' doesn't exist
in SYSTEMPATH\Database\MySQLi\Connection.php on line 300.
 1 SYSTEMPATH\Database\MySQLi\Connection.php(300): mysqli->query('INSERT INTO `activity_logs` (`user_id`, `action`, `module`, `target_id`, `description`, `old_values`, `new_values`, `ip_address`, `created_at`) VALUES (6, \'created\', \'payment\', 4, \'Recorded cash payment for plan #3\', NULL, \'{\\"plan_id\\":3,\\"amount\\":240,\\"payment_method\\":\\"cash\\",\\"status\\":\\"verified\\"}\', \'::1\', \'2026-05-12 04:24:46\')', 0)
 2 SYSTEMPATH\Database\BaseConnection.php(910): CodeIgniter\Database\MySQLi\Connection->execute('INSERT INTO `activity_logs` (`user_id`, `action`, `module`, `target_id`, `description`, `old_values`, `new_values`, `ip_address`, `created_at`) VALUES (6, \'created\', \'payment\', 4, \'Recorded cash payment for plan #3\', NULL, \'{\\"plan_id\\":3,\\"amount\\":240,\\"payment_method\\":\\"cash\\",\\"status\\":\\"verified\\"}\', \'::1\', \'2026-05-12 04:24:46\')')
 3 SYSTEMPATH\Database\BaseConnection.php(827): CodeIgniter\Database\BaseConnection->simpleQuery('INSERT INTO `activity_logs` (`user_id`, `action`, `module`, `target_id`, `description`, `old_values`, `new_values`, `ip_address`, `created_at`) VALUES (6, \'created\', \'payment\', 4, \'Recorded cash payment for plan #3\', NULL, \'{\\"plan_id\\":3,\\"amount\\":240,\\"payment_method\\":\\"cash\\",\\"status\\":\\"verified\\"}\', \'::1\', \'2026-05-12 04:24:46\')')
 4 SYSTEMPATH\Database\BaseBuilder.php(2345): CodeIgniter\Database\BaseConnection->query('INSERT INTO `activity_logs` (`user_id`, `action`, `module`, `target_id`, `description`, `old_values`, `new_values`, `ip_address`, `created_at`) VALUES (:user_id:, :action:, :module:, :target_id:, :description:, :old_values:, :new_values:, :ip_address:, :created_at:)', [...], false)
 5 APPPATH\Services\ActivityLogService.php(73): CodeIgniter\Database\BaseBuilder->insert([...])
 6 APPPATH\Controllers\PaymentTracking.php(227): App\Services\ActivityLogService->log(6, 'created', 'payment', 4, 'Recorded cash payment for plan #3', null, [...])
 7 SYSTEMPATH\CodeIgniter.php(951): App\Controllers\PaymentTracking->recordCash()
 8 SYSTEMPATH\CodeIgniter.php(497): CodeIgniter\CodeIgniter->runController(Object(App\Controllers\PaymentTracking))
 9 SYSTEMPATH\CodeIgniter.php(340): CodeIgniter\CodeIgniter->handleRequest(null, Object(Config\Cache), false)
10 SYSTEMPATH\Boot.php(417): CodeIgniter\CodeIgniter->run()
11 SYSTEMPATH\Boot.php(68): CodeIgniter\Boot::runCodeIgniter(Object(CodeIgniter\CodeIgniter))
12 FCPATH\index.php(59): CodeIgniter\Boot::bootWeb(Object(Config\Paths))
ERROR - 2026-05-12 04:24:46 --> ActivityLogService::log - Table 'kaagapay_db.activity_logs' doesn't exist
DEBUG - 2026-05-12 04:24:46 --> Session: Class initialized using 'CodeIgniter\Session\Handlers\FileHandler' driver.
DEBUG - 2026-05-12 04:25:00 --> Session: Class initialized using 'CodeIgniter\Session\Handlers\FileHandler' driver.
DEBUG - 2026-05-12 04:25:01 --> Session: Class initialized using 'CodeIgniter\Session\Handlers\FileHandler' driver.
DEBUG - 2026-05-12 04:25:15 --> Session: Class initialized using 'CodeIgniter\Session\Handlers\FileHandler' driver.
DEBUG - 2026-05-12 04:25:15 --> Session: Class initialized using 'CodeIgniter\Session\Handlers\FileHandler' driver.
DEBUG - 2026-05-12 04:25:19 --> Session: Class initialized using 'CodeIgniter\Session\Handlers\FileHandler' driver.
DEBUG - 2026-05-12 04:25:25 --> Session: Class initialized using 'CodeIgniter\Session\Handlers\FileHandler' driver.
DEBUG - 2026-05-12 04:25:29 --> Session: Class initialized using 'CodeIgniter\Session\Handlers\FileHandler' driver.
DEBUG - 2026-05-12 04:25:30 --> Session: Class initialized using 'CodeIgniter\Session\Handlers\FileHandler' driver.
DEBUG - 2026-05-12 04:25:56 --> Session: Class initialized using 'CodeIgniter\Session\Handlers\FileHandler' driver.
DEBUG - 2026-05-12 04:25:56 --> Session: Class initialized using 'CodeIgniter\Session\Handlers\FileHandler' driver.
DEBUG - 2026-05-12 04:26:20 --> Session: Class initialized using 'CodeIgniter\Session\Handlers\FileHandler' driver.
DEBUG - 2026-05-12 04:26:23 --> Session: Class initialized using 'CodeIgniter\Session\Handlers\FileHandler' driver.
DEBUG - 2026-05-12 04:26:26 --> Session: Class initialized using 'CodeIgniter\Session\Handlers\FileHandler' driver.
DEBUG - 2026-05-12 04:26:26 --> Session: Class initialized using 'CodeIgniter\Session\Handlers\FileHandler' driver.
DEBUG - 2026-05-12 04:26:28 --> Session: Class initialized using 'CodeIgniter\Session\Handlers\FileHandler' driver.
DEBUG - 2026-05-12 04:26:34 --> Session: Class initialized using 'CodeIgniter\Session\Handlers\FileHandler' driver.
DEBUG - 2026-05-12 04:26:55 --> Session: Class initialized using 'CodeIgniter\Session\Handlers\FileHandler' driver.
DEBUG - 2026-05-12 04:26:55 --> Session: Class initialized using 'CodeIgniter\Session\Handlers\FileHandler' driver.
DEBUG - 2026-05-12 04:34:15 --> Session: Class initialized using 'CodeIgniter\Session\Handlers\FileHandler' driver.
DEBUG - 2026-05-12 04:34:21 --> Session: Class initialized using 'CodeIgniter\Session\Handlers\FileHandler' driver.
CRITICAL - 2026-05-12 04:34:21 --> Error: Call to undefined method CodeIgniter\Database\MySQLi\Builder::first()
[Method: POST, Route: initial-payment]
in APPPATH\Controllers\Client\ClientPaymentInitialController.php on line 173.
 1 SYSTEMPATH\CodeIgniter.php(951): App\Controllers\Client\ClientPaymentInitialController->submitInitialPayment()
 2 SYSTEMPATH\CodeIgniter.php(497): CodeIgniter\CodeIgniter->runController(Object(App\Controllers\Client\ClientPaymentInitialController))
 3 SYSTEMPATH\CodeIgniter.php(340): CodeIgniter\CodeIgniter->handleRequest(null, Object(Config\Cache), false)
 4 SYSTEMPATH\Boot.php(417): CodeIgniter\CodeIgniter->run()
 5 SYSTEMPATH\Boot.php(68): CodeIgniter\Boot::runCodeIgniter(Object(CodeIgniter\CodeIgniter))
 6 FCPATH\index.php(59): CodeIgniter\Boot::bootWeb(Object(Config\Paths))
DEBUG - 2026-05-12 04:34:30 --> Session: Class initialized using 'CodeIgniter\Session\Handlers\FileHandler' driver.
DEBUG - 2026-05-12 04:34:44 --> Session: Class initialized using 'CodeIgniter\Session\Handlers\FileHandler' driver.
ERROR - 2026-05-12 04:34:44 --> Unknown column 'type' in 'field list'
in SYSTEMPATH\Database\MySQLi\Connection.php on line 300.
 1 SYSTEMPATH\Database\MySQLi\Connection.php(300): mysqli->query('INSERT INTO `notifications` (`user_id`, `message`, `type`, `status`, `created_at`) VALUES (15, \'Your registration has been approved. Your plan is now active.\', \'registration_pending\', \'unread\', \'2026-05-12 04:34:44\')', 0)
 2 SYSTEMPATH\Database\BaseConnection.php(910): CodeIgniter\Database\MySQLi\Connection->execute('INSERT INTO `notifications` (`user_id`, `message`, `type`, `status`, `created_at`) VALUES (15, \'Your registration has been approved. Your plan is now active.\', \'registration_pending\', \'unread\', \'2026-05-12 04:34:44\')')
 3 SYSTEMPATH\Database\BaseConnection.php(827): CodeIgniter\Database\BaseConnection->simpleQuery('INSERT INTO `notifications` (`user_id`, `message`, `type`, `status`, `created_at`) VALUES (15, \'Your registration has been approved. Your plan is now active.\', \'registration_pending\', \'unread\', \'2026-05-12 04:34:44\')')
 4 SYSTEMPATH\Database\BaseBuilder.php(2345): CodeIgniter\Database\BaseConnection->query('INSERT INTO `notifications` (`user_id`, `message`, `type`, `status`, `created_at`) VALUES (:user_id:, :message:, :type:, :status:, :created_at:)', [...], false)
 5 APPPATH\Services\NotificationService.php(35): CodeIgniter\Database\BaseBuilder->insert([...])
 6 APPPATH\Controllers\PaymentTracking.php(541): App\Services\NotificationService->notify(15, 'Your registration has been approved. Your plan is now active.', 'registration_pending')
 7 APPPATH\Controllers\PaymentTracking.php(207): App\Controllers\PaymentTracking->autoApprovePlanHolderFromInitialPayment([...], 1)
 8 SYSTEMPATH\CodeIgniter.php(951): App\Controllers\PaymentTracking->recordCash()
 9 SYSTEMPATH\CodeIgniter.php(497): CodeIgniter\CodeIgniter->runController(Object(App\Controllers\PaymentTracking))
10 SYSTEMPATH\CodeIgniter.php(340): CodeIgniter\CodeIgniter->handleRequest(null, Object(Config\Cache), false)
11 SYSTEMPATH\Boot.php(417): CodeIgniter\CodeIgniter->run()
12 SYSTEMPATH\Boot.php(68): CodeIgniter\Boot::runCodeIgniter(Object(CodeIgniter\CodeIgniter))
13 FCPATH\index.php(59): CodeIgniter\Boot::bootWeb(Object(Config\Paths))
ERROR - 2026-05-12 04:34:44 --> Table 'kaagapay_db.activity_logs' doesn't exist
in SYSTEMPATH\Database\MySQLi\Connection.php on line 300.
 1 SYSTEMPATH\Database\MySQLi\Connection.php(300): mysqli->query('INSERT INTO `activity_logs` (`user_id`, `action`, `module`, `target_id`, `description`, `old_values`, `new_values`, `ip_address`, `created_at`) VALUES (6, \'approved\', \'plan_holder\', 10, \'Auto-approved plan holder after initial payment verification\', \'{\\"status\\":\\"inactive\\"}\', \'{\\"status\\":\\"active\\"}\', \'::1\', \'2026-05-12 04:34:44\')', 0)
 2 SYSTEMPATH\Database\BaseConnection.php(910): CodeIgniter\Database\MySQLi\Connection->execute('INSERT INTO `activity_logs` (`user_id`, `action`, `module`, `target_id`, `description`, `old_values`, `new_values`, `ip_address`, `created_at`) VALUES (6, \'approved\', \'plan_holder\', 10, \'Auto-approved plan holder after initial payment verification\', \'{\\"status\\":\\"inactive\\"}\', \'{\\"status\\":\\"active\\"}\', \'::1\', \'2026-05-12 04:34:44\')')
 3 SYSTEMPATH\Database\BaseConnection.php(827): CodeIgniter\Database\BaseConnection->simpleQuery('INSERT INTO `activity_logs` (`user_id`, `action`, `module`, `target_id`, `description`, `old_values`, `new_values`, `ip_address`, `created_at`) VALUES (6, \'approved\', \'plan_holder\', 10, \'Auto-approved plan holder after initial payment verification\', \'{\\"status\\":\\"inactive\\"}\', \'{\\"status\\":\\"active\\"}\', \'::1\', \'2026-05-12 04:34:44\')')
 4 SYSTEMPATH\Database\BaseBuilder.php(2345): CodeIgniter\Database\BaseConnection->query('INSERT INTO `activity_logs` (`user_id`, `action`, `module`, `target_id`, `description`, `old_values`, `new_values`, `ip_address`, `created_at`) VALUES (:user_id:, :action:, :module:, :target_id:, :description:, :old_values:, :new_values:, :ip_address:, :created_at:)', [...], false)
 5 APPPATH\Services\ActivityLogService.php(73): CodeIgniter\Database\BaseBuilder->insert([...])
 6 APPPATH\Controllers\PaymentTracking.php(548): App\Services\ActivityLogService->log(6, 'approved', 'plan_holder', 10, 'Auto-approved plan holder after initial payment verification', [...], [...])
 7 APPPATH\Controllers\PaymentTracking.php(207): App\Controllers\PaymentTracking->autoApprovePlanHolderFromInitialPayment([...], 1)
 8 SYSTEMPATH\CodeIgniter.php(951): App\Controllers\PaymentTracking->recordCash()
 9 SYSTEMPATH\CodeIgniter.php(497): CodeIgniter\CodeIgniter->runController(Object(App\Controllers\PaymentTracking))
10 SYSTEMPATH\CodeIgniter.php(340): CodeIgniter\CodeIgniter->handleRequest(null, Object(Config\Cache), false)
11 SYSTEMPATH\Boot.php(417): CodeIgniter\CodeIgniter->run()
12 SYSTEMPATH\Boot.php(68): CodeIgniter\Boot::runCodeIgniter(Object(CodeIgniter\CodeIgniter))
13 FCPATH\index.php(59): CodeIgniter\Boot::bootWeb(Object(Config\Paths))
ERROR - 2026-05-12 04:34:44 --> Unknown column 'type' in 'field list'
in SYSTEMPATH\Database\MySQLi\Connection.php on line 300.
 1 SYSTEMPATH\Database\MySQLi\Connection.php(300): mysqli->query('INSERT INTO `notifications` (`user_id`, `message`, `type`, `status`, `created_at`) VALUES (15, \'Your advance payment covering 1 month has been approved.\', \'payment_approved\', \'unread\', \'2026-05-12 04:34:44\')', 0)
 2 SYSTEMPATH\Database\BaseConnection.php(910): CodeIgniter\Database\MySQLi\Connection->execute('INSERT INTO `notifications` (`user_id`, `message`, `type`, `status`, `created_at`) VALUES (15, \'Your advance payment covering 1 month has been approved.\', \'payment_approved\', \'unread\', \'2026-05-12 04:34:44\')')
 3 SYSTEMPATH\Database\BaseConnection.php(827): CodeIgniter\Database\BaseConnection->simpleQuery('INSERT INTO `notifications` (`user_id`, `message`, `type`, `status`, `created_at`) VALUES (15, \'Your advance payment covering 1 month has been approved.\', \'payment_approved\', \'unread\', \'2026-05-12 04:34:44\')')
 4 SYSTEMPATH\Database\BaseBuilder.php(2345): CodeIgniter\Database\BaseConnection->query('INSERT INTO `notifications` (`user_id`, `message`, `type`, `status`, `created_at`) VALUES (:user_id:, :message:, :type:, :status:, :created_at:)', [...], false)
 5 APPPATH\Services\NotificationService.php(35): CodeIgniter\Database\BaseBuilder->insert([...])
 6 APPPATH\Controllers\PaymentTracking.php(221): App\Services\NotificationService->notify(15, 'Your advance payment covering 1 month has been approved.', 'payment_approved')
 7 SYSTEMPATH\CodeIgniter.php(951): App\Controllers\PaymentTracking->recordCash()
 8 SYSTEMPATH\CodeIgniter.php(497): CodeIgniter\CodeIgniter->runController(Object(App\Controllers\PaymentTracking))
 9 SYSTEMPATH\CodeIgniter.php(340): CodeIgniter\CodeIgniter->handleRequest(null, Object(Config\Cache), false)
10 SYSTEMPATH\Boot.php(417): CodeIgniter\CodeIgniter->run()
11 SYSTEMPATH\Boot.php(68): CodeIgniter\Boot::runCodeIgniter(Object(CodeIgniter\CodeIgniter))
12 FCPATH\index.php(59): CodeIgniter\Boot::bootWeb(Object(Config\Paths))
ERROR - 2026-05-12 04:34:44 --> NotificationService::notify - Unknown column 'type' in 'field list'
ERROR - 2026-05-12 04:34:44 --> Table 'kaagapay_db.activity_logs' doesn't exist
in SYSTEMPATH\Database\MySQLi\Connection.php on line 300.
 1 SYSTEMPATH\Database\MySQLi\Connection.php(300): mysqli->query('INSERT INTO `activity_logs` (`user_id`, `action`, `module`, `target_id`, `description`, `old_values`, `new_values`, `ip_address`, `created_at`) VALUES (6, \'created\', \'payment\', 5, \'Recorded cash payment for plan #3\', NULL, \'{\\"plan_id\\":3,\\"amount\\":240,\\"payment_method\\":\\"cash\\",\\"status\\":\\"verified\\"}\', \'::1\', \'2026-05-12 04:34:44\')', 0)
 2 SYSTEMPATH\Database\BaseConnection.php(910): CodeIgniter\Database\MySQLi\Connection->execute('INSERT INTO `activity_logs` (`user_id`, `action`, `module`, `target_id`, `description`, `old_values`, `new_values`, `ip_address`, `created_at`) VALUES (6, \'created\', \'payment\', 5, \'Recorded cash payment for plan #3\', NULL, \'{\\"plan_id\\":3,\\"amount\\":240,\\"payment_method\\":\\"cash\\",\\"status\\":\\"verified\\"}\', \'::1\', \'2026-05-12 04:34:44\')')
 3 SYSTEMPATH\Database\BaseConnection.php(827): CodeIgniter\Database\BaseConnection->simpleQuery('INSERT INTO `activity_logs` (`user_id`, `action`, `module`, `target_id`, `description`, `old_values`, `new_values`, `ip_address`, `created_at`) VALUES (6, \'created\', \'payment\', 5, \'Recorded cash payment for plan #3\', NULL, \'{\\"plan_id\\":3,\\"amount\\":240,\\"payment_method\\":\\"cash\\",\\"status\\":\\"verified\\"}\', \'::1\', \'2026-05-12 04:34:44\')')
 4 SYSTEMPATH\Database\BaseBuilder.php(2345): CodeIgniter\Database\BaseConnection->query('INSERT INTO `activity_logs` (`user_id`, `action`, `module`, `target_id`, `description`, `old_values`, `new_values`, `ip_address`, `created_at`) VALUES (:user_id:, :action:, :module:, :target_id:, :description:, :old_values:, :new_values:, :ip_address:, :created_at:)', [...], false)
 5 APPPATH\Services\ActivityLogService.php(73): CodeIgniter\Database\BaseBuilder->insert([...])
 6 APPPATH\Controllers\PaymentTracking.php(227): App\Services\ActivityLogService->log(6, 'created', 'payment', 5, 'Recorded cash payment for plan #3', null, [...])
 7 SYSTEMPATH\CodeIgniter.php(951): App\Controllers\PaymentTracking->recordCash()
 8 SYSTEMPATH\CodeIgniter.php(497): CodeIgniter\CodeIgniter->runController(Object(App\Controllers\PaymentTracking))
 9 SYSTEMPATH\CodeIgniter.php(340): CodeIgniter\CodeIgniter->handleRequest(null, Object(Config\Cache), false)
10 SYSTEMPATH\Boot.php(417): CodeIgniter\CodeIgniter->run()
11 SYSTEMPATH\Boot.php(68): CodeIgniter\Boot::runCodeIgniter(Object(CodeIgniter\CodeIgniter))
12 FCPATH\index.php(59): CodeIgniter\Boot::bootWeb(Object(Config\Paths))
ERROR - 2026-05-12 04:34:44 --> ActivityLogService::log - Table 'kaagapay_db.activity_logs' doesn't exist
DEBUG - 2026-05-12 04:34:45 --> Session: Class initialized using 'CodeIgniter\Session\Handlers\FileHandler' driver.
DEBUG - 2026-05-12 04:34:56 --> Session: Class initialized using 'CodeIgniter\Session\Handlers\FileHandler' driver.
CRITICAL - 2026-05-12 04:34:56 --> Error: Call to undefined method CodeIgniter\Database\MySQLi\Builder::first()
[Method: POST, Route: initial-payment]
in APPPATH\Controllers\Client\ClientPaymentInitialController.php on line 173.
 1 SYSTEMPATH\CodeIgniter.php(951): App\Controllers\Client\ClientPaymentInitialController->submitInitialPayment()
 2 SYSTEMPATH\CodeIgniter.php(497): CodeIgniter\CodeIgniter->runController(Object(App\Controllers\Client\ClientPaymentInitialController))
 3 SYSTEMPATH\CodeIgniter.php(340): CodeIgniter\CodeIgniter->handleRequest(null, Object(Config\Cache), false)
 4 SYSTEMPATH\Boot.php(417): CodeIgniter\CodeIgniter->run()
 5 SYSTEMPATH\Boot.php(68): CodeIgniter\Boot::runCodeIgniter(Object(CodeIgniter\CodeIgniter))
 6 FCPATH\index.php(59): CodeIgniter\Boot::bootWeb(Object(Config\Paths))
DEBUG - 2026-05-12 04:34:57 --> Session: Class initialized using 'CodeIgniter\Session\Handlers\FileHandler' driver.
DEBUG - 2026-05-12 04:35:15 --> Session: Class initialized using 'CodeIgniter\Session\Handlers\FileHandler' driver.
DEBUG - 2026-05-12 04:35:38 --> Session: Class initialized using 'CodeIgniter\Session\Handlers\FileHandler' driver.
DEBUG - 2026-05-12 04:35:38 --> Session: Class initialized using 'CodeIgniter\Session\Handlers\FileHandler' driver.
DEBUG - 2026-05-12 04:36:02 --> Session: Class initialized using 'CodeIgniter\Session\Handlers\FileHandler' driver.
ERROR - 2026-05-12 04:36:02 --> Unknown column 'type' in 'field list'
in SYSTEMPATH\Database\MySQLi\Connection.php on line 300.
 1 SYSTEMPATH\Database\MySQLi\Connection.php(300): mysqli->query('INSERT INTO `notifications` (`user_id`, `message`, `type`, `status`, `created_at`) VALUES (15, \'Your registration has been approved. Your plan is now active.\', \'registration_pending\', \'unread\', \'2026-05-12 04:36:02\')', 0)
 2 SYSTEMPATH\Database\BaseConnection.php(910): CodeIgniter\Database\MySQLi\Connection->execute('INSERT INTO `notifications` (`user_id`, `message`, `type`, `status`, `created_at`) VALUES (15, \'Your registration has been approved. Your plan is now active.\', \'registration_pending\', \'unread\', \'2026-05-12 04:36:02\')')
 3 SYSTEMPATH\Database\BaseConnection.php(827): CodeIgniter\Database\BaseConnection->simpleQuery('INSERT INTO `notifications` (`user_id`, `message`, `type`, `status`, `created_at`) VALUES (15, \'Your registration has been approved. Your plan is now active.\', \'registration_pending\', \'unread\', \'2026-05-12 04:36:02\')')
 4 SYSTEMPATH\Database\BaseBuilder.php(2345): CodeIgniter\Database\BaseConnection->query('INSERT INTO `notifications` (`user_id`, `message`, `type`, `status`, `created_at`) VALUES (:user_id:, :message:, :type:, :status:, :created_at:)', [...], false)
 5 APPPATH\Services\NotificationService.php(35): CodeIgniter\Database\BaseBuilder->insert([...])
 6 APPPATH\Controllers\PaymentTracking.php(541): App\Services\NotificationService->notify(15, 'Your registration has been approved. Your plan is now active.', 'registration_pending')
 7 APPPATH\Controllers\PaymentTracking.php(207): App\Controllers\PaymentTracking->autoApprovePlanHolderFromInitialPayment([...], 1)
 8 SYSTEMPATH\CodeIgniter.php(951): App\Controllers\PaymentTracking->recordCash()
 9 SYSTEMPATH\CodeIgniter.php(497): CodeIgniter\CodeIgniter->runController(Object(App\Controllers\PaymentTracking))
10 SYSTEMPATH\CodeIgniter.php(340): CodeIgniter\CodeIgniter->handleRequest(null, Object(Config\Cache), false)
11 SYSTEMPATH\Boot.php(417): CodeIgniter\CodeIgniter->run()
12 SYSTEMPATH\Boot.php(68): CodeIgniter\Boot::runCodeIgniter(Object(CodeIgniter\CodeIgniter))
13 FCPATH\index.php(59): CodeIgniter\Boot::bootWeb(Object(Config\Paths))
ERROR - 2026-05-12 04:36:02 --> Table 'kaagapay_db.activity_logs' doesn't exist
in SYSTEMPATH\Database\MySQLi\Connection.php on line 300.
 1 SYSTEMPATH\Database\MySQLi\Connection.php(300): mysqli->query('INSERT INTO `activity_logs` (`user_id`, `action`, `module`, `target_id`, `description`, `old_values`, `new_values`, `ip_address`, `created_at`) VALUES (6, \'approved\', \'plan_holder\', 10, \'Auto-approved plan holder after initial payment verification\', \'{\\"status\\":\\"inactive\\"}\', \'{\\"status\\":\\"active\\"}\', \'::1\', \'2026-05-12 04:36:02\')', 0)
 2 SYSTEMPATH\Database\BaseConnection.php(910): CodeIgniter\Database\MySQLi\Connection->execute('INSERT INTO `activity_logs` (`user_id`, `action`, `module`, `target_id`, `description`, `old_values`, `new_values`, `ip_address`, `created_at`) VALUES (6, \'approved\', \'plan_holder\', 10, \'Auto-approved plan holder after initial payment verification\', \'{\\"status\\":\\"inactive\\"}\', \'{\\"status\\":\\"active\\"}\', \'::1\', \'2026-05-12 04:36:02\')')
 3 SYSTEMPATH\Database\BaseConnection.php(827): CodeIgniter\Database\BaseConnection->simpleQuery('INSERT INTO `activity_logs` (`user_id`, `action`, `module`, `target_id`, `description`, `old_values`, `new_values`, `ip_address`, `created_at`) VALUES (6, \'approved\', \'plan_holder\', 10, \'Auto-approved plan holder after initial payment verification\', \'{\\"status\\":\\"inactive\\"}\', \'{\\"status\\":\\"active\\"}\', \'::1\', \'2026-05-12 04:36:02\')')
 4 SYSTEMPATH\Database\BaseBuilder.php(2345): CodeIgniter\Database\BaseConnection->query('INSERT INTO `activity_logs` (`user_id`, `action`, `module`, `target_id`, `description`, `old_values`, `new_values`, `ip_address`, `created_at`) VALUES (:user_id:, :action:, :module:, :target_id:, :description:, :old_values:, :new_values:, :ip_address:, :created_at:)', [...], false)
 5 APPPATH\Services\ActivityLogService.php(73): CodeIgniter\Database\BaseBuilder->insert([...])
 6 APPPATH\Controllers\PaymentTracking.php(548): App\Services\ActivityLogService->log(6, 'approved', 'plan_holder', 10, 'Auto-approved plan holder after initial payment verification', [...], [...])
 7 APPPATH\Controllers\PaymentTracking.php(207): App\Controllers\PaymentTracking->autoApprovePlanHolderFromInitialPayment([...], 1)
 8 SYSTEMPATH\CodeIgniter.php(951): App\Controllers\PaymentTracking->recordCash()
 9 SYSTEMPATH\CodeIgniter.php(497): CodeIgniter\CodeIgniter->runController(Object(App\Controllers\PaymentTracking))
10 SYSTEMPATH\CodeIgniter.php(340): CodeIgniter\CodeIgniter->handleRequest(null, Object(Config\Cache), false)
11 SYSTEMPATH\Boot.php(417): CodeIgniter\CodeIgniter->run()
12 SYSTEMPATH\Boot.php(68): CodeIgniter\Boot::runCodeIgniter(Object(CodeIgniter\CodeIgniter))
13 FCPATH\index.php(59): CodeIgniter\Boot::bootWeb(Object(Config\Paths))
ERROR - 2026-05-12 04:36:02 --> Unknown column 'type' in 'field list'
in SYSTEMPATH\Database\MySQLi\Connection.php on line 300.
 1 SYSTEMPATH\Database\MySQLi\Connection.php(300): mysqli->query('INSERT INTO `notifications` (`user_id`, `message`, `type`, `status`, `created_at`) VALUES (15, \'Your advance payment covering 1 month has been approved.\', \'payment_approved\', \'unread\', \'2026-05-12 04:36:02\')', 0)
 2 SYSTEMPATH\Database\BaseConnection.php(910): CodeIgniter\Database\MySQLi\Connection->execute('INSERT INTO `notifications` (`user_id`, `message`, `type`, `status`, `created_at`) VALUES (15, \'Your advance payment covering 1 month has been approved.\', \'payment_approved\', \'unread\', \'2026-05-12 04:36:02\')')
 3 SYSTEMPATH\Database\BaseConnection.php(827): CodeIgniter\Database\BaseConnection->simpleQuery('INSERT INTO `notifications` (`user_id`, `message`, `type`, `status`, `created_at`) VALUES (15, \'Your advance payment covering 1 month has been approved.\', \'payment_approved\', \'unread\', \'2026-05-12 04:36:02\')')
 4 SYSTEMPATH\Database\BaseBuilder.php(2345): CodeIgniter\Database\BaseConnection->query('INSERT INTO `notifications` (`user_id`, `message`, `type`, `status`, `created_at`) VALUES (:user_id:, :message:, :type:, :status:, :created_at:)', [...], false)
 5 APPPATH\Services\NotificationService.php(35): CodeIgniter\Database\BaseBuilder->insert([...])
 6 APPPATH\Controllers\PaymentTracking.php(221): App\Services\NotificationService->notify(15, 'Your advance payment covering 1 month has been approved.', 'payment_approved')
 7 SYSTEMPATH\CodeIgniter.php(951): App\Controllers\PaymentTracking->recordCash()
 8 SYSTEMPATH\CodeIgniter.php(497): CodeIgniter\CodeIgniter->runController(Object(App\Controllers\PaymentTracking))
 9 SYSTEMPATH\CodeIgniter.php(340): CodeIgniter\CodeIgniter->handleRequest(null, Object(Config\Cache), false)
10 SYSTEMPATH\Boot.php(417): CodeIgniter\CodeIgniter->run()
11 SYSTEMPATH\Boot.php(68): CodeIgniter\Boot::runCodeIgniter(Object(CodeIgniter\CodeIgniter))
12 FCPATH\index.php(59): CodeIgniter\Boot::bootWeb(Object(Config\Paths))
ERROR - 2026-05-12 04:36:02 --> NotificationService::notify - Unknown column 'type' in 'field list'
ERROR - 2026-05-12 04:36:02 --> Table 'kaagapay_db.activity_logs' doesn't exist
in SYSTEMPATH\Database\MySQLi\Connection.php on line 300.
 1 SYSTEMPATH\Database\MySQLi\Connection.php(300): mysqli->query('INSERT INTO `activity_logs` (`user_id`, `action`, `module`, `target_id`, `description`, `old_values`, `new_values`, `ip_address`, `created_at`) VALUES (6, \'created\', \'payment\', 6, \'Recorded cash payment for plan #3\', NULL, \'{\\"plan_id\\":3,\\"amount\\":240,\\"payment_method\\":\\"cash\\",\\"status\\":\\"verified\\"}\', \'::1\', \'2026-05-12 04:36:02\')', 0)
 2 SYSTEMPATH\Database\BaseConnection.php(910): CodeIgniter\Database\MySQLi\Connection->execute('INSERT INTO `activity_logs` (`user_id`, `action`, `module`, `target_id`, `description`, `old_values`, `new_values`, `ip_address`, `created_at`) VALUES (6, \'created\', \'payment\', 6, \'Recorded cash payment for plan #3\', NULL, \'{\\"plan_id\\":3,\\"amount\\":240,\\"payment_method\\":\\"cash\\",\\"status\\":\\"verified\\"}\', \'::1\', \'2026-05-12 04:36:02\')')
 3 SYSTEMPATH\Database\BaseConnection.php(827): CodeIgniter\Database\BaseConnection->simpleQuery('INSERT INTO `activity_logs` (`user_id`, `action`, `module`, `target_id`, `description`, `old_values`, `new_values`, `ip_address`, `created_at`) VALUES (6, \'created\', \'payment\', 6, \'Recorded cash payment for plan #3\', NULL, \'{\\"plan_id\\":3,\\"amount\\":240,\\"payment_method\\":\\"cash\\",\\"status\\":\\"verified\\"}\', \'::1\', \'2026-05-12 04:36:02\')')
 4 SYSTEMPATH\Database\BaseBuilder.php(2345): CodeIgniter\Database\BaseConnection->query('INSERT INTO `activity_logs` (`user_id`, `action`, `module`, `target_id`, `description`, `old_values`, `new_values`, `ip_address`, `created_at`) VALUES (:user_id:, :action:, :module:, :target_id:, :description:, :old_values:, :new_values:, :ip_address:, :created_at:)', [...], false)
 5 APPPATH\Services\ActivityLogService.php(73): CodeIgniter\Database\BaseBuilder->insert([...])
 6 APPPATH\Controllers\PaymentTracking.php(227): App\Services\ActivityLogService->log(6, 'created', 'payment', 6, 'Recorded cash payment for plan #3', null, [...])
 7 SYSTEMPATH\CodeIgniter.php(951): App\Controllers\PaymentTracking->recordCash()
 8 SYSTEMPATH\CodeIgniter.php(497): CodeIgniter\CodeIgniter->runController(Object(App\Controllers\PaymentTracking))
 9 SYSTEMPATH\CodeIgniter.php(340): CodeIgniter\CodeIgniter->handleRequest(null, Object(Config\Cache), false)
10 SYSTEMPATH\Boot.php(417): CodeIgniter\CodeIgniter->run()
11 SYSTEMPATH\Boot.php(68): CodeIgniter\Boot::runCodeIgniter(Object(CodeIgniter\CodeIgniter))
12 FCPATH\index.php(59): CodeIgniter\Boot::bootWeb(Object(Config\Paths))
ERROR - 2026-05-12 04:36:02 --> ActivityLogService::log - Table 'kaagapay_db.activity_logs' doesn't exist
DEBUG - 2026-05-12 04:36:03 --> Session: Class initialized using 'CodeIgniter\Session\Handlers\FileHandler' driver.
DEBUG - 2026-05-12 04:36:17 --> Session: Class initialized using 'CodeIgniter\Session\Handlers\FileHandler' driver.
CRITICAL - 2026-05-12 04:36:17 --> Error: Call to undefined method CodeIgniter\Database\MySQLi\Builder::first()
[Method: POST, Route: initial-payment]
in APPPATH\Controllers\Client\ClientPaymentInitialController.php on line 173.
 1 SYSTEMPATH\CodeIgniter.php(951): App\Controllers\Client\ClientPaymentInitialController->submitInitialPayment()
 2 SYSTEMPATH\CodeIgniter.php(497): CodeIgniter\CodeIgniter->runController(Object(App\Controllers\Client\ClientPaymentInitialController))
 3 SYSTEMPATH\CodeIgniter.php(340): CodeIgniter\CodeIgniter->handleRequest(null, Object(Config\Cache), false)
 4 SYSTEMPATH\Boot.php(417): CodeIgniter\CodeIgniter->run()
 5 SYSTEMPATH\Boot.php(68): CodeIgniter\Boot::runCodeIgniter(Object(CodeIgniter\CodeIgniter))
 6 FCPATH\index.php(59): CodeIgniter\Boot::bootWeb(Object(Config\Paths))
DEBUG - 2026-05-12 04:42:55 --> Session: Class initialized using 'CodeIgniter\Session\Handlers\FileHandler' driver.
DEBUG - 2026-05-12 04:43:05 --> Session: Class initialized using 'CodeIgniter\Session\Handlers\FileHandler' driver.
DEBUG - 2026-05-12 04:43:05 --> Session: Class initialized using 'CodeIgniter\Session\Handlers\FileHandler' driver.
DEBUG - 2026-05-12 04:43:17 --> Session: Class initialized using 'CodeIgniter\Session\Handlers\FileHandler' driver.
DEBUG - 2026-05-12 04:43:18 --> Session: Class initialized using 'CodeIgniter\Session\Handlers\FileHandler' driver.
DEBUG - 2026-05-12 04:48:46 --> Session: Class initialized using 'CodeIgniter\Session\Handlers\FileHandler' driver.
DEBUG - 2026-05-12 04:48:55 --> Session: Class initialized using 'CodeIgniter\Session\Handlers\FileHandler' driver.
DEBUG - 2026-05-12 04:48:55 --> Session: Class initialized using 'CodeIgniter\Session\Handlers\FileHandler' driver.
DEBUG - 2026-05-12 04:49:05 --> Session: Class initialized using 'CodeIgniter\Session\Handlers\FileHandler' driver.
DEBUG - 2026-05-12 04:49:14 --> Session: Class initialized using 'CodeIgniter\Session\Handlers\FileHandler' driver.
DEBUG - 2026-05-12 04:49:14 --> Session: Class initialized using 'CodeIgniter\Session\Handlers\FileHandler' driver.
DEBUG - 2026-05-12 04:49:25 --> Session: Class initialized using 'CodeIgniter\Session\Handlers\FileHandler' driver.
DEBUG - 2026-05-12 04:49:30 --> Session: Class initialized using 'CodeIgniter\Session\Handlers\FileHandler' driver.
DEBUG - 2026-05-12 04:49:34 --> Session: Class initialized using 'CodeIgniter\Session\Handlers\FileHandler' driver.
DEBUG - 2026-05-12 04:49:34 --> Session: Class initialized using 'CodeIgniter\Session\Handlers\FileHandler' driver.
DEBUG - 2026-05-12 04:49:40 --> Session: Class initialized using 'CodeIgniter\Session\Handlers\FileHandler' driver.
DEBUG - 2026-05-12 04:49:40 --> Session: Class initialized using 'CodeIgniter\Session\Handlers\FileHandler' driver.
DEBUG - 2026-05-12 12:57:28 --> Session: Class initialized using 'CodeIgniter\Session\Handlers\FileHandler' driver.
DEBUG - 2026-05-12 12:57:28 --> Session: Class initialized using 'CodeIgniter\Session\Handlers\FileHandler' driver.
DEBUG - 2026-05-12 12:57:32 --> Session: Class initialized using 'CodeIgniter\Session\Handlers\FileHandler' driver.
DEBUG - 2026-05-12 12:57:33 --> Session: Class initialized using 'CodeIgniter\Session\Handlers\FileHandler' driver.
DEBUG - 2026-05-12 13:12:30 --> Session: Class initialized using 'CodeIgniter\Session\Handlers\FileHandler' driver.
DEBUG - 2026-05-12 13:12:31 --> Session: Class initialized using 'CodeIgniter\Session\Handlers\FileHandler' driver.
DEBUG - 2026-05-12 13:12:34 --> Session: Class initialized using 'CodeIgniter\Session\Handlers\FileHandler' driver.
DEBUG - 2026-05-12 13:12:35 --> Session: Class initialized using 'CodeIgniter\Session\Handlers\FileHandler' driver.
DEBUG - 2026-05-12 13:12:59 --> Session: Class initialized using 'CodeIgniter\Session\Handlers\FileHandler' driver.
DEBUG - 2026-05-12 13:14:14 --> Session: Class initialized using 'CodeIgniter\Session\Handlers\FileHandler' driver.
DEBUG - 2026-05-12 13:14:15 --> Session: Class initialized using 'CodeIgniter\Session\Handlers\FileHandler' driver.
DEBUG - 2026-05-12 13:14:30 --> Session: Class initialized using 'CodeIgniter\Session\Handlers\FileHandler' driver.
DEBUG - 2026-05-12 13:15:17 --> Session: Class initialized using 'CodeIgniter\Session\Handlers\FileHandler' driver.
DEBUG - 2026-05-12 13:15:17 --> Session: Class initialized using 'CodeIgniter\Session\Handlers\FileHandler' driver.
DEBUG - 2026-05-12 13:15:26 --> Session: Class initialized using 'CodeIgniter\Session\Handlers\FileHandler' driver.
DEBUG - 2026-05-12 13:15:27 --> Session: Class initialized using 'CodeIgniter\Session\Handlers\FileHandler' driver.
DEBUG - 2026-05-12 13:27:37 --> Session: Class initialized using 'CodeIgniter\Session\Handlers\FileHandler' driver.
DEBUG - 2026-05-12 13:27:42 --> Session: Class initialized using 'CodeIgniter\Session\Handlers\FileHandler' driver.
DEBUG - 2026-05-12 13:27:43 --> Session: Class initialized using 'CodeIgniter\Session\Handlers\FileHandler' driver.
DEBUG - 2026-05-12 13:27:49 --> Session: Class initialized using 'CodeIgniter\Session\Handlers\FileHandler' driver.
DEBUG - 2026-05-12 13:28:08 --> Session: Class initialized using 'CodeIgniter\Session\Handlers\FileHandler' driver.
ERROR - 2026-05-12 13:28:08 --> Unknown column 'type' in 'field list'
in SYSTEMPATH\Database\MySQLi\Connection.php on line 300.
 1 SYSTEMPATH\Database\MySQLi\Connection.php(300): mysqli->query('INSERT INTO `notifications` (`user_id`, `message`, `type`, `status`, `created_at`) VALUES (15, \'Your registration has been approved. Your plan is now active.\', \'registration_pending\', \'unread\', \'2026-05-12 13:28:08\')', 0)
 2 SYSTEMPATH\Database\BaseConnection.php(910): CodeIgniter\Database\MySQLi\Connection->execute('INSERT INTO `notifications` (`user_id`, `message`, `type`, `status`, `created_at`) VALUES (15, \'Your registration has been approved. Your plan is now active.\', \'registration_pending\', \'unread\', \'2026-05-12 13:28:08\')')
 3 SYSTEMPATH\Database\BaseConnection.php(827): CodeIgniter\Database\BaseConnection->simpleQuery('INSERT INTO `notifications` (`user_id`, `message`, `type`, `status`, `created_at`) VALUES (15, \'Your registration has been approved. Your plan is now active.\', \'registration_pending\', \'unread\', \'2026-05-12 13:28:08\')')
 4 SYSTEMPATH\Database\BaseBuilder.php(2345): CodeIgniter\Database\BaseConnection->query('INSERT INTO `notifications` (`user_id`, `message`, `type`, `status`, `created_at`) VALUES (:user_id:, :message:, :type:, :status:, :created_at:)', [...], false)
 5 APPPATH\Services\NotificationService.php(35): CodeIgniter\Database\BaseBuilder->insert([...])
 6 APPPATH\Controllers\PaymentTracking.php(541): App\Services\NotificationService->notify(15, 'Your registration has been approved. Your plan is now active.', 'registration_pending')
 7 APPPATH\Controllers\PaymentTracking.php(207): App\Controllers\PaymentTracking->autoApprovePlanHolderFromInitialPayment([...], 1)
 8 SYSTEMPATH\CodeIgniter.php(951): App\Controllers\PaymentTracking->recordCash()
 9 SYSTEMPATH\CodeIgniter.php(497): CodeIgniter\CodeIgniter->runController(Object(App\Controllers\PaymentTracking))
10 SYSTEMPATH\CodeIgniter.php(340): CodeIgniter\CodeIgniter->handleRequest(null, Object(Config\Cache), false)
11 SYSTEMPATH\Boot.php(417): CodeIgniter\CodeIgniter->run()
12 SYSTEMPATH\Boot.php(68): CodeIgniter\Boot::runCodeIgniter(Object(CodeIgniter\CodeIgniter))
13 FCPATH\index.php(59): CodeIgniter\Boot::bootWeb(Object(Config\Paths))
ERROR - 2026-05-12 13:28:08 --> Table 'kaagapay_db.activity_logs' doesn't exist
in SYSTEMPATH\Database\MySQLi\Connection.php on line 300.
 1 SYSTEMPATH\Database\MySQLi\Connection.php(300): mysqli->query('INSERT INTO `activity_logs` (`user_id`, `action`, `module`, `target_id`, `description`, `old_values`, `new_values`, `ip_address`, `created_at`) VALUES (6, \'approved\', \'plan_holder\', 10, \'Auto-approved plan holder after initial payment verification\', \'{\\"status\\":\\"inactive\\"}\', \'{\\"status\\":\\"active\\"}\', \'::1\', \'2026-05-12 13:28:08\')', 0)
 2 SYSTEMPATH\Database\BaseConnection.php(910): CodeIgniter\Database\MySQLi\Connection->execute('INSERT INTO `activity_logs` (`user_id`, `action`, `module`, `target_id`, `description`, `old_values`, `new_values`, `ip_address`, `created_at`) VALUES (6, \'approved\', \'plan_holder\', 10, \'Auto-approved plan holder after initial payment verification\', \'{\\"status\\":\\"inactive\\"}\', \'{\\"status\\":\\"active\\"}\', \'::1\', \'2026-05-12 13:28:08\')')
 3 SYSTEMPATH\Database\BaseConnection.php(827): CodeIgniter\Database\BaseConnection->simpleQuery('INSERT INTO `activity_logs` (`user_id`, `action`, `module`, `target_id`, `description`, `old_values`, `new_values`, `ip_address`, `created_at`) VALUES (6, \'approved\', \'plan_holder\', 10, \'Auto-approved plan holder after initial payment verification\', \'{\\"status\\":\\"inactive\\"}\', \'{\\"status\\":\\"active\\"}\', \'::1\', \'2026-05-12 13:28:08\')')
 4 SYSTEMPATH\Database\BaseBuilder.php(2345): CodeIgniter\Database\BaseConnection->query('INSERT INTO `activity_logs` (`user_id`, `action`, `module`, `target_id`, `description`, `old_values`, `new_values`, `ip_address`, `created_at`) VALUES (:user_id:, :action:, :module:, :target_id:, :description:, :old_values:, :new_values:, :ip_address:, :created_at:)', [...], false)
 5 APPPATH\Services\ActivityLogService.php(73): CodeIgniter\Database\BaseBuilder->insert([...])
 6 APPPATH\Controllers\PaymentTracking.php(548): App\Services\ActivityLogService->log(6, 'approved', 'plan_holder', 10, 'Auto-approved plan holder after initial payment verification', [...], [...])
 7 APPPATH\Controllers\PaymentTracking.php(207): App\Controllers\PaymentTracking->autoApprovePlanHolderFromInitialPayment([...], 1)
 8 SYSTEMPATH\CodeIgniter.php(951): App\Controllers\PaymentTracking->recordCash()
 9 SYSTEMPATH\CodeIgniter.php(497): CodeIgniter\CodeIgniter->runController(Object(App\Controllers\PaymentTracking))
10 SYSTEMPATH\CodeIgniter.php(340): CodeIgniter\CodeIgniter->handleRequest(null, Object(Config\Cache), false)
11 SYSTEMPATH\Boot.php(417): CodeIgniter\CodeIgniter->run()
12 SYSTEMPATH\Boot.php(68): CodeIgniter\Boot::runCodeIgniter(Object(CodeIgniter\CodeIgniter))
13 FCPATH\index.php(59): CodeIgniter\Boot::bootWeb(Object(Config\Paths))
ERROR - 2026-05-12 13:28:08 --> Unknown column 'type' in 'field list'
in SYSTEMPATH\Database\MySQLi\Connection.php on line 300.
 1 SYSTEMPATH\Database\MySQLi\Connection.php(300): mysqli->query('INSERT INTO `notifications` (`user_id`, `message`, `type`, `status`, `created_at`) VALUES (15, \'Your advance payment covering 1 month has been approved.\', \'payment_approved\', \'unread\', \'2026-05-12 13:28:08\')', 0)
 2 SYSTEMPATH\Database\BaseConnection.php(910): CodeIgniter\Database\MySQLi\Connection->execute('INSERT INTO `notifications` (`user_id`, `message`, `type`, `status`, `created_at`) VALUES (15, \'Your advance payment covering 1 month has been approved.\', \'payment_approved\', \'unread\', \'2026-05-12 13:28:08\')')
 3 SYSTEMPATH\Database\BaseConnection.php(827): CodeIgniter\Database\BaseConnection->simpleQuery('INSERT INTO `notifications` (`user_id`, `message`, `type`, `status`, `created_at`) VALUES (15, \'Your advance payment covering 1 month has been approved.\', \'payment_approved\', \'unread\', \'2026-05-12 13:28:08\')')
 4 SYSTEMPATH\Database\BaseBuilder.php(2345): CodeIgniter\Database\BaseConnection->query('INSERT INTO `notifications` (`user_id`, `message`, `type`, `status`, `created_at`) VALUES (:user_id:, :message:, :type:, :status:, :created_at:)', [...], false)
 5 APPPATH\Services\NotificationService.php(35): CodeIgniter\Database\BaseBuilder->insert([...])
 6 APPPATH\Controllers\PaymentTracking.php(221): App\Services\NotificationService->notify(15, 'Your advance payment covering 1 month has been approved.', 'payment_approved')
 7 SYSTEMPATH\CodeIgniter.php(951): App\Controllers\PaymentTracking->recordCash()
 8 SYSTEMPATH\CodeIgniter.php(497): CodeIgniter\CodeIgniter->runController(Object(App\Controllers\PaymentTracking))
 9 SYSTEMPATH\CodeIgniter.php(340): CodeIgniter\CodeIgniter->handleRequest(null, Object(Config\Cache), false)
10 SYSTEMPATH\Boot.php(417): CodeIgniter\CodeIgniter->run()
11 SYSTEMPATH\Boot.php(68): CodeIgniter\Boot::runCodeIgniter(Object(CodeIgniter\CodeIgniter))
12 FCPATH\index.php(59): CodeIgniter\Boot::bootWeb(Object(Config\Paths))
ERROR - 2026-05-12 13:28:08 --> NotificationService::notify - Unknown column 'type' in 'field list'
ERROR - 2026-05-12 13:28:08 --> Table 'kaagapay_db.activity_logs' doesn't exist
in SYSTEMPATH\Database\MySQLi\Connection.php on line 300.
 1 SYSTEMPATH\Database\MySQLi\Connection.php(300): mysqli->query('INSERT INTO `activity_logs` (`user_id`, `action`, `module`, `target_id`, `description`, `old_values`, `new_values`, `ip_address`, `created_at`) VALUES (6, \'created\', \'payment\', 7, \'Recorded cash payment for plan #3\', NULL, \'{\\"plan_id\\":3,\\"amount\\":240,\\"payment_method\\":\\"cash\\",\\"status\\":\\"verified\\"}\', \'::1\', \'2026-05-12 13:28:08\')', 0)
 2 SYSTEMPATH\Database\BaseConnection.php(910): CodeIgniter\Database\MySQLi\Connection->execute('INSERT INTO `activity_logs` (`user_id`, `action`, `module`, `target_id`, `description`, `old_values`, `new_values`, `ip_address`, `created_at`) VALUES (6, \'created\', \'payment\', 7, \'Recorded cash payment for plan #3\', NULL, \'{\\"plan_id\\":3,\\"amount\\":240,\\"payment_method\\":\\"cash\\",\\"status\\":\\"verified\\"}\', \'::1\', \'2026-05-12 13:28:08\')')
 3 SYSTEMPATH\Database\BaseConnection.php(827): CodeIgniter\Database\BaseConnection->simpleQuery('INSERT INTO `activity_logs` (`user_id`, `action`, `module`, `target_id`, `description`, `old_values`, `new_values`, `ip_address`, `created_at`) VALUES (6, \'created\', \'payment\', 7, \'Recorded cash payment for plan #3\', NULL, \'{\\"plan_id\\":3,\\"amount\\":240,\\"payment_method\\":\\"cash\\",\\"status\\":\\"verified\\"}\', \'::1\', \'2026-05-12 13:28:08\')')
 4 SYSTEMPATH\Database\BaseBuilder.php(2345): CodeIgniter\Database\BaseConnection->query('INSERT INTO `activity_logs` (`user_id`, `action`, `module`, `target_id`, `description`, `old_values`, `new_values`, `ip_address`, `created_at`) VALUES (:user_id:, :action:, :module:, :target_id:, :description:, :old_values:, :new_values:, :ip_address:, :created_at:)', [...], false)
 5 APPPATH\Services\ActivityLogService.php(73): CodeIgniter\Database\BaseBuilder->insert([...])
 6 APPPATH\Controllers\PaymentTracking.php(227): App\Services\ActivityLogService->log(6, 'created', 'payment', 7, 'Recorded cash payment for plan #3', null, [...])
 7 SYSTEMPATH\CodeIgniter.php(951): App\Controllers\PaymentTracking->recordCash()
 8 SYSTEMPATH\CodeIgniter.php(497): CodeIgniter\CodeIgniter->runController(Object(App\Controllers\PaymentTracking))
 9 SYSTEMPATH\CodeIgniter.php(340): CodeIgniter\CodeIgniter->handleRequest(null, Object(Config\Cache), false)
10 SYSTEMPATH\Boot.php(417): CodeIgniter\CodeIgniter->run()
11 SYSTEMPATH\Boot.php(68): CodeIgniter\Boot::runCodeIgniter(Object(CodeIgniter\CodeIgniter))
12 FCPATH\index.php(59): CodeIgniter\Boot::bootWeb(Object(Config\Paths))
ERROR - 2026-05-12 13:28:08 --> ActivityLogService::log - Table 'kaagapay_db.activity_logs' doesn't exist
DEBUG - 2026-05-12 13:28:08 --> Session: Class initialized using 'CodeIgniter\Session\Handlers\FileHandler' driver.
DEBUG - 2026-05-12 13:28:15 --> Session: Class initialized using 'CodeIgniter\Session\Handlers\FileHandler' driver.
DEBUG - 2026-05-12 13:28:24 --> Session: Class initialized using 'CodeIgniter\Session\Handlers\FileHandler' driver.
DEBUG - 2026-05-12 13:28:24 --> Session: Class initialized using 'CodeIgniter\Session\Handlers\FileHandler' driver.
DEBUG - 2026-05-12 13:37:07 --> Session: Class initialized using 'CodeIgniter\Session\Handlers\FileHandler' driver.
DEBUG - 2026-05-12 13:37:10 --> Session: Class initialized using 'CodeIgniter\Session\Handlers\FileHandler' driver.
DEBUG - 2026-05-12 13:37:18 --> Session: Class initialized using 'CodeIgniter\Session\Handlers\FileHandler' driver.
DEBUG - 2026-05-12 13:37:18 --> [CashPayment] Verifying receipt: 123456 for branch: 1
DEBUG - 2026-05-12 13:37:18 --> [CashPayment] No match found. All records for receipt 123456: []
DEBUG - 2026-05-12 13:37:18 --> Session: Class initialized using 'CodeIgniter\Session\Handlers\FileHandler' driver.
DEBUG - 2026-05-12 13:37:40 --> Session: Class initialized using 'CodeIgniter\Session\Handlers\FileHandler' driver.
ERROR - 2026-05-12 13:37:40 --> Unknown column 'type' in 'field list'
in SYSTEMPATH\Database\MySQLi\Connection.php on line 300.
 1 SYSTEMPATH\Database\MySQLi\Connection.php(300): mysqli->query('INSERT INTO `notifications` (`user_id`, `message`, `type`, `status`, `created_at`) VALUES (15, \'Your registration has been approved. Your plan is now active.\', \'registration_pending\', \'unread\', \'2026-05-12 13:37:40\')', 0)
 2 SYSTEMPATH\Database\BaseConnection.php(910): CodeIgniter\Database\MySQLi\Connection->execute('INSERT INTO `notifications` (`user_id`, `message`, `type`, `status`, `created_at`) VALUES (15, \'Your registration has been approved. Your plan is now active.\', \'registration_pending\', \'unread\', \'2026-05-12 13:37:40\')')
 3 SYSTEMPATH\Database\BaseConnection.php(827): CodeIgniter\Database\BaseConnection->simpleQuery('INSERT INTO `notifications` (`user_id`, `message`, `type`, `status`, `created_at`) VALUES (15, \'Your registration has been approved. Your plan is now active.\', \'registration_pending\', \'unread\', \'2026-05-12 13:37:40\')')
 4 SYSTEMPATH\Database\BaseBuilder.php(2345): CodeIgniter\Database\BaseConnection->query('INSERT INTO `notifications` (`user_id`, `message`, `type`, `status`, `created_at`) VALUES (:user_id:, :message:, :type:, :status:, :created_at:)', [...], false)
 5 APPPATH\Services\NotificationService.php(35): CodeIgniter\Database\BaseBuilder->insert([...])
 6 APPPATH\Controllers\PaymentTracking.php(541): App\Services\NotificationService->notify(15, 'Your registration has been approved. Your plan is now active.', 'registration_pending')
 7 APPPATH\Controllers\PaymentTracking.php(207): App\Controllers\PaymentTracking->autoApprovePlanHolderFromInitialPayment([...], 1)
 8 SYSTEMPATH\CodeIgniter.php(951): App\Controllers\PaymentTracking->recordCash()
 9 SYSTEMPATH\CodeIgniter.php(497): CodeIgniter\CodeIgniter->runController(Object(App\Controllers\PaymentTracking))
10 SYSTEMPATH\CodeIgniter.php(340): CodeIgniter\CodeIgniter->handleRequest(null, Object(Config\Cache), false)
11 SYSTEMPATH\Boot.php(417): CodeIgniter\CodeIgniter->run()
12 SYSTEMPATH\Boot.php(68): CodeIgniter\Boot::runCodeIgniter(Object(CodeIgniter\CodeIgniter))
13 FCPATH\index.php(59): CodeIgniter\Boot::bootWeb(Object(Config\Paths))
ERROR - 2026-05-12 13:37:40 --> Table 'kaagapay_db.activity_logs' doesn't exist
in SYSTEMPATH\Database\MySQLi\Connection.php on line 300.
 1 SYSTEMPATH\Database\MySQLi\Connection.php(300): mysqli->query('INSERT INTO `activity_logs` (`user_id`, `action`, `module`, `target_id`, `description`, `old_values`, `new_values`, `ip_address`, `created_at`) VALUES (6, \'approved\', \'plan_holder\', 10, \'Auto-approved plan holder after initial payment verification\', \'{\\"status\\":\\"inactive\\"}\', \'{\\"status\\":\\"active\\"}\', \'::1\', \'2026-05-12 13:37:40\')', 0)
 2 SYSTEMPATH\Database\BaseConnection.php(910): CodeIgniter\Database\MySQLi\Connection->execute('INSERT INTO `activity_logs` (`user_id`, `action`, `module`, `target_id`, `description`, `old_values`, `new_values`, `ip_address`, `created_at`) VALUES (6, \'approved\', \'plan_holder\', 10, \'Auto-approved plan holder after initial payment verification\', \'{\\"status\\":\\"inactive\\"}\', \'{\\"status\\":\\"active\\"}\', \'::1\', \'2026-05-12 13:37:40\')')
 3 SYSTEMPATH\Database\BaseConnection.php(827): CodeIgniter\Database\BaseConnection->simpleQuery('INSERT INTO `activity_logs` (`user_id`, `action`, `module`, `target_id`, `description`, `old_values`, `new_values`, `ip_address`, `created_at`) VALUES (6, \'approved\', \'plan_holder\', 10, \'Auto-approved plan holder after initial payment verification\', \'{\\"status\\":\\"inactive\\"}\', \'{\\"status\\":\\"active\\"}\', \'::1\', \'2026-05-12 13:37:40\')')
 4 SYSTEMPATH\Database\BaseBuilder.php(2345): CodeIgniter\Database\BaseConnection->query('INSERT INTO `activity_logs` (`user_id`, `action`, `module`, `target_id`, `description`, `old_values`, `new_values`, `ip_address`, `created_at`) VALUES (:user_id:, :action:, :module:, :target_id:, :description:, :old_values:, :new_values:, :ip_address:, :created_at:)', [...], false)
 5 APPPATH\Services\ActivityLogService.php(73): CodeIgniter\Database\BaseBuilder->insert([...])
 6 APPPATH\Controllers\PaymentTracking.php(548): App\Services\ActivityLogService->log(6, 'approved', 'plan_holder', 10, 'Auto-approved plan holder after initial payment verification', [...], [...])
 7 APPPATH\Controllers\PaymentTracking.php(207): App\Controllers\PaymentTracking->autoApprovePlanHolderFromInitialPayment([...], 1)
 8 SYSTEMPATH\CodeIgniter.php(951): App\Controllers\PaymentTracking->recordCash()
 9 SYSTEMPATH\CodeIgniter.php(497): CodeIgniter\CodeIgniter->runController(Object(App\Controllers\PaymentTracking))
10 SYSTEMPATH\CodeIgniter.php(340): CodeIgniter\CodeIgniter->handleRequest(null, Object(Config\Cache), false)
11 SYSTEMPATH\Boot.php(417): CodeIgniter\CodeIgniter->run()
12 SYSTEMPATH\Boot.php(68): CodeIgniter\Boot::runCodeIgniter(Object(CodeIgniter\CodeIgniter))
13 FCPATH\index.php(59): CodeIgniter\Boot::bootWeb(Object(Config\Paths))
ERROR - 2026-05-12 13:37:40 --> Unknown column 'type' in 'field list'
in SYSTEMPATH\Database\MySQLi\Connection.php on line 300.
 1 SYSTEMPATH\Database\MySQLi\Connection.php(300): mysqli->query('INSERT INTO `notifications` (`user_id`, `message`, `type`, `status`, `created_at`) VALUES (15, \'Your advance payment covering 1 month has been approved.\', \'payment_approved\', \'unread\', \'2026-05-12 13:37:40\')', 0)
 2 SYSTEMPATH\Database\BaseConnection.php(910): CodeIgniter\Database\MySQLi\Connection->execute('INSERT INTO `notifications` (`user_id`, `message`, `type`, `status`, `created_at`) VALUES (15, \'Your advance payment covering 1 month has been approved.\', \'payment_approved\', \'unread\', \'2026-05-12 13:37:40\')')
 3 SYSTEMPATH\Database\BaseConnection.php(827): CodeIgniter\Database\BaseConnection->simpleQuery('INSERT INTO `notifications` (`user_id`, `message`, `type`, `status`, `created_at`) VALUES (15, \'Your advance payment covering 1 month has been approved.\', \'payment_approved\', \'unread\', \'2026-05-12 13:37:40\')')
 4 SYSTEMPATH\Database\BaseBuilder.php(2345): CodeIgniter\Database\BaseConnection->query('INSERT INTO `notifications` (`user_id`, `message`, `type`, `status`, `created_at`) VALUES (:user_id:, :message:, :type:, :status:, :created_at:)', [...], false)
 5 APPPATH\Services\NotificationService.php(35): CodeIgniter\Database\BaseBuilder->insert([...])
 6 APPPATH\Controllers\PaymentTracking.php(221): App\Services\NotificationService->notify(15, 'Your advance payment covering 1 month has been approved.', 'payment_approved')
 7 SYSTEMPATH\CodeIgniter.php(951): App\Controllers\PaymentTracking->recordCash()
 8 SYSTEMPATH\CodeIgniter.php(497): CodeIgniter\CodeIgniter->runController(Object(App\Controllers\PaymentTracking))
 9 SYSTEMPATH\CodeIgniter.php(340): CodeIgniter\CodeIgniter->handleRequest(null, Object(Config\Cache), false)
10 SYSTEMPATH\Boot.php(417): CodeIgniter\CodeIgniter->run()
11 SYSTEMPATH\Boot.php(68): CodeIgniter\Boot::runCodeIgniter(Object(CodeIgniter\CodeIgniter))
12 FCPATH\index.php(59): CodeIgniter\Boot::bootWeb(Object(Config\Paths))
ERROR - 2026-05-12 13:37:40 --> NotificationService::notify - Unknown column 'type' in 'field list'
ERROR - 2026-05-12 13:37:40 --> Table 'kaagapay_db.activity_logs' doesn't exist
in SYSTEMPATH\Database\MySQLi\Connection.php on line 300.
 1 SYSTEMPATH\Database\MySQLi\Connection.php(300): mysqli->query('INSERT INTO `activity_logs` (`user_id`, `action`, `module`, `target_id`, `description`, `old_values`, `new_values`, `ip_address`, `created_at`) VALUES (6, \'created\', \'payment\', 8, \'Recorded cash payment for plan #3\', NULL, \'{\\"plan_id\\":3,\\"amount\\":240,\\"payment_method\\":\\"cash\\",\\"status\\":\\"verified\\"}\', \'::1\', \'2026-05-12 13:37:40\')', 0)
 2 SYSTEMPATH\Database\BaseConnection.php(910): CodeIgniter\Database\MySQLi\Connection->execute('INSERT INTO `activity_logs` (`user_id`, `action`, `module`, `target_id`, `description`, `old_values`, `new_values`, `ip_address`, `created_at`) VALUES (6, \'created\', \'payment\', 8, \'Recorded cash payment for plan #3\', NULL, \'{\\"plan_id\\":3,\\"amount\\":240,\\"payment_method\\":\\"cash\\",\\"status\\":\\"verified\\"}\', \'::1\', \'2026-05-12 13:37:40\')')
 3 SYSTEMPATH\Database\BaseConnection.php(827): CodeIgniter\Database\BaseConnection->simpleQuery('INSERT INTO `activity_logs` (`user_id`, `action`, `module`, `target_id`, `description`, `old_values`, `new_values`, `ip_address`, `created_at`) VALUES (6, \'created\', \'payment\', 8, \'Recorded cash payment for plan #3\', NULL, \'{\\"plan_id\\":3,\\"amount\\":240,\\"payment_method\\":\\"cash\\",\\"status\\":\\"verified\\"}\', \'::1\', \'2026-05-12 13:37:40\')')
 4 SYSTEMPATH\Database\BaseBuilder.php(2345): CodeIgniter\Database\BaseConnection->query('INSERT INTO `activity_logs` (`user_id`, `action`, `module`, `target_id`, `description`, `old_values`, `new_values`, `ip_address`, `created_at`) VALUES (:user_id:, :action:, :module:, :target_id:, :description:, :old_values:, :new_values:, :ip_address:, :created_at:)', [...], false)
 5 APPPATH\Services\ActivityLogService.php(73): CodeIgniter\Database\BaseBuilder->insert([...])
 6 APPPATH\Controllers\PaymentTracking.php(227): App\Services\ActivityLogService->log(6, 'created', 'payment', 8, 'Recorded cash payment for plan #3', null, [...])
 7 SYSTEMPATH\CodeIgniter.php(951): App\Controllers\PaymentTracking->recordCash()
 8 SYSTEMPATH\CodeIgniter.php(497): CodeIgniter\CodeIgniter->runController(Object(App\Controllers\PaymentTracking))
 9 SYSTEMPATH\CodeIgniter.php(340): CodeIgniter\CodeIgniter->handleRequest(null, Object(Config\Cache), false)
10 SYSTEMPATH\Boot.php(417): CodeIgniter\CodeIgniter->run()
11 SYSTEMPATH\Boot.php(68): CodeIgniter\Boot::runCodeIgniter(Object(CodeIgniter\CodeIgniter))
12 FCPATH\index.php(59): CodeIgniter\Boot::bootWeb(Object(Config\Paths))
ERROR - 2026-05-12 13:37:40 --> ActivityLogService::log - Table 'kaagapay_db.activity_logs' doesn't exist
DEBUG - 2026-05-12 13:37:40 --> Session: Class initialized using 'CodeIgniter\Session\Handlers\FileHandler' driver.
DEBUG - 2026-05-12 13:37:46 --> Session: Class initialized using 'CodeIgniter\Session\Handlers\FileHandler' driver.
DEBUG - 2026-05-12 13:37:54 --> Session: Class initialized using 'CodeIgniter\Session\Handlers\FileHandler' driver.
DEBUG - 2026-05-12 13:37:54 --> [CashPayment] Verifying receipt: 1234567890 for branch: 1
DEBUG - 2026-05-12 13:37:54 --> [CashPayment] No match found. All records for receipt 1234567890: []
DEBUG - 2026-05-12 13:37:55 --> Session: Class initialized using 'CodeIgniter\Session\Handlers\FileHandler' driver.
DEBUG - 2026-05-12 13:40:48 --> Session: Class initialized using 'CodeIgniter\Session\Handlers\FileHandler' driver.
DEBUG - 2026-05-12 13:40:54 --> Session: Class initialized using 'CodeIgniter\Session\Handlers\FileHandler' driver.
DEBUG - 2026-05-12 13:40:54 --> [CashPayment] Verifying receipt: 1234567890 for plan_id: 3
CRITICAL - 2026-05-12 13:40:54 --> TypeError: Illegal offset type
[Method: POST, Route: initial-payment]
in SYSTEMPATH\Database\BaseBuilder.php on line 764.
 1 SYSTEMPATH\Database\BaseBuilder.php(722): CodeIgniter\Database\BaseBuilder->whereHaving('QBWhere', Object(Closure), null, 'AND ', null)
 2 APPPATH\Controllers\Client\ClientPaymentInitialController.php(181): CodeIgniter\Database\BaseBuilder->where(Object(Closure))
 3 SYSTEMPATH\CodeIgniter.php(951): App\Controllers\Client\ClientPaymentInitialController->submitInitialPayment()
 4 SYSTEMPATH\CodeIgniter.php(497): CodeIgniter\CodeIgniter->runController(Object(App\Controllers\Client\ClientPaymentInitialController))
 5 SYSTEMPATH\CodeIgniter.php(340): CodeIgniter\CodeIgniter->handleRequest(null, Object(Config\Cache), false)
 6 SYSTEMPATH\Boot.php(417): CodeIgniter\CodeIgniter->run()
 7 SYSTEMPATH\Boot.php(68): CodeIgniter\Boot::runCodeIgniter(Object(CodeIgniter\CodeIgniter))
 8 FCPATH\index.php(59): CodeIgniter\Boot::bootWeb(Object(Config\Paths))
DEBUG - 2026-05-12 13:51:11 --> Session: Class initialized using 'CodeIgniter\Session\Handlers\FileHandler' driver.
DEBUG - 2026-05-12 13:51:12 --> [CashPayment] Verifying receipt: 1234567890 for plan_id: 3
ERROR - 2026-05-12 13:51:12 --> Unknown column 'official_receipt_number' in 'where clause'
in SYSTEMPATH\Database\MySQLi\Connection.php on line 300.
 1 SYSTEMPATH\Database\MySQLi\Connection.php(300): mysqli->query('SELECT *
FROM `payments`
WHERE `plan_id` = 3
AND `payment_method` = \'cash\'
AND `status` = \'pending\'
AND `official_receipt_number` = \'1234567890\'', 0)
 2 SYSTEMPATH\Database\BaseConnection.php(910): CodeIgniter\Database\MySQLi\Connection->execute('SELECT *
FROM `payments`
WHERE `plan_id` = 3
AND `payment_method` = \'cash\'
AND `status` = \'pending\'
AND `official_receipt_number` = \'1234567890\'')
 3 SYSTEMPATH\Database\BaseConnection.php(827): CodeIgniter\Database\BaseConnection->simpleQuery('SELECT *
FROM `payments`
WHERE `plan_id` = 3
AND `payment_method` = \'cash\'
AND `status` = \'pending\'
AND `official_receipt_number` = \'1234567890\'')
 4 SYSTEMPATH\Database\BaseBuilder.php(1649): CodeIgniter\Database\BaseConnection->query('SELECT *
FROM `payments`
WHERE `plan_id` = :plan_id:
AND `payment_method` = :payment_method:
AND `status` = :status:
AND `official_receipt_number` = :official_receipt_number:', [...], false)
 5 APPPATH\Controllers\Client\ClientPaymentInitialController.php(183): CodeIgniter\Database\BaseBuilder->get()
 6 SYSTEMPATH\CodeIgniter.php(951): App\Controllers\Client\ClientPaymentInitialController->submitInitialPayment()
 7 SYSTEMPATH\CodeIgniter.php(497): CodeIgniter\CodeIgniter->runController(Object(App\Controllers\Client\ClientPaymentInitialController))
 8 SYSTEMPATH\CodeIgniter.php(340): CodeIgniter\CodeIgniter->handleRequest(null, Object(Config\Cache), false)
 9 SYSTEMPATH\Boot.php(417): CodeIgniter\CodeIgniter->run()
10 SYSTEMPATH\Boot.php(68): CodeIgniter\Boot::runCodeIgniter(Object(CodeIgniter\CodeIgniter))
11 FCPATH\index.php(59): CodeIgniter\Boot::bootWeb(Object(Config\Paths))
CRITICAL - 2026-05-12 13:51:12 --> Error: Call to a member function getRowArray() on bool
[Method: POST, Route: initial-payment]
in APPPATH\Controllers\Client\ClientPaymentInitialController.php on line 184.
 1 SYSTEMPATH\CodeIgniter.php(951): App\Controllers\Client\ClientPaymentInitialController->submitInitialPayment()
 2 SYSTEMPATH\CodeIgniter.php(497): CodeIgniter\CodeIgniter->runController(Object(App\Controllers\Client\ClientPaymentInitialController))
 3 SYSTEMPATH\CodeIgniter.php(340): CodeIgniter\CodeIgniter->handleRequest(null, Object(Config\Cache), false)
 4 SYSTEMPATH\Boot.php(417): CodeIgniter\CodeIgniter->run()
 5 SYSTEMPATH\Boot.php(68): CodeIgniter\Boot::runCodeIgniter(Object(CodeIgniter\CodeIgniter))
 6 FCPATH\index.php(59): CodeIgniter\Boot::bootWeb(Object(Config\Paths))
DEBUG - 2026-05-12 13:55:54 --> Session: Class initialized using 'CodeIgniter\Session\Handlers\FileHandler' driver.
DEBUG - 2026-05-12 13:55:54 --> [CashPayment] Verifying receipt: 1234567890 for plan_id: 3
ERROR - 2026-05-12 13:55:54 --> Unknown column 'official_receipt_number' in 'where clause'
in SYSTEMPATH\Database\MySQLi\Connection.php on line 300.
 1 SYSTEMPATH\Database\MySQLi\Connection.php(300): mysqli->query('SELECT *
FROM `payments`
WHERE `plan_id` = 3
AND `payment_method` = \'cash\'
AND `status` = \'pending\'
AND `official_receipt_number` = \'1234567890\'', 0)
 2 SYSTEMPATH\Database\BaseConnection.php(910): CodeIgniter\Database\MySQLi\Connection->execute('SELECT *
FROM `payments`
WHERE `plan_id` = 3
AND `payment_method` = \'cash\'
AND `status` = \'pending\'
AND `official_receipt_number` = \'1234567890\'')
 3 SYSTEMPATH\Database\BaseConnection.php(827): CodeIgniter\Database\BaseConnection->simpleQuery('SELECT *
FROM `payments`
WHERE `plan_id` = 3
AND `payment_method` = \'cash\'
AND `status` = \'pending\'
AND `official_receipt_number` = \'1234567890\'')
 4 SYSTEMPATH\Database\BaseBuilder.php(1649): CodeIgniter\Database\BaseConnection->query('SELECT *
FROM `payments`
WHERE `plan_id` = :plan_id:
AND `payment_method` = :payment_method:
AND `status` = :status:
AND `official_receipt_number` = :official_receipt_number:', [...], false)
 5 APPPATH\Controllers\Client\ClientPaymentInitialController.php(183): CodeIgniter\Database\BaseBuilder->get()
 6 SYSTEMPATH\CodeIgniter.php(951): App\Controllers\Client\ClientPaymentInitialController->submitInitialPayment()
 7 SYSTEMPATH\CodeIgniter.php(497): CodeIgniter\CodeIgniter->runController(Object(App\Controllers\Client\ClientPaymentInitialController))
 8 SYSTEMPATH\CodeIgniter.php(340): CodeIgniter\CodeIgniter->handleRequest(null, Object(Config\Cache), false)
 9 SYSTEMPATH\Boot.php(417): CodeIgniter\CodeIgniter->run()
10 SYSTEMPATH\Boot.php(68): CodeIgniter\Boot::runCodeIgniter(Object(CodeIgniter\CodeIgniter))
11 FCPATH\index.php(59): CodeIgniter\Boot::bootWeb(Object(Config\Paths))
DEBUG - 2026-05-12 13:55:54 --> [CashPayment] No match found. All cash payments for plan 3: [{"payment_id":"4","plan_id":"3","amount":"240.00","payment_date":"2026-05-12","payment_method":"cash","reference_number":null,"received_by":"6","branch_id":"1","remarks":"Recorded at branch counter","status":"","created_at":"2026-05-12 12:24:46","updated_at":"2026-05-12 12:24:46"},{"payment_id":"5","plan_id":"3","amount":"240.00","payment_date":"2026-05-12","payment_method":"cash","reference_number":null,"received_by":"6","branch_id":"1","remarks":"Recorded at branch counter","status":"","created_at":"2026-05-12 12:34:44","updated_at":"2026-05-12 12:34:44"},{"payment_id":"6","plan_id":"3","amount":"240.00","payment_date":"2026-05-12","payment_method":"cash","reference_number":null,"received_by":"6","branch_id":"1","remarks":"Recorded at branch counter","status":"","created_at":"2026-05-12 12:36:02","updated_at":"2026-05-12 12:36:02"},{"payment_id":"7","plan_id":"3","amount":"240.00","payment_date":"2026-05-12","payment_method":"cash","reference_number":null,"received_by":"6","branch_id":"1","remarks":"Recorded at branch counter","status":"","created_at":"2026-05-12 21:28:08","updated_at":"2026-05-12 21:28:08"},{"payment_id":"8","plan_id":"3","amount":"240.00","payment_date":"2026-05-12","payment_method":"cash","reference_number":null,"received_by":"6","branch_id":"1","remarks":"Recorded at branch counter","status":"","created_at":"2026-05-12 21:37:40","updated_at":"2026-05-12 21:37:40"}]
DEBUG - 2026-05-12 13:55:56 --> Session: Class initialized using 'CodeIgniter\Session\Handlers\FileHandler' driver.
DEBUG - 2026-05-12 13:57:29 --> Session: Class initialized using 'CodeIgniter\Session\Handlers\FileHandler' driver.
DEBUG - 2026-05-12 13:57:29 --> [CashPayment] Verifying receipt: 1234567890 for plan_id: 3
ERROR - 2026-05-12 13:57:29 --> Unknown column 'official_receipt_number' in 'where clause'
in SYSTEMPATH\Database\MySQLi\Connection.php on line 300.
 1 SYSTEMPATH\Database\MySQLi\Connection.php(300): mysqli->query('SELECT *
FROM `payments`
WHERE `plan_id` = 3
AND `payment_method` = \'cash\'
AND `status` = \'pending\'
AND `official_receipt_number` = \'1234567890\'', 0)
 2 SYSTEMPATH\Database\BaseConnection.php(910): CodeIgniter\Database\MySQLi\Connection->execute('SELECT *
FROM `payments`
WHERE `plan_id` = 3
AND `payment_method` = \'cash\'
AND `status` = \'pending\'
AND `official_receipt_number` = \'1234567890\'')
 3 SYSTEMPATH\Database\BaseConnection.php(827): CodeIgniter\Database\BaseConnection->simpleQuery('SELECT *
FROM `payments`
WHERE `plan_id` = 3
AND `payment_method` = \'cash\'
AND `status` = \'pending\'
AND `official_receipt_number` = \'1234567890\'')
 4 SYSTEMPATH\Database\BaseBuilder.php(1649): CodeIgniter\Database\BaseConnection->query('SELECT *
FROM `payments`
WHERE `plan_id` = :plan_id:
AND `payment_method` = :payment_method:
AND `status` = :status:
AND `official_receipt_number` = :official_receipt_number:', [...], false)
 5 APPPATH\Controllers\Client\ClientPaymentInitialController.php(183): CodeIgniter\Database\BaseBuilder->get()
 6 SYSTEMPATH\CodeIgniter.php(951): App\Controllers\Client\ClientPaymentInitialController->submitInitialPayment()
 7 SYSTEMPATH\CodeIgniter.php(497): CodeIgniter\CodeIgniter->runController(Object(App\Controllers\Client\ClientPaymentInitialController))
 8 SYSTEMPATH\CodeIgniter.php(340): CodeIgniter\CodeIgniter->handleRequest(null, Object(Config\Cache), false)
 9 SYSTEMPATH\Boot.php(417): CodeIgniter\CodeIgniter->run()
10 SYSTEMPATH\Boot.php(68): CodeIgniter\Boot::runCodeIgniter(Object(CodeIgniter\CodeIgniter))
11 FCPATH\index.php(59): CodeIgniter\Boot::bootWeb(Object(Config\Paths))
DEBUG - 2026-05-12 13:57:29 --> [CashPayment] No match found. All cash payments for plan 3: [{"payment_id":"4","plan_id":"3","amount":"240.00","payment_date":"2026-05-12","payment_method":"cash","reference_number":null,"received_by":"6","branch_id":"1","remarks":"Recorded at branch counter","status":"","created_at":"2026-05-12 12:24:46","updated_at":"2026-05-12 12:24:46"},{"payment_id":"5","plan_id":"3","amount":"240.00","payment_date":"2026-05-12","payment_method":"cash","reference_number":null,"received_by":"6","branch_id":"1","remarks":"Recorded at branch counter","status":"","created_at":"2026-05-12 12:34:44","updated_at":"2026-05-12 12:34:44"},{"payment_id":"6","plan_id":"3","amount":"240.00","payment_date":"2026-05-12","payment_method":"cash","reference_number":null,"received_by":"6","branch_id":"1","remarks":"Recorded at branch counter","status":"","created_at":"2026-05-12 12:36:02","updated_at":"2026-05-12 12:36:02"},{"payment_id":"7","plan_id":"3","amount":"240.00","payment_date":"2026-05-12","payment_method":"cash","reference_number":null,"received_by":"6","branch_id":"1","remarks":"Recorded at branch counter","status":"","created_at":"2026-05-12 21:28:08","updated_at":"2026-05-12 21:28:08"},{"payment_id":"8","plan_id":"3","amount":"240.00","payment_date":"2026-05-12","payment_method":"cash","reference_number":null,"received_by":"6","branch_id":"1","remarks":"Recorded at branch counter","status":"","created_at":"2026-05-12 21:37:40","updated_at":"2026-05-12 21:37:40"}]
DEBUG - 2026-05-12 13:57:29 --> Session: Class initialized using 'CodeIgniter\Session\Handlers\FileHandler' driver.
DEBUG - 2026-05-12 13:57:47 --> Session: Class initialized using 'CodeIgniter\Session\Handlers\FileHandler' driver.
DEBUG - 2026-05-12 14:01:23 --> Session: Class initialized using 'CodeIgniter\Session\Handlers\FileHandler' driver.
DEBUG - 2026-05-12 14:01:27 --> Session: Class initialized using 'CodeIgniter\Session\Handlers\FileHandler' driver.
DEBUG - 2026-05-12 14:01:43 --> Session: Class initialized using 'CodeIgniter\Session\Handlers\FileHandler' driver.
ERROR - 2026-05-12 14:01:44 --> Unknown column 'type' in 'field list'
in SYSTEMPATH\Database\MySQLi\Connection.php on line 300.
 1 SYSTEMPATH\Database\MySQLi\Connection.php(300): mysqli->query('INSERT INTO `notifications` (`user_id`, `message`, `type`, `status`, `created_at`) VALUES (15, \'Your registration has been approved. Your plan is now active.\', \'registration_pending\', \'unread\', \'2026-05-12 14:01:44\')', 0)
 2 SYSTEMPATH\Database\BaseConnection.php(910): CodeIgniter\Database\MySQLi\Connection->execute('INSERT INTO `notifications` (`user_id`, `message`, `type`, `status`, `created_at`) VALUES (15, \'Your registration has been approved. Your plan is now active.\', \'registration_pending\', \'unread\', \'2026-05-12 14:01:44\')')
 3 SYSTEMPATH\Database\BaseConnection.php(827): CodeIgniter\Database\BaseConnection->simpleQuery('INSERT INTO `notifications` (`user_id`, `message`, `type`, `status`, `created_at`) VALUES (15, \'Your registration has been approved. Your plan is now active.\', \'registration_pending\', \'unread\', \'2026-05-12 14:01:44\')')
 4 SYSTEMPATH\Database\BaseBuilder.php(2345): CodeIgniter\Database\BaseConnection->query('INSERT INTO `notifications` (`user_id`, `message`, `type`, `status`, `created_at`) VALUES (:user_id:, :message:, :type:, :status:, :created_at:)', [...], false)
 5 APPPATH\Services\NotificationService.php(35): CodeIgniter\Database\BaseBuilder->insert([...])
 6 APPPATH\Controllers\PaymentTracking.php(541): App\Services\NotificationService->notify(15, 'Your registration has been approved. Your plan is now active.', 'registration_pending')
 7 APPPATH\Controllers\PaymentTracking.php(207): App\Controllers\PaymentTracking->autoApprovePlanHolderFromInitialPayment([...], 1)
 8 SYSTEMPATH\CodeIgniter.php(951): App\Controllers\PaymentTracking->recordCash()
 9 SYSTEMPATH\CodeIgniter.php(497): CodeIgniter\CodeIgniter->runController(Object(App\Controllers\PaymentTracking))
10 SYSTEMPATH\CodeIgniter.php(340): CodeIgniter\CodeIgniter->handleRequest(null, Object(Config\Cache), false)
11 SYSTEMPATH\Boot.php(417): CodeIgniter\CodeIgniter->run()
12 SYSTEMPATH\Boot.php(68): CodeIgniter\Boot::runCodeIgniter(Object(CodeIgniter\CodeIgniter))
13 FCPATH\index.php(59): CodeIgniter\Boot::bootWeb(Object(Config\Paths))
ERROR - 2026-05-12 14:01:44 --> Table 'kaagapay_db.activity_logs' doesn't exist
in SYSTEMPATH\Database\MySQLi\Connection.php on line 300.
 1 SYSTEMPATH\Database\MySQLi\Connection.php(300): mysqli->query('INSERT INTO `activity_logs` (`user_id`, `action`, `module`, `target_id`, `description`, `old_values`, `new_values`, `ip_address`, `created_at`) VALUES (6, \'approved\', \'plan_holder\', 10, \'Auto-approved plan holder after initial payment verification\', \'{\\"status\\":\\"inactive\\"}\', \'{\\"status\\":\\"active\\"}\', \'::1\', \'2026-05-12 14:01:44\')', 0)
 2 SYSTEMPATH\Database\BaseConnection.php(910): CodeIgniter\Database\MySQLi\Connection->execute('INSERT INTO `activity_logs` (`user_id`, `action`, `module`, `target_id`, `description`, `old_values`, `new_values`, `ip_address`, `created_at`) VALUES (6, \'approved\', \'plan_holder\', 10, \'Auto-approved plan holder after initial payment verification\', \'{\\"status\\":\\"inactive\\"}\', \'{\\"status\\":\\"active\\"}\', \'::1\', \'2026-05-12 14:01:44\')')
 3 SYSTEMPATH\Database\BaseConnection.php(827): CodeIgniter\Database\BaseConnection->simpleQuery('INSERT INTO `activity_logs` (`user_id`, `action`, `module`, `target_id`, `description`, `old_values`, `new_values`, `ip_address`, `created_at`) VALUES (6, \'approved\', \'plan_holder\', 10, \'Auto-approved plan holder after initial payment verification\', \'{\\"status\\":\\"inactive\\"}\', \'{\\"status\\":\\"active\\"}\', \'::1\', \'2026-05-12 14:01:44\')')
 4 SYSTEMPATH\Database\BaseBuilder.php(2345): CodeIgniter\Database\BaseConnection->query('INSERT INTO `activity_logs` (`user_id`, `action`, `module`, `target_id`, `description`, `old_values`, `new_values`, `ip_address`, `created_at`) VALUES (:user_id:, :action:, :module:, :target_id:, :description:, :old_values:, :new_values:, :ip_address:, :created_at:)', [...], false)
 5 APPPATH\Services\ActivityLogService.php(73): CodeIgniter\Database\BaseBuilder->insert([...])
 6 APPPATH\Controllers\PaymentTracking.php(548): App\Services\ActivityLogService->log(6, 'approved', 'plan_holder', 10, 'Auto-approved plan holder after initial payment verification', [...], [...])
 7 APPPATH\Controllers\PaymentTracking.php(207): App\Controllers\PaymentTracking->autoApprovePlanHolderFromInitialPayment([...], 1)
 8 SYSTEMPATH\CodeIgniter.php(951): App\Controllers\PaymentTracking->recordCash()
 9 SYSTEMPATH\CodeIgniter.php(497): CodeIgniter\CodeIgniter->runController(Object(App\Controllers\PaymentTracking))
10 SYSTEMPATH\CodeIgniter.php(340): CodeIgniter\CodeIgniter->handleRequest(null, Object(Config\Cache), false)
11 SYSTEMPATH\Boot.php(417): CodeIgniter\CodeIgniter->run()
12 SYSTEMPATH\Boot.php(68): CodeIgniter\Boot::runCodeIgniter(Object(CodeIgniter\CodeIgniter))
13 FCPATH\index.php(59): CodeIgniter\Boot::bootWeb(Object(Config\Paths))
ERROR - 2026-05-12 14:01:44 --> Unknown column 'type' in 'field list'
in SYSTEMPATH\Database\MySQLi\Connection.php on line 300.
 1 SYSTEMPATH\Database\MySQLi\Connection.php(300): mysqli->query('INSERT INTO `notifications` (`user_id`, `message`, `type`, `status`, `created_at`) VALUES (15, \'Your advance payment covering 1 month has been approved.\', \'payment_approved\', \'unread\', \'2026-05-12 14:01:44\')', 0)
 2 SYSTEMPATH\Database\BaseConnection.php(910): CodeIgniter\Database\MySQLi\Connection->execute('INSERT INTO `notifications` (`user_id`, `message`, `type`, `status`, `created_at`) VALUES (15, \'Your advance payment covering 1 month has been approved.\', \'payment_approved\', \'unread\', \'2026-05-12 14:01:44\')')
 3 SYSTEMPATH\Database\BaseConnection.php(827): CodeIgniter\Database\BaseConnection->simpleQuery('INSERT INTO `notifications` (`user_id`, `message`, `type`, `status`, `created_at`) VALUES (15, \'Your advance payment covering 1 month has been approved.\', \'payment_approved\', \'unread\', \'2026-05-12 14:01:44\')')
 4 SYSTEMPATH\Database\BaseBuilder.php(2345): CodeIgniter\Database\BaseConnection->query('INSERT INTO `notifications` (`user_id`, `message`, `type`, `status`, `created_at`) VALUES (:user_id:, :message:, :type:, :status:, :created_at:)', [...], false)
 5 APPPATH\Services\NotificationService.php(35): CodeIgniter\Database\BaseBuilder->insert([...])
 6 APPPATH\Controllers\PaymentTracking.php(221): App\Services\NotificationService->notify(15, 'Your advance payment covering 1 month has been approved.', 'payment_approved')
 7 SYSTEMPATH\CodeIgniter.php(951): App\Controllers\PaymentTracking->recordCash()
 8 SYSTEMPATH\CodeIgniter.php(497): CodeIgniter\CodeIgniter->runController(Object(App\Controllers\PaymentTracking))
 9 SYSTEMPATH\CodeIgniter.php(340): CodeIgniter\CodeIgniter->handleRequest(null, Object(Config\Cache), false)
10 SYSTEMPATH\Boot.php(417): CodeIgniter\CodeIgniter->run()
11 SYSTEMPATH\Boot.php(68): CodeIgniter\Boot::runCodeIgniter(Object(CodeIgniter\CodeIgniter))
12 FCPATH\index.php(59): CodeIgniter\Boot::bootWeb(Object(Config\Paths))
ERROR - 2026-05-12 14:01:44 --> NotificationService::notify - Unknown column 'type' in 'field list'
ERROR - 2026-05-12 14:01:44 --> Table 'kaagapay_db.activity_logs' doesn't exist
in SYSTEMPATH\Database\MySQLi\Connection.php on line 300.
 1 SYSTEMPATH\Database\MySQLi\Connection.php(300): mysqli->query('INSERT INTO `activity_logs` (`user_id`, `action`, `module`, `target_id`, `description`, `old_values`, `new_values`, `ip_address`, `created_at`) VALUES (6, \'created\', \'payment\', 9, \'Recorded cash payment for plan #3\', NULL, \'{\\"plan_id\\":3,\\"amount\\":240,\\"payment_method\\":\\"cash\\",\\"status\\":\\"verified\\"}\', \'::1\', \'2026-05-12 14:01:44\')', 0)
 2 SYSTEMPATH\Database\BaseConnection.php(910): CodeIgniter\Database\MySQLi\Connection->execute('INSERT INTO `activity_logs` (`user_id`, `action`, `module`, `target_id`, `description`, `old_values`, `new_values`, `ip_address`, `created_at`) VALUES (6, \'created\', \'payment\', 9, \'Recorded cash payment for plan #3\', NULL, \'{\\"plan_id\\":3,\\"amount\\":240,\\"payment_method\\":\\"cash\\",\\"status\\":\\"verified\\"}\', \'::1\', \'2026-05-12 14:01:44\')')
 3 SYSTEMPATH\Database\BaseConnection.php(827): CodeIgniter\Database\BaseConnection->simpleQuery('INSERT INTO `activity_logs` (`user_id`, `action`, `module`, `target_id`, `description`, `old_values`, `new_values`, `ip_address`, `created_at`) VALUES (6, \'created\', \'payment\', 9, \'Recorded cash payment for plan #3\', NULL, \'{\\"plan_id\\":3,\\"amount\\":240,\\"payment_method\\":\\"cash\\",\\"status\\":\\"verified\\"}\', \'::1\', \'2026-05-12 14:01:44\')')
 4 SYSTEMPATH\Database\BaseBuilder.php(2345): CodeIgniter\Database\BaseConnection->query('INSERT INTO `activity_logs` (`user_id`, `action`, `module`, `target_id`, `description`, `old_values`, `new_values`, `ip_address`, `created_at`) VALUES (:user_id:, :action:, :module:, :target_id:, :description:, :old_values:, :new_values:, :ip_address:, :created_at:)', [...], false)
 5 APPPATH\Services\ActivityLogService.php(73): CodeIgniter\Database\BaseBuilder->insert([...])
 6 APPPATH\Controllers\PaymentTracking.php(227): App\Services\ActivityLogService->log(6, 'created', 'payment', 9, 'Recorded cash payment for plan #3', null, [...])
 7 SYSTEMPATH\CodeIgniter.php(951): App\Controllers\PaymentTracking->recordCash()
 8 SYSTEMPATH\CodeIgniter.php(497): CodeIgniter\CodeIgniter->runController(Object(App\Controllers\PaymentTracking))
 9 SYSTEMPATH\CodeIgniter.php(340): CodeIgniter\CodeIgniter->handleRequest(null, Object(Config\Cache), false)
10 SYSTEMPATH\Boot.php(417): CodeIgniter\CodeIgniter->run()
11 SYSTEMPATH\Boot.php(68): CodeIgniter\Boot::runCodeIgniter(Object(CodeIgniter\CodeIgniter))
12 FCPATH\index.php(59): CodeIgniter\Boot::bootWeb(Object(Config\Paths))
ERROR - 2026-05-12 14:01:44 --> ActivityLogService::log - Table 'kaagapay_db.activity_logs' doesn't exist
DEBUG - 2026-05-12 14:01:45 --> Session: Class initialized using 'CodeIgniter\Session\Handlers\FileHandler' driver.
DEBUG - 2026-05-12 14:01:53 --> Session: Class initialized using 'CodeIgniter\Session\Handlers\FileHandler' driver.
DEBUG - 2026-05-12 14:02:00 --> Session: Class initialized using 'CodeIgniter\Session\Handlers\FileHandler' driver.
DEBUG - 2026-05-12 14:02:00 --> [CashPayment] Client entered receipt: "0987654321" for plan_id: 3
DEBUG - 2026-05-12 14:02:00 --> [CashPayment] Plan details: {"plan_id":"3","plan_holder_id":"10","package_id":"1","monthly_fee":"240.00","passbook_fee":"50.00","start_date":"2026-05-12","status":"inactive","months_paid":"0","remaining_balance":"2880.00","version_id":"1"}
DEBUG - 2026-05-12 14:02:00 --> [CashPayment] All cash payments for plan 3: [{"payment_id":"4","plan_id":"3","amount":"240.00","payment_date":"2026-05-12","payment_method":"cash","reference_number":null,"received_by":"6","branch_id":"1","remarks":"Recorded at branch counter","status":"","created_at":"2026-05-12 12:24:46","updated_at":"2026-05-12 12:24:46"},{"payment_id":"5","plan_id":"3","amount":"240.00","payment_date":"2026-05-12","payment_method":"cash","reference_number":null,"received_by":"6","branch_id":"1","remarks":"Recorded at branch counter","status":"","created_at":"2026-05-12 12:34:44","updated_at":"2026-05-12 12:34:44"},{"payment_id":"6","plan_id":"3","amount":"240.00","payment_date":"2026-05-12","payment_method":"cash","reference_number":null,"received_by":"6","branch_id":"1","remarks":"Recorded at branch counter","status":"","created_at":"2026-05-12 12:36:02","updated_at":"2026-05-12 12:36:02"},{"payment_id":"7","plan_id":"3","amount":"240.00","payment_date":"2026-05-12","payment_method":"cash","reference_number":null,"received_by":"6","branch_id":"1","remarks":"Recorded at branch counter","status":"","created_at":"2026-05-12 21:28:08","updated_at":"2026-05-12 21:28:08"},{"payment_id":"8","plan_id":"3","amount":"240.00","payment_date":"2026-05-12","payment_method":"cash","reference_number":null,"received_by":"6","branch_id":"1","remarks":"Recorded at branch counter","status":"","created_at":"2026-05-12 21:37:40","updated_at":"2026-05-12 21:37:40"},{"payment_id":"9","plan_id":"3","amount":"240.00","payment_date":"2026-05-12","payment_method":"cash","reference_number":null,"received_by":"6","branch_id":"1","remarks":"Recorded at branch counter","status":"","created_at":"2026-05-12 22:01:44","updated_at":"2026-05-12 22:01:44"}]
ERROR - 2026-05-12 14:02:00 --> Unknown column 'official_receipt_number' in 'where clause'
in SYSTEMPATH\Database\MySQLi\Connection.php on line 300.
 1 SYSTEMPATH\Database\MySQLi\Connection.php(300): mysqli->query('SELECT *
FROM `payments`
WHERE `plan_id` = 3
AND `payment_method` = \'cash\'
AND `status` = \'pending\'
AND `official_receipt_number` = \'0987654321\'', 0)
 2 SYSTEMPATH\Database\BaseConnection.php(910): CodeIgniter\Database\MySQLi\Connection->execute('SELECT *
FROM `payments`
WHERE `plan_id` = 3
AND `payment_method` = \'cash\'
AND `status` = \'pending\'
AND `official_receipt_number` = \'0987654321\'')
 3 SYSTEMPATH\Database\BaseConnection.php(827): CodeIgniter\Database\BaseConnection->simpleQuery('SELECT *
FROM `payments`
WHERE `plan_id` = 3
AND `payment_method` = \'cash\'
AND `status` = \'pending\'
AND `official_receipt_number` = \'0987654321\'')
 4 SYSTEMPATH\Database\BaseBuilder.php(1649): CodeIgniter\Database\BaseConnection->query('SELECT *
FROM `payments`
WHERE `plan_id` = :plan_id:
AND `payment_method` = :payment_method:
AND `status` = :status:
AND `official_receipt_number` = :official_receipt_number:', [...], false)
 5 APPPATH\Controllers\Client\ClientPaymentInitialController.php(193): CodeIgniter\Database\BaseBuilder->get()
 6 SYSTEMPATH\CodeIgniter.php(951): App\Controllers\Client\ClientPaymentInitialController->submitInitialPayment()
 7 SYSTEMPATH\CodeIgniter.php(497): CodeIgniter\CodeIgniter->runController(Object(App\Controllers\Client\ClientPaymentInitialController))
 8 SYSTEMPATH\CodeIgniter.php(340): CodeIgniter\CodeIgniter->handleRequest(null, Object(Config\Cache), false)
 9 SYSTEMPATH\Boot.php(417): CodeIgniter\CodeIgniter->run()
10 SYSTEMPATH\Boot.php(68): CodeIgniter\Boot::runCodeIgniter(Object(CodeIgniter\CodeIgniter))
11 FCPATH\index.php(59): CodeIgniter\Boot::bootWeb(Object(Config\Paths))
DEBUG - 2026-05-12 14:02:00 --> [CashPayment] Searched official_receipt_number="0987654321", found: null
DEBUG - 2026-05-12 14:02:00 --> [CashPayment] Searched reference_number="0987654321", found: null
DEBUG - 2026-05-12 14:02:00 --> [CashPayment] No match found. All cash payments for plan 3: [{"payment_id":"4","plan_id":"3","amount":"240.00","payment_date":"2026-05-12","payment_method":"cash","reference_number":null,"received_by":"6","branch_id":"1","remarks":"Recorded at branch counter","status":"","created_at":"2026-05-12 12:24:46","updated_at":"2026-05-12 12:24:46"},{"payment_id":"5","plan_id":"3","amount":"240.00","payment_date":"2026-05-12","payment_method":"cash","reference_number":null,"received_by":"6","branch_id":"1","remarks":"Recorded at branch counter","status":"","created_at":"2026-05-12 12:34:44","updated_at":"2026-05-12 12:34:44"},{"payment_id":"6","plan_id":"3","amount":"240.00","payment_date":"2026-05-12","payment_method":"cash","reference_number":null,"received_by":"6","branch_id":"1","remarks":"Recorded at branch counter","status":"","created_at":"2026-05-12 12:36:02","updated_at":"2026-05-12 12:36:02"},{"payment_id":"7","plan_id":"3","amount":"240.00","payment_date":"2026-05-12","payment_method":"cash","reference_number":null,"received_by":"6","branch_id":"1","remarks":"Recorded at branch counter","status":"","created_at":"2026-05-12 21:28:08","updated_at":"2026-05-12 21:28:08"},{"payment_id":"8","plan_id":"3","amount":"240.00","payment_date":"2026-05-12","payment_method":"cash","reference_number":null,"received_by":"6","branch_id":"1","remarks":"Recorded at branch counter","status":"","created_at":"2026-05-12 21:37:40","updated_at":"2026-05-12 21:37:40"},{"payment_id":"9","plan_id":"3","amount":"240.00","payment_date":"2026-05-12","payment_method":"cash","reference_number":null,"received_by":"6","branch_id":"1","remarks":"Recorded at branch counter","status":"","created_at":"2026-05-12 22:01:44","updated_at":"2026-05-12 22:01:44"}]
DEBUG - 2026-05-12 14:02:01 --> Session: Class initialized using 'CodeIgniter\Session\Handlers\FileHandler' driver.
ERROR - 2026-05-12 14:05:11 --> Can't create table `kaagapay_db`.`package_services` (errno: 150 "Foreign key constraint is incorrectly formed")
in SYSTEMPATH\Database\MySQLi\Connection.php on line 300.
 1 SYSTEMPATH\Database\MySQLi\Connection.php(300): mysqli->query('CREATE TABLE `package_services` (
	`id` INT(11) UNSIGNED NOT NULL AUTO_INCREMENT,
	`package_id` INT(11) UNSIGNED NOT NULL,
	`service_list_id` INT(11) UNSIGNED NOT NULL,
	CONSTRAINT `pk_package_services` PRIMARY KEY(`id`),
	CONSTRAINT `package_services_package_id_foreign` FOREIGN KEY (`package_id`) REFERENCES `packages`(`package_id`) ON DELETE CASCADE ON UPDATE CASCADE,
	CONSTRAINT `package_services_service_list_id_foreign` FOREIGN KEY (`service_list_id`) REFERENCES `service_list`(`service_list_id`) ON DELETE CASCADE ON UPDATE CASCADE,
	KEY `package_id` (`package_id`),
	KEY `service_list_id` (`service_list_id`)
) DEFAULT CHARACTER SET = utf8mb4 COLLATE = utf8mb4_general_ci', 0)
 2 SYSTEMPATH\Database\BaseConnection.php(910): CodeIgniter\Database\MySQLi\Connection->execute('CREATE TABLE `package_services` (
	`id` INT(11) UNSIGNED NOT NULL AUTO_INCREMENT,
	`package_id` INT(11) UNSIGNED NOT NULL,
	`service_list_id` INT(11) UNSIGNED NOT NULL,
	CONSTRAINT `pk_package_services` PRIMARY KEY(`id`),
	CONSTRAINT `package_services_package_id_foreign` FOREIGN KEY (`package_id`) REFERENCES `packages`(`package_id`) ON DELETE CASCADE ON UPDATE CASCADE,
	CONSTRAINT `package_services_service_list_id_foreign` FOREIGN KEY (`service_list_id`) REFERENCES `service_list`(`service_list_id`) ON DELETE CASCADE ON UPDATE CASCADE,
	KEY `package_id` (`package_id`),
	KEY `service_list_id` (`service_list_id`)
) DEFAULT CHARACTER SET = utf8mb4 COLLATE = utf8mb4_general_ci')
 3 SYSTEMPATH\Database\BaseConnection.php(827): CodeIgniter\Database\BaseConnection->simpleQuery('CREATE TABLE `package_services` (
	`id` INT(11) UNSIGNED NOT NULL AUTO_INCREMENT,
	`package_id` INT(11) UNSIGNED NOT NULL,
	`service_list_id` INT(11) UNSIGNED NOT NULL,
	CONSTRAINT `pk_package_services` PRIMARY KEY(`id`),
	CONSTRAINT `package_services_package_id_foreign` FOREIGN KEY (`package_id`) REFERENCES `packages`(`package_id`) ON DELETE CASCADE ON UPDATE CASCADE,
	CONSTRAINT `package_services_service_list_id_foreign` FOREIGN KEY (`service_list_id`) REFERENCES `service_list`(`service_list_id`) ON DELETE CASCADE ON UPDATE CASCADE,
	KEY `package_id` (`package_id`),
	KEY `service_list_id` (`service_list_id`)
) DEFAULT CHARACTER SET = utf8mb4 COLLATE = utf8mb4_general_ci')
 4 SYSTEMPATH\Database\Forge.php(570): CodeIgniter\Database\BaseConnection->query('CREATE TABLE `package_services` (
	`id` INT(11) UNSIGNED NOT NULL AUTO_INCREMENT,
	`package_id` INT(11) UNSIGNED NOT NULL,
	`service_list_id` INT(11) UNSIGNED NOT NULL,
	CONSTRAINT `pk_package_services` PRIMARY KEY(`id`),
	CONSTRAINT `package_services_package_id_foreign` FOREIGN KEY (`package_id`) REFERENCES `packages`(`package_id`) ON DELETE CASCADE ON UPDATE CASCADE,
	CONSTRAINT `package_services_service_list_id_foreign` FOREIGN KEY (`service_list_id`) REFERENCES `service_list`(`service_list_id`) ON DELETE CASCADE ON UPDATE CASCADE,
	KEY `package_id` (`package_id`),
	KEY `service_list_id` (`service_list_id`)
) DEFAULT CHARACTER SET = utf8mb4 COLLATE = utf8mb4_general_ci')
 5 APPPATH\Database\Migrations\2026-04-17-120000_CreatePackageServicesTable.php(35): CodeIgniter\Database\Forge->createTable('package_services', true)
 6 SYSTEMPATH\Database\MigrationRunner.php(1014): App\Database\Migrations\CreatePackageServicesTable->up()
 7 SYSTEMPATH\Database\MigrationRunner.php(202): CodeIgniter\Database\MigrationRunner->migrate('up', Object(stdClass))
 8 SYSTEMPATH\Commands\Database\Migrate.php(89): CodeIgniter\Database\MigrationRunner->latest(null)
 9 SYSTEMPATH\CLI\SignalTrait.php(245): CodeIgniter\Commands\Database\Migrate::CodeIgniter\Commands\Database\{closure}()
10 SYSTEMPATH\Commands\Database\Migrate.php(88): CodeIgniter\Commands\Database\Migrate->withSignalsBlocked(Object(Closure))
11 SYSTEMPATH\CLI\Commands.php(74): CodeIgniter\Commands\Database\Migrate->run([])
12 SYSTEMPATH\CLI\Console.php(47): CodeIgniter\CLI\Commands->run('migrate', [])
13 SYSTEMPATH\Boot.php(442): CodeIgniter\CLI\Console->run()
14 SYSTEMPATH\Boot.php(166): CodeIgniter\Boot::runCommand(Object(CodeIgniter\CLI\Console))
15 ROOTPATH\spark(87): CodeIgniter\Boot::bootSpark(Object(Config\Paths))
DEBUG - 2026-05-12 14:20:03 --> Session: Class initialized using 'CodeIgniter\Session\Handlers\FileHandler' driver.
DEBUG - 2026-05-12 14:20:11 --> Session: Class initialized using 'CodeIgniter\Session\Handlers\FileHandler' driver.
DEBUG - 2026-05-12 14:20:11 --> [CashPayment] Client entered receipt: "0987654321" for plan_id: 3
DEBUG - 2026-05-12 14:20:11 --> [CashPayment] Plan details: {"plan_id":"3","plan_holder_id":"10","package_id":"1","monthly_fee":"240.00","passbook_fee":"50.00","start_date":"2026-05-12","status":"inactive","months_paid":"0","remaining_balance":"2880.00","version_id":"1"}
DEBUG - 2026-05-12 14:20:11 --> [CashPayment] All cash payments for plan 3: [{"payment_id":"4","plan_id":"3","amount":"240.00","payment_date":"2026-05-12","payment_method":"cash","reference_number":null,"official_receipt_number":null,"received_by":"6","branch_id":"1","remarks":"Recorded at branch counter","status":"","created_at":"2026-05-12 12:24:46","updated_at":"2026-05-12 12:24:46","months_covered":"1","proof_image":null,"verified_at":null,"verified_by":null},{"payment_id":"5","plan_id":"3","amount":"240.00","payment_date":"2026-05-12","payment_method":"cash","reference_number":null,"official_receipt_number":null,"received_by":"6","branch_id":"1","remarks":"Recorded at branch counter","status":"","created_at":"2026-05-12 12:34:44","updated_at":"2026-05-12 12:34:44","months_covered":"1","proof_image":null,"verified_at":null,"verified_by":null},{"payment_id":"6","plan_id":"3","amount":"240.00","payment_date":"2026-05-12","payment_method":"cash","reference_number":null,"official_receipt_number":null,"received_by":"6","branch_id":"1","remarks":"Recorded at branch counter","status":"","created_at":"2026-05-12 12:36:02","updated_at":"2026-05-12 12:36:02","months_covered":"1","proof_image":null,"verified_at":null,"verified_by":null},{"payment_id":"7","plan_id":"3","amount":"240.00","payment_date":"2026-05-12","payment_method":"cash","reference_number":null,"official_receipt_number":null,"received_by":"6","branch_id":"1","remarks":"Recorded at branch counter","status":"","created_at":"2026-05-12 21:28:08","updated_at":"2026-05-12 21:28:08","months_covered":"1","proof_image":null,"verified_at":null,"verified_by":null},{"payment_id":"8","plan_id":"3","amount":"240.00","payment_date":"2026-05-12","payment_method":"cash","reference_number":null,"official_receipt_number":null,"received_by":"6","branch_id":"1","remarks":"Recorded at branch counter","status":"","created_at":"2026-05-12 21:37:40","updated_at":"2026-05-12 21:37:40","months_covered":"1","proof_image":null,"verified_at":null,"verified_by":null},{"payment_id":"9","plan_id":"3","amount":"240.00","payment_date":"2026-05-12","payment_method":"cash","reference_number":null,"official_receipt_number":null,"received_by":"6","branch_id":"1","remarks":"Recorded at branch counter","status":"","created_at":"2026-05-12 22:01:44","updated_at":"2026-05-12 22:01:44","months_covered":"1","proof_image":null,"verified_at":null,"verified_by":null}]
DEBUG - 2026-05-12 14:20:11 --> [CashPayment] Searched official_receipt_number="0987654321", found: null
DEBUG - 2026-05-12 14:20:11 --> [CashPayment] Searched reference_number="0987654321", found: null
DEBUG - 2026-05-12 14:20:11 --> [CashPayment] No match found. All cash payments for plan 3: [{"payment_id":"4","plan_id":"3","amount":"240.00","payment_date":"2026-05-12","payment_method":"cash","reference_number":null,"official_receipt_number":null,"received_by":"6","branch_id":"1","remarks":"Recorded at branch counter","status":"","created_at":"2026-05-12 12:24:46","updated_at":"2026-05-12 12:24:46","months_covered":"1","proof_image":null,"verified_at":null,"verified_by":null},{"payment_id":"5","plan_id":"3","amount":"240.00","payment_date":"2026-05-12","payment_method":"cash","reference_number":null,"official_receipt_number":null,"received_by":"6","branch_id":"1","remarks":"Recorded at branch counter","status":"","created_at":"2026-05-12 12:34:44","updated_at":"2026-05-12 12:34:44","months_covered":"1","proof_image":null,"verified_at":null,"verified_by":null},{"payment_id":"6","plan_id":"3","amount":"240.00","payment_date":"2026-05-12","payment_method":"cash","reference_number":null,"official_receipt_number":null,"received_by":"6","branch_id":"1","remarks":"Recorded at branch counter","status":"","created_at":"2026-05-12 12:36:02","updated_at":"2026-05-12 12:36:02","months_covered":"1","proof_image":null,"verified_at":null,"verified_by":null},{"payment_id":"7","plan_id":"3","amount":"240.00","payment_date":"2026-05-12","payment_method":"cash","reference_number":null,"official_receipt_number":null,"received_by":"6","branch_id":"1","remarks":"Recorded at branch counter","status":"","created_at":"2026-05-12 21:28:08","updated_at":"2026-05-12 21:28:08","months_covered":"1","proof_image":null,"verified_at":null,"verified_by":null},{"payment_id":"8","plan_id":"3","amount":"240.00","payment_date":"2026-05-12","payment_method":"cash","reference_number":null,"official_receipt_number":null,"received_by":"6","branch_id":"1","remarks":"Recorded at branch counter","status":"","created_at":"2026-05-12 21:37:40","updated_at":"2026-05-12 21:37:40","months_covered":"1","proof_image":null,"verified_at":null,"verified_by":null},{"payment_id":"9","plan_id":"3","amount":"240.00","payment_date":"2026-05-12","payment_method":"cash","reference_number":null,"official_receipt_number":null,"received_by":"6","branch_id":"1","remarks":"Recorded at branch counter","status":"","created_at":"2026-05-12 22:01:44","updated_at":"2026-05-12 22:01:44","months_covered":"1","proof_image":null,"verified_at":null,"verified_by":null}]
DEBUG - 2026-05-12 14:20:12 --> Session: Class initialized using 'CodeIgniter\Session\Handlers\FileHandler' driver.
DEBUG - 2026-05-12 14:54:24 --> Session: Class initialized using 'CodeIgniter\Session\Handlers\FileHandler' driver.
DEBUG - 2026-05-12 14:54:31 --> Session: Class initialized using 'CodeIgniter\Session\Handlers\FileHandler' driver.
DEBUG - 2026-05-12 14:54:31 --> [CashPayment] Client entered receipt: "0987654321" for plan_id: 3
DEBUG - 2026-05-12 14:54:31 --> [CashPayment] Plan details: {"plan_id":"3","plan_holder_id":"10","package_id":"1","monthly_fee":"240.00","passbook_fee":"50.00","start_date":"2026-05-12","status":"inactive","months_paid":"0","remaining_balance":"2880.00","version_id":"1"}
DEBUG - 2026-05-12 14:54:31 --> [CashPayment] All cash payments for plan 3: [{"payment_id":"4","plan_id":"3","amount":"240.00","payment_date":"2026-05-12","payment_method":"cash","reference_number":null,"official_receipt_number":null,"status":"","remarks":"Recorded at branch counter"},{"payment_id":"5","plan_id":"3","amount":"240.00","payment_date":"2026-05-12","payment_method":"cash","reference_number":null,"official_receipt_number":null,"status":"","remarks":"Recorded at branch counter"},{"payment_id":"6","plan_id":"3","amount":"240.00","payment_date":"2026-05-12","payment_method":"cash","reference_number":null,"official_receipt_number":null,"status":"","remarks":"Recorded at branch counter"},{"payment_id":"7","plan_id":"3","amount":"240.00","payment_date":"2026-05-12","payment_method":"cash","reference_number":null,"official_receipt_number":null,"status":"","remarks":"Recorded at branch counter"},{"payment_id":"8","plan_id":"3","amount":"240.00","payment_date":"2026-05-12","payment_method":"cash","reference_number":null,"official_receipt_number":null,"status":"","remarks":"Recorded at branch counter"},{"payment_id":"9","plan_id":"3","amount":"240.00","payment_date":"2026-05-12","payment_method":"cash","reference_number":null,"official_receipt_number":null,"status":"","remarks":"Recorded at branch counter"}]
DEBUG - 2026-05-12 14:54:31 --> Session: Class initialized using 'CodeIgniter\Session\Handlers\FileHandler' driver.
DEBUG - 2026-05-12 15:02:50 --> Session: Class initialized using 'CodeIgniter\Session\Handlers\FileHandler' driver.
DEBUG - 2026-05-12 15:02:59 --> Session: Class initialized using 'CodeIgniter\Session\Handlers\FileHandler' driver.
DEBUG - 2026-05-12 15:03:03 --> Session: Class initialized using 'CodeIgniter\Session\Handlers\FileHandler' driver.
DEBUG - 2026-05-12 15:03:37 --> Session: Class initialized using 'CodeIgniter\Session\Handlers\FileHandler' driver.
ERROR - 2026-05-12 15:03:37 --> Unknown column 'type' in 'field list'
in SYSTEMPATH\Database\MySQLi\Connection.php on line 300.
 1 SYSTEMPATH\Database\MySQLi\Connection.php(300): mysqli->query('INSERT INTO `notifications` (`user_id`, `message`, `type`, `status`, `created_at`) VALUES (15, \'Your registration has been approved. Your plan is now active.\', \'registration_pending\', \'unread\', \'2026-05-12 15:03:37\')', 0)
 2 SYSTEMPATH\Database\BaseConnection.php(910): CodeIgniter\Database\MySQLi\Connection->execute('INSERT INTO `notifications` (`user_id`, `message`, `type`, `status`, `created_at`) VALUES (15, \'Your registration has been approved. Your plan is now active.\', \'registration_pending\', \'unread\', \'2026-05-12 15:03:37\')')
 3 SYSTEMPATH\Database\BaseConnection.php(827): CodeIgniter\Database\BaseConnection->simpleQuery('INSERT INTO `notifications` (`user_id`, `message`, `type`, `status`, `created_at`) VALUES (15, \'Your registration has been approved. Your plan is now active.\', \'registration_pending\', \'unread\', \'2026-05-12 15:03:37\')')
 4 SYSTEMPATH\Database\BaseBuilder.php(2345): CodeIgniter\Database\BaseConnection->query('INSERT INTO `notifications` (`user_id`, `message`, `type`, `status`, `created_at`) VALUES (:user_id:, :message:, :type:, :status:, :created_at:)', [...], false)
 5 APPPATH\Services\NotificationService.php(35): CodeIgniter\Database\BaseBuilder->insert([...])
 6 APPPATH\Controllers\PaymentTracking.php(542): App\Services\NotificationService->notify(15, 'Your registration has been approved. Your plan is now active.', 'registration_pending')
 7 APPPATH\Controllers\PaymentTracking.php(208): App\Controllers\PaymentTracking->autoApprovePlanHolderFromInitialPayment([...], 1)
 8 SYSTEMPATH\CodeIgniter.php(951): App\Controllers\PaymentTracking->recordCash()
 9 SYSTEMPATH\CodeIgniter.php(497): CodeIgniter\CodeIgniter->runController(Object(App\Controllers\PaymentTracking))
10 SYSTEMPATH\CodeIgniter.php(340): CodeIgniter\CodeIgniter->handleRequest(null, Object(Config\Cache), false)
11 SYSTEMPATH\Boot.php(417): CodeIgniter\CodeIgniter->run()
12 SYSTEMPATH\Boot.php(68): CodeIgniter\Boot::runCodeIgniter(Object(CodeIgniter\CodeIgniter))
13 FCPATH\index.php(59): CodeIgniter\Boot::bootWeb(Object(Config\Paths))
ERROR - 2026-05-12 15:03:37 --> Table 'kaagapay_db.activity_logs' doesn't exist
in SYSTEMPATH\Database\MySQLi\Connection.php on line 300.
 1 SYSTEMPATH\Database\MySQLi\Connection.php(300): mysqli->query('INSERT INTO `activity_logs` (`user_id`, `action`, `module`, `target_id`, `description`, `old_values`, `new_values`, `ip_address`, `created_at`) VALUES (6, \'approved\', \'plan_holder\', 10, \'Auto-approved plan holder after initial payment verification\', \'{\\"status\\":\\"inactive\\"}\', \'{\\"status\\":\\"active\\"}\', \'::1\', \'2026-05-12 15:03:37\')', 0)
 2 SYSTEMPATH\Database\BaseConnection.php(910): CodeIgniter\Database\MySQLi\Connection->execute('INSERT INTO `activity_logs` (`user_id`, `action`, `module`, `target_id`, `description`, `old_values`, `new_values`, `ip_address`, `created_at`) VALUES (6, \'approved\', \'plan_holder\', 10, \'Auto-approved plan holder after initial payment verification\', \'{\\"status\\":\\"inactive\\"}\', \'{\\"status\\":\\"active\\"}\', \'::1\', \'2026-05-12 15:03:37\')')
 3 SYSTEMPATH\Database\BaseConnection.php(827): CodeIgniter\Database\BaseConnection->simpleQuery('INSERT INTO `activity_logs` (`user_id`, `action`, `module`, `target_id`, `description`, `old_values`, `new_values`, `ip_address`, `created_at`) VALUES (6, \'approved\', \'plan_holder\', 10, \'Auto-approved plan holder after initial payment verification\', \'{\\"status\\":\\"inactive\\"}\', \'{\\"status\\":\\"active\\"}\', \'::1\', \'2026-05-12 15:03:37\')')
 4 SYSTEMPATH\Database\BaseBuilder.php(2345): CodeIgniter\Database\BaseConnection->query('INSERT INTO `activity_logs` (`user_id`, `action`, `module`, `target_id`, `description`, `old_values`, `new_values`, `ip_address`, `created_at`) VALUES (:user_id:, :action:, :module:, :target_id:, :description:, :old_values:, :new_values:, :ip_address:, :created_at:)', [...], false)
 5 APPPATH\Services\ActivityLogService.php(73): CodeIgniter\Database\BaseBuilder->insert([...])
 6 APPPATH\Controllers\PaymentTracking.php(549): App\Services\ActivityLogService->log(6, 'approved', 'plan_holder', 10, 'Auto-approved plan holder after initial payment verification', [...], [...])
 7 APPPATH\Controllers\PaymentTracking.php(208): App\Controllers\PaymentTracking->autoApprovePlanHolderFromInitialPayment([...], 1)
 8 SYSTEMPATH\CodeIgniter.php(951): App\Controllers\PaymentTracking->recordCash()
 9 SYSTEMPATH\CodeIgniter.php(497): CodeIgniter\CodeIgniter->runController(Object(App\Controllers\PaymentTracking))
10 SYSTEMPATH\CodeIgniter.php(340): CodeIgniter\CodeIgniter->handleRequest(null, Object(Config\Cache), false)
11 SYSTEMPATH\Boot.php(417): CodeIgniter\CodeIgniter->run()
12 SYSTEMPATH\Boot.php(68): CodeIgniter\Boot::runCodeIgniter(Object(CodeIgniter\CodeIgniter))
13 FCPATH\index.php(59): CodeIgniter\Boot::bootWeb(Object(Config\Paths))
ERROR - 2026-05-12 15:03:37 --> Unknown column 'type' in 'field list'
in SYSTEMPATH\Database\MySQLi\Connection.php on line 300.
 1 SYSTEMPATH\Database\MySQLi\Connection.php(300): mysqli->query('INSERT INTO `notifications` (`user_id`, `message`, `type`, `status`, `created_at`) VALUES (15, \'Your advance payment covering 1 month has been approved.\', \'payment_approved\', \'unread\', \'2026-05-12 15:03:37\')', 0)
 2 SYSTEMPATH\Database\BaseConnection.php(910): CodeIgniter\Database\MySQLi\Connection->execute('INSERT INTO `notifications` (`user_id`, `message`, `type`, `status`, `created_at`) VALUES (15, \'Your advance payment covering 1 month has been approved.\', \'payment_approved\', \'unread\', \'2026-05-12 15:03:37\')')
 3 SYSTEMPATH\Database\BaseConnection.php(827): CodeIgniter\Database\BaseConnection->simpleQuery('INSERT INTO `notifications` (`user_id`, `message`, `type`, `status`, `created_at`) VALUES (15, \'Your advance payment covering 1 month has been approved.\', \'payment_approved\', \'unread\', \'2026-05-12 15:03:37\')')
 4 SYSTEMPATH\Database\BaseBuilder.php(2345): CodeIgniter\Database\BaseConnection->query('INSERT INTO `notifications` (`user_id`, `message`, `type`, `status`, `created_at`) VALUES (:user_id:, :message:, :type:, :status:, :created_at:)', [...], false)
 5 APPPATH\Services\NotificationService.php(35): CodeIgniter\Database\BaseBuilder->insert([...])
 6 APPPATH\Controllers\PaymentTracking.php(222): App\Services\NotificationService->notify(15, 'Your advance payment covering 1 month has been approved.', 'payment_approved')
 7 SYSTEMPATH\CodeIgniter.php(951): App\Controllers\PaymentTracking->recordCash()
 8 SYSTEMPATH\CodeIgniter.php(497): CodeIgniter\CodeIgniter->runController(Object(App\Controllers\PaymentTracking))
 9 SYSTEMPATH\CodeIgniter.php(340): CodeIgniter\CodeIgniter->handleRequest(null, Object(Config\Cache), false)
10 SYSTEMPATH\Boot.php(417): CodeIgniter\CodeIgniter->run()
11 SYSTEMPATH\Boot.php(68): CodeIgniter\Boot::runCodeIgniter(Object(CodeIgniter\CodeIgniter))
12 FCPATH\index.php(59): CodeIgniter\Boot::bootWeb(Object(Config\Paths))
ERROR - 2026-05-12 15:03:37 --> NotificationService::notify - Unknown column 'type' in 'field list'
ERROR - 2026-05-12 15:03:37 --> Table 'kaagapay_db.activity_logs' doesn't exist
in SYSTEMPATH\Database\MySQLi\Connection.php on line 300.
 1 SYSTEMPATH\Database\MySQLi\Connection.php(300): mysqli->query('INSERT INTO `activity_logs` (`user_id`, `action`, `module`, `target_id`, `description`, `old_values`, `new_values`, `ip_address`, `created_at`) VALUES (6, \'created\', \'payment\', 10, \'Recorded cash payment for plan #3\', NULL, \'{\\"plan_id\\":3,\\"amount\\":240,\\"payment_method\\":\\"cash\\",\\"status\\":\\"paid\\"}\', \'::1\', \'2026-05-12 15:03:37\')', 0)
 2 SYSTEMPATH\Database\BaseConnection.php(910): CodeIgniter\Database\MySQLi\Connection->execute('INSERT INTO `activity_logs` (`user_id`, `action`, `module`, `target_id`, `description`, `old_values`, `new_values`, `ip_address`, `created_at`) VALUES (6, \'created\', \'payment\', 10, \'Recorded cash payment for plan #3\', NULL, \'{\\"plan_id\\":3,\\"amount\\":240,\\"payment_method\\":\\"cash\\",\\"status\\":\\"paid\\"}\', \'::1\', \'2026-05-12 15:03:37\')')
 3 SYSTEMPATH\Database\BaseConnection.php(827): CodeIgniter\Database\BaseConnection->simpleQuery('INSERT INTO `activity_logs` (`user_id`, `action`, `module`, `target_id`, `description`, `old_values`, `new_values`, `ip_address`, `created_at`) VALUES (6, \'created\', \'payment\', 10, \'Recorded cash payment for plan #3\', NULL, \'{\\"plan_id\\":3,\\"amount\\":240,\\"payment_method\\":\\"cash\\",\\"status\\":\\"paid\\"}\', \'::1\', \'2026-05-12 15:03:37\')')
 4 SYSTEMPATH\Database\BaseBuilder.php(2345): CodeIgniter\Database\BaseConnection->query('INSERT INTO `activity_logs` (`user_id`, `action`, `module`, `target_id`, `description`, `old_values`, `new_values`, `ip_address`, `created_at`) VALUES (:user_id:, :action:, :module:, :target_id:, :description:, :old_values:, :new_values:, :ip_address:, :created_at:)', [...], false)
 5 APPPATH\Services\ActivityLogService.php(73): CodeIgniter\Database\BaseBuilder->insert([...])
 6 APPPATH\Controllers\PaymentTracking.php(228): App\Services\ActivityLogService->log(6, 'created', 'payment', 10, 'Recorded cash payment for plan #3', null, [...])
 7 SYSTEMPATH\CodeIgniter.php(951): App\Controllers\PaymentTracking->recordCash()
 8 SYSTEMPATH\CodeIgniter.php(497): CodeIgniter\CodeIgniter->runController(Object(App\Controllers\PaymentTracking))
 9 SYSTEMPATH\CodeIgniter.php(340): CodeIgniter\CodeIgniter->handleRequest(null, Object(Config\Cache), false)
10 SYSTEMPATH\Boot.php(417): CodeIgniter\CodeIgniter->run()
11 SYSTEMPATH\Boot.php(68): CodeIgniter\Boot::runCodeIgniter(Object(CodeIgniter\CodeIgniter))
12 FCPATH\index.php(59): CodeIgniter\Boot::bootWeb(Object(Config\Paths))
ERROR - 2026-05-12 15:03:37 --> ActivityLogService::log - Table 'kaagapay_db.activity_logs' doesn't exist
DEBUG - 2026-05-12 15:03:37 --> Session: Class initialized using 'CodeIgniter\Session\Handlers\FileHandler' driver.
DEBUG - 2026-05-12 15:03:53 --> Session: Class initialized using 'CodeIgniter\Session\Handlers\FileHandler' driver.
DEBUG - 2026-05-12 15:03:53 --> [CashPayment] Client entered receipt: "246810" for plan_id: 3
DEBUG - 2026-05-12 15:03:53 --> [CashPayment] Plan details: {"plan_id":"3","plan_holder_id":"10","package_id":"1","monthly_fee":"240.00","passbook_fee":"50.00","start_date":"2026-05-12","status":"inactive","months_paid":"0","remaining_balance":"2880.00","version_id":"1"}
CRITICAL - 2026-05-12 15:03:53 --> Error: Call to undefined method CodeIgniter\Database\MySQLi\Result::get()
[Method: POST, Route: initial-payment]
in APPPATH\Controllers\Client\ClientPaymentInitialController.php on line 185.
 1 SYSTEMPATH\CodeIgniter.php(951): App\Controllers\Client\ClientPaymentInitialController->submitInitialPayment()
 2 SYSTEMPATH\CodeIgniter.php(497): CodeIgniter\CodeIgniter->runController(Object(App\Controllers\Client\ClientPaymentInitialController))
 3 SYSTEMPATH\CodeIgniter.php(340): CodeIgniter\CodeIgniter->handleRequest(null, Object(Config\Cache), false)
 4 SYSTEMPATH\Boot.php(417): CodeIgniter\CodeIgniter->run()
 5 SYSTEMPATH\Boot.php(68): CodeIgniter\Boot::runCodeIgniter(Object(CodeIgniter\CodeIgniter))
 6 FCPATH\index.php(59): CodeIgniter\Boot::bootWeb(Object(Config\Paths))
DEBUG - 2026-05-12 15:05:48 --> Session: Class initialized using 'CodeIgniter\Session\Handlers\FileHandler' driver.
DEBUG - 2026-05-12 15:05:48 --> [CashPayment] Client entered receipt: "246810" for plan_id: 3
DEBUG - 2026-05-12 15:05:48 --> [CashPayment] Plan details: {"plan_id":"3","plan_holder_id":"10","package_id":"1","monthly_fee":"240.00","passbook_fee":"50.00","start_date":"2026-05-12","status":"inactive","months_paid":"0","remaining_balance":"2880.00","version_id":"1"}
DEBUG - 2026-05-12 15:05:48 --> [CashPayment] Latest cash payment row for plan 3: {"payment_id":"10","plan_id":"3","amount":"240.00","payment_date":"2026-05-12","payment_method":"cash","reference_number":"246810","official_receipt_number":"246810","status":"paid","remarks":"Recorded at branch counter"}
ERROR - 2026-05-12 15:05:48 --> Unknown column 'membership_state' in 'field list'
in SYSTEMPATH\Database\MySQLi\Connection.php on line 300.
 1 SYSTEMPATH\Database\MySQLi\Connection.php(300): mysqli->query('UPDATE `plans` SET `status` = \'active\', `membership_state` = \'active\'
WHERE `plan_id` = 3', 0)
 2 SYSTEMPATH\Database\BaseConnection.php(910): CodeIgniter\Database\MySQLi\Connection->execute('UPDATE `plans` SET `status` = \'active\', `membership_state` = \'active\'
WHERE `plan_id` = 3')
 3 SYSTEMPATH\Database\BaseConnection.php(827): CodeIgniter\Database\BaseConnection->simpleQuery('UPDATE `plans` SET `status` = \'active\', `membership_state` = \'active\'
WHERE `plan_id` = 3')
 4 SYSTEMPATH\Database\BaseBuilder.php(2521): CodeIgniter\Database\BaseConnection->query('UPDATE `plans` SET `status` = :status:, `membership_state` = :membership_state:
WHERE `plan_id` = :plan_id:', [...], false)
 5 APPPATH\Controllers\Client\ClientPaymentInitialController.php(226): CodeIgniter\Database\BaseBuilder->update()
 6 SYSTEMPATH\CodeIgniter.php(951): App\Controllers\Client\ClientPaymentInitialController->submitInitialPayment()
 7 SYSTEMPATH\CodeIgniter.php(497): CodeIgniter\CodeIgniter->runController(Object(App\Controllers\Client\ClientPaymentInitialController))
 8 SYSTEMPATH\CodeIgniter.php(340): CodeIgniter\CodeIgniter->handleRequest(null, Object(Config\Cache), false)
 9 SYSTEMPATH\Boot.php(417): CodeIgniter\CodeIgniter->run()
10 SYSTEMPATH\Boot.php(68): CodeIgniter\Boot::runCodeIgniter(Object(CodeIgniter\CodeIgniter))
11 FCPATH\index.php(59): CodeIgniter\Boot::bootWeb(Object(Config\Paths))
ERROR - 2026-05-12 15:05:48 --> Unknown column 'type' in 'field list'
in SYSTEMPATH\Database\MySQLi\Connection.php on line 300.
 1 SYSTEMPATH\Database\MySQLi\Connection.php(300): mysqli->query('INSERT INTO `notifications` (`user_id`, `message`, `type`, `status`, `created_at`) VALUES (15, \'Initial payment of PHP 240.00 has been verified and approved!\', \'payment_approved\', \'unread\', \'2026-05-12 15:05:48\')', 0)
 2 SYSTEMPATH\Database\BaseConnection.php(910): CodeIgniter\Database\MySQLi\Connection->execute('INSERT INTO `notifications` (`user_id`, `message`, `type`, `status`, `created_at`) VALUES (15, \'Initial payment of PHP 240.00 has been verified and approved!\', \'payment_approved\', \'unread\', \'2026-05-12 15:05:48\')')
 3 SYSTEMPATH\Database\BaseConnection.php(827): CodeIgniter\Database\BaseConnection->simpleQuery('INSERT INTO `notifications` (`user_id`, `message`, `type`, `status`, `created_at`) VALUES (15, \'Initial payment of PHP 240.00 has been verified and approved!\', \'payment_approved\', \'unread\', \'2026-05-12 15:05:48\')')
 4 SYSTEMPATH\Database\BaseBuilder.php(2345): CodeIgniter\Database\BaseConnection->query('INSERT INTO `notifications` (`user_id`, `message`, `type`, `status`, `created_at`) VALUES (:user_id:, :message:, :type:, :status:, :created_at:)', [...], false)
 5 APPPATH\Services\NotificationService.php(35): CodeIgniter\Database\BaseBuilder->insert([...])
 6 APPPATH\Controllers\Client\ClientPaymentInitialController.php(231): App\Services\NotificationService->notify(15, 'Initial payment of PHP 240.00 has been verified and approved!', 'payment_approved')
 7 SYSTEMPATH\CodeIgniter.php(951): App\Controllers\Client\ClientPaymentInitialController->submitInitialPayment()
 8 SYSTEMPATH\CodeIgniter.php(497): CodeIgniter\CodeIgniter->runController(Object(App\Controllers\Client\ClientPaymentInitialController))
 9 SYSTEMPATH\CodeIgniter.php(340): CodeIgniter\CodeIgniter->handleRequest(null, Object(Config\Cache), false)
10 SYSTEMPATH\Boot.php(417): CodeIgniter\CodeIgniter->run()
11 SYSTEMPATH\Boot.php(68): CodeIgniter\Boot::runCodeIgniter(Object(CodeIgniter\CodeIgniter))
12 FCPATH\index.php(59): CodeIgniter\Boot::bootWeb(Object(Config\Paths))
ERROR - 2026-05-12 15:05:48 --> NotificationService::notify - Unknown column 'type' in 'field list'
DEBUG - 2026-05-12 15:05:49 --> Session: Class initialized using 'CodeIgniter\Session\Handlers\FileHandler' driver.
CRITICAL - 2026-05-12 15:05:50 --> ErrorException: Access level to App\Controllers\ClientPortal::nullablePost() must be protected (as in class App\Controllers\BaseController) or weaker
[Method: GET, Route: dashboard/plan-holder]
in APPPATH\Controllers\ClientPortal.php on line 1003.
 1 [internal function]: CodeIgniter\Debug\Exceptions->shutdownHandler()
DEBUG - 2026-05-12 15:23:13 --> Session: Class initialized using 'CodeIgniter\Session\Handlers\FileHandler' driver.
DEBUG - 2026-05-12 15:23:20 --> Session: Class initialized using 'CodeIgniter\Session\Handlers\FileHandler' driver.
DEBUG - 2026-05-12 15:23:22 --> Session: Class initialized using 'CodeIgniter\Session\Handlers\FileHandler' driver.
DEBUG - 2026-05-12 15:23:23 --> Session: Class initialized using 'CodeIgniter\Session\Handlers\FileHandler' driver.
DEBUG - 2026-05-12 15:23:35 --> Session: Class initialized using 'CodeIgniter\Session\Handlers\FileHandler' driver.
DEBUG - 2026-05-12 15:23:39 --> Session: Class initialized using 'CodeIgniter\Session\Handlers\FileHandler' driver.
DEBUG - 2026-05-12 15:23:42 --> Session: Class initialized using 'CodeIgniter\Session\Handlers\FileHandler' driver.
ERROR - 2026-05-12 15:23:42 --> Unknown column 'ph.id_control_no' in 'field list'
in SYSTEMPATH\Database\MySQLi\Connection.php on line 300.
 1 SYSTEMPATH\Database\MySQLi\Connection.php(300): mysqli->query('SELECT `ph`.`plan_holder_id`, `ph`.`user_id`, `ph`.`branch_id`, `ph`.`unique_identifier`, `ph`.`address_no`, `ph`.`address_street`, `ph`.`address_barangay`, `ph`.`address_city`, `ph`.`date_of_birth`, `ph`.`place_of_birth`, `ph`.`age`, `ph`.`gender`, `ph`.`civil_status`, `ph`.`citizenship`, `ph`.`height`, `ph`.`weight`, `ph`.`spouse_name`, `ph`.`spouse_birthdate`, `ph`.`spouse_occupation`, `ph`.`senior_citizen_id`, `ph`.`organization_affiliation`, `ph`.`id_control_no`, `ph`.`coordinator`, `ph`.`application_date`, `ph`.`emergency_contact_name`, `ph`.`emergency_contact_number`, `ph`.`emergency_contact_address`, `ph`.`status` AS `plan_holder_status`, `u`.`first_name`, `u`.`last_name`, `u`.`email`, `u`.`contact_number`, `b`.`branch_name`
FROM `plan_holders` `ph`
INNER JOIN `users` `u` ON `u`.`user_id` = `ph`.`user_id`
LEFT JOIN `branches` `b` ON `b`.`branch_id` = `ph`.`branch_id`
WHERE `ph`.`plan_holder_id` = 10', 0)
 2 SYSTEMPATH\Database\BaseConnection.php(910): CodeIgniter\Database\MySQLi\Connection->execute('SELECT `ph`.`plan_holder_id`, `ph`.`user_id`, `ph`.`branch_id`, `ph`.`unique_identifier`, `ph`.`address_no`, `ph`.`address_street`, `ph`.`address_barangay`, `ph`.`address_city`, `ph`.`date_of_birth`, `ph`.`place_of_birth`, `ph`.`age`, `ph`.`gender`, `ph`.`civil_status`, `ph`.`citizenship`, `ph`.`height`, `ph`.`weight`, `ph`.`spouse_name`, `ph`.`spouse_birthdate`, `ph`.`spouse_occupation`, `ph`.`senior_citizen_id`, `ph`.`organization_affiliation`, `ph`.`id_control_no`, `ph`.`coordinator`, `ph`.`application_date`, `ph`.`emergency_contact_name`, `ph`.`emergency_contact_number`, `ph`.`emergency_contact_address`, `ph`.`status` AS `plan_holder_status`, `u`.`first_name`, `u`.`last_name`, `u`.`email`, `u`.`contact_number`, `b`.`branch_name`
FROM `plan_holders` `ph`
INNER JOIN `users` `u` ON `u`.`user_id` = `ph`.`user_id`
LEFT JOIN `branches` `b` ON `b`.`branch_id` = `ph`.`branch_id`
WHERE `ph`.`plan_holder_id` = 10')
 3 SYSTEMPATH\Database\BaseConnection.php(827): CodeIgniter\Database\BaseConnection->simpleQuery('SELECT `ph`.`plan_holder_id`, `ph`.`user_id`, `ph`.`branch_id`, `ph`.`unique_identifier`, `ph`.`address_no`, `ph`.`address_street`, `ph`.`address_barangay`, `ph`.`address_city`, `ph`.`date_of_birth`, `ph`.`place_of_birth`, `ph`.`age`, `ph`.`gender`, `ph`.`civil_status`, `ph`.`citizenship`, `ph`.`height`, `ph`.`weight`, `ph`.`spouse_name`, `ph`.`spouse_birthdate`, `ph`.`spouse_occupation`, `ph`.`senior_citizen_id`, `ph`.`organization_affiliation`, `ph`.`id_control_no`, `ph`.`coordinator`, `ph`.`application_date`, `ph`.`emergency_contact_name`, `ph`.`emergency_contact_number`, `ph`.`emergency_contact_address`, `ph`.`status` AS `plan_holder_status`, `u`.`first_name`, `u`.`last_name`, `u`.`email`, `u`.`contact_number`, `b`.`branch_name`
FROM `plan_holders` `ph`
INNER JOIN `users` `u` ON `u`.`user_id` = `ph`.`user_id`
LEFT JOIN `branches` `b` ON `b`.`branch_id` = `ph`.`branch_id`
WHERE `ph`.`plan_holder_id` = 10')
 4 SYSTEMPATH\Database\BaseBuilder.php(1649): CodeIgniter\Database\BaseConnection->query('SELECT `ph`.`plan_holder_id`, `ph`.`user_id`, `ph`.`branch_id`, `ph`.`unique_identifier`, `ph`.`address_no`, `ph`.`address_street`, `ph`.`address_barangay`, `ph`.`address_city`, `ph`.`date_of_birth`, `ph`.`place_of_birth`, `ph`.`age`, `ph`.`gender`, `ph`.`civil_status`, `ph`.`citizenship`, `ph`.`height`, `ph`.`weight`, `ph`.`spouse_name`, `ph`.`spouse_birthdate`, `ph`.`spouse_occupation`, `ph`.`senior_citizen_id`, `ph`.`organization_affiliation`, `ph`.`id_control_no`, `ph`.`coordinator`, `ph`.`application_date`, `ph`.`emergency_contact_name`, `ph`.`emergency_contact_number`, `ph`.`emergency_contact_address`, `ph`.`status` AS `plan_holder_status`, `u`.`first_name`, `u`.`last_name`, `u`.`email`, `u`.`contact_number`, `b`.`branch_name`
FROM `plan_holders` `ph`
INNER JOIN `users` `u` ON `u`.`user_id` = `ph`.`user_id`
LEFT JOIN `branches` `b` ON `b`.`branch_id` = `ph`.`branch_id`
WHERE `ph`.`plan_holder_id` = :ph.plan_holder_id:', [...], false)
 5 APPPATH\Services\ClientService.php(49): CodeIgniter\Database\BaseBuilder->get()
 6 APPPATH\Controllers\BranchAdmin\ClientController.php(114): App\Services\ClientService->getClientDetails(10)
 7 SYSTEMPATH\CodeIgniter.php(951): App\Controllers\BranchAdmin\ClientController->view(10)
 8 SYSTEMPATH\CodeIgniter.php(497): CodeIgniter\CodeIgniter->runController(Object(App\Controllers\BranchAdmin\ClientController))
 9 SYSTEMPATH\CodeIgniter.php(340): CodeIgniter\CodeIgniter->handleRequest(null, Object(Config\Cache), false)
10 SYSTEMPATH\Boot.php(417): CodeIgniter\CodeIgniter->run()
11 SYSTEMPATH\Boot.php(68): CodeIgniter\Boot::runCodeIgniter(Object(CodeIgniter\CodeIgniter))
12 FCPATH\index.php(59): CodeIgniter\Boot::bootWeb(Object(Config\Paths))
CRITICAL - 2026-05-12 15:23:42 --> CodeIgniter\Database\Exceptions\DatabaseException: Unknown column 'ph.id_control_no' in 'field list'
[Method: GET, Route: branch-admin/client-management/view/10]
in SYSTEMPATH\Database\BaseConnection.php on line 865.
 1 SYSTEMPATH\Database\BaseBuilder.php(1649): CodeIgniter\Database\BaseConnection->query('SELECT `ph`.`plan_holder_id`, `ph`.`user_id`, `ph`.`branch_id`, `ph`.`unique_identifier`, `ph`.`address_no`, `ph`.`address_street`, `ph`.`address_barangay`, `ph`.`address_city`, `ph`.`date_of_birth`, `ph`.`place_of_birth`, `ph`.`age`, `ph`.`gender`, `ph`.`civil_status`, `ph`.`citizenship`, `ph`.`height`, `ph`.`weight`, `ph`.`spouse_name`, `ph`.`spouse_birthdate`, `ph`.`spouse_occupation`, `ph`.`senior_citizen_id`, `ph`.`organization_affiliation`, `ph`.`id_control_no`, `ph`.`coordinator`, `ph`.`application_date`, `ph`.`emergency_contact_name`, `ph`.`emergency_contact_number`, `ph`.`emergency_contact_address`, `ph`.`status` AS `plan_holder_status`, `u`.`first_name`, `u`.`last_name`, `u`.`email`, `u`.`contact_number`, `b`.`branch_name`
FROM `plan_holders` `ph`
INNER JOIN `users` `u` ON `u`.`user_id` = `ph`.`user_id`
LEFT JOIN `branches` `b` ON `b`.`branch_id` = `ph`.`branch_id`
WHERE `ph`.`plan_holder_id` = :ph.plan_holder_id:', [...], false)
 2 APPPATH\Services\ClientService.php(49): CodeIgniter\Database\BaseBuilder->get()
 3 APPPATH\Controllers\BranchAdmin\ClientController.php(114): App\Services\ClientService->getClientDetails(10)
 4 SYSTEMPATH\CodeIgniter.php(951): App\Controllers\BranchAdmin\ClientController->view(10)
 5 SYSTEMPATH\CodeIgniter.php(497): CodeIgniter\CodeIgniter->runController(Object(App\Controllers\BranchAdmin\ClientController))
 6 SYSTEMPATH\CodeIgniter.php(340): CodeIgniter\CodeIgniter->handleRequest(null, Object(Config\Cache), false)
 7 SYSTEMPATH\Boot.php(417): CodeIgniter\CodeIgniter->run()
 8 SYSTEMPATH\Boot.php(68): CodeIgniter\Boot::runCodeIgniter(Object(CodeIgniter\CodeIgniter))
 9 FCPATH\index.php(59): CodeIgniter\Boot::bootWeb(Object(Config\Paths))
CRITICAL - 2026-05-12 15:23:42 --> [Caused by] CodeIgniter\Database\Exceptions\DatabaseException: Unknown column 'ph.id_control_no' in 'field list'
in SYSTEMPATH\Database\MySQLi\Connection.php on line 310.
 1 SYSTEMPATH\Database\BaseConnection.php(910): CodeIgniter\Database\MySQLi\Connection->execute('SELECT `ph`.`plan_holder_id`, `ph`.`user_id`, `ph`.`branch_id`, `ph`.`unique_identifier`, `ph`.`address_no`, `ph`.`address_street`, `ph`.`address_barangay`, `ph`.`address_city`, `ph`.`date_of_birth`, `ph`.`place_of_birth`, `ph`.`age`, `ph`.`gender`, `ph`.`civil_status`, `ph`.`citizenship`, `ph`.`height`, `ph`.`weight`, `ph`.`spouse_name`, `ph`.`spouse_birthdate`, `ph`.`spouse_occupation`, `ph`.`senior_citizen_id`, `ph`.`organization_affiliation`, `ph`.`id_control_no`, `ph`.`coordinator`, `ph`.`application_date`, `ph`.`emergency_contact_name`, `ph`.`emergency_contact_number`, `ph`.`emergency_contact_address`, `ph`.`status` AS `plan_holder_status`, `u`.`first_name`, `u`.`last_name`, `u`.`email`, `u`.`contact_number`, `b`.`branch_name`
FROM `plan_holders` `ph`
INNER JOIN `users` `u` ON `u`.`user_id` = `ph`.`user_id`
LEFT JOIN `branches` `b` ON `b`.`branch_id` = `ph`.`branch_id`
WHERE `ph`.`plan_holder_id` = 10')
 2 SYSTEMPATH\Database\BaseConnection.php(827): CodeIgniter\Database\BaseConnection->simpleQuery('SELECT `ph`.`plan_holder_id`, `ph`.`user_id`, `ph`.`branch_id`, `ph`.`unique_identifier`, `ph`.`address_no`, `ph`.`address_street`, `ph`.`address_barangay`, `ph`.`address_city`, `ph`.`date_of_birth`, `ph`.`place_of_birth`, `ph`.`age`, `ph`.`gender`, `ph`.`civil_status`, `ph`.`citizenship`, `ph`.`height`, `ph`.`weight`, `ph`.`spouse_name`, `ph`.`spouse_birthdate`, `ph`.`spouse_occupation`, `ph`.`senior_citizen_id`, `ph`.`organization_affiliation`, `ph`.`id_control_no`, `ph`.`coordinator`, `ph`.`application_date`, `ph`.`emergency_contact_name`, `ph`.`emergency_contact_number`, `ph`.`emergency_contact_address`, `ph`.`status` AS `plan_holder_status`, `u`.`first_name`, `u`.`last_name`, `u`.`email`, `u`.`contact_number`, `b`.`branch_name`
FROM `plan_holders` `ph`
INNER JOIN `users` `u` ON `u`.`user_id` = `ph`.`user_id`
LEFT JOIN `branches` `b` ON `b`.`branch_id` = `ph`.`branch_id`
WHERE `ph`.`plan_holder_id` = 10')
 3 SYSTEMPATH\Database\BaseBuilder.php(1649): CodeIgniter\Database\BaseConnection->query('SELECT `ph`.`plan_holder_id`, `ph`.`user_id`, `ph`.`branch_id`, `ph`.`unique_identifier`, `ph`.`address_no`, `ph`.`address_street`, `ph`.`address_barangay`, `ph`.`address_city`, `ph`.`date_of_birth`, `ph`.`place_of_birth`, `ph`.`age`, `ph`.`gender`, `ph`.`civil_status`, `ph`.`citizenship`, `ph`.`height`, `ph`.`weight`, `ph`.`spouse_name`, `ph`.`spouse_birthdate`, `ph`.`spouse_occupation`, `ph`.`senior_citizen_id`, `ph`.`organization_affiliation`, `ph`.`id_control_no`, `ph`.`coordinator`, `ph`.`application_date`, `ph`.`emergency_contact_name`, `ph`.`emergency_contact_number`, `ph`.`emergency_contact_address`, `ph`.`status` AS `plan_holder_status`, `u`.`first_name`, `u`.`last_name`, `u`.`email`, `u`.`contact_number`, `b`.`branch_name`
FROM `plan_holders` `ph`
INNER JOIN `users` `u` ON `u`.`user_id` = `ph`.`user_id`
LEFT JOIN `branches` `b` ON `b`.`branch_id` = `ph`.`branch_id`
WHERE `ph`.`plan_holder_id` = :ph.plan_holder_id:', [...], false)
 4 APPPATH\Services\ClientService.php(49): CodeIgniter\Database\BaseBuilder->get()
 5 APPPATH\Controllers\BranchAdmin\ClientController.php(114): App\Services\ClientService->getClientDetails(10)
 6 SYSTEMPATH\CodeIgniter.php(951): App\Controllers\BranchAdmin\ClientController->view(10)
 7 SYSTEMPATH\CodeIgniter.php(497): CodeIgniter\CodeIgniter->runController(Object(App\Controllers\BranchAdmin\ClientController))
 8 SYSTEMPATH\CodeIgniter.php(340): CodeIgniter\CodeIgniter->handleRequest(null, Object(Config\Cache), false)
 9 SYSTEMPATH\Boot.php(417): CodeIgniter\CodeIgniter->run()
10 SYSTEMPATH\Boot.php(68): CodeIgniter\Boot::runCodeIgniter(Object(CodeIgniter\CodeIgniter))
11 FCPATH\index.php(59): CodeIgniter\Boot::bootWeb(Object(Config\Paths))
CRITICAL - 2026-05-12 15:23:42 --> [Caused by] mysqli_sql_exception: Unknown column 'ph.id_control_no' in 'field list'
in SYSTEMPATH\Database\MySQLi\Connection.php on line 300.
 1 SYSTEMPATH\Database\MySQLi\Connection.php(300): mysqli->query('SELECT `ph`.`plan_holder_id`, `ph`.`user_id`, `ph`.`branch_id`, `ph`.`unique_identifier`, `ph`.`address_no`, `ph`.`address_street`, `ph`.`address_barangay`, `ph`.`address_city`, `ph`.`date_of_birth`, `ph`.`place_of_birth`, `ph`.`age`, `ph`.`gender`, `ph`.`civil_status`, `ph`.`citizenship`, `ph`.`height`, `ph`.`weight`, `ph`.`spouse_name`, `ph`.`spouse_birthdate`, `ph`.`spouse_occupation`, `ph`.`senior_citizen_id`, `ph`.`organization_affiliation`, `ph`.`id_control_no`, `ph`.`coordinator`, `ph`.`application_date`, `ph`.`emergency_contact_name`, `ph`.`emergency_contact_number`, `ph`.`emergency_contact_address`, `ph`.`status` AS `plan_holder_status`, `u`.`first_name`, `u`.`last_name`, `u`.`email`, `u`.`contact_number`, `b`.`branch_name`
FROM `plan_holders` `ph`
INNER JOIN `users` `u` ON `u`.`user_id` = `ph`.`user_id`
LEFT JOIN `branches` `b` ON `b`.`branch_id` = `ph`.`branch_id`
WHERE `ph`.`plan_holder_id` = 10', 0)
 2 SYSTEMPATH\Database\BaseConnection.php(910): CodeIgniter\Database\MySQLi\Connection->execute('SELECT `ph`.`plan_holder_id`, `ph`.`user_id`, `ph`.`branch_id`, `ph`.`unique_identifier`, `ph`.`address_no`, `ph`.`address_street`, `ph`.`address_barangay`, `ph`.`address_city`, `ph`.`date_of_birth`, `ph`.`place_of_birth`, `ph`.`age`, `ph`.`gender`, `ph`.`civil_status`, `ph`.`citizenship`, `ph`.`height`, `ph`.`weight`, `ph`.`spouse_name`, `ph`.`spouse_birthdate`, `ph`.`spouse_occupation`, `ph`.`senior_citizen_id`, `ph`.`organization_affiliation`, `ph`.`id_control_no`, `ph`.`coordinator`, `ph`.`application_date`, `ph`.`emergency_contact_name`, `ph`.`emergency_contact_number`, `ph`.`emergency_contact_address`, `ph`.`status` AS `plan_holder_status`, `u`.`first_name`, `u`.`last_name`, `u`.`email`, `u`.`contact_number`, `b`.`branch_name`
FROM `plan_holders` `ph`
INNER JOIN `users` `u` ON `u`.`user_id` = `ph`.`user_id`
LEFT JOIN `branches` `b` ON `b`.`branch_id` = `ph`.`branch_id`
WHERE `ph`.`plan_holder_id` = 10')
 3 SYSTEMPATH\Database\BaseConnection.php(827): CodeIgniter\Database\BaseConnection->simpleQuery('SELECT `ph`.`plan_holder_id`, `ph`.`user_id`, `ph`.`branch_id`, `ph`.`unique_identifier`, `ph`.`address_no`, `ph`.`address_street`, `ph`.`address_barangay`, `ph`.`address_city`, `ph`.`date_of_birth`, `ph`.`place_of_birth`, `ph`.`age`, `ph`.`gender`, `ph`.`civil_status`, `ph`.`citizenship`, `ph`.`height`, `ph`.`weight`, `ph`.`spouse_name`, `ph`.`spouse_birthdate`, `ph`.`spouse_occupation`, `ph`.`senior_citizen_id`, `ph`.`organization_affiliation`, `ph`.`id_control_no`, `ph`.`coordinator`, `ph`.`application_date`, `ph`.`emergency_contact_name`, `ph`.`emergency_contact_number`, `ph`.`emergency_contact_address`, `ph`.`status` AS `plan_holder_status`, `u`.`first_name`, `u`.`last_name`, `u`.`email`, `u`.`contact_number`, `b`.`branch_name`
FROM `plan_holders` `ph`
INNER JOIN `users` `u` ON `u`.`user_id` = `ph`.`user_id`
LEFT JOIN `branches` `b` ON `b`.`branch_id` = `ph`.`branch_id`
WHERE `ph`.`plan_holder_id` = 10')
 4 SYSTEMPATH\Database\BaseBuilder.php(1649): CodeIgniter\Database\BaseConnection->query('SELECT `ph`.`plan_holder_id`, `ph`.`user_id`, `ph`.`branch_id`, `ph`.`unique_identifier`, `ph`.`address_no`, `ph`.`address_street`, `ph`.`address_barangay`, `ph`.`address_city`, `ph`.`date_of_birth`, `ph`.`place_of_birth`, `ph`.`age`, `ph`.`gender`, `ph`.`civil_status`, `ph`.`citizenship`, `ph`.`height`, `ph`.`weight`, `ph`.`spouse_name`, `ph`.`spouse_birthdate`, `ph`.`spouse_occupation`, `ph`.`senior_citizen_id`, `ph`.`organization_affiliation`, `ph`.`id_control_no`, `ph`.`coordinator`, `ph`.`application_date`, `ph`.`emergency_contact_name`, `ph`.`emergency_contact_number`, `ph`.`emergency_contact_address`, `ph`.`status` AS `plan_holder_status`, `u`.`first_name`, `u`.`last_name`, `u`.`email`, `u`.`contact_number`, `b`.`branch_name`
FROM `plan_holders` `ph`
INNER JOIN `users` `u` ON `u`.`user_id` = `ph`.`user_id`
LEFT JOIN `branches` `b` ON `b`.`branch_id` = `ph`.`branch_id`
WHERE `ph`.`plan_holder_id` = :ph.plan_holder_id:', [...], false)
 5 APPPATH\Services\ClientService.php(49): CodeIgniter\Database\BaseBuilder->get()
 6 APPPATH\Controllers\BranchAdmin\ClientController.php(114): App\Services\ClientService->getClientDetails(10)
 7 SYSTEMPATH\CodeIgniter.php(951): App\Controllers\BranchAdmin\ClientController->view(10)
 8 SYSTEMPATH\CodeIgniter.php(497): CodeIgniter\CodeIgniter->runController(Object(App\Controllers\BranchAdmin\ClientController))
 9 SYSTEMPATH\CodeIgniter.php(340): CodeIgniter\CodeIgniter->handleRequest(null, Object(Config\Cache), false)
10 SYSTEMPATH\Boot.php(417): CodeIgniter\CodeIgniter->run()
11 SYSTEMPATH\Boot.php(68): CodeIgniter\Boot::runCodeIgniter(Object(CodeIgniter\CodeIgniter))
12 FCPATH\index.php(59): CodeIgniter\Boot::bootWeb(Object(Config\Paths))
DEBUG - 2026-05-12 15:23:45 --> Session: Class initialized using 'CodeIgniter\Session\Handlers\FileHandler' driver.
DEBUG - 2026-05-12 15:24:02 --> Session: Class initialized using 'CodeIgniter\Session\Handlers\FileHandler' driver.
DEBUG - 2026-05-12 15:24:12 --> Session: Class initialized using 'CodeIgniter\Session\Handlers\FileHandler' driver.
DEBUG - 2026-05-12 15:24:12 --> Session: Class initialized using 'CodeIgniter\Session\Handlers\FileHandler' driver.
DEBUG - 2026-05-12 15:27:15 --> Session: Class initialized using 'CodeIgniter\Session\Handlers\FileHandler' driver.
DEBUG - 2026-05-12 16:14:18 --> Session: Class initialized using 'CodeIgniter\Session\Handlers\FileHandler' driver.
DEBUG - 2026-05-12 16:14:22 --> Session: Class initialized using 'CodeIgniter\Session\Handlers\FileHandler' driver.
DEBUG - 2026-05-12 16:14:27 --> Session: Class initialized using 'CodeIgniter\Session\Handlers\FileHandler' driver.
DEBUG - 2026-05-12 16:14:30 --> Session: Class initialized using 'CodeIgniter\Session\Handlers\FileHandler' driver.
DEBUG - 2026-05-12 16:14:33 --> Session: Class initialized using 'CodeIgniter\Session\Handlers\FileHandler' driver.
DEBUG - 2026-05-12 16:14:36 --> Session: Class initialized using 'CodeIgniter\Session\Handlers\FileHandler' driver.
DEBUG - 2026-05-12 16:14:59 --> Session: Class initialized using 'CodeIgniter\Session\Handlers\FileHandler' driver.
ERROR - 2026-05-12 16:14:59 --> Unknown column 'type' in 'field list'
in SYSTEMPATH\Database\MySQLi\Connection.php on line 300.
 1 SYSTEMPATH\Database\MySQLi\Connection.php(300): mysqli->query('INSERT INTO `notifications` (`user_id`, `message`, `type`, `status`, `created_at`) VALUES (15, \'Your registration has been approved. Your plan is now active.\', \'registration_pending\', \'unread\', \'2026-05-12 16:14:59\')', 0)
 2 SYSTEMPATH\Database\BaseConnection.php(910): CodeIgniter\Database\MySQLi\Connection->execute('INSERT INTO `notifications` (`user_id`, `message`, `type`, `status`, `created_at`) VALUES (15, \'Your registration has been approved. Your plan is now active.\', \'registration_pending\', \'unread\', \'2026-05-12 16:14:59\')')
 3 SYSTEMPATH\Database\BaseConnection.php(827): CodeIgniter\Database\BaseConnection->simpleQuery('INSERT INTO `notifications` (`user_id`, `message`, `type`, `status`, `created_at`) VALUES (15, \'Your registration has been approved. Your plan is now active.\', \'registration_pending\', \'unread\', \'2026-05-12 16:14:59\')')
 4 SYSTEMPATH\Database\BaseBuilder.php(2345): CodeIgniter\Database\BaseConnection->query('INSERT INTO `notifications` (`user_id`, `message`, `type`, `status`, `created_at`) VALUES (:user_id:, :message:, :type:, :status:, :created_at:)', [...], false)
 5 APPPATH\Services\NotificationService.php(35): CodeIgniter\Database\BaseBuilder->insert([...])
 6 APPPATH\Controllers\PaymentTracking.php(543): App\Services\NotificationService->notify(15, 'Your registration has been approved. Your plan is now active.', 'registration_pending')
 7 APPPATH\Controllers\PaymentTracking.php(208): App\Controllers\PaymentTracking->autoApprovePlanHolderFromInitialPayment([...], 1)
 8 SYSTEMPATH\CodeIgniter.php(951): App\Controllers\PaymentTracking->recordCash()
 9 SYSTEMPATH\CodeIgniter.php(497): CodeIgniter\CodeIgniter->runController(Object(App\Controllers\PaymentTracking))
10 SYSTEMPATH\CodeIgniter.php(340): CodeIgniter\CodeIgniter->handleRequest(null, Object(Config\Cache), false)
11 SYSTEMPATH\Boot.php(417): CodeIgniter\CodeIgniter->run()
12 SYSTEMPATH\Boot.php(68): CodeIgniter\Boot::runCodeIgniter(Object(CodeIgniter\CodeIgniter))
13 FCPATH\index.php(59): CodeIgniter\Boot::bootWeb(Object(Config\Paths))
ERROR - 2026-05-12 16:14:59 --> Table 'kaagapay_db.activity_logs' doesn't exist
in SYSTEMPATH\Database\MySQLi\Connection.php on line 300.
 1 SYSTEMPATH\Database\MySQLi\Connection.php(300): mysqli->query('INSERT INTO `activity_logs` (`user_id`, `action`, `module`, `target_id`, `description`, `old_values`, `new_values`, `ip_address`, `created_at`) VALUES (6, \'approved\', \'plan_holder\', 10, \'Auto-approved plan holder after initial payment verification\', \'{\\"status\\":\\"inactive\\"}\', \'{\\"status\\":\\"active\\"}\', \'::1\', \'2026-05-12 16:14:59\')', 0)
 2 SYSTEMPATH\Database\BaseConnection.php(910): CodeIgniter\Database\MySQLi\Connection->execute('INSERT INTO `activity_logs` (`user_id`, `action`, `module`, `target_id`, `description`, `old_values`, `new_values`, `ip_address`, `created_at`) VALUES (6, \'approved\', \'plan_holder\', 10, \'Auto-approved plan holder after initial payment verification\', \'{\\"status\\":\\"inactive\\"}\', \'{\\"status\\":\\"active\\"}\', \'::1\', \'2026-05-12 16:14:59\')')
 3 SYSTEMPATH\Database\BaseConnection.php(827): CodeIgniter\Database\BaseConnection->simpleQuery('INSERT INTO `activity_logs` (`user_id`, `action`, `module`, `target_id`, `description`, `old_values`, `new_values`, `ip_address`, `created_at`) VALUES (6, \'approved\', \'plan_holder\', 10, \'Auto-approved plan holder after initial payment verification\', \'{\\"status\\":\\"inactive\\"}\', \'{\\"status\\":\\"active\\"}\', \'::1\', \'2026-05-12 16:14:59\')')
 4 SYSTEMPATH\Database\BaseBuilder.php(2345): CodeIgniter\Database\BaseConnection->query('INSERT INTO `activity_logs` (`user_id`, `action`, `module`, `target_id`, `description`, `old_values`, `new_values`, `ip_address`, `created_at`) VALUES (:user_id:, :action:, :module:, :target_id:, :description:, :old_values:, :new_values:, :ip_address:, :created_at:)', [...], false)
 5 APPPATH\Services\ActivityLogService.php(73): CodeIgniter\Database\BaseBuilder->insert([...])
 6 APPPATH\Controllers\PaymentTracking.php(550): App\Services\ActivityLogService->log(6, 'approved', 'plan_holder', 10, 'Auto-approved plan holder after initial payment verification', [...], [...])
 7 APPPATH\Controllers\PaymentTracking.php(208): App\Controllers\PaymentTracking->autoApprovePlanHolderFromInitialPayment([...], 1)
 8 SYSTEMPATH\CodeIgniter.php(951): App\Controllers\PaymentTracking->recordCash()
 9 SYSTEMPATH\CodeIgniter.php(497): CodeIgniter\CodeIgniter->runController(Object(App\Controllers\PaymentTracking))
10 SYSTEMPATH\CodeIgniter.php(340): CodeIgniter\CodeIgniter->handleRequest(null, Object(Config\Cache), false)
11 SYSTEMPATH\Boot.php(417): CodeIgniter\CodeIgniter->run()
12 SYSTEMPATH\Boot.php(68): CodeIgniter\Boot::runCodeIgniter(Object(CodeIgniter\CodeIgniter))
13 FCPATH\index.php(59): CodeIgniter\Boot::bootWeb(Object(Config\Paths))
ERROR - 2026-05-12 16:14:59 --> Unknown column 'type' in 'field list'
in SYSTEMPATH\Database\MySQLi\Connection.php on line 300.
 1 SYSTEMPATH\Database\MySQLi\Connection.php(300): mysqli->query('INSERT INTO `notifications` (`user_id`, `message`, `type`, `status`, `created_at`) VALUES (15, \'Your advance payment covering 1 month has been approved.\', \'payment_approved\', \'unread\', \'2026-05-12 16:14:59\')', 0)
 2 SYSTEMPATH\Database\BaseConnection.php(910): CodeIgniter\Database\MySQLi\Connection->execute('INSERT INTO `notifications` (`user_id`, `message`, `type`, `status`, `created_at`) VALUES (15, \'Your advance payment covering 1 month has been approved.\', \'payment_approved\', \'unread\', \'2026-05-12 16:14:59\')')
 3 SYSTEMPATH\Database\BaseConnection.php(827): CodeIgniter\Database\BaseConnection->simpleQuery('INSERT INTO `notifications` (`user_id`, `message`, `type`, `status`, `created_at`) VALUES (15, \'Your advance payment covering 1 month has been approved.\', \'payment_approved\', \'unread\', \'2026-05-12 16:14:59\')')
 4 SYSTEMPATH\Database\BaseBuilder.php(2345): CodeIgniter\Database\BaseConnection->query('INSERT INTO `notifications` (`user_id`, `message`, `type`, `status`, `created_at`) VALUES (:user_id:, :message:, :type:, :status:, :created_at:)', [...], false)
 5 APPPATH\Services\NotificationService.php(35): CodeIgniter\Database\BaseBuilder->insert([...])
 6 APPPATH\Controllers\PaymentTracking.php(222): App\Services\NotificationService->notify(15, 'Your advance payment covering 1 month has been approved.', 'payment_approved')
 7 SYSTEMPATH\CodeIgniter.php(951): App\Controllers\PaymentTracking->recordCash()
 8 SYSTEMPATH\CodeIgniter.php(497): CodeIgniter\CodeIgniter->runController(Object(App\Controllers\PaymentTracking))
 9 SYSTEMPATH\CodeIgniter.php(340): CodeIgniter\CodeIgniter->handleRequest(null, Object(Config\Cache), false)
10 SYSTEMPATH\Boot.php(417): CodeIgniter\CodeIgniter->run()
11 SYSTEMPATH\Boot.php(68): CodeIgniter\Boot::runCodeIgniter(Object(CodeIgniter\CodeIgniter))
12 FCPATH\index.php(59): CodeIgniter\Boot::bootWeb(Object(Config\Paths))
ERROR - 2026-05-12 16:14:59 --> NotificationService::notify - Unknown column 'type' in 'field list'
ERROR - 2026-05-12 16:14:59 --> Table 'kaagapay_db.activity_logs' doesn't exist
in SYSTEMPATH\Database\MySQLi\Connection.php on line 300.
 1 SYSTEMPATH\Database\MySQLi\Connection.php(300): mysqli->query('INSERT INTO `activity_logs` (`user_id`, `action`, `module`, `target_id`, `description`, `old_values`, `new_values`, `ip_address`, `created_at`) VALUES (6, \'created\', \'payment\', 11, \'Recorded cash payment for plan #3\', NULL, \'{\\"plan_id\\":3,\\"amount\\":240,\\"payment_method\\":\\"cash\\",\\"status\\":\\"paid\\"}\', \'::1\', \'2026-05-12 16:14:59\')', 0)
 2 SYSTEMPATH\Database\BaseConnection.php(910): CodeIgniter\Database\MySQLi\Connection->execute('INSERT INTO `activity_logs` (`user_id`, `action`, `module`, `target_id`, `description`, `old_values`, `new_values`, `ip_address`, `created_at`) VALUES (6, \'created\', \'payment\', 11, \'Recorded cash payment for plan #3\', NULL, \'{\\"plan_id\\":3,\\"amount\\":240,\\"payment_method\\":\\"cash\\",\\"status\\":\\"paid\\"}\', \'::1\', \'2026-05-12 16:14:59\')')
 3 SYSTEMPATH\Database\BaseConnection.php(827): CodeIgniter\Database\BaseConnection->simpleQuery('INSERT INTO `activity_logs` (`user_id`, `action`, `module`, `target_id`, `description`, `old_values`, `new_values`, `ip_address`, `created_at`) VALUES (6, \'created\', \'payment\', 11, \'Recorded cash payment for plan #3\', NULL, \'{\\"plan_id\\":3,\\"amount\\":240,\\"payment_method\\":\\"cash\\",\\"status\\":\\"paid\\"}\', \'::1\', \'2026-05-12 16:14:59\')')
 4 SYSTEMPATH\Database\BaseBuilder.php(2345): CodeIgniter\Database\BaseConnection->query('INSERT INTO `activity_logs` (`user_id`, `action`, `module`, `target_id`, `description`, `old_values`, `new_values`, `ip_address`, `created_at`) VALUES (:user_id:, :action:, :module:, :target_id:, :description:, :old_values:, :new_values:, :ip_address:, :created_at:)', [...], false)
 5 APPPATH\Services\ActivityLogService.php(73): CodeIgniter\Database\BaseBuilder->insert([...])
 6 APPPATH\Controllers\PaymentTracking.php(228): App\Services\ActivityLogService->log(6, 'created', 'payment', 11, 'Recorded cash payment for plan #3', null, [...])
 7 SYSTEMPATH\CodeIgniter.php(951): App\Controllers\PaymentTracking->recordCash()
 8 SYSTEMPATH\CodeIgniter.php(497): CodeIgniter\CodeIgniter->runController(Object(App\Controllers\PaymentTracking))
 9 SYSTEMPATH\CodeIgniter.php(340): CodeIgniter\CodeIgniter->handleRequest(null, Object(Config\Cache), false)
10 SYSTEMPATH\Boot.php(417): CodeIgniter\CodeIgniter->run()
11 SYSTEMPATH\Boot.php(68): CodeIgniter\Boot::runCodeIgniter(Object(CodeIgniter\CodeIgniter))
12 FCPATH\index.php(59): CodeIgniter\Boot::bootWeb(Object(Config\Paths))
ERROR - 2026-05-12 16:14:59 --> ActivityLogService::log - Table 'kaagapay_db.activity_logs' doesn't exist
DEBUG - 2026-05-12 16:14:59 --> Session: Class initialized using 'CodeIgniter\Session\Handlers\FileHandler' driver.
DEBUG - 2026-05-12 16:15:04 --> Session: Class initialized using 'CodeIgniter\Session\Handlers\FileHandler' driver.
DEBUG - 2026-05-12 16:15:04 --> Session: Class initialized using 'CodeIgniter\Session\Handlers\FileHandler' driver.
DEBUG - 2026-05-12 16:15:11 --> Session: Class initialized using 'CodeIgniter\Session\Handlers\FileHandler' driver.
DEBUG - 2026-05-12 16:15:11 --> Session: Class initialized using 'CodeIgniter\Session\Handlers\FileHandler' driver.
DEBUG - 2026-05-12 16:15:14 --> Session: Class initialized using 'CodeIgniter\Session\Handlers\FileHandler' driver.
DEBUG - 2026-05-12 16:15:15 --> Session: Class initialized using 'CodeIgniter\Session\Handlers\FileHandler' driver.
DEBUG - 2026-05-12 16:59:55 --> Session: Class initialized using 'CodeIgniter\Session\Handlers\FileHandler' driver.
DEBUG - 2026-05-12 17:15:29 --> Session: Class initialized using 'CodeIgniter\Session\Handlers\FileHandler' driver.
DEBUG - 2026-05-12 17:15:35 --> Session: Class initialized using 'CodeIgniter\Session\Handlers\FileHandler' driver.
DEBUG - 2026-05-12 17:15:48 --> Session: Class initialized using 'CodeIgniter\Session\Handlers\FileHandler' driver.
ERROR - 2026-05-12 17:15:48 --> Unknown column 'is_primary' in 'field list'
in SYSTEMPATH\Database\MySQLi\Connection.php on line 300.
 1 SYSTEMPATH\Database\MySQLi\Connection.php(300): mysqli->query('SELECT `beneficiary_id`, `first_name`, `middle_name`, `last_name`, `relationship`, `is_primary`, `name_extension`, `date_of_birth`
FROM `beneficiaries`
WHERE `plan_holder_id` = 10
ORDER BY `is_primary` DESC, `first_name` ASC', 0)
 2 SYSTEMPATH\Database\BaseConnection.php(910): CodeIgniter\Database\MySQLi\Connection->execute('SELECT `beneficiary_id`, `first_name`, `middle_name`, `last_name`, `relationship`, `is_primary`, `name_extension`, `date_of_birth`
FROM `beneficiaries`
WHERE `plan_holder_id` = 10
ORDER BY `is_primary` DESC, `first_name` ASC')
 3 SYSTEMPATH\Database\BaseConnection.php(827): CodeIgniter\Database\BaseConnection->simpleQuery('SELECT `beneficiary_id`, `first_name`, `middle_name`, `last_name`, `relationship`, `is_primary`, `name_extension`, `date_of_birth`
FROM `beneficiaries`
WHERE `plan_holder_id` = 10
ORDER BY `is_primary` DESC, `first_name` ASC')
 4 SYSTEMPATH\Database\BaseBuilder.php(1649): CodeIgniter\Database\BaseConnection->query('SELECT `beneficiary_id`, `first_name`, `middle_name`, `last_name`, `relationship`, `is_primary`, `name_extension`, `date_of_birth`
FROM `beneficiaries`
WHERE `plan_holder_id` = :plan_holder_id:
ORDER BY `is_primary` DESC, `first_name` ASC', [...], false)
 5 APPPATH\Controllers\Client\ClientMembershipController.php(58): CodeIgniter\Database\BaseBuilder->get()
 6 SYSTEMPATH\CodeIgniter.php(951): App\Controllers\Client\ClientMembershipController->membership()
 7 SYSTEMPATH\CodeIgniter.php(497): CodeIgniter\CodeIgniter->runController(Object(App\Controllers\Client\ClientMembershipController))
 8 SYSTEMPATH\CodeIgniter.php(340): CodeIgniter\CodeIgniter->handleRequest(null, Object(Config\Cache), false)
 9 SYSTEMPATH\Boot.php(417): CodeIgniter\CodeIgniter->run()
10 SYSTEMPATH\Boot.php(68): CodeIgniter\Boot::runCodeIgniter(Object(CodeIgniter\CodeIgniter))
11 FCPATH\index.php(59): CodeIgniter\Boot::bootWeb(Object(Config\Paths))
CRITICAL - 2026-05-12 17:15:48 --> CodeIgniter\Database\Exceptions\DatabaseException: Unknown column 'is_primary' in 'field list'
[Method: GET, Route: client/membership]
in SYSTEMPATH\Database\BaseConnection.php on line 865.
 1 SYSTEMPATH\Database\BaseBuilder.php(1649): CodeIgniter\Database\BaseConnection->query('SELECT `beneficiary_id`, `first_name`, `middle_name`, `last_name`, `relationship`, `is_primary`, `name_extension`, `date_of_birth`
FROM `beneficiaries`
WHERE `plan_holder_id` = :plan_holder_id:
ORDER BY `is_primary` DESC, `first_name` ASC', [...], false)
 2 APPPATH\Controllers\Client\ClientMembershipController.php(58): CodeIgniter\Database\BaseBuilder->get()
 3 SYSTEMPATH\CodeIgniter.php(951): App\Controllers\Client\ClientMembershipController->membership()
 4 SYSTEMPATH\CodeIgniter.php(497): CodeIgniter\CodeIgniter->runController(Object(App\Controllers\Client\ClientMembershipController))
 5 SYSTEMPATH\CodeIgniter.php(340): CodeIgniter\CodeIgniter->handleRequest(null, Object(Config\Cache), false)
 6 SYSTEMPATH\Boot.php(417): CodeIgniter\CodeIgniter->run()
 7 SYSTEMPATH\Boot.php(68): CodeIgniter\Boot::runCodeIgniter(Object(CodeIgniter\CodeIgniter))
 8 FCPATH\index.php(59): CodeIgniter\Boot::bootWeb(Object(Config\Paths))
CRITICAL - 2026-05-12 17:15:48 --> [Caused by] CodeIgniter\Database\Exceptions\DatabaseException: Unknown column 'is_primary' in 'field list'
in SYSTEMPATH\Database\MySQLi\Connection.php on line 310.
 1 SYSTEMPATH\Database\BaseConnection.php(910): CodeIgniter\Database\MySQLi\Connection->execute('SELECT `beneficiary_id`, `first_name`, `middle_name`, `last_name`, `relationship`, `is_primary`, `name_extension`, `date_of_birth`
FROM `beneficiaries`
WHERE `plan_holder_id` = 10
ORDER BY `is_primary` DESC, `first_name` ASC')
 2 SYSTEMPATH\Database\BaseConnection.php(827): CodeIgniter\Database\BaseConnection->simpleQuery('SELECT `beneficiary_id`, `first_name`, `middle_name`, `last_name`, `relationship`, `is_primary`, `name_extension`, `date_of_birth`
FROM `beneficiaries`
WHERE `plan_holder_id` = 10
ORDER BY `is_primary` DESC, `first_name` ASC')
 3 SYSTEMPATH\Database\BaseBuilder.php(1649): CodeIgniter\Database\BaseConnection->query('SELECT `beneficiary_id`, `first_name`, `middle_name`, `last_name`, `relationship`, `is_primary`, `name_extension`, `date_of_birth`
FROM `beneficiaries`
WHERE `plan_holder_id` = :plan_holder_id:
ORDER BY `is_primary` DESC, `first_name` ASC', [...], false)
 4 APPPATH\Controllers\Client\ClientMembershipController.php(58): CodeIgniter\Database\BaseBuilder->get()
 5 SYSTEMPATH\CodeIgniter.php(951): App\Controllers\Client\ClientMembershipController->membership()
 6 SYSTEMPATH\CodeIgniter.php(497): CodeIgniter\CodeIgniter->runController(Object(App\Controllers\Client\ClientMembershipController))
 7 SYSTEMPATH\CodeIgniter.php(340): CodeIgniter\CodeIgniter->handleRequest(null, Object(Config\Cache), false)
 8 SYSTEMPATH\Boot.php(417): CodeIgniter\CodeIgniter->run()
 9 SYSTEMPATH\Boot.php(68): CodeIgniter\Boot::runCodeIgniter(Object(CodeIgniter\CodeIgniter))
10 FCPATH\index.php(59): CodeIgniter\Boot::bootWeb(Object(Config\Paths))
CRITICAL - 2026-05-12 17:15:48 --> [Caused by] mysqli_sql_exception: Unknown column 'is_primary' in 'field list'
in SYSTEMPATH\Database\MySQLi\Connection.php on line 300.
 1 SYSTEMPATH\Database\MySQLi\Connection.php(300): mysqli->query('SELECT `beneficiary_id`, `first_name`, `middle_name`, `last_name`, `relationship`, `is_primary`, `name_extension`, `date_of_birth`
FROM `beneficiaries`
WHERE `plan_holder_id` = 10
ORDER BY `is_primary` DESC, `first_name` ASC', 0)
 2 SYSTEMPATH\Database\BaseConnection.php(910): CodeIgniter\Database\MySQLi\Connection->execute('SELECT `beneficiary_id`, `first_name`, `middle_name`, `last_name`, `relationship`, `is_primary`, `name_extension`, `date_of_birth`
FROM `beneficiaries`
WHERE `plan_holder_id` = 10
ORDER BY `is_primary` DESC, `first_name` ASC')
 3 SYSTEMPATH\Database\BaseConnection.php(827): CodeIgniter\Database\BaseConnection->simpleQuery('SELECT `beneficiary_id`, `first_name`, `middle_name`, `last_name`, `relationship`, `is_primary`, `name_extension`, `date_of_birth`
FROM `beneficiaries`
WHERE `plan_holder_id` = 10
ORDER BY `is_primary` DESC, `first_name` ASC')
 4 SYSTEMPATH\Database\BaseBuilder.php(1649): CodeIgniter\Database\BaseConnection->query('SELECT `beneficiary_id`, `first_name`, `middle_name`, `last_name`, `relationship`, `is_primary`, `name_extension`, `date_of_birth`
FROM `beneficiaries`
WHERE `plan_holder_id` = :plan_holder_id:
ORDER BY `is_primary` DESC, `first_name` ASC', [...], false)
 5 APPPATH\Controllers\Client\ClientMembershipController.php(58): CodeIgniter\Database\BaseBuilder->get()
 6 SYSTEMPATH\CodeIgniter.php(951): App\Controllers\Client\ClientMembershipController->membership()
 7 SYSTEMPATH\CodeIgniter.php(497): CodeIgniter\CodeIgniter->runController(Object(App\Controllers\Client\ClientMembershipController))
 8 SYSTEMPATH\CodeIgniter.php(340): CodeIgniter\CodeIgniter->handleRequest(null, Object(Config\Cache), false)
 9 SYSTEMPATH\Boot.php(417): CodeIgniter\CodeIgniter->run()
10 SYSTEMPATH\Boot.php(68): CodeIgniter\Boot::runCodeIgniter(Object(CodeIgniter\CodeIgniter))
11 FCPATH\index.php(59): CodeIgniter\Boot::bootWeb(Object(Config\Paths))
DEBUG - 2026-05-12 17:18:45 --> Session: Class initialized using 'CodeIgniter\Session\Handlers\FileHandler' driver.
DEBUG - 2026-05-12 17:19:06 --> Session: Class initialized using 'CodeIgniter\Session\Handlers\FileHandler' driver.
DEBUG - 2026-05-12 17:19:06 --> Session: Class initialized using 'CodeIgniter\Session\Handlers\FileHandler' driver.
DEBUG - 2026-05-12 17:19:07 --> Session: Class initialized using 'CodeIgniter\Session\Handlers\FileHandler' driver.
CRITICAL - 2026-05-12 17:19:07 --> ErrorException: Undefined variable $membership_since
[Method: GET, Route: dashboard/plan-holder]
in APPPATH\Views\client\dashboard.php on line 93.
 1 APPPATH\Views\client\dashboard.php(93): CodeIgniter\Debug\Exceptions->errorHandler(2, 'Undefined variable $membership_since', 'C:\\xampp\\htdocs\\caresync\\ci4\\app\\Views\\client\\dashboard.php', 93)
 2 SYSTEMPATH\View\View.php(240): include('C:\\xampp\\htdocs\\caresync\\ci4\\app\\Views\\client\\dashboard.php')
 3 SYSTEMPATH\View\View.php(243): CodeIgniter\View\View->CodeIgniter\View\{closure}()
 4 SYSTEMPATH\Common.php(1250): CodeIgniter\View\View->render('client/dashboard', [], true)
 5 APPPATH\Controllers\ClientPortal.php(60): view('client/dashboard', [...])
 6 SYSTEMPATH\CodeIgniter.php(951): App\Controllers\ClientPortal->dashboard()
 7 SYSTEMPATH\CodeIgniter.php(497): CodeIgniter\CodeIgniter->runController(Object(App\Controllers\ClientPortal))
 8 SYSTEMPATH\CodeIgniter.php(340): CodeIgniter\CodeIgniter->handleRequest(null, Object(Config\Cache), false)
 9 SYSTEMPATH\Boot.php(417): CodeIgniter\CodeIgniter->run()
10 SYSTEMPATH\Boot.php(68): CodeIgniter\Boot::runCodeIgniter(Object(CodeIgniter\CodeIgniter))
11 FCPATH\index.php(59): CodeIgniter\Boot::bootWeb(Object(Config\Paths))
