DEBUG - 2026-05-11 03:45:34 --> Session: Class initialized using 'CodeIgniter\Session\Handlers\FileHandler' driver.
DEBUG - 2026-05-11 03:45:51 --> Session: Class initialized using 'CodeIgniter\Session\Handlers\FileHandler' driver.
DEBUG - 2026-05-11 03:45:58 --> Session: Class initialized using 'CodeIgniter\Session\Handlers\FileHandler' driver.
DEBUG - 2026-05-11 03:45:58 --> Session: Class initialized using 'CodeIgniter\Session\Handlers\FileHandler' driver.
DEBUG - 2026-05-11 03:45:58 --> Session: Class initialized using 'CodeIgniter\Session\Handlers\FileHandler' driver.
DEBUG - 2026-05-11 03:45:59 --> Session: Class initialized using 'CodeIgniter\Session\Handlers\FileHandler' driver.
DEBUG - 2026-05-11 03:46:05 --> Session: Class initialized using 'CodeIgniter\Session\Handlers\FileHandler' driver.
DEBUG - 2026-05-11 03:46:07 --> Session: Class initialized using 'CodeIgniter\Session\Handlers\FileHandler' driver.
DEBUG - 2026-05-11 03:46:10 --> Session: Class initialized using 'CodeIgniter\Session\Handlers\FileHandler' driver.
CRITICAL - 2026-05-11 03:46:10 --> ErrorException: Undefined variable $branches
[Method: GET, Route: plan-registration/4]
in APPPATH\Views\client\plan_registration.php on line 142.
 1 APPPATH\Views\client\plan_registration.php(142): CodeIgniter\Debug\Exceptions->errorHandler(2, 'Undefined variable $branches', 'C:\\xampp\\htdocs\\caresync\\ci4\\app\\Views\\client\\plan_registration.php', 142)
 2 SYSTEMPATH\View\View.php(240): include('C:\\xampp\\htdocs\\caresync\\ci4\\app\\Views\\client\\plan_registration.php')
 3 SYSTEMPATH\View\View.php(243): CodeIgniter\View\View->CodeIgniter\View\{closure}()
 4 SYSTEMPATH\Common.php(1250): CodeIgniter\View\View->render('client/plan_registration', [], true)
 5 APPPATH\Controllers\Client\ClientRegistrationController.php(97): view('client/plan_registration', [...])
 6 SYSTEMPATH\CodeIgniter.php(951): App\Controllers\Client\ClientRegistrationController->planRegistration(4)
 7 SYSTEMPATH\CodeIgniter.php(497): CodeIgniter\CodeIgniter->runController(Object(App\Controllers\Client\ClientRegistrationController))
 8 SYSTEMPATH\CodeIgniter.php(340): CodeIgniter\CodeIgniter->handleRequest(null, Object(Config\Cache), false)
 9 SYSTEMPATH\Boot.php(417): CodeIgniter\CodeIgniter->run()
10 SYSTEMPATH\Boot.php(68): CodeIgniter\Boot::runCodeIgniter(Object(CodeIgniter\CodeIgniter))
11 FCPATH\index.php(59): CodeIgniter\Boot::bootWeb(Object(Config\Paths))
DEBUG - 2026-05-11 03:47:30 --> Session: Class initialized using 'CodeIgniter\Session\Handlers\FileHandler' driver.
DEBUG - 2026-05-11 03:58:43 --> Session: Class initialized using 'CodeIgniter\Session\Handlers\FileHandler' driver.
DEBUG - 2026-05-11 03:58:43 --> Session: Class initialized using 'CodeIgniter\Session\Handlers\FileHandler' driver.
DEBUG - 2026-05-11 03:59:03 --> Session: Class initialized using 'CodeIgniter\Session\Handlers\FileHandler' driver.
DEBUG - 2026-05-11 03:59:04 --> Session: Class initialized using 'CodeIgniter\Session\Handlers\FileHandler' driver.
DEBUG - 2026-05-11 03:59:09 --> Session: Class initialized using 'CodeIgniter\Session\Handlers\FileHandler' driver.
DEBUG - 2026-05-11 03:59:10 --> Session: Class initialized using 'CodeIgniter\Session\Handlers\FileHandler' driver.
DEBUG - 2026-05-11 04:01:51 --> Session: Class initialized using 'CodeIgniter\Session\Handlers\FileHandler' driver.
DEBUG - 2026-05-11 04:01:54 --> Session: Class initialized using 'CodeIgniter\Session\Handlers\FileHandler' driver.
DEBUG - 2026-05-11 04:02:01 --> Session: Class initialized using 'CodeIgniter\Session\Handlers\FileHandler' driver.
DEBUG - 2026-05-11 04:02:02 --> Session: Class initialized using 'CodeIgniter\Session\Handlers\FileHandler' driver.
DEBUG - 2026-05-11 04:05:46 --> Session: Class initialized using 'CodeIgniter\Session\Handlers\FileHandler' driver.
DEBUG - 2026-05-11 04:06:01 --> Session: Class initialized using 'CodeIgniter\Session\Handlers\FileHandler' driver.
DEBUG - 2026-05-11 04:06:01 --> Session: Class initialized using 'CodeIgniter\Session\Handlers\FileHandler' driver.
DEBUG - 2026-05-11 04:35:02 --> Session: Class initialized using 'CodeIgniter\Session\Handlers\FileHandler' driver.
DEBUG - 2026-05-11 04:35:05 --> Session: Class initialized using 'CodeIgniter\Session\Handlers\FileHandler' driver.
DEBUG - 2026-05-11 04:35:05 --> Session: Class initialized using 'CodeIgniter\Session\Handlers\FileHandler' driver.
DEBUG - 2026-05-11 04:35:08 --> Session: Class initialized using 'CodeIgniter\Session\Handlers\FileHandler' driver.
DEBUG - 2026-05-11 04:35:09 --> Session: Class initialized using 'CodeIgniter\Session\Handlers\FileHandler' driver.
DEBUG - 2026-05-11 04:35:11 --> Session: Class initialized using 'CodeIgniter\Session\Handlers\FileHandler' driver.
DEBUG - 2026-05-11 04:35:12 --> Session: Class initialized using 'CodeIgniter\Session\Handlers\FileHandler' driver.
DEBUG - 2026-05-11 04:35:14 --> Session: Class initialized using 'CodeIgniter\Session\Handlers\FileHandler' driver.
CRITICAL - 2026-05-11 04:35:16 --> ParseError: Unclosed '{' on line 197 does not match ']'
[Method: GET, Route: plan-info]
in APPPATH\Controllers\Client\ClientRegistrationController.php on line 255.
 1 SYSTEMPATH\Autoloader\Autoloader.php(295): CodeIgniter\Autoloader\Autoloader->includeFile('C:\\xampp\\htdocs\\caresync\\ci4\\app\\Controllers\\Client\\ClientRegistrationController.php')
 2 SYSTEMPATH\Autoloader\Autoloader.php(271): CodeIgniter\Autoloader\Autoloader->loadInNamespace('App\\Controllers\\Client\\ClientRegistrationController')
 3 [internal function]: CodeIgniter\Autoloader\Autoloader->loadClass('App\\Controllers\\Client\\ClientRegistrationController')
 4 SYSTEMPATH\Router\Router.php(792): class_exists('\\App\\Controllers\\Client\\ClientRegistrationController')
 5 SYSTEMPATH\Router\Router.php(230): CodeIgniter\Router\Router->processRouteAttributes()
 6 SYSTEMPATH\CodeIgniter.php(829): CodeIgniter\Router\Router->handle('plan-info')
 7 SYSTEMPATH\CodeIgniter.php(441): CodeIgniter\CodeIgniter->tryToRouteIt(Object(CodeIgniter\Router\RouteCollection))
 8 SYSTEMPATH\CodeIgniter.php(340): CodeIgniter\CodeIgniter->handleRequest(null, Object(Config\Cache), false)
 9 SYSTEMPATH\Boot.php(417): CodeIgniter\CodeIgniter->run()
10 SYSTEMPATH\Boot.php(68): CodeIgniter\Boot::runCodeIgniter(Object(CodeIgniter\CodeIgniter))
11 FCPATH\index.php(59): CodeIgniter\Boot::bootWeb(Object(Config\Paths))
DEBUG - 2026-05-11 04:47:57 --> Session: Class initialized using 'CodeIgniter\Session\Handlers\FileHandler' driver.
CRITICAL - 2026-05-11 04:47:57 --> ErrorException: Undefined variable $plans
[Method: GET, Route: plan-info]
in APPPATH\Controllers\Client\ClientRegistrationController.php on line 46.
 1 APPPATH\Controllers\Client\ClientRegistrationController.php(46): CodeIgniter\Debug\Exceptions->errorHandler(2, 'Undefined variable $plans', 'C:\\xampp\\htdocs\\caresync\\ci4\\app\\Controllers\\Client\\ClientRegistrationController.php', 46)
 2 SYSTEMPATH\CodeIgniter.php(951): App\Controllers\Client\ClientRegistrationController->planInfo()
 3 SYSTEMPATH\CodeIgniter.php(497): CodeIgniter\CodeIgniter->runController(Object(App\Controllers\Client\ClientRegistrationController))
 4 SYSTEMPATH\CodeIgniter.php(340): CodeIgniter\CodeIgniter->handleRequest(null, Object(Config\Cache), false)
 5 SYSTEMPATH\Boot.php(417): CodeIgniter\CodeIgniter->run()
 6 SYSTEMPATH\Boot.php(68): CodeIgniter\Boot::runCodeIgniter(Object(CodeIgniter\CodeIgniter))
 7 FCPATH\index.php(59): CodeIgniter\Boot::bootWeb(Object(Config\Paths))
DEBUG - 2026-05-11 04:48:23 --> Session: Class initialized using 'CodeIgniter\Session\Handlers\FileHandler' driver.
CRITICAL - 2026-05-11 04:48:23 --> ErrorException: Undefined variable $plans
[Method: GET, Route: plan-info]
in APPPATH\Controllers\Client\ClientRegistrationController.php on line 46.
 1 APPPATH\Controllers\Client\ClientRegistrationController.php(46): CodeIgniter\Debug\Exceptions->errorHandler(2, 'Undefined variable $plans', 'C:\\xampp\\htdocs\\caresync\\ci4\\app\\Controllers\\Client\\ClientRegistrationController.php', 46)
 2 SYSTEMPATH\CodeIgniter.php(951): App\Controllers\Client\ClientRegistrationController->planInfo()
 3 SYSTEMPATH\CodeIgniter.php(497): CodeIgniter\CodeIgniter->runController(Object(App\Controllers\Client\ClientRegistrationController))
 4 SYSTEMPATH\CodeIgniter.php(340): CodeIgniter\CodeIgniter->handleRequest(null, Object(Config\Cache), false)
 5 SYSTEMPATH\Boot.php(417): CodeIgniter\CodeIgniter->run()
 6 SYSTEMPATH\Boot.php(68): CodeIgniter\Boot::runCodeIgniter(Object(CodeIgniter\CodeIgniter))
 7 FCPATH\index.php(59): CodeIgniter\Boot::bootWeb(Object(Config\Paths))
DEBUG - 2026-05-11 04:48:25 --> Session: Class initialized using 'CodeIgniter\Session\Handlers\FileHandler' driver.
DEBUG - 2026-05-11 04:48:30 --> Session: Class initialized using 'CodeIgniter\Session\Handlers\FileHandler' driver.
CRITICAL - 2026-05-11 04:48:30 --> ErrorException: Undefined variable $plans
[Method: GET, Route: plan-info]
in APPPATH\Controllers\Client\ClientRegistrationController.php on line 46.
 1 APPPATH\Controllers\Client\ClientRegistrationController.php(46): CodeIgniter\Debug\Exceptions->errorHandler(2, 'Undefined variable $plans', 'C:\\xampp\\htdocs\\caresync\\ci4\\app\\Controllers\\Client\\ClientRegistrationController.php', 46)
 2 SYSTEMPATH\CodeIgniter.php(951): App\Controllers\Client\ClientRegistrationController->planInfo()
 3 SYSTEMPATH\CodeIgniter.php(497): CodeIgniter\CodeIgniter->runController(Object(App\Controllers\Client\ClientRegistrationController))
 4 SYSTEMPATH\CodeIgniter.php(340): CodeIgniter\CodeIgniter->handleRequest(null, Object(Config\Cache), false)
 5 SYSTEMPATH\Boot.php(417): CodeIgniter\CodeIgniter->run()
 6 SYSTEMPATH\Boot.php(68): CodeIgniter\Boot::runCodeIgniter(Object(CodeIgniter\CodeIgniter))
 7 FCPATH\index.php(59): CodeIgniter\Boot::bootWeb(Object(Config\Paths))
DEBUG - 2026-05-11 04:50:19 --> Session: Class initialized using 'CodeIgniter\Session\Handlers\FileHandler' driver.
DEBUG - 2026-05-11 04:50:24 --> Session: Class initialized using 'CodeIgniter\Session\Handlers\FileHandler' driver.
DEBUG - 2026-05-11 04:50:48 --> Session: Class initialized using 'CodeIgniter\Session\Handlers\FileHandler' driver.
DEBUG - 2026-05-11 04:50:49 --> Session: Class initialized using 'CodeIgniter\Session\Handlers\FileHandler' driver.
DEBUG - 2026-05-11 04:51:16 --> Session: Class initialized using 'CodeIgniter\Session\Handlers\FileHandler' driver.
DEBUG - 2026-05-11 04:51:25 --> Session: Class initialized using 'CodeIgniter\Session\Handlers\FileHandler' driver.
DEBUG - 2026-05-11 04:51:26 --> Session: Class initialized using 'CodeIgniter\Session\Handlers\FileHandler' driver.
DEBUG - 2026-05-11 04:51:33 --> Session: Class initialized using 'CodeIgniter\Session\Handlers\FileHandler' driver.
ERROR - 2026-05-11 04:51:33 --> Unknown column 'pay.months_covered' in 'field list'
in SYSTEMPATH\Database\MySQLi\Connection.php on line 300.
 1 SYSTEMPATH\Database\MySQLi\Connection.php(300): mysqli->query('SELECT `pay`.`payment_id`, `pay`.`plan_id`, `pay`.`amount`, `pay`.`months_covered`, `pay`.`payment_date`, `pay`.`payment_method`, `pay`.`reference_number`, `pay`.`official_receipt_number`, `pay`.`status`, `pay`.`remarks`, `pay`.`received_by`, `pay`.`verified_at`, `pay`.`verified_by`, `u`.`first_name`, `u`.`last_name`, `ph`.`unique_identifier`, `ph`.`plan_holder_id`
FROM `payments` `pay`
INNER JOIN `plans` `p` ON `p`.`plan_id` = `pay`.`plan_id`
INNER JOIN `plan_holders` `ph` ON `ph`.`plan_holder_id` = `p`.`plan_holder_id`
INNER JOIN `users` `u` ON `u`.`user_id` = `ph`.`user_id`
WHERE `pay`.`branch_id` = 1
ORDER BY `pay`.`payment_id` DESC', 0)
 2 SYSTEMPATH\Database\BaseConnection.php(910): CodeIgniter\Database\MySQLi\Connection->execute('SELECT `pay`.`payment_id`, `pay`.`plan_id`, `pay`.`amount`, `pay`.`months_covered`, `pay`.`payment_date`, `pay`.`payment_method`, `pay`.`reference_number`, `pay`.`official_receipt_number`, `pay`.`status`, `pay`.`remarks`, `pay`.`received_by`, `pay`.`verified_at`, `pay`.`verified_by`, `u`.`first_name`, `u`.`last_name`, `ph`.`unique_identifier`, `ph`.`plan_holder_id`
FROM `payments` `pay`
INNER JOIN `plans` `p` ON `p`.`plan_id` = `pay`.`plan_id`
INNER JOIN `plan_holders` `ph` ON `ph`.`plan_holder_id` = `p`.`plan_holder_id`
INNER JOIN `users` `u` ON `u`.`user_id` = `ph`.`user_id`
WHERE `pay`.`branch_id` = 1
ORDER BY `pay`.`payment_id` DESC')
 3 SYSTEMPATH\Database\BaseConnection.php(827): CodeIgniter\Database\BaseConnection->simpleQuery('SELECT `pay`.`payment_id`, `pay`.`plan_id`, `pay`.`amount`, `pay`.`months_covered`, `pay`.`payment_date`, `pay`.`payment_method`, `pay`.`reference_number`, `pay`.`official_receipt_number`, `pay`.`status`, `pay`.`remarks`, `pay`.`received_by`, `pay`.`verified_at`, `pay`.`verified_by`, `u`.`first_name`, `u`.`last_name`, `ph`.`unique_identifier`, `ph`.`plan_holder_id`
FROM `payments` `pay`
INNER JOIN `plans` `p` ON `p`.`plan_id` = `pay`.`plan_id`
INNER JOIN `plan_holders` `ph` ON `ph`.`plan_holder_id` = `p`.`plan_holder_id`
INNER JOIN `users` `u` ON `u`.`user_id` = `ph`.`user_id`
WHERE `pay`.`branch_id` = 1
ORDER BY `pay`.`payment_id` DESC')
 4 SYSTEMPATH\Database\BaseBuilder.php(1649): CodeIgniter\Database\BaseConnection->query('SELECT `pay`.`payment_id`, `pay`.`plan_id`, `pay`.`amount`, `pay`.`months_covered`, `pay`.`payment_date`, `pay`.`payment_method`, `pay`.`reference_number`, `pay`.`official_receipt_number`, `pay`.`status`, `pay`.`remarks`, `pay`.`received_by`, `pay`.`verified_at`, `pay`.`verified_by`, `u`.`first_name`, `u`.`last_name`, `ph`.`unique_identifier`, `ph`.`plan_holder_id`
FROM `payments` `pay`
INNER JOIN `plans` `p` ON `p`.`plan_id` = `pay`.`plan_id`
INNER JOIN `plan_holders` `ph` ON `ph`.`plan_holder_id` = `p`.`plan_holder_id`
INNER JOIN `users` `u` ON `u`.`user_id` = `ph`.`user_id`
WHERE `pay`.`branch_id` = :pay.branch_id:
ORDER BY `pay`.`payment_id` DESC', [...], false)
 5 APPPATH\Controllers\PaymentTracking.php(575): CodeIgniter\Database\BaseBuilder->get()
 6 APPPATH\Controllers\PaymentTracking.php(99): App\Controllers\PaymentTracking->paymentRows(1)
 7 SYSTEMPATH\CodeIgniter.php(951): App\Controllers\PaymentTracking->branchAdmin()
 8 SYSTEMPATH\CodeIgniter.php(497): CodeIgniter\CodeIgniter->runController(Object(App\Controllers\PaymentTracking))
 9 SYSTEMPATH\CodeIgniter.php(340): CodeIgniter\CodeIgniter->handleRequest(null, Object(Config\Cache), false)
10 SYSTEMPATH\Boot.php(417): CodeIgniter\CodeIgniter->run()
11 SYSTEMPATH\Boot.php(68): CodeIgniter\Boot::runCodeIgniter(Object(CodeIgniter\CodeIgniter))
12 FCPATH\index.php(59): CodeIgniter\Boot::bootWeb(Object(Config\Paths))
CRITICAL - 2026-05-11 04:51:33 --> CodeIgniter\Database\Exceptions\DatabaseException: Unknown column 'pay.months_covered' in 'field list'
[Method: GET, Route: branch-admin/payment-tracking]
in SYSTEMPATH\Database\BaseConnection.php on line 865.
 1 SYSTEMPATH\Database\BaseBuilder.php(1649): CodeIgniter\Database\BaseConnection->query('SELECT `pay`.`payment_id`, `pay`.`plan_id`, `pay`.`amount`, `pay`.`months_covered`, `pay`.`payment_date`, `pay`.`payment_method`, `pay`.`reference_number`, `pay`.`official_receipt_number`, `pay`.`status`, `pay`.`remarks`, `pay`.`received_by`, `pay`.`verified_at`, `pay`.`verified_by`, `u`.`first_name`, `u`.`last_name`, `ph`.`unique_identifier`, `ph`.`plan_holder_id`
FROM `payments` `pay`
INNER JOIN `plans` `p` ON `p`.`plan_id` = `pay`.`plan_id`
INNER JOIN `plan_holders` `ph` ON `ph`.`plan_holder_id` = `p`.`plan_holder_id`
INNER JOIN `users` `u` ON `u`.`user_id` = `ph`.`user_id`
WHERE `pay`.`branch_id` = :pay.branch_id:
ORDER BY `pay`.`payment_id` DESC', [...], false)
 2 APPPATH\Controllers\PaymentTracking.php(575): CodeIgniter\Database\BaseBuilder->get()
 3 APPPATH\Controllers\PaymentTracking.php(99): App\Controllers\PaymentTracking->paymentRows(1)
 4 SYSTEMPATH\CodeIgniter.php(951): App\Controllers\PaymentTracking->branchAdmin()
 5 SYSTEMPATH\CodeIgniter.php(497): CodeIgniter\CodeIgniter->runController(Object(App\Controllers\PaymentTracking))
 6 SYSTEMPATH\CodeIgniter.php(340): CodeIgniter\CodeIgniter->handleRequest(null, Object(Config\Cache), false)
 7 SYSTEMPATH\Boot.php(417): CodeIgniter\CodeIgniter->run()
 8 SYSTEMPATH\Boot.php(68): CodeIgniter\Boot::runCodeIgniter(Object(CodeIgniter\CodeIgniter))
 9 FCPATH\index.php(59): CodeIgniter\Boot::bootWeb(Object(Config\Paths))
CRITICAL - 2026-05-11 04:51:33 --> [Caused by] CodeIgniter\Database\Exceptions\DatabaseException: Unknown column 'pay.months_covered' in 'field list'
in SYSTEMPATH\Database\MySQLi\Connection.php on line 310.
 1 SYSTEMPATH\Database\BaseConnection.php(910): CodeIgniter\Database\MySQLi\Connection->execute('SELECT `pay`.`payment_id`, `pay`.`plan_id`, `pay`.`amount`, `pay`.`months_covered`, `pay`.`payment_date`, `pay`.`payment_method`, `pay`.`reference_number`, `pay`.`official_receipt_number`, `pay`.`status`, `pay`.`remarks`, `pay`.`received_by`, `pay`.`verified_at`, `pay`.`verified_by`, `u`.`first_name`, `u`.`last_name`, `ph`.`unique_identifier`, `ph`.`plan_holder_id`
FROM `payments` `pay`
INNER JOIN `plans` `p` ON `p`.`plan_id` = `pay`.`plan_id`
INNER JOIN `plan_holders` `ph` ON `ph`.`plan_holder_id` = `p`.`plan_holder_id`
INNER JOIN `users` `u` ON `u`.`user_id` = `ph`.`user_id`
WHERE `pay`.`branch_id` = 1
ORDER BY `pay`.`payment_id` DESC')
 2 SYSTEMPATH\Database\BaseConnection.php(827): CodeIgniter\Database\BaseConnection->simpleQuery('SELECT `pay`.`payment_id`, `pay`.`plan_id`, `pay`.`amount`, `pay`.`months_covered`, `pay`.`payment_date`, `pay`.`payment_method`, `pay`.`reference_number`, `pay`.`official_receipt_number`, `pay`.`status`, `pay`.`remarks`, `pay`.`received_by`, `pay`.`verified_at`, `pay`.`verified_by`, `u`.`first_name`, `u`.`last_name`, `ph`.`unique_identifier`, `ph`.`plan_holder_id`
FROM `payments` `pay`
INNER JOIN `plans` `p` ON `p`.`plan_id` = `pay`.`plan_id`
INNER JOIN `plan_holders` `ph` ON `ph`.`plan_holder_id` = `p`.`plan_holder_id`
INNER JOIN `users` `u` ON `u`.`user_id` = `ph`.`user_id`
WHERE `pay`.`branch_id` = 1
ORDER BY `pay`.`payment_id` DESC')
 3 SYSTEMPATH\Database\BaseBuilder.php(1649): CodeIgniter\Database\BaseConnection->query('SELECT `pay`.`payment_id`, `pay`.`plan_id`, `pay`.`amount`, `pay`.`months_covered`, `pay`.`payment_date`, `pay`.`payment_method`, `pay`.`reference_number`, `pay`.`official_receipt_number`, `pay`.`status`, `pay`.`remarks`, `pay`.`received_by`, `pay`.`verified_at`, `pay`.`verified_by`, `u`.`first_name`, `u`.`last_name`, `ph`.`unique_identifier`, `ph`.`plan_holder_id`
FROM `payments` `pay`
INNER JOIN `plans` `p` ON `p`.`plan_id` = `pay`.`plan_id`
INNER JOIN `plan_holders` `ph` ON `ph`.`plan_holder_id` = `p`.`plan_holder_id`
INNER JOIN `users` `u` ON `u`.`user_id` = `ph`.`user_id`
WHERE `pay`.`branch_id` = :pay.branch_id:
ORDER BY `pay`.`payment_id` DESC', [...], false)
 4 APPPATH\Controllers\PaymentTracking.php(575): CodeIgniter\Database\BaseBuilder->get()
 5 APPPATH\Controllers\PaymentTracking.php(99): App\Controllers\PaymentTracking->paymentRows(1)
 6 SYSTEMPATH\CodeIgniter.php(951): App\Controllers\PaymentTracking->branchAdmin()
 7 SYSTEMPATH\CodeIgniter.php(497): CodeIgniter\CodeIgniter->runController(Object(App\Controllers\PaymentTracking))
 8 SYSTEMPATH\CodeIgniter.php(340): CodeIgniter\CodeIgniter->handleRequest(null, Object(Config\Cache), false)
 9 SYSTEMPATH\Boot.php(417): CodeIgniter\CodeIgniter->run()
10 SYSTEMPATH\Boot.php(68): CodeIgniter\Boot::runCodeIgniter(Object(CodeIgniter\CodeIgniter))
11 FCPATH\index.php(59): CodeIgniter\Boot::bootWeb(Object(Config\Paths))
CRITICAL - 2026-05-11 04:51:33 --> [Caused by] mysqli_sql_exception: Unknown column 'pay.months_covered' in 'field list'
in SYSTEMPATH\Database\MySQLi\Connection.php on line 300.
 1 SYSTEMPATH\Database\MySQLi\Connection.php(300): mysqli->query('SELECT `pay`.`payment_id`, `pay`.`plan_id`, `pay`.`amount`, `pay`.`months_covered`, `pay`.`payment_date`, `pay`.`payment_method`, `pay`.`reference_number`, `pay`.`official_receipt_number`, `pay`.`status`, `pay`.`remarks`, `pay`.`received_by`, `pay`.`verified_at`, `pay`.`verified_by`, `u`.`first_name`, `u`.`last_name`, `ph`.`unique_identifier`, `ph`.`plan_holder_id`
FROM `payments` `pay`
INNER JOIN `plans` `p` ON `p`.`plan_id` = `pay`.`plan_id`
INNER JOIN `plan_holders` `ph` ON `ph`.`plan_holder_id` = `p`.`plan_holder_id`
INNER JOIN `users` `u` ON `u`.`user_id` = `ph`.`user_id`
WHERE `pay`.`branch_id` = 1
ORDER BY `pay`.`payment_id` DESC', 0)
 2 SYSTEMPATH\Database\BaseConnection.php(910): CodeIgniter\Database\MySQLi\Connection->execute('SELECT `pay`.`payment_id`, `pay`.`plan_id`, `pay`.`amount`, `pay`.`months_covered`, `pay`.`payment_date`, `pay`.`payment_method`, `pay`.`reference_number`, `pay`.`official_receipt_number`, `pay`.`status`, `pay`.`remarks`, `pay`.`received_by`, `pay`.`verified_at`, `pay`.`verified_by`, `u`.`first_name`, `u`.`last_name`, `ph`.`unique_identifier`, `ph`.`plan_holder_id`
FROM `payments` `pay`
INNER JOIN `plans` `p` ON `p`.`plan_id` = `pay`.`plan_id`
INNER JOIN `plan_holders` `ph` ON `ph`.`plan_holder_id` = `p`.`plan_holder_id`
INNER JOIN `users` `u` ON `u`.`user_id` = `ph`.`user_id`
WHERE `pay`.`branch_id` = 1
ORDER BY `pay`.`payment_id` DESC')
 3 SYSTEMPATH\Database\BaseConnection.php(827): CodeIgniter\Database\BaseConnection->simpleQuery('SELECT `pay`.`payment_id`, `pay`.`plan_id`, `pay`.`amount`, `pay`.`months_covered`, `pay`.`payment_date`, `pay`.`payment_method`, `pay`.`reference_number`, `pay`.`official_receipt_number`, `pay`.`status`, `pay`.`remarks`, `pay`.`received_by`, `pay`.`verified_at`, `pay`.`verified_by`, `u`.`first_name`, `u`.`last_name`, `ph`.`unique_identifier`, `ph`.`plan_holder_id`
FROM `payments` `pay`
INNER JOIN `plans` `p` ON `p`.`plan_id` = `pay`.`plan_id`
INNER JOIN `plan_holders` `ph` ON `ph`.`plan_holder_id` = `p`.`plan_holder_id`
INNER JOIN `users` `u` ON `u`.`user_id` = `ph`.`user_id`
WHERE `pay`.`branch_id` = 1
ORDER BY `pay`.`payment_id` DESC')
 4 SYSTEMPATH\Database\BaseBuilder.php(1649): CodeIgniter\Database\BaseConnection->query('SELECT `pay`.`payment_id`, `pay`.`plan_id`, `pay`.`amount`, `pay`.`months_covered`, `pay`.`payment_date`, `pay`.`payment_method`, `pay`.`reference_number`, `pay`.`official_receipt_number`, `pay`.`status`, `pay`.`remarks`, `pay`.`received_by`, `pay`.`verified_at`, `pay`.`verified_by`, `u`.`first_name`, `u`.`last_name`, `ph`.`unique_identifier`, `ph`.`plan_holder_id`
FROM `payments` `pay`
INNER JOIN `plans` `p` ON `p`.`plan_id` = `pay`.`plan_id`
INNER JOIN `plan_holders` `ph` ON `ph`.`plan_holder_id` = `p`.`plan_holder_id`
INNER JOIN `users` `u` ON `u`.`user_id` = `ph`.`user_id`
WHERE `pay`.`branch_id` = :pay.branch_id:
ORDER BY `pay`.`payment_id` DESC', [...], false)
 5 APPPATH\Controllers\PaymentTracking.php(575): CodeIgniter\Database\BaseBuilder->get()
 6 APPPATH\Controllers\PaymentTracking.php(99): App\Controllers\PaymentTracking->paymentRows(1)
 7 SYSTEMPATH\CodeIgniter.php(951): App\Controllers\PaymentTracking->branchAdmin()
 8 SYSTEMPATH\CodeIgniter.php(497): CodeIgniter\CodeIgniter->runController(Object(App\Controllers\PaymentTracking))
 9 SYSTEMPATH\CodeIgniter.php(340): CodeIgniter\CodeIgniter->handleRequest(null, Object(Config\Cache), false)
10 SYSTEMPATH\Boot.php(417): CodeIgniter\CodeIgniter->run()
11 SYSTEMPATH\Boot.php(68): CodeIgniter\Boot::runCodeIgniter(Object(CodeIgniter\CodeIgniter))
12 FCPATH\index.php(59): CodeIgniter\Boot::bootWeb(Object(Config\Paths))
DEBUG - 2026-05-11 04:56:51 --> Session: Class initialized using 'CodeIgniter\Session\Handlers\FileHandler' driver.
ERROR - 2026-05-11 04:56:51 --> Unknown column 'pay.months_covered' in 'field list'
in SYSTEMPATH\Database\MySQLi\Connection.php on line 300.
 1 SYSTEMPATH\Database\MySQLi\Connection.php(300): mysqli->query('SELECT `pay`.`payment_id`, `pay`.`plan_id`, `pay`.`amount`, `pay`.`months_covered`, `pay`.`payment_date`, `pay`.`payment_method`, `pay`.`reference_number`, `pay`.`official_receipt_number`, `pay`.`status`, `pay`.`remarks`, `pay`.`received_by`, `pay`.`verified_at`, `pay`.`verified_by`, `u`.`first_name`, `u`.`last_name`, `ph`.`unique_identifier`, `ph`.`plan_holder_id`
FROM `payments` `pay`
INNER JOIN `plans` `p` ON `p`.`plan_id` = `pay`.`plan_id`
INNER JOIN `plan_holders` `ph` ON `ph`.`plan_holder_id` = `p`.`plan_holder_id`
INNER JOIN `users` `u` ON `u`.`user_id` = `ph`.`user_id`
WHERE `pay`.`branch_id` = 1
ORDER BY `pay`.`payment_id` DESC', 0)
 2 SYSTEMPATH\Database\BaseConnection.php(910): CodeIgniter\Database\MySQLi\Connection->execute('SELECT `pay`.`payment_id`, `pay`.`plan_id`, `pay`.`amount`, `pay`.`months_covered`, `pay`.`payment_date`, `pay`.`payment_method`, `pay`.`reference_number`, `pay`.`official_receipt_number`, `pay`.`status`, `pay`.`remarks`, `pay`.`received_by`, `pay`.`verified_at`, `pay`.`verified_by`, `u`.`first_name`, `u`.`last_name`, `ph`.`unique_identifier`, `ph`.`plan_holder_id`
FROM `payments` `pay`
INNER JOIN `plans` `p` ON `p`.`plan_id` = `pay`.`plan_id`
INNER JOIN `plan_holders` `ph` ON `ph`.`plan_holder_id` = `p`.`plan_holder_id`
INNER JOIN `users` `u` ON `u`.`user_id` = `ph`.`user_id`
WHERE `pay`.`branch_id` = 1
ORDER BY `pay`.`payment_id` DESC')
 3 SYSTEMPATH\Database\BaseConnection.php(827): CodeIgniter\Database\BaseConnection->simpleQuery('SELECT `pay`.`payment_id`, `pay`.`plan_id`, `pay`.`amount`, `pay`.`months_covered`, `pay`.`payment_date`, `pay`.`payment_method`, `pay`.`reference_number`, `pay`.`official_receipt_number`, `pay`.`status`, `pay`.`remarks`, `pay`.`received_by`, `pay`.`verified_at`, `pay`.`verified_by`, `u`.`first_name`, `u`.`last_name`, `ph`.`unique_identifier`, `ph`.`plan_holder_id`
FROM `payments` `pay`
INNER JOIN `plans` `p` ON `p`.`plan_id` = `pay`.`plan_id`
INNER JOIN `plan_holders` `ph` ON `ph`.`plan_holder_id` = `p`.`plan_holder_id`
INNER JOIN `users` `u` ON `u`.`user_id` = `ph`.`user_id`
WHERE `pay`.`branch_id` = 1
ORDER BY `pay`.`payment_id` DESC')
 4 SYSTEMPATH\Database\BaseBuilder.php(1649): CodeIgniter\Database\BaseConnection->query('SELECT `pay`.`payment_id`, `pay`.`plan_id`, `pay`.`amount`, `pay`.`months_covered`, `pay`.`payment_date`, `pay`.`payment_method`, `pay`.`reference_number`, `pay`.`official_receipt_number`, `pay`.`status`, `pay`.`remarks`, `pay`.`received_by`, `pay`.`verified_at`, `pay`.`verified_by`, `u`.`first_name`, `u`.`last_name`, `ph`.`unique_identifier`, `ph`.`plan_holder_id`
FROM `payments` `pay`
INNER JOIN `plans` `p` ON `p`.`plan_id` = `pay`.`plan_id`
INNER JOIN `plan_holders` `ph` ON `ph`.`plan_holder_id` = `p`.`plan_holder_id`
INNER JOIN `users` `u` ON `u`.`user_id` = `ph`.`user_id`
WHERE `pay`.`branch_id` = :pay.branch_id:
ORDER BY `pay`.`payment_id` DESC', [...], false)
 5 APPPATH\Controllers\PaymentTracking.php(575): CodeIgniter\Database\BaseBuilder->get()
 6 APPPATH\Controllers\PaymentTracking.php(99): App\Controllers\PaymentTracking->paymentRows(1)
 7 SYSTEMPATH\CodeIgniter.php(951): App\Controllers\PaymentTracking->branchAdmin()
 8 SYSTEMPATH\CodeIgniter.php(497): CodeIgniter\CodeIgniter->runController(Object(App\Controllers\PaymentTracking))
 9 SYSTEMPATH\CodeIgniter.php(340): CodeIgniter\CodeIgniter->handleRequest(null, Object(Config\Cache), false)
10 SYSTEMPATH\Boot.php(417): CodeIgniter\CodeIgniter->run()
11 SYSTEMPATH\Boot.php(68): CodeIgniter\Boot::runCodeIgniter(Object(CodeIgniter\CodeIgniter))
12 FCPATH\index.php(59): CodeIgniter\Boot::bootWeb(Object(Config\Paths))
CRITICAL - 2026-05-11 04:56:51 --> CodeIgniter\Database\Exceptions\DatabaseException: Unknown column 'pay.months_covered' in 'field list'
[Method: GET, Route: branch-admin/payment-tracking]
in SYSTEMPATH\Database\BaseConnection.php on line 865.
 1 SYSTEMPATH\Database\BaseBuilder.php(1649): CodeIgniter\Database\BaseConnection->query('SELECT `pay`.`payment_id`, `pay`.`plan_id`, `pay`.`amount`, `pay`.`months_covered`, `pay`.`payment_date`, `pay`.`payment_method`, `pay`.`reference_number`, `pay`.`official_receipt_number`, `pay`.`status`, `pay`.`remarks`, `pay`.`received_by`, `pay`.`verified_at`, `pay`.`verified_by`, `u`.`first_name`, `u`.`last_name`, `ph`.`unique_identifier`, `ph`.`plan_holder_id`
FROM `payments` `pay`
INNER JOIN `plans` `p` ON `p`.`plan_id` = `pay`.`plan_id`
INNER JOIN `plan_holders` `ph` ON `ph`.`plan_holder_id` = `p`.`plan_holder_id`
INNER JOIN `users` `u` ON `u`.`user_id` = `ph`.`user_id`
WHERE `pay`.`branch_id` = :pay.branch_id:
ORDER BY `pay`.`payment_id` DESC', [...], false)
 2 APPPATH\Controllers\PaymentTracking.php(575): CodeIgniter\Database\BaseBuilder->get()
 3 APPPATH\Controllers\PaymentTracking.php(99): App\Controllers\PaymentTracking->paymentRows(1)
 4 SYSTEMPATH\CodeIgniter.php(951): App\Controllers\PaymentTracking->branchAdmin()
 5 SYSTEMPATH\CodeIgniter.php(497): CodeIgniter\CodeIgniter->runController(Object(App\Controllers\PaymentTracking))
 6 SYSTEMPATH\CodeIgniter.php(340): CodeIgniter\CodeIgniter->handleRequest(null, Object(Config\Cache), false)
 7 SYSTEMPATH\Boot.php(417): CodeIgniter\CodeIgniter->run()
 8 SYSTEMPATH\Boot.php(68): CodeIgniter\Boot::runCodeIgniter(Object(CodeIgniter\CodeIgniter))
 9 FCPATH\index.php(59): CodeIgniter\Boot::bootWeb(Object(Config\Paths))
CRITICAL - 2026-05-11 04:56:51 --> [Caused by] CodeIgniter\Database\Exceptions\DatabaseException: Unknown column 'pay.months_covered' in 'field list'
in SYSTEMPATH\Database\MySQLi\Connection.php on line 310.
 1 SYSTEMPATH\Database\BaseConnection.php(910): CodeIgniter\Database\MySQLi\Connection->execute('SELECT `pay`.`payment_id`, `pay`.`plan_id`, `pay`.`amount`, `pay`.`months_covered`, `pay`.`payment_date`, `pay`.`payment_method`, `pay`.`reference_number`, `pay`.`official_receipt_number`, `pay`.`status`, `pay`.`remarks`, `pay`.`received_by`, `pay`.`verified_at`, `pay`.`verified_by`, `u`.`first_name`, `u`.`last_name`, `ph`.`unique_identifier`, `ph`.`plan_holder_id`
FROM `payments` `pay`
INNER JOIN `plans` `p` ON `p`.`plan_id` = `pay`.`plan_id`
INNER JOIN `plan_holders` `ph` ON `ph`.`plan_holder_id` = `p`.`plan_holder_id`
INNER JOIN `users` `u` ON `u`.`user_id` = `ph`.`user_id`
WHERE `pay`.`branch_id` = 1
ORDER BY `pay`.`payment_id` DESC')
 2 SYSTEMPATH\Database\BaseConnection.php(827): CodeIgniter\Database\BaseConnection->simpleQuery('SELECT `pay`.`payment_id`, `pay`.`plan_id`, `pay`.`amount`, `pay`.`months_covered`, `pay`.`payment_date`, `pay`.`payment_method`, `pay`.`reference_number`, `pay`.`official_receipt_number`, `pay`.`status`, `pay`.`remarks`, `pay`.`received_by`, `pay`.`verified_at`, `pay`.`verified_by`, `u`.`first_name`, `u`.`last_name`, `ph`.`unique_identifier`, `ph`.`plan_holder_id`
FROM `payments` `pay`
INNER JOIN `plans` `p` ON `p`.`plan_id` = `pay`.`plan_id`
INNER JOIN `plan_holders` `ph` ON `ph`.`plan_holder_id` = `p`.`plan_holder_id`
INNER JOIN `users` `u` ON `u`.`user_id` = `ph`.`user_id`
WHERE `pay`.`branch_id` = 1
ORDER BY `pay`.`payment_id` DESC')
 3 SYSTEMPATH\Database\BaseBuilder.php(1649): CodeIgniter\Database\BaseConnection->query('SELECT `pay`.`payment_id`, `pay`.`plan_id`, `pay`.`amount`, `pay`.`months_covered`, `pay`.`payment_date`, `pay`.`payment_method`, `pay`.`reference_number`, `pay`.`official_receipt_number`, `pay`.`status`, `pay`.`remarks`, `pay`.`received_by`, `pay`.`verified_at`, `pay`.`verified_by`, `u`.`first_name`, `u`.`last_name`, `ph`.`unique_identifier`, `ph`.`plan_holder_id`
FROM `payments` `pay`
INNER JOIN `plans` `p` ON `p`.`plan_id` = `pay`.`plan_id`
INNER JOIN `plan_holders` `ph` ON `ph`.`plan_holder_id` = `p`.`plan_holder_id`
INNER JOIN `users` `u` ON `u`.`user_id` = `ph`.`user_id`
WHERE `pay`.`branch_id` = :pay.branch_id:
ORDER BY `pay`.`payment_id` DESC', [...], false)
 4 APPPATH\Controllers\PaymentTracking.php(575): CodeIgniter\Database\BaseBuilder->get()
 5 APPPATH\Controllers\PaymentTracking.php(99): App\Controllers\PaymentTracking->paymentRows(1)
 6 SYSTEMPATH\CodeIgniter.php(951): App\Controllers\PaymentTracking->branchAdmin()
 7 SYSTEMPATH\CodeIgniter.php(497): CodeIgniter\CodeIgniter->runController(Object(App\Controllers\PaymentTracking))
 8 SYSTEMPATH\CodeIgniter.php(340): CodeIgniter\CodeIgniter->handleRequest(null, Object(Config\Cache), false)
 9 SYSTEMPATH\Boot.php(417): CodeIgniter\CodeIgniter->run()
10 SYSTEMPATH\Boot.php(68): CodeIgniter\Boot::runCodeIgniter(Object(CodeIgniter\CodeIgniter))
11 FCPATH\index.php(59): CodeIgniter\Boot::bootWeb(Object(Config\Paths))
CRITICAL - 2026-05-11 04:56:51 --> [Caused by] mysqli_sql_exception: Unknown column 'pay.months_covered' in 'field list'
in SYSTEMPATH\Database\MySQLi\Connection.php on line 300.
 1 SYSTEMPATH\Database\MySQLi\Connection.php(300): mysqli->query('SELECT `pay`.`payment_id`, `pay`.`plan_id`, `pay`.`amount`, `pay`.`months_covered`, `pay`.`payment_date`, `pay`.`payment_method`, `pay`.`reference_number`, `pay`.`official_receipt_number`, `pay`.`status`, `pay`.`remarks`, `pay`.`received_by`, `pay`.`verified_at`, `pay`.`verified_by`, `u`.`first_name`, `u`.`last_name`, `ph`.`unique_identifier`, `ph`.`plan_holder_id`
FROM `payments` `pay`
INNER JOIN `plans` `p` ON `p`.`plan_id` = `pay`.`plan_id`
INNER JOIN `plan_holders` `ph` ON `ph`.`plan_holder_id` = `p`.`plan_holder_id`
INNER JOIN `users` `u` ON `u`.`user_id` = `ph`.`user_id`
WHERE `pay`.`branch_id` = 1
ORDER BY `pay`.`payment_id` DESC', 0)
 2 SYSTEMPATH\Database\BaseConnection.php(910): CodeIgniter\Database\MySQLi\Connection->execute('SELECT `pay`.`payment_id`, `pay`.`plan_id`, `pay`.`amount`, `pay`.`months_covered`, `pay`.`payment_date`, `pay`.`payment_method`, `pay`.`reference_number`, `pay`.`official_receipt_number`, `pay`.`status`, `pay`.`remarks`, `pay`.`received_by`, `pay`.`verified_at`, `pay`.`verified_by`, `u`.`first_name`, `u`.`last_name`, `ph`.`unique_identifier`, `ph`.`plan_holder_id`
FROM `payments` `pay`
INNER JOIN `plans` `p` ON `p`.`plan_id` = `pay`.`plan_id`
INNER JOIN `plan_holders` `ph` ON `ph`.`plan_holder_id` = `p`.`plan_holder_id`
INNER JOIN `users` `u` ON `u`.`user_id` = `ph`.`user_id`
WHERE `pay`.`branch_id` = 1
ORDER BY `pay`.`payment_id` DESC')
 3 SYSTEMPATH\Database\BaseConnection.php(827): CodeIgniter\Database\BaseConnection->simpleQuery('SELECT `pay`.`payment_id`, `pay`.`plan_id`, `pay`.`amount`, `pay`.`months_covered`, `pay`.`payment_date`, `pay`.`payment_method`, `pay`.`reference_number`, `pay`.`official_receipt_number`, `pay`.`status`, `pay`.`remarks`, `pay`.`received_by`, `pay`.`verified_at`, `pay`.`verified_by`, `u`.`first_name`, `u`.`last_name`, `ph`.`unique_identifier`, `ph`.`plan_holder_id`
FROM `payments` `pay`
INNER JOIN `plans` `p` ON `p`.`plan_id` = `pay`.`plan_id`
INNER JOIN `plan_holders` `ph` ON `ph`.`plan_holder_id` = `p`.`plan_holder_id`
INNER JOIN `users` `u` ON `u`.`user_id` = `ph`.`user_id`
WHERE `pay`.`branch_id` = 1
ORDER BY `pay`.`payment_id` DESC')
 4 SYSTEMPATH\Database\BaseBuilder.php(1649): CodeIgniter\Database\BaseConnection->query('SELECT `pay`.`payment_id`, `pay`.`plan_id`, `pay`.`amount`, `pay`.`months_covered`, `pay`.`payment_date`, `pay`.`payment_method`, `pay`.`reference_number`, `pay`.`official_receipt_number`, `pay`.`status`, `pay`.`remarks`, `pay`.`received_by`, `pay`.`verified_at`, `pay`.`verified_by`, `u`.`first_name`, `u`.`last_name`, `ph`.`unique_identifier`, `ph`.`plan_holder_id`
FROM `payments` `pay`
INNER JOIN `plans` `p` ON `p`.`plan_id` = `pay`.`plan_id`
INNER JOIN `plan_holders` `ph` ON `ph`.`plan_holder_id` = `p`.`plan_holder_id`
INNER JOIN `users` `u` ON `u`.`user_id` = `ph`.`user_id`
WHERE `pay`.`branch_id` = :pay.branch_id:
ORDER BY `pay`.`payment_id` DESC', [...], false)
 5 APPPATH\Controllers\PaymentTracking.php(575): CodeIgniter\Database\BaseBuilder->get()
 6 APPPATH\Controllers\PaymentTracking.php(99): App\Controllers\PaymentTracking->paymentRows(1)
 7 SYSTEMPATH\CodeIgniter.php(951): App\Controllers\PaymentTracking->branchAdmin()
 8 SYSTEMPATH\CodeIgniter.php(497): CodeIgniter\CodeIgniter->runController(Object(App\Controllers\PaymentTracking))
 9 SYSTEMPATH\CodeIgniter.php(340): CodeIgniter\CodeIgniter->handleRequest(null, Object(Config\Cache), false)
10 SYSTEMPATH\Boot.php(417): CodeIgniter\CodeIgniter->run()
11 SYSTEMPATH\Boot.php(68): CodeIgniter\Boot::runCodeIgniter(Object(CodeIgniter\CodeIgniter))
12 FCPATH\index.php(59): CodeIgniter\Boot::bootWeb(Object(Config\Paths))
DEBUG - 2026-05-11 04:56:54 --> Session: Class initialized using 'CodeIgniter\Session\Handlers\FileHandler' driver.
ERROR - 2026-05-11 04:56:54 --> Unknown column 'pay.months_covered' in 'field list'
in SYSTEMPATH\Database\MySQLi\Connection.php on line 300.
 1 SYSTEMPATH\Database\MySQLi\Connection.php(300): mysqli->query('SELECT `pay`.`payment_id`, `pay`.`plan_id`, `pay`.`amount`, `pay`.`months_covered`, `pay`.`payment_date`, `pay`.`payment_method`, `pay`.`reference_number`, `pay`.`official_receipt_number`, `pay`.`status`, `pay`.`remarks`, `pay`.`received_by`, `pay`.`verified_at`, `pay`.`verified_by`, `u`.`first_name`, `u`.`last_name`, `ph`.`unique_identifier`, `ph`.`plan_holder_id`
FROM `payments` `pay`
INNER JOIN `plans` `p` ON `p`.`plan_id` = `pay`.`plan_id`
INNER JOIN `plan_holders` `ph` ON `ph`.`plan_holder_id` = `p`.`plan_holder_id`
INNER JOIN `users` `u` ON `u`.`user_id` = `ph`.`user_id`
WHERE `pay`.`branch_id` = 1
ORDER BY `pay`.`payment_id` DESC', 0)
 2 SYSTEMPATH\Database\BaseConnection.php(910): CodeIgniter\Database\MySQLi\Connection->execute('SELECT `pay`.`payment_id`, `pay`.`plan_id`, `pay`.`amount`, `pay`.`months_covered`, `pay`.`payment_date`, `pay`.`payment_method`, `pay`.`reference_number`, `pay`.`official_receipt_number`, `pay`.`status`, `pay`.`remarks`, `pay`.`received_by`, `pay`.`verified_at`, `pay`.`verified_by`, `u`.`first_name`, `u`.`last_name`, `ph`.`unique_identifier`, `ph`.`plan_holder_id`
FROM `payments` `pay`
INNER JOIN `plans` `p` ON `p`.`plan_id` = `pay`.`plan_id`
INNER JOIN `plan_holders` `ph` ON `ph`.`plan_holder_id` = `p`.`plan_holder_id`
INNER JOIN `users` `u` ON `u`.`user_id` = `ph`.`user_id`
WHERE `pay`.`branch_id` = 1
ORDER BY `pay`.`payment_id` DESC')
 3 SYSTEMPATH\Database\BaseConnection.php(827): CodeIgniter\Database\BaseConnection->simpleQuery('SELECT `pay`.`payment_id`, `pay`.`plan_id`, `pay`.`amount`, `pay`.`months_covered`, `pay`.`payment_date`, `pay`.`payment_method`, `pay`.`reference_number`, `pay`.`official_receipt_number`, `pay`.`status`, `pay`.`remarks`, `pay`.`received_by`, `pay`.`verified_at`, `pay`.`verified_by`, `u`.`first_name`, `u`.`last_name`, `ph`.`unique_identifier`, `ph`.`plan_holder_id`
FROM `payments` `pay`
INNER JOIN `plans` `p` ON `p`.`plan_id` = `pay`.`plan_id`
INNER JOIN `plan_holders` `ph` ON `ph`.`plan_holder_id` = `p`.`plan_holder_id`
INNER JOIN `users` `u` ON `u`.`user_id` = `ph`.`user_id`
WHERE `pay`.`branch_id` = 1
ORDER BY `pay`.`payment_id` DESC')
 4 SYSTEMPATH\Database\BaseBuilder.php(1649): CodeIgniter\Database\BaseConnection->query('SELECT `pay`.`payment_id`, `pay`.`plan_id`, `pay`.`amount`, `pay`.`months_covered`, `pay`.`payment_date`, `pay`.`payment_method`, `pay`.`reference_number`, `pay`.`official_receipt_number`, `pay`.`status`, `pay`.`remarks`, `pay`.`received_by`, `pay`.`verified_at`, `pay`.`verified_by`, `u`.`first_name`, `u`.`last_name`, `ph`.`unique_identifier`, `ph`.`plan_holder_id`
FROM `payments` `pay`
INNER JOIN `plans` `p` ON `p`.`plan_id` = `pay`.`plan_id`
INNER JOIN `plan_holders` `ph` ON `ph`.`plan_holder_id` = `p`.`plan_holder_id`
INNER JOIN `users` `u` ON `u`.`user_id` = `ph`.`user_id`
WHERE `pay`.`branch_id` = :pay.branch_id:
ORDER BY `pay`.`payment_id` DESC', [...], false)
 5 APPPATH\Controllers\PaymentTracking.php(575): CodeIgniter\Database\BaseBuilder->get()
 6 APPPATH\Controllers\PaymentTracking.php(99): App\Controllers\PaymentTracking->paymentRows(1)
 7 SYSTEMPATH\CodeIgniter.php(951): App\Controllers\PaymentTracking->branchAdmin()
 8 SYSTEMPATH\CodeIgniter.php(497): CodeIgniter\CodeIgniter->runController(Object(App\Controllers\PaymentTracking))
 9 SYSTEMPATH\CodeIgniter.php(340): CodeIgniter\CodeIgniter->handleRequest(null, Object(Config\Cache), false)
10 SYSTEMPATH\Boot.php(417): CodeIgniter\CodeIgniter->run()
11 SYSTEMPATH\Boot.php(68): CodeIgniter\Boot::runCodeIgniter(Object(CodeIgniter\CodeIgniter))
12 FCPATH\index.php(59): CodeIgniter\Boot::bootWeb(Object(Config\Paths))
CRITICAL - 2026-05-11 04:56:54 --> CodeIgniter\Database\Exceptions\DatabaseException: Unknown column 'pay.months_covered' in 'field list'
[Method: GET, Route: branch-admin/payment-tracking]
in SYSTEMPATH\Database\BaseConnection.php on line 865.
 1 SYSTEMPATH\Database\BaseBuilder.php(1649): CodeIgniter\Database\BaseConnection->query('SELECT `pay`.`payment_id`, `pay`.`plan_id`, `pay`.`amount`, `pay`.`months_covered`, `pay`.`payment_date`, `pay`.`payment_method`, `pay`.`reference_number`, `pay`.`official_receipt_number`, `pay`.`status`, `pay`.`remarks`, `pay`.`received_by`, `pay`.`verified_at`, `pay`.`verified_by`, `u`.`first_name`, `u`.`last_name`, `ph`.`unique_identifier`, `ph`.`plan_holder_id`
FROM `payments` `pay`
INNER JOIN `plans` `p` ON `p`.`plan_id` = `pay`.`plan_id`
INNER JOIN `plan_holders` `ph` ON `ph`.`plan_holder_id` = `p`.`plan_holder_id`
INNER JOIN `users` `u` ON `u`.`user_id` = `ph`.`user_id`
WHERE `pay`.`branch_id` = :pay.branch_id:
ORDER BY `pay`.`payment_id` DESC', [...], false)
 2 APPPATH\Controllers\PaymentTracking.php(575): CodeIgniter\Database\BaseBuilder->get()
 3 APPPATH\Controllers\PaymentTracking.php(99): App\Controllers\PaymentTracking->paymentRows(1)
 4 SYSTEMPATH\CodeIgniter.php(951): App\Controllers\PaymentTracking->branchAdmin()
 5 SYSTEMPATH\CodeIgniter.php(497): CodeIgniter\CodeIgniter->runController(Object(App\Controllers\PaymentTracking))
 6 SYSTEMPATH\CodeIgniter.php(340): CodeIgniter\CodeIgniter->handleRequest(null, Object(Config\Cache), false)
 7 SYSTEMPATH\Boot.php(417): CodeIgniter\CodeIgniter->run()
 8 SYSTEMPATH\Boot.php(68): CodeIgniter\Boot::runCodeIgniter(Object(CodeIgniter\CodeIgniter))
 9 FCPATH\index.php(59): CodeIgniter\Boot::bootWeb(Object(Config\Paths))
CRITICAL - 2026-05-11 04:56:54 --> [Caused by] CodeIgniter\Database\Exceptions\DatabaseException: Unknown column 'pay.months_covered' in 'field list'
in SYSTEMPATH\Database\MySQLi\Connection.php on line 310.
 1 SYSTEMPATH\Database\BaseConnection.php(910): CodeIgniter\Database\MySQLi\Connection->execute('SELECT `pay`.`payment_id`, `pay`.`plan_id`, `pay`.`amount`, `pay`.`months_covered`, `pay`.`payment_date`, `pay`.`payment_method`, `pay`.`reference_number`, `pay`.`official_receipt_number`, `pay`.`status`, `pay`.`remarks`, `pay`.`received_by`, `pay`.`verified_at`, `pay`.`verified_by`, `u`.`first_name`, `u`.`last_name`, `ph`.`unique_identifier`, `ph`.`plan_holder_id`
FROM `payments` `pay`
INNER JOIN `plans` `p` ON `p`.`plan_id` = `pay`.`plan_id`
INNER JOIN `plan_holders` `ph` ON `ph`.`plan_holder_id` = `p`.`plan_holder_id`
INNER JOIN `users` `u` ON `u`.`user_id` = `ph`.`user_id`
WHERE `pay`.`branch_id` = 1
ORDER BY `pay`.`payment_id` DESC')
 2 SYSTEMPATH\Database\BaseConnection.php(827): CodeIgniter\Database\BaseConnection->simpleQuery('SELECT `pay`.`payment_id`, `pay`.`plan_id`, `pay`.`amount`, `pay`.`months_covered`, `pay`.`payment_date`, `pay`.`payment_method`, `pay`.`reference_number`, `pay`.`official_receipt_number`, `pay`.`status`, `pay`.`remarks`, `pay`.`received_by`, `pay`.`verified_at`, `pay`.`verified_by`, `u`.`first_name`, `u`.`last_name`, `ph`.`unique_identifier`, `ph`.`plan_holder_id`
FROM `payments` `pay`
INNER JOIN `plans` `p` ON `p`.`plan_id` = `pay`.`plan_id`
INNER JOIN `plan_holders` `ph` ON `ph`.`plan_holder_id` = `p`.`plan_holder_id`
INNER JOIN `users` `u` ON `u`.`user_id` = `ph`.`user_id`
WHERE `pay`.`branch_id` = 1
ORDER BY `pay`.`payment_id` DESC')
 3 SYSTEMPATH\Database\BaseBuilder.php(1649): CodeIgniter\Database\BaseConnection->query('SELECT `pay`.`payment_id`, `pay`.`plan_id`, `pay`.`amount`, `pay`.`months_covered`, `pay`.`payment_date`, `pay`.`payment_method`, `pay`.`reference_number`, `pay`.`official_receipt_number`, `pay`.`status`, `pay`.`remarks`, `pay`.`received_by`, `pay`.`verified_at`, `pay`.`verified_by`, `u`.`first_name`, `u`.`last_name`, `ph`.`unique_identifier`, `ph`.`plan_holder_id`
FROM `payments` `pay`
INNER JOIN `plans` `p` ON `p`.`plan_id` = `pay`.`plan_id`
INNER JOIN `plan_holders` `ph` ON `ph`.`plan_holder_id` = `p`.`plan_holder_id`
INNER JOIN `users` `u` ON `u`.`user_id` = `ph`.`user_id`
WHERE `pay`.`branch_id` = :pay.branch_id:
ORDER BY `pay`.`payment_id` DESC', [...], false)
 4 APPPATH\Controllers\PaymentTracking.php(575): CodeIgniter\Database\BaseBuilder->get()
 5 APPPATH\Controllers\PaymentTracking.php(99): App\Controllers\PaymentTracking->paymentRows(1)
 6 SYSTEMPATH\CodeIgniter.php(951): App\Controllers\PaymentTracking->branchAdmin()
 7 SYSTEMPATH\CodeIgniter.php(497): CodeIgniter\CodeIgniter->runController(Object(App\Controllers\PaymentTracking))
 8 SYSTEMPATH\CodeIgniter.php(340): CodeIgniter\CodeIgniter->handleRequest(null, Object(Config\Cache), false)
 9 SYSTEMPATH\Boot.php(417): CodeIgniter\CodeIgniter->run()
10 SYSTEMPATH\Boot.php(68): CodeIgniter\Boot::runCodeIgniter(Object(CodeIgniter\CodeIgniter))
11 FCPATH\index.php(59): CodeIgniter\Boot::bootWeb(Object(Config\Paths))
CRITICAL - 2026-05-11 04:56:54 --> [Caused by] mysqli_sql_exception: Unknown column 'pay.months_covered' in 'field list'
in SYSTEMPATH\Database\MySQLi\Connection.php on line 300.
 1 SYSTEMPATH\Database\MySQLi\Connection.php(300): mysqli->query('SELECT `pay`.`payment_id`, `pay`.`plan_id`, `pay`.`amount`, `pay`.`months_covered`, `pay`.`payment_date`, `pay`.`payment_method`, `pay`.`reference_number`, `pay`.`official_receipt_number`, `pay`.`status`, `pay`.`remarks`, `pay`.`received_by`, `pay`.`verified_at`, `pay`.`verified_by`, `u`.`first_name`, `u`.`last_name`, `ph`.`unique_identifier`, `ph`.`plan_holder_id`
FROM `payments` `pay`
INNER JOIN `plans` `p` ON `p`.`plan_id` = `pay`.`plan_id`
INNER JOIN `plan_holders` `ph` ON `ph`.`plan_holder_id` = `p`.`plan_holder_id`
INNER JOIN `users` `u` ON `u`.`user_id` = `ph`.`user_id`
WHERE `pay`.`branch_id` = 1
ORDER BY `pay`.`payment_id` DESC', 0)
 2 SYSTEMPATH\Database\BaseConnection.php(910): CodeIgniter\Database\MySQLi\Connection->execute('SELECT `pay`.`payment_id`, `pay`.`plan_id`, `pay`.`amount`, `pay`.`months_covered`, `pay`.`payment_date`, `pay`.`payment_method`, `pay`.`reference_number`, `pay`.`official_receipt_number`, `pay`.`status`, `pay`.`remarks`, `pay`.`received_by`, `pay`.`verified_at`, `pay`.`verified_by`, `u`.`first_name`, `u`.`last_name`, `ph`.`unique_identifier`, `ph`.`plan_holder_id`
FROM `payments` `pay`
INNER JOIN `plans` `p` ON `p`.`plan_id` = `pay`.`plan_id`
INNER JOIN `plan_holders` `ph` ON `ph`.`plan_holder_id` = `p`.`plan_holder_id`
INNER JOIN `users` `u` ON `u`.`user_id` = `ph`.`user_id`
WHERE `pay`.`branch_id` = 1
ORDER BY `pay`.`payment_id` DESC')
 3 SYSTEMPATH\Database\BaseConnection.php(827): CodeIgniter\Database\BaseConnection->simpleQuery('SELECT `pay`.`payment_id`, `pay`.`plan_id`, `pay`.`amount`, `pay`.`months_covered`, `pay`.`payment_date`, `pay`.`payment_method`, `pay`.`reference_number`, `pay`.`official_receipt_number`, `pay`.`status`, `pay`.`remarks`, `pay`.`received_by`, `pay`.`verified_at`, `pay`.`verified_by`, `u`.`first_name`, `u`.`last_name`, `ph`.`unique_identifier`, `ph`.`plan_holder_id`
FROM `payments` `pay`
INNER JOIN `plans` `p` ON `p`.`plan_id` = `pay`.`plan_id`
INNER JOIN `plan_holders` `ph` ON `ph`.`plan_holder_id` = `p`.`plan_holder_id`
INNER JOIN `users` `u` ON `u`.`user_id` = `ph`.`user_id`
WHERE `pay`.`branch_id` = 1
ORDER BY `pay`.`payment_id` DESC')
 4 SYSTEMPATH\Database\BaseBuilder.php(1649): CodeIgniter\Database\BaseConnection->query('SELECT `pay`.`payment_id`, `pay`.`plan_id`, `pay`.`amount`, `pay`.`months_covered`, `pay`.`payment_date`, `pay`.`payment_method`, `pay`.`reference_number`, `pay`.`official_receipt_number`, `pay`.`status`, `pay`.`remarks`, `pay`.`received_by`, `pay`.`verified_at`, `pay`.`verified_by`, `u`.`first_name`, `u`.`last_name`, `ph`.`unique_identifier`, `ph`.`plan_holder_id`
FROM `payments` `pay`
INNER JOIN `plans` `p` ON `p`.`plan_id` = `pay`.`plan_id`
INNER JOIN `plan_holders` `ph` ON `ph`.`plan_holder_id` = `p`.`plan_holder_id`
INNER JOIN `users` `u` ON `u`.`user_id` = `ph`.`user_id`
WHERE `pay`.`branch_id` = :pay.branch_id:
ORDER BY `pay`.`payment_id` DESC', [...], false)
 5 APPPATH\Controllers\PaymentTracking.php(575): CodeIgniter\Database\BaseBuilder->get()
 6 APPPATH\Controllers\PaymentTracking.php(99): App\Controllers\PaymentTracking->paymentRows(1)
 7 SYSTEMPATH\CodeIgniter.php(951): App\Controllers\PaymentTracking->branchAdmin()
 8 SYSTEMPATH\CodeIgniter.php(497): CodeIgniter\CodeIgniter->runController(Object(App\Controllers\PaymentTracking))
 9 SYSTEMPATH\CodeIgniter.php(340): CodeIgniter\CodeIgniter->handleRequest(null, Object(Config\Cache), false)
10 SYSTEMPATH\Boot.php(417): CodeIgniter\CodeIgniter->run()
11 SYSTEMPATH\Boot.php(68): CodeIgniter\Boot::runCodeIgniter(Object(CodeIgniter\CodeIgniter))
12 FCPATH\index.php(59): CodeIgniter\Boot::bootWeb(Object(Config\Paths))
DEBUG - 2026-05-11 04:57:02 --> Session: Class initialized using 'CodeIgniter\Session\Handlers\FileHandler' driver.
DEBUG - 2026-05-11 04:57:21 --> Session: Class initialized using 'CodeIgniter\Session\Handlers\FileHandler' driver.
DEBUG - 2026-05-11 04:57:22 --> Session: Class initialized using 'CodeIgniter\Session\Handlers\FileHandler' driver.
DEBUG - 2026-05-11 05:00:24 --> Session: Class initialized using 'CodeIgniter\Session\Handlers\FileHandler' driver.
DEBUG - 2026-05-11 05:00:41 --> Session: Class initialized using 'CodeIgniter\Session\Handlers\FileHandler' driver.
DEBUG - 2026-05-11 05:00:42 --> Session: Class initialized using 'CodeIgniter\Session\Handlers\FileHandler' driver.
DEBUG - 2026-05-11 05:02:32 --> Session: Class initialized using 'CodeIgniter\Session\Handlers\FileHandler' driver.
DEBUG - 2026-05-11 05:02:36 --> Session: Class initialized using 'CodeIgniter\Session\Handlers\FileHandler' driver.
DEBUG - 2026-05-11 05:02:39 --> Session: Class initialized using 'CodeIgniter\Session\Handlers\FileHandler' driver.
DEBUG - 2026-05-11 05:02:43 --> Session: Class initialized using 'CodeIgniter\Session\Handlers\FileHandler' driver.
DEBUG - 2026-05-11 05:02:45 --> Session: Class initialized using 'CodeIgniter\Session\Handlers\FileHandler' driver.
DEBUG - 2026-05-11 05:02:45 --> Session: Class initialized using 'CodeIgniter\Session\Handlers\FileHandler' driver.
DEBUG - 2026-05-11 05:02:48 --> Session: Class initialized using 'CodeIgniter\Session\Handlers\FileHandler' driver.
DEBUG - 2026-05-11 05:02:50 --> Session: Class initialized using 'CodeIgniter\Session\Handlers\FileHandler' driver.
DEBUG - 2026-05-11 05:02:58 --> Session: Class initialized using 'CodeIgniter\Session\Handlers\FileHandler' driver.
DEBUG - 2026-05-11 05:03:11 --> Session: Class initialized using 'CodeIgniter\Session\Handlers\FileHandler' driver.
DEBUG - 2026-05-11 05:03:12 --> Session: Class initialized using 'CodeIgniter\Session\Handlers\FileHandler' driver.
DEBUG - 2026-05-11 05:03:16 --> Session: Class initialized using 'CodeIgniter\Session\Handlers\FileHandler' driver.
DEBUG - 2026-05-11 05:03:17 --> Session: Class initialized using 'CodeIgniter\Session\Handlers\FileHandler' driver.
DEBUG - 2026-05-11 05:03:30 --> Session: Class initialized using 'CodeIgniter\Session\Handlers\FileHandler' driver.
DEBUG - 2026-05-11 05:03:31 --> Session: Class initialized using 'CodeIgniter\Session\Handlers\FileHandler' driver.
DEBUG - 2026-05-11 05:04:28 --> Session: Class initialized using 'CodeIgniter\Session\Handlers\FileHandler' driver.
DEBUG - 2026-05-11 05:04:29 --> Session: Class initialized using 'CodeIgniter\Session\Handlers\FileHandler' driver.
DEBUG - 2026-05-11 05:10:39 --> Session: Class initialized using 'CodeIgniter\Session\Handlers\FileHandler' driver.
DEBUG - 2026-05-11 05:10:58 --> Session: Class initialized using 'CodeIgniter\Session\Handlers\FileHandler' driver.
DEBUG - 2026-05-11 05:10:59 --> Session: Class initialized using 'CodeIgniter\Session\Handlers\FileHandler' driver.
DEBUG - 2026-05-11 05:11:54 --> Session: Class initialized using 'CodeIgniter\Session\Handlers\FileHandler' driver.
DEBUG - 2026-05-11 05:11:54 --> Session: Class initialized using 'CodeIgniter\Session\Handlers\FileHandler' driver.
DEBUG - 2026-05-11 05:12:44 --> Session: Class initialized using 'CodeIgniter\Session\Handlers\FileHandler' driver.
DEBUG - 2026-05-11 05:12:46 --> Session: Class initialized using 'CodeIgniter\Session\Handlers\FileHandler' driver.
DEBUG - 2026-05-11 05:13:11 --> Session: Class initialized using 'CodeIgniter\Session\Handlers\FileHandler' driver.
DEBUG - 2026-05-11 05:13:12 --> Session: Class initialized using 'CodeIgniter\Session\Handlers\FileHandler' driver.
DEBUG - 2026-05-11 05:13:41 --> Session: Class initialized using 'CodeIgniter\Session\Handlers\FileHandler' driver.
DEBUG - 2026-05-11 05:13:41 --> Session: Class initialized using 'CodeIgniter\Session\Handlers\FileHandler' driver.
DEBUG - 2026-05-11 05:14:09 --> Session: Class initialized using 'CodeIgniter\Session\Handlers\FileHandler' driver.
DEBUG - 2026-05-11 05:14:10 --> Session: Class initialized using 'CodeIgniter\Session\Handlers\FileHandler' driver.
DEBUG - 2026-05-11 05:23:48 --> Session: Class initialized using 'CodeIgniter\Session\Handlers\FileHandler' driver.
DEBUG - 2026-05-11 05:23:49 --> Session: Class initialized using 'CodeIgniter\Session\Handlers\FileHandler' driver.
DEBUG - 2026-05-11 05:24:09 --> Session: Class initialized using 'CodeIgniter\Session\Handlers\FileHandler' driver.
DEBUG - 2026-05-11 05:24:09 --> Session: Class initialized using 'CodeIgniter\Session\Handlers\FileHandler' driver.
DEBUG - 2026-05-11 05:24:25 --> Session: Class initialized using 'CodeIgniter\Session\Handlers\FileHandler' driver.
DEBUG - 2026-05-11 05:24:25 --> Session: Class initialized using 'CodeIgniter\Session\Handlers\FileHandler' driver.
DEBUG - 2026-05-11 05:44:28 --> Session: Class initialized using 'CodeIgniter\Session\Handlers\FileHandler' driver.
DEBUG - 2026-05-11 05:44:40 --> Session: Class initialized using 'CodeIgniter\Session\Handlers\FileHandler' driver.
ERROR - 2026-05-11 05:45:21 --> Unknown column 'type' in 'field list'
in SYSTEMPATH\Database\MySQLi\Connection.php on line 300.
 1 SYSTEMPATH\Database\MySQLi\Connection.php(300): mysqli->query('INSERT INTO `notifications` (`user_id`, `message`, `type`, `status`, `created_at`) VALUES (14, \'Your account was created. Complete plan holder registration to unlock services and payments.\', \'registration_pending\', \'unread\', \'2026-05-11 05:45:21\')', 0)
 2 SYSTEMPATH\Database\BaseConnection.php(910): CodeIgniter\Database\MySQLi\Connection->execute('INSERT INTO `notifications` (`user_id`, `message`, `type`, `status`, `created_at`) VALUES (14, \'Your account was created. Complete plan holder registration to unlock services and payments.\', \'registration_pending\', \'unread\', \'2026-05-11 05:45:21\')')
 3 SYSTEMPATH\Database\BaseConnection.php(827): CodeIgniter\Database\BaseConnection->simpleQuery('INSERT INTO `notifications` (`user_id`, `message`, `type`, `status`, `created_at`) VALUES (14, \'Your account was created. Complete plan holder registration to unlock services and payments.\', \'registration_pending\', \'unread\', \'2026-05-11 05:45:21\')')
 4 SYSTEMPATH\Database\BaseBuilder.php(2345): CodeIgniter\Database\BaseConnection->query('INSERT INTO `notifications` (`user_id`, `message`, `type`, `status`, `created_at`) VALUES (:user_id:, :message:, :type:, :status:, :created_at:)', [...], false)
 5 APPPATH\Services\NotificationService.php(35): CodeIgniter\Database\BaseBuilder->insert([...])
 6 APPPATH\Controllers\Auth.php(167): App\Services\NotificationService->notify(14, 'Your account was created. Complete plan holder registration to unlock services and payments.', 'registration_pending')
 7 SYSTEMPATH\CodeIgniter.php(951): App\Controllers\Auth->attemptRegister()
 8 SYSTEMPATH\CodeIgniter.php(497): CodeIgniter\CodeIgniter->runController(Object(App\Controllers\Auth))
 9 SYSTEMPATH\CodeIgniter.php(340): CodeIgniter\CodeIgniter->handleRequest(null, Object(Config\Cache), false)
10 SYSTEMPATH\Boot.php(417): CodeIgniter\CodeIgniter->run()
11 SYSTEMPATH\Boot.php(68): CodeIgniter\Boot::runCodeIgniter(Object(CodeIgniter\CodeIgniter))
12 FCPATH\index.php(59): CodeIgniter\Boot::bootWeb(Object(Config\Paths))
ERROR - 2026-05-11 05:45:21 --> NotificationService::notify - Unknown column 'type' in 'field list'
ERROR - 2026-05-11 05:45:21 --> Table 'kaagapay_db.activity_logs' doesn't exist
in SYSTEMPATH\Database\MySQLi\Connection.php on line 300.
 1 SYSTEMPATH\Database\MySQLi\Connection.php(300): mysqli->query('INSERT INTO `activity_logs` (`user_id`, `action`, `module`, `target_id`, `description`, `old_values`, `new_values`, `ip_address`, `created_at`) VALUES (14, \'created\', \'user\', 14, \'Registered new client account\', NULL, \'{\\"linked_existing_plan_holder\\":false}\', \'::1\', \'2026-05-11 05:45:21\')', 0)
 2 SYSTEMPATH\Database\BaseConnection.php(910): CodeIgniter\Database\MySQLi\Connection->execute('INSERT INTO `activity_logs` (`user_id`, `action`, `module`, `target_id`, `description`, `old_values`, `new_values`, `ip_address`, `created_at`) VALUES (14, \'created\', \'user\', 14, \'Registered new client account\', NULL, \'{\\"linked_existing_plan_holder\\":false}\', \'::1\', \'2026-05-11 05:45:21\')')
 3 SYSTEMPATH\Database\BaseConnection.php(827): CodeIgniter\Database\BaseConnection->simpleQuery('INSERT INTO `activity_logs` (`user_id`, `action`, `module`, `target_id`, `description`, `old_values`, `new_values`, `ip_address`, `created_at`) VALUES (14, \'created\', \'user\', 14, \'Registered new client account\', NULL, \'{\\"linked_existing_plan_holder\\":false}\', \'::1\', \'2026-05-11 05:45:21\')')
 4 SYSTEMPATH\Database\BaseBuilder.php(2345): CodeIgniter\Database\BaseConnection->query('INSERT INTO `activity_logs` (`user_id`, `action`, `module`, `target_id`, `description`, `old_values`, `new_values`, `ip_address`, `created_at`) VALUES (:user_id:, :action:, :module:, :target_id:, :description:, :old_values:, :new_values:, :ip_address:, :created_at:)', [...], false)
 5 APPPATH\Services\ActivityLogService.php(52): CodeIgniter\Database\BaseBuilder->insert([...])
 6 APPPATH\Controllers\Auth.php(170): App\Services\ActivityLogService->log(14, 'created', 'user', 14, 'Registered new client account', null, [...])
 7 SYSTEMPATH\CodeIgniter.php(951): App\Controllers\Auth->attemptRegister()
 8 SYSTEMPATH\CodeIgniter.php(497): CodeIgniter\CodeIgniter->runController(Object(App\Controllers\Auth))
 9 SYSTEMPATH\CodeIgniter.php(340): CodeIgniter\CodeIgniter->handleRequest(null, Object(Config\Cache), false)
10 SYSTEMPATH\Boot.php(417): CodeIgniter\CodeIgniter->run()
11 SYSTEMPATH\Boot.php(68): CodeIgniter\Boot::runCodeIgniter(Object(CodeIgniter\CodeIgniter))
12 FCPATH\index.php(59): CodeIgniter\Boot::bootWeb(Object(Config\Paths))
ERROR - 2026-05-11 05:45:21 --> ActivityLogService::log - Table 'kaagapay_db.activity_logs' doesn't exist
DEBUG - 2026-05-11 05:45:21 --> Session: Class initialized using 'CodeIgniter\Session\Handlers\FileHandler' driver.
DEBUG - 2026-05-11 05:45:22 --> Session: Class initialized using 'CodeIgniter\Session\Handlers\FileHandler' driver.
DEBUG - 2026-05-11 05:45:39 --> Session: Class initialized using 'CodeIgniter\Session\Handlers\FileHandler' driver.
DEBUG - 2026-05-11 05:45:40 --> Session: Class initialized using 'CodeIgniter\Session\Handlers\FileHandler' driver.
DEBUG - 2026-05-11 05:45:49 --> Session: Class initialized using 'CodeIgniter\Session\Handlers\FileHandler' driver.
DEBUG - 2026-05-11 05:46:02 --> Session: Class initialized using 'CodeIgniter\Session\Handlers\FileHandler' driver.
DEBUG - 2026-05-11 05:47:26 --> Session: Class initialized using 'CodeIgniter\Session\Handlers\FileHandler' driver.
DEBUG - 2026-05-11 05:47:27 --> Session: Class initialized using 'CodeIgniter\Session\Handlers\FileHandler' driver.
DEBUG - 2026-05-11 05:47:47 --> Session: Class initialized using 'CodeIgniter\Session\Handlers\FileHandler' driver.
DEBUG - 2026-05-11 05:47:48 --> Session: Class initialized using 'CodeIgniter\Session\Handlers\FileHandler' driver.
DEBUG - 2026-05-11 05:47:55 --> Session: Class initialized using 'CodeIgniter\Session\Handlers\FileHandler' driver.
DEBUG - 2026-05-11 05:47:56 --> Session: Class initialized using 'CodeIgniter\Session\Handlers\FileHandler' driver.
DEBUG - 2026-05-11 05:48:31 --> Session: Class initialized using 'CodeIgniter\Session\Handlers\FileHandler' driver.
DEBUG - 2026-05-11 05:48:32 --> Session: Class initialized using 'CodeIgniter\Session\Handlers\FileHandler' driver.
DEBUG - 2026-05-11 05:48:39 --> Session: Class initialized using 'CodeIgniter\Session\Handlers\FileHandler' driver.
DEBUG - 2026-05-11 05:48:40 --> Session: Class initialized using 'CodeIgniter\Session\Handlers\FileHandler' driver.
DEBUG - 2026-05-11 05:48:41 --> Session: Class initialized using 'CodeIgniter\Session\Handlers\FileHandler' driver.
DEBUG - 2026-05-11 05:48:42 --> Session: Class initialized using 'CodeIgniter\Session\Handlers\FileHandler' driver.
DEBUG - 2026-05-11 05:48:55 --> Session: Class initialized using 'CodeIgniter\Session\Handlers\FileHandler' driver.
DEBUG - 2026-05-11 05:48:56 --> Session: Class initialized using 'CodeIgniter\Session\Handlers\FileHandler' driver.
DEBUG - 2026-05-11 05:49:03 --> Session: Class initialized using 'CodeIgniter\Session\Handlers\FileHandler' driver.
DEBUG - 2026-05-11 05:49:04 --> Session: Class initialized using 'CodeIgniter\Session\Handlers\FileHandler' driver.
DEBUG - 2026-05-11 05:49:12 --> Session: Class initialized using 'CodeIgniter\Session\Handlers\FileHandler' driver.
DEBUG - 2026-05-11 05:49:13 --> Session: Class initialized using 'CodeIgniter\Session\Handlers\FileHandler' driver.
DEBUG - 2026-05-11 05:49:44 --> Session: Class initialized using 'CodeIgniter\Session\Handlers\FileHandler' driver.
DEBUG - 2026-05-11 05:49:47 --> Session: Class initialized using 'CodeIgniter\Session\Handlers\FileHandler' driver.
DEBUG - 2026-05-11 05:50:15 --> Session: Class initialized using 'CodeIgniter\Session\Handlers\FileHandler' driver.
ERROR - 2026-05-11 05:50:15 --> Unknown column 'id_control_no' in 'field list'
in SYSTEMPATH\Database\MySQLi\Connection.php on line 300.
 1 SYSTEMPATH\Database\MySQLi\Connection.php(300): mysqli->query('INSERT INTO `plan_holders` (`user_id`, `id_control_no`, `coordinator`, `application_date`, `address_no`, `address_street`, `address_barangay`, `address_city`, `date_of_birth`, `place_of_birth`, `age`, `gender`, `civil_status`, `citizenship`, `height`, `weight`, `spouse_name`, `spouse_birthdate`, `spouse_occupation`, `senior_citizen_id`, `organization_affiliation`, `emergency_contact_name`, `emergency_contact_number`, `emergency_contact_address`, `branch_id`, `status`) VALUES (14, \'\', \'\', \'2026-05-11\', \'\', \'Anilao\', \'camansihan\', \'Calapan City\', \'2005-05-12\', \'Calapan City\', 21, \'Male\', \'Single\', \'Filipino\', NULL, NULL, \'\', NULL, \'\', \'\', \'\', \'\', \'\', \'\', 1, \'inactive\')', 0)
 2 SYSTEMPATH\Database\BaseConnection.php(910): CodeIgniter\Database\MySQLi\Connection->execute('INSERT INTO `plan_holders` (`user_id`, `id_control_no`, `coordinator`, `application_date`, `address_no`, `address_street`, `address_barangay`, `address_city`, `date_of_birth`, `place_of_birth`, `age`, `gender`, `civil_status`, `citizenship`, `height`, `weight`, `spouse_name`, `spouse_birthdate`, `spouse_occupation`, `senior_citizen_id`, `organization_affiliation`, `emergency_contact_name`, `emergency_contact_number`, `emergency_contact_address`, `branch_id`, `status`) VALUES (14, \'\', \'\', \'2026-05-11\', \'\', \'Anilao\', \'camansihan\', \'Calapan City\', \'2005-05-12\', \'Calapan City\', 21, \'Male\', \'Single\', \'Filipino\', NULL, NULL, \'\', NULL, \'\', \'\', \'\', \'\', \'\', \'\', 1, \'inactive\')')
 3 SYSTEMPATH\Database\BaseConnection.php(827): CodeIgniter\Database\BaseConnection->simpleQuery('INSERT INTO `plan_holders` (`user_id`, `id_control_no`, `coordinator`, `application_date`, `address_no`, `address_street`, `address_barangay`, `address_city`, `date_of_birth`, `place_of_birth`, `age`, `gender`, `civil_status`, `citizenship`, `height`, `weight`, `spouse_name`, `spouse_birthdate`, `spouse_occupation`, `senior_citizen_id`, `organization_affiliation`, `emergency_contact_name`, `emergency_contact_number`, `emergency_contact_address`, `branch_id`, `status`) VALUES (14, \'\', \'\', \'2026-05-11\', \'\', \'Anilao\', \'camansihan\', \'Calapan City\', \'2005-05-12\', \'Calapan City\', 21, \'Male\', \'Single\', \'Filipino\', NULL, NULL, \'\', NULL, \'\', \'\', \'\', \'\', \'\', \'\', 1, \'inactive\')')
 4 SYSTEMPATH\Database\BaseBuilder.php(2345): CodeIgniter\Database\BaseConnection->query('INSERT INTO `plan_holders` (`user_id`, `id_control_no`, `coordinator`, `application_date`, `address_no`, `address_street`, `address_barangay`, `address_city`, `date_of_birth`, `place_of_birth`, `age`, `gender`, `civil_status`, `citizenship`, `height`, `weight`, `spouse_name`, `spouse_birthdate`, `spouse_occupation`, `senior_citizen_id`, `organization_affiliation`, `emergency_contact_name`, `emergency_contact_number`, `emergency_contact_address`, `branch_id`, `status`) VALUES (:user_id:, :id_control_no:, :coordinator:, :application_date:, :address_no:, :address_street:, :address_barangay:, :address_city:, :date_of_birth:, :place_of_birth:, :age:, :gender:, :civil_status:, :citizenship:, :height:, :weight:, :spouse_name:, :spouse_birthdate:, :spouse_occupation:, :senior_citizen_id:, :organization_affiliation:, :emergency_contact_name:, :emergency_contact_number:, :emergency_contact_address:, :branch_id:, :status:)', [...], false)
 5 SYSTEMPATH\Model.php(355): CodeIgniter\Database\BaseBuilder->insert()
 6 SYSTEMPATH\BaseModel.php(899): CodeIgniter\Model->doInsert([...])
 7 SYSTEMPATH\Model.php(668): CodeIgniter\BaseModel->insert([...], true)
 8 APPPATH\Controllers\Client\ClientRegistrationController.php(195): CodeIgniter\Model->insert([...], true)
 9 SYSTEMPATH\CodeIgniter.php(951): App\Controllers\Client\ClientRegistrationController->submitPlanRegistration()
10 SYSTEMPATH\CodeIgniter.php(497): CodeIgniter\CodeIgniter->runController(Object(App\Controllers\Client\ClientRegistrationController))
11 SYSTEMPATH\CodeIgniter.php(340): CodeIgniter\CodeIgniter->handleRequest(null, Object(Config\Cache), false)
12 SYSTEMPATH\Boot.php(417): CodeIgniter\CodeIgniter->run()
13 SYSTEMPATH\Boot.php(68): CodeIgniter\Boot::runCodeIgniter(Object(CodeIgniter\CodeIgniter))
14 FCPATH\index.php(59): CodeIgniter\Boot::bootWeb(Object(Config\Paths))
ERROR - 2026-05-11 05:50:15 --> Plan registration failed: Unable to save plan holder details.
DEBUG - 2026-05-11 05:50:16 --> Session: Class initialized using 'CodeIgniter\Session\Handlers\FileHandler' driver.
DEBUG - 2026-05-11 05:50:26 --> Session: Class initialized using 'CodeIgniter\Session\Handlers\FileHandler' driver.
ERROR - 2026-05-11 05:50:26 --> Unknown column 'id_control_no' in 'field list'
in SYSTEMPATH\Database\MySQLi\Connection.php on line 300.
 1 SYSTEMPATH\Database\MySQLi\Connection.php(300): mysqli->query('INSERT INTO `plan_holders` (`user_id`, `id_control_no`, `coordinator`, `application_date`, `address_no`, `address_street`, `address_barangay`, `address_city`, `date_of_birth`, `place_of_birth`, `age`, `gender`, `civil_status`, `citizenship`, `height`, `weight`, `spouse_name`, `spouse_birthdate`, `spouse_occupation`, `senior_citizen_id`, `organization_affiliation`, `emergency_contact_name`, `emergency_contact_number`, `emergency_contact_address`, `branch_id`, `status`) VALUES (14, \'\', \'\', \'2026-05-11\', \'\', \'Anilao\', \'camansihan\', \'Calapan City\', \'2005-05-12\', \'Calapan City\', 21, \'Male\', \'Single\', \'Filipino\', NULL, NULL, \'\', NULL, \'\', \'\', \'\', \'\', \'\', \'\', 1, \'inactive\')', 0)
 2 SYSTEMPATH\Database\BaseConnection.php(910): CodeIgniter\Database\MySQLi\Connection->execute('INSERT INTO `plan_holders` (`user_id`, `id_control_no`, `coordinator`, `application_date`, `address_no`, `address_street`, `address_barangay`, `address_city`, `date_of_birth`, `place_of_birth`, `age`, `gender`, `civil_status`, `citizenship`, `height`, `weight`, `spouse_name`, `spouse_birthdate`, `spouse_occupation`, `senior_citizen_id`, `organization_affiliation`, `emergency_contact_name`, `emergency_contact_number`, `emergency_contact_address`, `branch_id`, `status`) VALUES (14, \'\', \'\', \'2026-05-11\', \'\', \'Anilao\', \'camansihan\', \'Calapan City\', \'2005-05-12\', \'Calapan City\', 21, \'Male\', \'Single\', \'Filipino\', NULL, NULL, \'\', NULL, \'\', \'\', \'\', \'\', \'\', \'\', 1, \'inactive\')')
 3 SYSTEMPATH\Database\BaseConnection.php(827): CodeIgniter\Database\BaseConnection->simpleQuery('INSERT INTO `plan_holders` (`user_id`, `id_control_no`, `coordinator`, `application_date`, `address_no`, `address_street`, `address_barangay`, `address_city`, `date_of_birth`, `place_of_birth`, `age`, `gender`, `civil_status`, `citizenship`, `height`, `weight`, `spouse_name`, `spouse_birthdate`, `spouse_occupation`, `senior_citizen_id`, `organization_affiliation`, `emergency_contact_name`, `emergency_contact_number`, `emergency_contact_address`, `branch_id`, `status`) VALUES (14, \'\', \'\', \'2026-05-11\', \'\', \'Anilao\', \'camansihan\', \'Calapan City\', \'2005-05-12\', \'Calapan City\', 21, \'Male\', \'Single\', \'Filipino\', NULL, NULL, \'\', NULL, \'\', \'\', \'\', \'\', \'\', \'\', 1, \'inactive\')')
 4 SYSTEMPATH\Database\BaseBuilder.php(2345): CodeIgniter\Database\BaseConnection->query('INSERT INTO `plan_holders` (`user_id`, `id_control_no`, `coordinator`, `application_date`, `address_no`, `address_street`, `address_barangay`, `address_city`, `date_of_birth`, `place_of_birth`, `age`, `gender`, `civil_status`, `citizenship`, `height`, `weight`, `spouse_name`, `spouse_birthdate`, `spouse_occupation`, `senior_citizen_id`, `organization_affiliation`, `emergency_contact_name`, `emergency_contact_number`, `emergency_contact_address`, `branch_id`, `status`) VALUES (:user_id:, :id_control_no:, :coordinator:, :application_date:, :address_no:, :address_street:, :address_barangay:, :address_city:, :date_of_birth:, :place_of_birth:, :age:, :gender:, :civil_status:, :citizenship:, :height:, :weight:, :spouse_name:, :spouse_birthdate:, :spouse_occupation:, :senior_citizen_id:, :organization_affiliation:, :emergency_contact_name:, :emergency_contact_number:, :emergency_contact_address:, :branch_id:, :status:)', [...], false)
 5 SYSTEMPATH\Model.php(355): CodeIgniter\Database\BaseBuilder->insert()
 6 SYSTEMPATH\BaseModel.php(899): CodeIgniter\Model->doInsert([...])
 7 SYSTEMPATH\Model.php(668): CodeIgniter\BaseModel->insert([...], true)
 8 APPPATH\Controllers\Client\ClientRegistrationController.php(195): CodeIgniter\Model->insert([...], true)
 9 SYSTEMPATH\CodeIgniter.php(951): App\Controllers\Client\ClientRegistrationController->submitPlanRegistration()
10 SYSTEMPATH\CodeIgniter.php(497): CodeIgniter\CodeIgniter->runController(Object(App\Controllers\Client\ClientRegistrationController))
11 SYSTEMPATH\CodeIgniter.php(340): CodeIgniter\CodeIgniter->handleRequest(null, Object(Config\Cache), false)
12 SYSTEMPATH\Boot.php(417): CodeIgniter\CodeIgniter->run()
13 SYSTEMPATH\Boot.php(68): CodeIgniter\Boot::runCodeIgniter(Object(CodeIgniter\CodeIgniter))
14 FCPATH\index.php(59): CodeIgniter\Boot::bootWeb(Object(Config\Paths))
ERROR - 2026-05-11 05:50:26 --> Plan registration failed: Unable to save plan holder details.
DEBUG - 2026-05-11 05:50:27 --> Session: Class initialized using 'CodeIgniter\Session\Handlers\FileHandler' driver.
DEBUG - 2026-05-11 05:50:39 --> Session: Class initialized using 'CodeIgniter\Session\Handlers\FileHandler' driver.
DEBUG - 2026-05-11 05:54:22 --> Session: Class initialized using 'CodeIgniter\Session\Handlers\FileHandler' driver.
DEBUG - 2026-05-11 05:54:24 --> Session: Class initialized using 'CodeIgniter\Session\Handlers\FileHandler' driver.
DEBUG - 2026-05-11 05:54:25 --> Session: Class initialized using 'CodeIgniter\Session\Handlers\FileHandler' driver.
DEBUG - 2026-05-11 05:54:29 --> Session: Class initialized using 'CodeIgniter\Session\Handlers\FileHandler' driver.
DEBUG - 2026-05-11 05:54:30 --> Session: Class initialized using 'CodeIgniter\Session\Handlers\FileHandler' driver.
DEBUG - 2026-05-11 05:54:33 --> Session: Class initialized using 'CodeIgniter\Session\Handlers\FileHandler' driver.
DEBUG - 2026-05-11 05:54:42 --> Session: Class initialized using 'CodeIgniter\Session\Handlers\FileHandler' driver.
DEBUG - 2026-05-11 05:54:52 --> Session: Class initialized using 'CodeIgniter\Session\Handlers\FileHandler' driver.
DEBUG - 2026-05-11 05:54:52 --> Session: Class initialized using 'CodeIgniter\Session\Handlers\FileHandler' driver.
DEBUG - 2026-05-11 05:54:57 --> Session: Class initialized using 'CodeIgniter\Session\Handlers\FileHandler' driver.
DEBUG - 2026-05-11 05:55:03 --> Session: Class initialized using 'CodeIgniter\Session\Handlers\FileHandler' driver.
DEBUG - 2026-05-11 05:55:41 --> Session: Class initialized using 'CodeIgniter\Session\Handlers\FileHandler' driver.
ERROR - 2026-05-11 05:55:41 --> Unknown column 'id_control_no' in 'field list'
in SYSTEMPATH\Database\MySQLi\Connection.php on line 300.
 1 SYSTEMPATH\Database\MySQLi\Connection.php(300): mysqli->query('INSERT INTO `plan_holders` (`user_id`, `id_control_no`, `coordinator`, `application_date`, `address_no`, `address_street`, `address_barangay`, `address_city`, `date_of_birth`, `place_of_birth`, `age`, `gender`, `civil_status`, `citizenship`, `height`, `weight`, `spouse_name`, `spouse_birthdate`, `spouse_occupation`, `senior_citizen_id`, `organization_affiliation`, `emergency_contact_name`, `emergency_contact_number`, `emergency_contact_address`, `branch_id`, `status`) VALUES (13, \'\', \'\', \'2026-05-11\', \'\', \'Anilao\', \'Camansihan\', \'Calapan City\', \'0200-03-04\', \'Calapan City\', NULL, \'\', \'Single\', \'Filipino\', NULL, NULL, \'\', NULL, \'\', \'\', \'\', \'\', \'\', \'\', 1, \'inactive\')', 0)
 2 SYSTEMPATH\Database\BaseConnection.php(910): CodeIgniter\Database\MySQLi\Connection->execute('INSERT INTO `plan_holders` (`user_id`, `id_control_no`, `coordinator`, `application_date`, `address_no`, `address_street`, `address_barangay`, `address_city`, `date_of_birth`, `place_of_birth`, `age`, `gender`, `civil_status`, `citizenship`, `height`, `weight`, `spouse_name`, `spouse_birthdate`, `spouse_occupation`, `senior_citizen_id`, `organization_affiliation`, `emergency_contact_name`, `emergency_contact_number`, `emergency_contact_address`, `branch_id`, `status`) VALUES (13, \'\', \'\', \'2026-05-11\', \'\', \'Anilao\', \'Camansihan\', \'Calapan City\', \'0200-03-04\', \'Calapan City\', NULL, \'\', \'Single\', \'Filipino\', NULL, NULL, \'\', NULL, \'\', \'\', \'\', \'\', \'\', \'\', 1, \'inactive\')')
 3 SYSTEMPATH\Database\BaseConnection.php(827): CodeIgniter\Database\BaseConnection->simpleQuery('INSERT INTO `plan_holders` (`user_id`, `id_control_no`, `coordinator`, `application_date`, `address_no`, `address_street`, `address_barangay`, `address_city`, `date_of_birth`, `place_of_birth`, `age`, `gender`, `civil_status`, `citizenship`, `height`, `weight`, `spouse_name`, `spouse_birthdate`, `spouse_occupation`, `senior_citizen_id`, `organization_affiliation`, `emergency_contact_name`, `emergency_contact_number`, `emergency_contact_address`, `branch_id`, `status`) VALUES (13, \'\', \'\', \'2026-05-11\', \'\', \'Anilao\', \'Camansihan\', \'Calapan City\', \'0200-03-04\', \'Calapan City\', NULL, \'\', \'Single\', \'Filipino\', NULL, NULL, \'\', NULL, \'\', \'\', \'\', \'\', \'\', \'\', 1, \'inactive\')')
 4 SYSTEMPATH\Database\BaseBuilder.php(2345): CodeIgniter\Database\BaseConnection->query('INSERT INTO `plan_holders` (`user_id`, `id_control_no`, `coordinator`, `application_date`, `address_no`, `address_street`, `address_barangay`, `address_city`, `date_of_birth`, `place_of_birth`, `age`, `gender`, `civil_status`, `citizenship`, `height`, `weight`, `spouse_name`, `spouse_birthdate`, `spouse_occupation`, `senior_citizen_id`, `organization_affiliation`, `emergency_contact_name`, `emergency_contact_number`, `emergency_contact_address`, `branch_id`, `status`) VALUES (:user_id:, :id_control_no:, :coordinator:, :application_date:, :address_no:, :address_street:, :address_barangay:, :address_city:, :date_of_birth:, :place_of_birth:, :age:, :gender:, :civil_status:, :citizenship:, :height:, :weight:, :spouse_name:, :spouse_birthdate:, :spouse_occupation:, :senior_citizen_id:, :organization_affiliation:, :emergency_contact_name:, :emergency_contact_number:, :emergency_contact_address:, :branch_id:, :status:)', [...], false)
 5 SYSTEMPATH\Model.php(355): CodeIgniter\Database\BaseBuilder->insert()
 6 SYSTEMPATH\BaseModel.php(899): CodeIgniter\Model->doInsert([...])
 7 SYSTEMPATH\Model.php(668): CodeIgniter\BaseModel->insert([...], true)
 8 APPPATH\Controllers\Client\ClientRegistrationController.php(195): CodeIgniter\Model->insert([...], true)
 9 SYSTEMPATH\CodeIgniter.php(951): App\Controllers\Client\ClientRegistrationController->submitPlanRegistration()
10 SYSTEMPATH\CodeIgniter.php(497): CodeIgniter\CodeIgniter->runController(Object(App\Controllers\Client\ClientRegistrationController))
11 SYSTEMPATH\CodeIgniter.php(340): CodeIgniter\CodeIgniter->handleRequest(null, Object(Config\Cache), false)
12 SYSTEMPATH\Boot.php(417): CodeIgniter\CodeIgniter->run()
13 SYSTEMPATH\Boot.php(68): CodeIgniter\Boot::runCodeIgniter(Object(CodeIgniter\CodeIgniter))
14 FCPATH\index.php(59): CodeIgniter\Boot::bootWeb(Object(Config\Paths))
ERROR - 2026-05-11 05:55:41 --> Plan registration failed: Unable to save plan holder details.
DEBUG - 2026-05-11 05:55:42 --> Session: Class initialized using 'CodeIgniter\Session\Handlers\FileHandler' driver.
DEBUG - 2026-05-11 05:55:58 --> Session: Class initialized using 'CodeIgniter\Session\Handlers\FileHandler' driver.
ERROR - 2026-05-11 05:55:58 --> Unknown column 'id_control_no' in 'field list'
in SYSTEMPATH\Database\MySQLi\Connection.php on line 300.
 1 SYSTEMPATH\Database\MySQLi\Connection.php(300): mysqli->query('INSERT INTO `plan_holders` (`user_id`, `id_control_no`, `coordinator`, `application_date`, `address_no`, `address_street`, `address_barangay`, `address_city`, `date_of_birth`, `place_of_birth`, `age`, `gender`, `civil_status`, `citizenship`, `height`, `weight`, `spouse_name`, `spouse_birthdate`, `spouse_occupation`, `senior_citizen_id`, `organization_affiliation`, `emergency_contact_name`, `emergency_contact_number`, `emergency_contact_address`, `branch_id`, `status`) VALUES (13, \'\', \'\', \'2026-05-11\', \'\', \'Anilao\', \'Camansihan\', \'Calapan City\', \'0200-03-04\', \'Calapan City\', 21, \'Male\', \'Single\', \'Filipino\', NULL, NULL, \'\', NULL, \'\', \'\', \'\', \'\', \'\', \'\', 1, \'inactive\')', 0)
 2 SYSTEMPATH\Database\BaseConnection.php(910): CodeIgniter\Database\MySQLi\Connection->execute('INSERT INTO `plan_holders` (`user_id`, `id_control_no`, `coordinator`, `application_date`, `address_no`, `address_street`, `address_barangay`, `address_city`, `date_of_birth`, `place_of_birth`, `age`, `gender`, `civil_status`, `citizenship`, `height`, `weight`, `spouse_name`, `spouse_birthdate`, `spouse_occupation`, `senior_citizen_id`, `organization_affiliation`, `emergency_contact_name`, `emergency_contact_number`, `emergency_contact_address`, `branch_id`, `status`) VALUES (13, \'\', \'\', \'2026-05-11\', \'\', \'Anilao\', \'Camansihan\', \'Calapan City\', \'0200-03-04\', \'Calapan City\', 21, \'Male\', \'Single\', \'Filipino\', NULL, NULL, \'\', NULL, \'\', \'\', \'\', \'\', \'\', \'\', 1, \'inactive\')')
 3 SYSTEMPATH\Database\BaseConnection.php(827): CodeIgniter\Database\BaseConnection->simpleQuery('INSERT INTO `plan_holders` (`user_id`, `id_control_no`, `coordinator`, `application_date`, `address_no`, `address_street`, `address_barangay`, `address_city`, `date_of_birth`, `place_of_birth`, `age`, `gender`, `civil_status`, `citizenship`, `height`, `weight`, `spouse_name`, `spouse_birthdate`, `spouse_occupation`, `senior_citizen_id`, `organization_affiliation`, `emergency_contact_name`, `emergency_contact_number`, `emergency_contact_address`, `branch_id`, `status`) VALUES (13, \'\', \'\', \'2026-05-11\', \'\', \'Anilao\', \'Camansihan\', \'Calapan City\', \'0200-03-04\', \'Calapan City\', 21, \'Male\', \'Single\', \'Filipino\', NULL, NULL, \'\', NULL, \'\', \'\', \'\', \'\', \'\', \'\', 1, \'inactive\')')
 4 SYSTEMPATH\Database\BaseBuilder.php(2345): CodeIgniter\Database\BaseConnection->query('INSERT INTO `plan_holders` (`user_id`, `id_control_no`, `coordinator`, `application_date`, `address_no`, `address_street`, `address_barangay`, `address_city`, `date_of_birth`, `place_of_birth`, `age`, `gender`, `civil_status`, `citizenship`, `height`, `weight`, `spouse_name`, `spouse_birthdate`, `spouse_occupation`, `senior_citizen_id`, `organization_affiliation`, `emergency_contact_name`, `emergency_contact_number`, `emergency_contact_address`, `branch_id`, `status`) VALUES (:user_id:, :id_control_no:, :coordinator:, :application_date:, :address_no:, :address_street:, :address_barangay:, :address_city:, :date_of_birth:, :place_of_birth:, :age:, :gender:, :civil_status:, :citizenship:, :height:, :weight:, :spouse_name:, :spouse_birthdate:, :spouse_occupation:, :senior_citizen_id:, :organization_affiliation:, :emergency_contact_name:, :emergency_contact_number:, :emergency_contact_address:, :branch_id:, :status:)', [...], false)
 5 SYSTEMPATH\Model.php(355): CodeIgniter\Database\BaseBuilder->insert()
 6 SYSTEMPATH\BaseModel.php(899): CodeIgniter\Model->doInsert([...])
 7 SYSTEMPATH\Model.php(668): CodeIgniter\BaseModel->insert([...], true)
 8 APPPATH\Controllers\Client\ClientRegistrationController.php(195): CodeIgniter\Model->insert([...], true)
 9 SYSTEMPATH\CodeIgniter.php(951): App\Controllers\Client\ClientRegistrationController->submitPlanRegistration()
10 SYSTEMPATH\CodeIgniter.php(497): CodeIgniter\CodeIgniter->runController(Object(App\Controllers\Client\ClientRegistrationController))
11 SYSTEMPATH\CodeIgniter.php(340): CodeIgniter\CodeIgniter->handleRequest(null, Object(Config\Cache), false)
12 SYSTEMPATH\Boot.php(417): CodeIgniter\CodeIgniter->run()
13 SYSTEMPATH\Boot.php(68): CodeIgniter\Boot::runCodeIgniter(Object(CodeIgniter\CodeIgniter))
14 FCPATH\index.php(59): CodeIgniter\Boot::bootWeb(Object(Config\Paths))
ERROR - 2026-05-11 05:55:58 --> Plan registration failed: Unable to save plan holder details.
DEBUG - 2026-05-11 05:55:58 --> Session: Class initialized using 'CodeIgniter\Session\Handlers\FileHandler' driver.
DEBUG - 2026-05-11 05:57:51 --> Session: Class initialized using 'CodeIgniter\Session\Handlers\FileHandler' driver.
ERROR - 2026-05-11 05:57:51 --> Unknown column 'id_control_no' in 'field list'
in SYSTEMPATH\Database\MySQLi\Connection.php on line 300.
 1 SYSTEMPATH\Database\MySQLi\Connection.php(300): mysqli->query('INSERT INTO `plan_holders` (`user_id`, `id_control_no`, `coordinator`, `application_date`, `address_no`, `address_street`, `address_barangay`, `address_city`, `date_of_birth`, `place_of_birth`, `age`, `gender`, `civil_status`, `citizenship`, `height`, `weight`, `spouse_name`, `spouse_birthdate`, `spouse_occupation`, `senior_citizen_id`, `organization_affiliation`, `emergency_contact_name`, `emergency_contact_number`, `emergency_contact_address`, `branch_id`, `status`) VALUES (13, \'\', \'\', \'2026-05-11\', \'\', \'Anilao\', \'Camansihan\', \'Calapan City\', \'0200-03-04\', \'Calapan City\', 21, \'Male\', \'Single\', \'Filipino\', NULL, NULL, \'\', NULL, \'\', \'\', \'\', \'\', \'\', \'\', 1, \'inactive\')', 0)
 2 SYSTEMPATH\Database\BaseConnection.php(910): CodeIgniter\Database\MySQLi\Connection->execute('INSERT INTO `plan_holders` (`user_id`, `id_control_no`, `coordinator`, `application_date`, `address_no`, `address_street`, `address_barangay`, `address_city`, `date_of_birth`, `place_of_birth`, `age`, `gender`, `civil_status`, `citizenship`, `height`, `weight`, `spouse_name`, `spouse_birthdate`, `spouse_occupation`, `senior_citizen_id`, `organization_affiliation`, `emergency_contact_name`, `emergency_contact_number`, `emergency_contact_address`, `branch_id`, `status`) VALUES (13, \'\', \'\', \'2026-05-11\', \'\', \'Anilao\', \'Camansihan\', \'Calapan City\', \'0200-03-04\', \'Calapan City\', 21, \'Male\', \'Single\', \'Filipino\', NULL, NULL, \'\', NULL, \'\', \'\', \'\', \'\', \'\', \'\', 1, \'inactive\')')
 3 SYSTEMPATH\Database\BaseConnection.php(827): CodeIgniter\Database\BaseConnection->simpleQuery('INSERT INTO `plan_holders` (`user_id`, `id_control_no`, `coordinator`, `application_date`, `address_no`, `address_street`, `address_barangay`, `address_city`, `date_of_birth`, `place_of_birth`, `age`, `gender`, `civil_status`, `citizenship`, `height`, `weight`, `spouse_name`, `spouse_birthdate`, `spouse_occupation`, `senior_citizen_id`, `organization_affiliation`, `emergency_contact_name`, `emergency_contact_number`, `emergency_contact_address`, `branch_id`, `status`) VALUES (13, \'\', \'\', \'2026-05-11\', \'\', \'Anilao\', \'Camansihan\', \'Calapan City\', \'0200-03-04\', \'Calapan City\', 21, \'Male\', \'Single\', \'Filipino\', NULL, NULL, \'\', NULL, \'\', \'\', \'\', \'\', \'\', \'\', 1, \'inactive\')')
 4 SYSTEMPATH\Database\BaseBuilder.php(2345): CodeIgniter\Database\BaseConnection->query('INSERT INTO `plan_holders` (`user_id`, `id_control_no`, `coordinator`, `application_date`, `address_no`, `address_street`, `address_barangay`, `address_city`, `date_of_birth`, `place_of_birth`, `age`, `gender`, `civil_status`, `citizenship`, `height`, `weight`, `spouse_name`, `spouse_birthdate`, `spouse_occupation`, `senior_citizen_id`, `organization_affiliation`, `emergency_contact_name`, `emergency_contact_number`, `emergency_contact_address`, `branch_id`, `status`) VALUES (:user_id:, :id_control_no:, :coordinator:, :application_date:, :address_no:, :address_street:, :address_barangay:, :address_city:, :date_of_birth:, :place_of_birth:, :age:, :gender:, :civil_status:, :citizenship:, :height:, :weight:, :spouse_name:, :spouse_birthdate:, :spouse_occupation:, :senior_citizen_id:, :organization_affiliation:, :emergency_contact_name:, :emergency_contact_number:, :emergency_contact_address:, :branch_id:, :status:)', [...], false)
 5 SYSTEMPATH\Model.php(355): CodeIgniter\Database\BaseBuilder->insert()
 6 SYSTEMPATH\BaseModel.php(899): CodeIgniter\Model->doInsert([...])
 7 SYSTEMPATH\Model.php(668): CodeIgniter\BaseModel->insert([...], true)
 8 APPPATH\Controllers\Client\ClientRegistrationController.php(202): CodeIgniter\Model->insert([...], true)
 9 SYSTEMPATH\CodeIgniter.php(951): App\Controllers\Client\ClientRegistrationController->submitPlanRegistration()
10 SYSTEMPATH\CodeIgniter.php(497): CodeIgniter\CodeIgniter->runController(Object(App\Controllers\Client\ClientRegistrationController))
11 SYSTEMPATH\CodeIgniter.php(340): CodeIgniter\CodeIgniter->handleRequest(null, Object(Config\Cache), false)
12 SYSTEMPATH\Boot.php(417): CodeIgniter\CodeIgniter->run()
13 SYSTEMPATH\Boot.php(68): CodeIgniter\Boot::runCodeIgniter(Object(CodeIgniter\CodeIgniter))
14 FCPATH\index.php(59): CodeIgniter\Boot::bootWeb(Object(Config\Paths))
ERROR - 2026-05-11 05:57:51 --> Plan registration failed: Unable to save plan holder details. DB: {"code":0,"message":""} Model: []
DEBUG - 2026-05-11 05:57:52 --> Session: Class initialized using 'CodeIgniter\Session\Handlers\FileHandler' driver.
DEBUG - 2026-05-11 05:58:44 --> Session: Class initialized using 'CodeIgniter\Session\Handlers\FileHandler' driver.
ERROR - 2026-05-11 05:58:44 --> Unknown column 'created_at' in 'field list'
in SYSTEMPATH\Database\MySQLi\Connection.php on line 300.
 1 SYSTEMPATH\Database\MySQLi\Connection.php(300): mysqli->query('INSERT INTO `beneficiaries` (`created_at`, `date_of_birth`, `first_name`, `is_primary`, `last_name`, `middle_name`, `name_extension`, `plan_holder_id`, `relationship`)
VALUES (\'2026-05-11 05:58:44\',\'1998-01-01\',\'JUAN DELA\',1,\'CRUZ\',\'\',NULL,6,\'Brother\')', 0)
 2 SYSTEMPATH\Database\BaseConnection.php(910): CodeIgniter\Database\MySQLi\Connection->execute('INSERT INTO `beneficiaries` (`created_at`, `date_of_birth`, `first_name`, `is_primary`, `last_name`, `middle_name`, `name_extension`, `plan_holder_id`, `relationship`)
VALUES (\'2026-05-11 05:58:44\',\'1998-01-01\',\'JUAN DELA\',1,\'CRUZ\',\'\',NULL,6,\'Brother\')')
 3 SYSTEMPATH\Database\BaseConnection.php(827): CodeIgniter\Database\BaseConnection->simpleQuery('INSERT INTO `beneficiaries` (`created_at`, `date_of_birth`, `first_name`, `is_primary`, `last_name`, `middle_name`, `name_extension`, `plan_holder_id`, `relationship`)
VALUES (\'2026-05-11 05:58:44\',\'1998-01-01\',\'JUAN DELA\',1,\'CRUZ\',\'\',NULL,6,\'Brother\')')
 4 SYSTEMPATH\Database\BaseBuilder.php(1841): CodeIgniter\Database\BaseConnection->query('INSERT INTO `beneficiaries` (`created_at`, `date_of_birth`, `first_name`, `is_primary`, `last_name`, `middle_name`, `name_extension`, `plan_holder_id`, `relationship`)
VALUES (\'2026-05-11 05:58:44\',\'1998-01-01\',\'JUAN DELA\',1,\'CRUZ\',\'\',NULL,6,\'Brother\')', null, false)
 5 SYSTEMPATH\Database\BaseBuilder.php(2230): CodeIgniter\Database\BaseBuilder->batchExecute('_insertBatch', 100)
 6 APPPATH\Controllers\Client\ClientRegistrationController.php(271): CodeIgniter\Database\BaseBuilder->insertBatch([...])
 7 SYSTEMPATH\CodeIgniter.php(951): App\Controllers\Client\ClientRegistrationController->submitPlanRegistration()
 8 SYSTEMPATH\CodeIgniter.php(497): CodeIgniter\CodeIgniter->runController(Object(App\Controllers\Client\ClientRegistrationController))
 9 SYSTEMPATH\CodeIgniter.php(340): CodeIgniter\CodeIgniter->handleRequest(null, Object(Config\Cache), false)
10 SYSTEMPATH\Boot.php(417): CodeIgniter\CodeIgniter->run()
11 SYSTEMPATH\Boot.php(68): CodeIgniter\Boot::runCodeIgniter(Object(CodeIgniter\CodeIgniter))
12 FCPATH\index.php(59): CodeIgniter\Boot::bootWeb(Object(Config\Paths))
ERROR - 2026-05-11 05:58:44 --> Plan registration failed: Transaction failed. Please try again.
DEBUG - 2026-05-11 05:58:45 --> Session: Class initialized using 'CodeIgniter\Session\Handlers\FileHandler' driver.
DEBUG - 2026-05-11 05:59:17 --> Session: Class initialized using 'CodeIgniter\Session\Handlers\FileHandler' driver.
DEBUG - 2026-05-11 05:59:18 --> Session: Class initialized using 'CodeIgniter\Session\Handlers\FileHandler' driver.
CRITICAL - 2026-05-11 05:59:18 --> ErrorException: Undefined variable $plan_holder
[Method: GET, Route: initial-payment]
in APPPATH\Views\client\initial_payment.php on line 22.
 1 APPPATH\Views\client\initial_payment.php(22): CodeIgniter\Debug\Exceptions->errorHandler(2, 'Undefined variable $plan_holder', 'C:\\xampp\\htdocs\\caresync\\ci4\\app\\Views\\client\\initial_payment.php', 22)
 2 SYSTEMPATH\View\View.php(240): include('C:\\xampp\\htdocs\\caresync\\ci4\\app\\Views\\client\\initial_payment.php')
 3 SYSTEMPATH\View\View.php(243): CodeIgniter\View\View->CodeIgniter\View\{closure}()
 4 SYSTEMPATH\Common.php(1250): CodeIgniter\View\View->render('client/initial_payment', [], true)
 5 APPPATH\Controllers\Client\ClientPaymentInitialController.php(58): view('client/initial_payment', [...])
 6 SYSTEMPATH\CodeIgniter.php(951): App\Controllers\Client\ClientPaymentInitialController->initialPayment()
 7 SYSTEMPATH\CodeIgniter.php(497): CodeIgniter\CodeIgniter->runController(Object(App\Controllers\Client\ClientPaymentInitialController))
 8 SYSTEMPATH\CodeIgniter.php(340): CodeIgniter\CodeIgniter->handleRequest(null, Object(Config\Cache), false)
 9 SYSTEMPATH\Boot.php(417): CodeIgniter\CodeIgniter->run()
10 SYSTEMPATH\Boot.php(68): CodeIgniter\Boot::runCodeIgniter(Object(CodeIgniter\CodeIgniter))
11 FCPATH\index.php(59): CodeIgniter\Boot::bootWeb(Object(Config\Paths))
DEBUG - 2026-05-11 05:59:50 --> Session: Class initialized using 'CodeIgniter\Session\Handlers\FileHandler' driver.
DEBUG - 2026-05-11 06:00:51 --> Session: Class initialized using 'CodeIgniter\Session\Handlers\FileHandler' driver.
DEBUG - 2026-05-11 06:00:51 --> Session: Class initialized using 'CodeIgniter\Session\Handlers\FileHandler' driver.
DEBUG - 2026-05-11 06:00:55 --> Session: Class initialized using 'CodeIgniter\Session\Handlers\FileHandler' driver.
DEBUG - 2026-05-11 06:00:55 --> Session: Class initialized using 'CodeIgniter\Session\Handlers\FileHandler' driver.
DEBUG - 2026-05-11 06:01:02 --> Session: Class initialized using 'CodeIgniter\Session\Handlers\FileHandler' driver.
DEBUG - 2026-05-11 06:01:09 --> Session: Class initialized using 'CodeIgniter\Session\Handlers\FileHandler' driver.
ERROR - 2026-05-11 06:01:09 --> Unknown column 'months_covered' in 'field list'
in SYSTEMPATH\Database\MySQLi\Connection.php on line 300.
 1 SYSTEMPATH\Database\MySQLi\Connection.php(300): mysqli->query('INSERT INTO `payments` (`plan_id`, `amount`, `months_covered`, `payment_date`, `payment_method`, `reference_number`, `received_by`, `branch_id`, `remarks`, `status`) VALUES (2, \'240.00\', 1, \'2026-05-11\', \'cash\', NULL, NULL, 1, NULL, \'pending\')', 0)
 2 SYSTEMPATH\Database\BaseConnection.php(910): CodeIgniter\Database\MySQLi\Connection->execute('INSERT INTO `payments` (`plan_id`, `amount`, `months_covered`, `payment_date`, `payment_method`, `reference_number`, `received_by`, `branch_id`, `remarks`, `status`) VALUES (2, \'240.00\', 1, \'2026-05-11\', \'cash\', NULL, NULL, 1, NULL, \'pending\')')
 3 SYSTEMPATH\Database\BaseConnection.php(827): CodeIgniter\Database\BaseConnection->simpleQuery('INSERT INTO `payments` (`plan_id`, `amount`, `months_covered`, `payment_date`, `payment_method`, `reference_number`, `received_by`, `branch_id`, `remarks`, `status`) VALUES (2, \'240.00\', 1, \'2026-05-11\', \'cash\', NULL, NULL, 1, NULL, \'pending\')')
 4 SYSTEMPATH\Database\BaseBuilder.php(2345): CodeIgniter\Database\BaseConnection->query('INSERT INTO `payments` (`plan_id`, `amount`, `months_covered`, `payment_date`, `payment_method`, `reference_number`, `received_by`, `branch_id`, `remarks`, `status`) VALUES (:plan_id:, :amount:, :months_covered:, :payment_date:, :payment_method:, :reference_number:, :received_by:, :branch_id:, :remarks:, :status:)', [...], false)
 5 APPPATH\Controllers\Client\ClientPaymentInitialController.php(167): CodeIgniter\Database\BaseBuilder->insert([...])
 6 SYSTEMPATH\CodeIgniter.php(951): App\Controllers\Client\ClientPaymentInitialController->submitInitialPayment()
 7 SYSTEMPATH\CodeIgniter.php(497): CodeIgniter\CodeIgniter->runController(Object(App\Controllers\Client\ClientPaymentInitialController))
 8 SYSTEMPATH\CodeIgniter.php(340): CodeIgniter\CodeIgniter->handleRequest(null, Object(Config\Cache), false)
 9 SYSTEMPATH\Boot.php(417): CodeIgniter\CodeIgniter->run()
10 SYSTEMPATH\Boot.php(68): CodeIgniter\Boot::runCodeIgniter(Object(CodeIgniter\CodeIgniter))
11 FCPATH\index.php(59): CodeIgniter\Boot::bootWeb(Object(Config\Paths))
ERROR - 2026-05-11 06:01:09 --> Unknown column 'type' in 'field list'
in SYSTEMPATH\Database\MySQLi\Connection.php on line 300.
 1 SYSTEMPATH\Database\MySQLi\Connection.php(300): mysqli->query('INSERT INTO `notifications` (`user_id`, `message`, `type`, `status`, `created_at`) VALUES (13, \'Initial payment of PHP 240.00 has been submitted.\', \'general\', \'unread\', \'2026-05-11 06:01:09\')', 0)
 2 SYSTEMPATH\Database\BaseConnection.php(910): CodeIgniter\Database\MySQLi\Connection->execute('INSERT INTO `notifications` (`user_id`, `message`, `type`, `status`, `created_at`) VALUES (13, \'Initial payment of PHP 240.00 has been submitted.\', \'general\', \'unread\', \'2026-05-11 06:01:09\')')
 3 SYSTEMPATH\Database\BaseConnection.php(827): CodeIgniter\Database\BaseConnection->simpleQuery('INSERT INTO `notifications` (`user_id`, `message`, `type`, `status`, `created_at`) VALUES (13, \'Initial payment of PHP 240.00 has been submitted.\', \'general\', \'unread\', \'2026-05-11 06:01:09\')')
 4 SYSTEMPATH\Database\BaseBuilder.php(2345): CodeIgniter\Database\BaseConnection->query('INSERT INTO `notifications` (`user_id`, `message`, `type`, `status`, `created_at`) VALUES (:user_id:, :message:, :type:, :status:, :created_at:)', [...], false)
 5 APPPATH\Services\NotificationService.php(35): CodeIgniter\Database\BaseBuilder->insert([...])
 6 APPPATH\Controllers\Client\ClientPaymentInitialController.php(172): App\Services\NotificationService->notify(13, 'Initial payment of PHP 240.00 has been submitted.', 'general')
 7 SYSTEMPATH\CodeIgniter.php(951): App\Controllers\Client\ClientPaymentInitialController->submitInitialPayment()
 8 SYSTEMPATH\CodeIgniter.php(497): CodeIgniter\CodeIgniter->runController(Object(App\Controllers\Client\ClientPaymentInitialController))
 9 SYSTEMPATH\CodeIgniter.php(340): CodeIgniter\CodeIgniter->handleRequest(null, Object(Config\Cache), false)
10 SYSTEMPATH\Boot.php(417): CodeIgniter\CodeIgniter->run()
11 SYSTEMPATH\Boot.php(68): CodeIgniter\Boot::runCodeIgniter(Object(CodeIgniter\CodeIgniter))
12 FCPATH\index.php(59): CodeIgniter\Boot::bootWeb(Object(Config\Paths))
ERROR - 2026-05-11 06:01:09 --> NotificationService::notify - Unknown column 'type' in 'field list'
DEBUG - 2026-05-11 06:01:10 --> Session: Class initialized using 'CodeIgniter\Session\Handlers\FileHandler' driver.
DEBUG - 2026-05-11 06:01:17 --> Session: Class initialized using 'CodeIgniter\Session\Handlers\FileHandler' driver.
ERROR - 2026-05-11 06:01:17 --> Unknown column 'pay.months_covered' in 'field list'
in SYSTEMPATH\Database\MySQLi\Connection.php on line 300.
 1 SYSTEMPATH\Database\MySQLi\Connection.php(300): mysqli->query('SELECT `pay`.`payment_id`, `pay`.`plan_id`, `pay`.`amount`, `pay`.`months_covered`, `pay`.`payment_date`, `pay`.`payment_method`, `pay`.`reference_number`, `pay`.`official_receipt_number`, `pay`.`status`, `pay`.`remarks`, `pay`.`received_by`, `pay`.`verified_at`, `pay`.`verified_by`, `u`.`first_name`, `u`.`last_name`, `ph`.`unique_identifier`, `ph`.`plan_holder_id`
FROM `payments` `pay`
INNER JOIN `plans` `p` ON `p`.`plan_id` = `pay`.`plan_id`
INNER JOIN `plan_holders` `ph` ON `ph`.`plan_holder_id` = `p`.`plan_holder_id`
INNER JOIN `users` `u` ON `u`.`user_id` = `ph`.`user_id`
WHERE `pay`.`branch_id` = 1
ORDER BY `pay`.`payment_id` DESC', 0)
 2 SYSTEMPATH\Database\BaseConnection.php(910): CodeIgniter\Database\MySQLi\Connection->execute('SELECT `pay`.`payment_id`, `pay`.`plan_id`, `pay`.`amount`, `pay`.`months_covered`, `pay`.`payment_date`, `pay`.`payment_method`, `pay`.`reference_number`, `pay`.`official_receipt_number`, `pay`.`status`, `pay`.`remarks`, `pay`.`received_by`, `pay`.`verified_at`, `pay`.`verified_by`, `u`.`first_name`, `u`.`last_name`, `ph`.`unique_identifier`, `ph`.`plan_holder_id`
FROM `payments` `pay`
INNER JOIN `plans` `p` ON `p`.`plan_id` = `pay`.`plan_id`
INNER JOIN `plan_holders` `ph` ON `ph`.`plan_holder_id` = `p`.`plan_holder_id`
INNER JOIN `users` `u` ON `u`.`user_id` = `ph`.`user_id`
WHERE `pay`.`branch_id` = 1
ORDER BY `pay`.`payment_id` DESC')
 3 SYSTEMPATH\Database\BaseConnection.php(827): CodeIgniter\Database\BaseConnection->simpleQuery('SELECT `pay`.`payment_id`, `pay`.`plan_id`, `pay`.`amount`, `pay`.`months_covered`, `pay`.`payment_date`, `pay`.`payment_method`, `pay`.`reference_number`, `pay`.`official_receipt_number`, `pay`.`status`, `pay`.`remarks`, `pay`.`received_by`, `pay`.`verified_at`, `pay`.`verified_by`, `u`.`first_name`, `u`.`last_name`, `ph`.`unique_identifier`, `ph`.`plan_holder_id`
FROM `payments` `pay`
INNER JOIN `plans` `p` ON `p`.`plan_id` = `pay`.`plan_id`
INNER JOIN `plan_holders` `ph` ON `ph`.`plan_holder_id` = `p`.`plan_holder_id`
INNER JOIN `users` `u` ON `u`.`user_id` = `ph`.`user_id`
WHERE `pay`.`branch_id` = 1
ORDER BY `pay`.`payment_id` DESC')
 4 SYSTEMPATH\Database\BaseBuilder.php(1649): CodeIgniter\Database\BaseConnection->query('SELECT `pay`.`payment_id`, `pay`.`plan_id`, `pay`.`amount`, `pay`.`months_covered`, `pay`.`payment_date`, `pay`.`payment_method`, `pay`.`reference_number`, `pay`.`official_receipt_number`, `pay`.`status`, `pay`.`remarks`, `pay`.`received_by`, `pay`.`verified_at`, `pay`.`verified_by`, `u`.`first_name`, `u`.`last_name`, `ph`.`unique_identifier`, `ph`.`plan_holder_id`
FROM `payments` `pay`
INNER JOIN `plans` `p` ON `p`.`plan_id` = `pay`.`plan_id`
INNER JOIN `plan_holders` `ph` ON `ph`.`plan_holder_id` = `p`.`plan_holder_id`
INNER JOIN `users` `u` ON `u`.`user_id` = `ph`.`user_id`
WHERE `pay`.`branch_id` = :pay.branch_id:
ORDER BY `pay`.`payment_id` DESC', [...], false)
 5 APPPATH\Controllers\PaymentTracking.php(575): CodeIgniter\Database\BaseBuilder->get()
 6 APPPATH\Controllers\PaymentTracking.php(99): App\Controllers\PaymentTracking->paymentRows(1)
 7 SYSTEMPATH\CodeIgniter.php(951): App\Controllers\PaymentTracking->branchAdmin()
 8 SYSTEMPATH\CodeIgniter.php(497): CodeIgniter\CodeIgniter->runController(Object(App\Controllers\PaymentTracking))
 9 SYSTEMPATH\CodeIgniter.php(340): CodeIgniter\CodeIgniter->handleRequest(null, Object(Config\Cache), false)
10 SYSTEMPATH\Boot.php(417): CodeIgniter\CodeIgniter->run()
11 SYSTEMPATH\Boot.php(68): CodeIgniter\Boot::runCodeIgniter(Object(CodeIgniter\CodeIgniter))
12 FCPATH\index.php(59): CodeIgniter\Boot::bootWeb(Object(Config\Paths))
CRITICAL - 2026-05-11 06:01:17 --> CodeIgniter\Database\Exceptions\DatabaseException: Unknown column 'pay.months_covered' in 'field list'
[Method: GET, Route: branch-admin/payment-tracking]
in SYSTEMPATH\Database\BaseConnection.php on line 865.
 1 SYSTEMPATH\Database\BaseBuilder.php(1649): CodeIgniter\Database\BaseConnection->query('SELECT `pay`.`payment_id`, `pay`.`plan_id`, `pay`.`amount`, `pay`.`months_covered`, `pay`.`payment_date`, `pay`.`payment_method`, `pay`.`reference_number`, `pay`.`official_receipt_number`, `pay`.`status`, `pay`.`remarks`, `pay`.`received_by`, `pay`.`verified_at`, `pay`.`verified_by`, `u`.`first_name`, `u`.`last_name`, `ph`.`unique_identifier`, `ph`.`plan_holder_id`
FROM `payments` `pay`
INNER JOIN `plans` `p` ON `p`.`plan_id` = `pay`.`plan_id`
INNER JOIN `plan_holders` `ph` ON `ph`.`plan_holder_id` = `p`.`plan_holder_id`
INNER JOIN `users` `u` ON `u`.`user_id` = `ph`.`user_id`
WHERE `pay`.`branch_id` = :pay.branch_id:
ORDER BY `pay`.`payment_id` DESC', [...], false)
 2 APPPATH\Controllers\PaymentTracking.php(575): CodeIgniter\Database\BaseBuilder->get()
 3 APPPATH\Controllers\PaymentTracking.php(99): App\Controllers\PaymentTracking->paymentRows(1)
 4 SYSTEMPATH\CodeIgniter.php(951): App\Controllers\PaymentTracking->branchAdmin()
 5 SYSTEMPATH\CodeIgniter.php(497): CodeIgniter\CodeIgniter->runController(Object(App\Controllers\PaymentTracking))
 6 SYSTEMPATH\CodeIgniter.php(340): CodeIgniter\CodeIgniter->handleRequest(null, Object(Config\Cache), false)
 7 SYSTEMPATH\Boot.php(417): CodeIgniter\CodeIgniter->run()
 8 SYSTEMPATH\Boot.php(68): CodeIgniter\Boot::runCodeIgniter(Object(CodeIgniter\CodeIgniter))
 9 FCPATH\index.php(59): CodeIgniter\Boot::bootWeb(Object(Config\Paths))
CRITICAL - 2026-05-11 06:01:17 --> [Caused by] CodeIgniter\Database\Exceptions\DatabaseException: Unknown column 'pay.months_covered' in 'field list'
in SYSTEMPATH\Database\MySQLi\Connection.php on line 310.
 1 SYSTEMPATH\Database\BaseConnection.php(910): CodeIgniter\Database\MySQLi\Connection->execute('SELECT `pay`.`payment_id`, `pay`.`plan_id`, `pay`.`amount`, `pay`.`months_covered`, `pay`.`payment_date`, `pay`.`payment_method`, `pay`.`reference_number`, `pay`.`official_receipt_number`, `pay`.`status`, `pay`.`remarks`, `pay`.`received_by`, `pay`.`verified_at`, `pay`.`verified_by`, `u`.`first_name`, `u`.`last_name`, `ph`.`unique_identifier`, `ph`.`plan_holder_id`
FROM `payments` `pay`
INNER JOIN `plans` `p` ON `p`.`plan_id` = `pay`.`plan_id`
INNER JOIN `plan_holders` `ph` ON `ph`.`plan_holder_id` = `p`.`plan_holder_id`
INNER JOIN `users` `u` ON `u`.`user_id` = `ph`.`user_id`
WHERE `pay`.`branch_id` = 1
ORDER BY `pay`.`payment_id` DESC')
 2 SYSTEMPATH\Database\BaseConnection.php(827): CodeIgniter\Database\BaseConnection->simpleQuery('SELECT `pay`.`payment_id`, `pay`.`plan_id`, `pay`.`amount`, `pay`.`months_covered`, `pay`.`payment_date`, `pay`.`payment_method`, `pay`.`reference_number`, `pay`.`official_receipt_number`, `pay`.`status`, `pay`.`remarks`, `pay`.`received_by`, `pay`.`verified_at`, `pay`.`verified_by`, `u`.`first_name`, `u`.`last_name`, `ph`.`unique_identifier`, `ph`.`plan_holder_id`
FROM `payments` `pay`
INNER JOIN `plans` `p` ON `p`.`plan_id` = `pay`.`plan_id`
INNER JOIN `plan_holders` `ph` ON `ph`.`plan_holder_id` = `p`.`plan_holder_id`
INNER JOIN `users` `u` ON `u`.`user_id` = `ph`.`user_id`
WHERE `pay`.`branch_id` = 1
ORDER BY `pay`.`payment_id` DESC')
 3 SYSTEMPATH\Database\BaseBuilder.php(1649): CodeIgniter\Database\BaseConnection->query('SELECT `pay`.`payment_id`, `pay`.`plan_id`, `pay`.`amount`, `pay`.`months_covered`, `pay`.`payment_date`, `pay`.`payment_method`, `pay`.`reference_number`, `pay`.`official_receipt_number`, `pay`.`status`, `pay`.`remarks`, `pay`.`received_by`, `pay`.`verified_at`, `pay`.`verified_by`, `u`.`first_name`, `u`.`last_name`, `ph`.`unique_identifier`, `ph`.`plan_holder_id`
FROM `payments` `pay`
INNER JOIN `plans` `p` ON `p`.`plan_id` = `pay`.`plan_id`
INNER JOIN `plan_holders` `ph` ON `ph`.`plan_holder_id` = `p`.`plan_holder_id`
INNER JOIN `users` `u` ON `u`.`user_id` = `ph`.`user_id`
WHERE `pay`.`branch_id` = :pay.branch_id:
ORDER BY `pay`.`payment_id` DESC', [...], false)
 4 APPPATH\Controllers\PaymentTracking.php(575): CodeIgniter\Database\BaseBuilder->get()
 5 APPPATH\Controllers\PaymentTracking.php(99): App\Controllers\PaymentTracking->paymentRows(1)
 6 SYSTEMPATH\CodeIgniter.php(951): App\Controllers\PaymentTracking->branchAdmin()
 7 SYSTEMPATH\CodeIgniter.php(497): CodeIgniter\CodeIgniter->runController(Object(App\Controllers\PaymentTracking))
 8 SYSTEMPATH\CodeIgniter.php(340): CodeIgniter\CodeIgniter->handleRequest(null, Object(Config\Cache), false)
 9 SYSTEMPATH\Boot.php(417): CodeIgniter\CodeIgniter->run()
10 SYSTEMPATH\Boot.php(68): CodeIgniter\Boot::runCodeIgniter(Object(CodeIgniter\CodeIgniter))
11 FCPATH\index.php(59): CodeIgniter\Boot::bootWeb(Object(Config\Paths))
CRITICAL - 2026-05-11 06:01:17 --> [Caused by] mysqli_sql_exception: Unknown column 'pay.months_covered' in 'field list'
in SYSTEMPATH\Database\MySQLi\Connection.php on line 300.
 1 SYSTEMPATH\Database\MySQLi\Connection.php(300): mysqli->query('SELECT `pay`.`payment_id`, `pay`.`plan_id`, `pay`.`amount`, `pay`.`months_covered`, `pay`.`payment_date`, `pay`.`payment_method`, `pay`.`reference_number`, `pay`.`official_receipt_number`, `pay`.`status`, `pay`.`remarks`, `pay`.`received_by`, `pay`.`verified_at`, `pay`.`verified_by`, `u`.`first_name`, `u`.`last_name`, `ph`.`unique_identifier`, `ph`.`plan_holder_id`
FROM `payments` `pay`
INNER JOIN `plans` `p` ON `p`.`plan_id` = `pay`.`plan_id`
INNER JOIN `plan_holders` `ph` ON `ph`.`plan_holder_id` = `p`.`plan_holder_id`
INNER JOIN `users` `u` ON `u`.`user_id` = `ph`.`user_id`
WHERE `pay`.`branch_id` = 1
ORDER BY `pay`.`payment_id` DESC', 0)
 2 SYSTEMPATH\Database\BaseConnection.php(910): CodeIgniter\Database\MySQLi\Connection->execute('SELECT `pay`.`payment_id`, `pay`.`plan_id`, `pay`.`amount`, `pay`.`months_covered`, `pay`.`payment_date`, `pay`.`payment_method`, `pay`.`reference_number`, `pay`.`official_receipt_number`, `pay`.`status`, `pay`.`remarks`, `pay`.`received_by`, `pay`.`verified_at`, `pay`.`verified_by`, `u`.`first_name`, `u`.`last_name`, `ph`.`unique_identifier`, `ph`.`plan_holder_id`
FROM `payments` `pay`
INNER JOIN `plans` `p` ON `p`.`plan_id` = `pay`.`plan_id`
INNER JOIN `plan_holders` `ph` ON `ph`.`plan_holder_id` = `p`.`plan_holder_id`
INNER JOIN `users` `u` ON `u`.`user_id` = `ph`.`user_id`
WHERE `pay`.`branch_id` = 1
ORDER BY `pay`.`payment_id` DESC')
 3 SYSTEMPATH\Database\BaseConnection.php(827): CodeIgniter\Database\BaseConnection->simpleQuery('SELECT `pay`.`payment_id`, `pay`.`plan_id`, `pay`.`amount`, `pay`.`months_covered`, `pay`.`payment_date`, `pay`.`payment_method`, `pay`.`reference_number`, `pay`.`official_receipt_number`, `pay`.`status`, `pay`.`remarks`, `pay`.`received_by`, `pay`.`verified_at`, `pay`.`verified_by`, `u`.`first_name`, `u`.`last_name`, `ph`.`unique_identifier`, `ph`.`plan_holder_id`
FROM `payments` `pay`
INNER JOIN `plans` `p` ON `p`.`plan_id` = `pay`.`plan_id`
INNER JOIN `plan_holders` `ph` ON `ph`.`plan_holder_id` = `p`.`plan_holder_id`
INNER JOIN `users` `u` ON `u`.`user_id` = `ph`.`user_id`
WHERE `pay`.`branch_id` = 1
ORDER BY `pay`.`payment_id` DESC')
 4 SYSTEMPATH\Database\BaseBuilder.php(1649): CodeIgniter\Database\BaseConnection->query('SELECT `pay`.`payment_id`, `pay`.`plan_id`, `pay`.`amount`, `pay`.`months_covered`, `pay`.`payment_date`, `pay`.`payment_method`, `pay`.`reference_number`, `pay`.`official_receipt_number`, `pay`.`status`, `pay`.`remarks`, `pay`.`received_by`, `pay`.`verified_at`, `pay`.`verified_by`, `u`.`first_name`, `u`.`last_name`, `ph`.`unique_identifier`, `ph`.`plan_holder_id`
FROM `payments` `pay`
INNER JOIN `plans` `p` ON `p`.`plan_id` = `pay`.`plan_id`
INNER JOIN `plan_holders` `ph` ON `ph`.`plan_holder_id` = `p`.`plan_holder_id`
INNER JOIN `users` `u` ON `u`.`user_id` = `ph`.`user_id`
WHERE `pay`.`branch_id` = :pay.branch_id:
ORDER BY `pay`.`payment_id` DESC', [...], false)
 5 APPPATH\Controllers\PaymentTracking.php(575): CodeIgniter\Database\BaseBuilder->get()
 6 APPPATH\Controllers\PaymentTracking.php(99): App\Controllers\PaymentTracking->paymentRows(1)
 7 SYSTEMPATH\CodeIgniter.php(951): App\Controllers\PaymentTracking->branchAdmin()
 8 SYSTEMPATH\CodeIgniter.php(497): CodeIgniter\CodeIgniter->runController(Object(App\Controllers\PaymentTracking))
 9 SYSTEMPATH\CodeIgniter.php(340): CodeIgniter\CodeIgniter->handleRequest(null, Object(Config\Cache), false)
10 SYSTEMPATH\Boot.php(417): CodeIgniter\CodeIgniter->run()
11 SYSTEMPATH\Boot.php(68): CodeIgniter\Boot::runCodeIgniter(Object(CodeIgniter\CodeIgniter))
12 FCPATH\index.php(59): CodeIgniter\Boot::bootWeb(Object(Config\Paths))
DEBUG - 2026-05-11 06:01:19 --> Session: Class initialized using 'CodeIgniter\Session\Handlers\FileHandler' driver.
DEBUG - 2026-05-11 06:01:22 --> Session: Class initialized using 'CodeIgniter\Session\Handlers\FileHandler' driver.
ERROR - 2026-05-11 06:01:22 --> Unknown column 'pay.months_covered' in 'field list'
in SYSTEMPATH\Database\MySQLi\Connection.php on line 300.
 1 SYSTEMPATH\Database\MySQLi\Connection.php(300): mysqli->query('SELECT `pay`.`payment_id`, `pay`.`plan_id`, `pay`.`amount`, `pay`.`months_covered`, `pay`.`payment_date`, `pay`.`payment_method`, `pay`.`reference_number`, `pay`.`official_receipt_number`, `pay`.`status`, `pay`.`remarks`, `pay`.`received_by`, `pay`.`verified_at`, `pay`.`verified_by`, `u`.`first_name`, `u`.`last_name`, `ph`.`unique_identifier`, `ph`.`plan_holder_id`
FROM `payments` `pay`
INNER JOIN `plans` `p` ON `p`.`plan_id` = `pay`.`plan_id`
INNER JOIN `plan_holders` `ph` ON `ph`.`plan_holder_id` = `p`.`plan_holder_id`
INNER JOIN `users` `u` ON `u`.`user_id` = `ph`.`user_id`
WHERE `pay`.`branch_id` = 1
ORDER BY `pay`.`payment_id` DESC', 0)
 2 SYSTEMPATH\Database\BaseConnection.php(910): CodeIgniter\Database\MySQLi\Connection->execute('SELECT `pay`.`payment_id`, `pay`.`plan_id`, `pay`.`amount`, `pay`.`months_covered`, `pay`.`payment_date`, `pay`.`payment_method`, `pay`.`reference_number`, `pay`.`official_receipt_number`, `pay`.`status`, `pay`.`remarks`, `pay`.`received_by`, `pay`.`verified_at`, `pay`.`verified_by`, `u`.`first_name`, `u`.`last_name`, `ph`.`unique_identifier`, `ph`.`plan_holder_id`
FROM `payments` `pay`
INNER JOIN `plans` `p` ON `p`.`plan_id` = `pay`.`plan_id`
INNER JOIN `plan_holders` `ph` ON `ph`.`plan_holder_id` = `p`.`plan_holder_id`
INNER JOIN `users` `u` ON `u`.`user_id` = `ph`.`user_id`
WHERE `pay`.`branch_id` = 1
ORDER BY `pay`.`payment_id` DESC')
 3 SYSTEMPATH\Database\BaseConnection.php(827): CodeIgniter\Database\BaseConnection->simpleQuery('SELECT `pay`.`payment_id`, `pay`.`plan_id`, `pay`.`amount`, `pay`.`months_covered`, `pay`.`payment_date`, `pay`.`payment_method`, `pay`.`reference_number`, `pay`.`official_receipt_number`, `pay`.`status`, `pay`.`remarks`, `pay`.`received_by`, `pay`.`verified_at`, `pay`.`verified_by`, `u`.`first_name`, `u`.`last_name`, `ph`.`unique_identifier`, `ph`.`plan_holder_id`
FROM `payments` `pay`
INNER JOIN `plans` `p` ON `p`.`plan_id` = `pay`.`plan_id`
INNER JOIN `plan_holders` `ph` ON `ph`.`plan_holder_id` = `p`.`plan_holder_id`
INNER JOIN `users` `u` ON `u`.`user_id` = `ph`.`user_id`
WHERE `pay`.`branch_id` = 1
ORDER BY `pay`.`payment_id` DESC')
 4 SYSTEMPATH\Database\BaseBuilder.php(1649): CodeIgniter\Database\BaseConnection->query('SELECT `pay`.`payment_id`, `pay`.`plan_id`, `pay`.`amount`, `pay`.`months_covered`, `pay`.`payment_date`, `pay`.`payment_method`, `pay`.`reference_number`, `pay`.`official_receipt_number`, `pay`.`status`, `pay`.`remarks`, `pay`.`received_by`, `pay`.`verified_at`, `pay`.`verified_by`, `u`.`first_name`, `u`.`last_name`, `ph`.`unique_identifier`, `ph`.`plan_holder_id`
FROM `payments` `pay`
INNER JOIN `plans` `p` ON `p`.`plan_id` = `pay`.`plan_id`
INNER JOIN `plan_holders` `ph` ON `ph`.`plan_holder_id` = `p`.`plan_holder_id`
INNER JOIN `users` `u` ON `u`.`user_id` = `ph`.`user_id`
WHERE `pay`.`branch_id` = :pay.branch_id:
ORDER BY `pay`.`payment_id` DESC', [...], false)
 5 APPPATH\Controllers\PaymentTracking.php(575): CodeIgniter\Database\BaseBuilder->get()
 6 APPPATH\Controllers\PaymentTracking.php(99): App\Controllers\PaymentTracking->paymentRows(1)
 7 SYSTEMPATH\CodeIgniter.php(951): App\Controllers\PaymentTracking->branchAdmin()
 8 SYSTEMPATH\CodeIgniter.php(497): CodeIgniter\CodeIgniter->runController(Object(App\Controllers\PaymentTracking))
 9 SYSTEMPATH\CodeIgniter.php(340): CodeIgniter\CodeIgniter->handleRequest(null, Object(Config\Cache), false)
10 SYSTEMPATH\Boot.php(417): CodeIgniter\CodeIgniter->run()
11 SYSTEMPATH\Boot.php(68): CodeIgniter\Boot::runCodeIgniter(Object(CodeIgniter\CodeIgniter))
12 FCPATH\index.php(59): CodeIgniter\Boot::bootWeb(Object(Config\Paths))
CRITICAL - 2026-05-11 06:01:22 --> CodeIgniter\Database\Exceptions\DatabaseException: Unknown column 'pay.months_covered' in 'field list'
[Method: GET, Route: branch-admin/payment-tracking]
in SYSTEMPATH\Database\BaseConnection.php on line 865.
 1 SYSTEMPATH\Database\BaseBuilder.php(1649): CodeIgniter\Database\BaseConnection->query('SELECT `pay`.`payment_id`, `pay`.`plan_id`, `pay`.`amount`, `pay`.`months_covered`, `pay`.`payment_date`, `pay`.`payment_method`, `pay`.`reference_number`, `pay`.`official_receipt_number`, `pay`.`status`, `pay`.`remarks`, `pay`.`received_by`, `pay`.`verified_at`, `pay`.`verified_by`, `u`.`first_name`, `u`.`last_name`, `ph`.`unique_identifier`, `ph`.`plan_holder_id`
FROM `payments` `pay`
INNER JOIN `plans` `p` ON `p`.`plan_id` = `pay`.`plan_id`
INNER JOIN `plan_holders` `ph` ON `ph`.`plan_holder_id` = `p`.`plan_holder_id`
INNER JOIN `users` `u` ON `u`.`user_id` = `ph`.`user_id`
WHERE `pay`.`branch_id` = :pay.branch_id:
ORDER BY `pay`.`payment_id` DESC', [...], false)
 2 APPPATH\Controllers\PaymentTracking.php(575): CodeIgniter\Database\BaseBuilder->get()
 3 APPPATH\Controllers\PaymentTracking.php(99): App\Controllers\PaymentTracking->paymentRows(1)
 4 SYSTEMPATH\CodeIgniter.php(951): App\Controllers\PaymentTracking->branchAdmin()
 5 SYSTEMPATH\CodeIgniter.php(497): CodeIgniter\CodeIgniter->runController(Object(App\Controllers\PaymentTracking))
 6 SYSTEMPATH\CodeIgniter.php(340): CodeIgniter\CodeIgniter->handleRequest(null, Object(Config\Cache), false)
 7 SYSTEMPATH\Boot.php(417): CodeIgniter\CodeIgniter->run()
 8 SYSTEMPATH\Boot.php(68): CodeIgniter\Boot::runCodeIgniter(Object(CodeIgniter\CodeIgniter))
 9 FCPATH\index.php(59): CodeIgniter\Boot::bootWeb(Object(Config\Paths))
CRITICAL - 2026-05-11 06:01:22 --> [Caused by] CodeIgniter\Database\Exceptions\DatabaseException: Unknown column 'pay.months_covered' in 'field list'
in SYSTEMPATH\Database\MySQLi\Connection.php on line 310.
 1 SYSTEMPATH\Database\BaseConnection.php(910): CodeIgniter\Database\MySQLi\Connection->execute('SELECT `pay`.`payment_id`, `pay`.`plan_id`, `pay`.`amount`, `pay`.`months_covered`, `pay`.`payment_date`, `pay`.`payment_method`, `pay`.`reference_number`, `pay`.`official_receipt_number`, `pay`.`status`, `pay`.`remarks`, `pay`.`received_by`, `pay`.`verified_at`, `pay`.`verified_by`, `u`.`first_name`, `u`.`last_name`, `ph`.`unique_identifier`, `ph`.`plan_holder_id`
FROM `payments` `pay`
INNER JOIN `plans` `p` ON `p`.`plan_id` = `pay`.`plan_id`
INNER JOIN `plan_holders` `ph` ON `ph`.`plan_holder_id` = `p`.`plan_holder_id`
INNER JOIN `users` `u` ON `u`.`user_id` = `ph`.`user_id`
WHERE `pay`.`branch_id` = 1
ORDER BY `pay`.`payment_id` DESC')
 2 SYSTEMPATH\Database\BaseConnection.php(827): CodeIgniter\Database\BaseConnection->simpleQuery('SELECT `pay`.`payment_id`, `pay`.`plan_id`, `pay`.`amount`, `pay`.`months_covered`, `pay`.`payment_date`, `pay`.`payment_method`, `pay`.`reference_number`, `pay`.`official_receipt_number`, `pay`.`status`, `pay`.`remarks`, `pay`.`received_by`, `pay`.`verified_at`, `pay`.`verified_by`, `u`.`first_name`, `u`.`last_name`, `ph`.`unique_identifier`, `ph`.`plan_holder_id`
FROM `payments` `pay`
INNER JOIN `plans` `p` ON `p`.`plan_id` = `pay`.`plan_id`
INNER JOIN `plan_holders` `ph` ON `ph`.`plan_holder_id` = `p`.`plan_holder_id`
INNER JOIN `users` `u` ON `u`.`user_id` = `ph`.`user_id`
WHERE `pay`.`branch_id` = 1
ORDER BY `pay`.`payment_id` DESC')
 3 SYSTEMPATH\Database\BaseBuilder.php(1649): CodeIgniter\Database\BaseConnection->query('SELECT `pay`.`payment_id`, `pay`.`plan_id`, `pay`.`amount`, `pay`.`months_covered`, `pay`.`payment_date`, `pay`.`payment_method`, `pay`.`reference_number`, `pay`.`official_receipt_number`, `pay`.`status`, `pay`.`remarks`, `pay`.`received_by`, `pay`.`verified_at`, `pay`.`verified_by`, `u`.`first_name`, `u`.`last_name`, `ph`.`unique_identifier`, `ph`.`plan_holder_id`
FROM `payments` `pay`
INNER JOIN `plans` `p` ON `p`.`plan_id` = `pay`.`plan_id`
INNER JOIN `plan_holders` `ph` ON `ph`.`plan_holder_id` = `p`.`plan_holder_id`
INNER JOIN `users` `u` ON `u`.`user_id` = `ph`.`user_id`
WHERE `pay`.`branch_id` = :pay.branch_id:
ORDER BY `pay`.`payment_id` DESC', [...], false)
 4 APPPATH\Controllers\PaymentTracking.php(575): CodeIgniter\Database\BaseBuilder->get()
 5 APPPATH\Controllers\PaymentTracking.php(99): App\Controllers\PaymentTracking->paymentRows(1)
 6 SYSTEMPATH\CodeIgniter.php(951): App\Controllers\PaymentTracking->branchAdmin()
 7 SYSTEMPATH\CodeIgniter.php(497): CodeIgniter\CodeIgniter->runController(Object(App\Controllers\PaymentTracking))
 8 SYSTEMPATH\CodeIgniter.php(340): CodeIgniter\CodeIgniter->handleRequest(null, Object(Config\Cache), false)
 9 SYSTEMPATH\Boot.php(417): CodeIgniter\CodeIgniter->run()
10 SYSTEMPATH\Boot.php(68): CodeIgniter\Boot::runCodeIgniter(Object(CodeIgniter\CodeIgniter))
11 FCPATH\index.php(59): CodeIgniter\Boot::bootWeb(Object(Config\Paths))
CRITICAL - 2026-05-11 06:01:22 --> [Caused by] mysqli_sql_exception: Unknown column 'pay.months_covered' in 'field list'
in SYSTEMPATH\Database\MySQLi\Connection.php on line 300.
 1 SYSTEMPATH\Database\MySQLi\Connection.php(300): mysqli->query('SELECT `pay`.`payment_id`, `pay`.`plan_id`, `pay`.`amount`, `pay`.`months_covered`, `pay`.`payment_date`, `pay`.`payment_method`, `pay`.`reference_number`, `pay`.`official_receipt_number`, `pay`.`status`, `pay`.`remarks`, `pay`.`received_by`, `pay`.`verified_at`, `pay`.`verified_by`, `u`.`first_name`, `u`.`last_name`, `ph`.`unique_identifier`, `ph`.`plan_holder_id`
FROM `payments` `pay`
INNER JOIN `plans` `p` ON `p`.`plan_id` = `pay`.`plan_id`
INNER JOIN `plan_holders` `ph` ON `ph`.`plan_holder_id` = `p`.`plan_holder_id`
INNER JOIN `users` `u` ON `u`.`user_id` = `ph`.`user_id`
WHERE `pay`.`branch_id` = 1
ORDER BY `pay`.`payment_id` DESC', 0)
 2 SYSTEMPATH\Database\BaseConnection.php(910): CodeIgniter\Database\MySQLi\Connection->execute('SELECT `pay`.`payment_id`, `pay`.`plan_id`, `pay`.`amount`, `pay`.`months_covered`, `pay`.`payment_date`, `pay`.`payment_method`, `pay`.`reference_number`, `pay`.`official_receipt_number`, `pay`.`status`, `pay`.`remarks`, `pay`.`received_by`, `pay`.`verified_at`, `pay`.`verified_by`, `u`.`first_name`, `u`.`last_name`, `ph`.`unique_identifier`, `ph`.`plan_holder_id`
FROM `payments` `pay`
INNER JOIN `plans` `p` ON `p`.`plan_id` = `pay`.`plan_id`
INNER JOIN `plan_holders` `ph` ON `ph`.`plan_holder_id` = `p`.`plan_holder_id`
INNER JOIN `users` `u` ON `u`.`user_id` = `ph`.`user_id`
WHERE `pay`.`branch_id` = 1
ORDER BY `pay`.`payment_id` DESC')
 3 SYSTEMPATH\Database\BaseConnection.php(827): CodeIgniter\Database\BaseConnection->simpleQuery('SELECT `pay`.`payment_id`, `pay`.`plan_id`, `pay`.`amount`, `pay`.`months_covered`, `pay`.`payment_date`, `pay`.`payment_method`, `pay`.`reference_number`, `pay`.`official_receipt_number`, `pay`.`status`, `pay`.`remarks`, `pay`.`received_by`, `pay`.`verified_at`, `pay`.`verified_by`, `u`.`first_name`, `u`.`last_name`, `ph`.`unique_identifier`, `ph`.`plan_holder_id`
FROM `payments` `pay`
INNER JOIN `plans` `p` ON `p`.`plan_id` = `pay`.`plan_id`
INNER JOIN `plan_holders` `ph` ON `ph`.`plan_holder_id` = `p`.`plan_holder_id`
INNER JOIN `users` `u` ON `u`.`user_id` = `ph`.`user_id`
WHERE `pay`.`branch_id` = 1
ORDER BY `pay`.`payment_id` DESC')
 4 SYSTEMPATH\Database\BaseBuilder.php(1649): CodeIgniter\Database\BaseConnection->query('SELECT `pay`.`payment_id`, `pay`.`plan_id`, `pay`.`amount`, `pay`.`months_covered`, `pay`.`payment_date`, `pay`.`payment_method`, `pay`.`reference_number`, `pay`.`official_receipt_number`, `pay`.`status`, `pay`.`remarks`, `pay`.`received_by`, `pay`.`verified_at`, `pay`.`verified_by`, `u`.`first_name`, `u`.`last_name`, `ph`.`unique_identifier`, `ph`.`plan_holder_id`
FROM `payments` `pay`
INNER JOIN `plans` `p` ON `p`.`plan_id` = `pay`.`plan_id`
INNER JOIN `plan_holders` `ph` ON `ph`.`plan_holder_id` = `p`.`plan_holder_id`
INNER JOIN `users` `u` ON `u`.`user_id` = `ph`.`user_id`
WHERE `pay`.`branch_id` = :pay.branch_id:
ORDER BY `pay`.`payment_id` DESC', [...], false)
 5 APPPATH\Controllers\PaymentTracking.php(575): CodeIgniter\Database\BaseBuilder->get()
 6 APPPATH\Controllers\PaymentTracking.php(99): App\Controllers\PaymentTracking->paymentRows(1)
 7 SYSTEMPATH\CodeIgniter.php(951): App\Controllers\PaymentTracking->branchAdmin()
 8 SYSTEMPATH\CodeIgniter.php(497): CodeIgniter\CodeIgniter->runController(Object(App\Controllers\PaymentTracking))
 9 SYSTEMPATH\CodeIgniter.php(340): CodeIgniter\CodeIgniter->handleRequest(null, Object(Config\Cache), false)
10 SYSTEMPATH\Boot.php(417): CodeIgniter\CodeIgniter->run()
11 SYSTEMPATH\Boot.php(68): CodeIgniter\Boot::runCodeIgniter(Object(CodeIgniter\CodeIgniter))
12 FCPATH\index.php(59): CodeIgniter\Boot::bootWeb(Object(Config\Paths))
DEBUG - 2026-05-11 06:02:23 --> Session: Class initialized using 'CodeIgniter\Session\Handlers\FileHandler' driver.
DEBUG - 2026-05-11 06:02:24 --> Session: Class initialized using 'CodeIgniter\Session\Handlers\FileHandler' driver.
DEBUG - 2026-05-11 06:03:34 --> Session: Class initialized using 'CodeIgniter\Session\Handlers\FileHandler' driver.
DEBUG - 2026-05-11 06:03:34 --> Session: Class initialized using 'CodeIgniter\Session\Handlers\FileHandler' driver.
DEBUG - 2026-05-11 06:03:37 --> Session: Class initialized using 'CodeIgniter\Session\Handlers\FileHandler' driver.
DEBUG - 2026-05-11 06:03:45 --> Session: Class initialized using 'CodeIgniter\Session\Handlers\FileHandler' driver.
DEBUG - 2026-05-11 06:03:52 --> Session: Class initialized using 'CodeIgniter\Session\Handlers\FileHandler' driver.
ERROR - 2026-05-11 06:03:52 --> Unknown column 'pay.months_covered' in 'field list'
in SYSTEMPATH\Database\MySQLi\Connection.php on line 300.
 1 SYSTEMPATH\Database\MySQLi\Connection.php(300): mysqli->query('SELECT `pay`.`payment_id`, `pay`.`plan_id`, `pay`.`amount`, `pay`.`months_covered`, `pay`.`payment_date`, `pay`.`payment_method`, `pay`.`reference_number`, `pay`.`official_receipt_number`, `pay`.`status`, `pay`.`remarks`, `pay`.`received_by`, `pay`.`verified_at`, `pay`.`verified_by`, `u`.`first_name`, `u`.`last_name`, `ph`.`unique_identifier`, `ph`.`plan_holder_id`
FROM `payments` `pay`
INNER JOIN `plans` `p` ON `p`.`plan_id` = `pay`.`plan_id`
INNER JOIN `plan_holders` `ph` ON `ph`.`plan_holder_id` = `p`.`plan_holder_id`
INNER JOIN `users` `u` ON `u`.`user_id` = `ph`.`user_id`
WHERE `pay`.`branch_id` = 1
ORDER BY `pay`.`payment_id` DESC', 0)
 2 SYSTEMPATH\Database\BaseConnection.php(910): CodeIgniter\Database\MySQLi\Connection->execute('SELECT `pay`.`payment_id`, `pay`.`plan_id`, `pay`.`amount`, `pay`.`months_covered`, `pay`.`payment_date`, `pay`.`payment_method`, `pay`.`reference_number`, `pay`.`official_receipt_number`, `pay`.`status`, `pay`.`remarks`, `pay`.`received_by`, `pay`.`verified_at`, `pay`.`verified_by`, `u`.`first_name`, `u`.`last_name`, `ph`.`unique_identifier`, `ph`.`plan_holder_id`
FROM `payments` `pay`
INNER JOIN `plans` `p` ON `p`.`plan_id` = `pay`.`plan_id`
INNER JOIN `plan_holders` `ph` ON `ph`.`plan_holder_id` = `p`.`plan_holder_id`
INNER JOIN `users` `u` ON `u`.`user_id` = `ph`.`user_id`
WHERE `pay`.`branch_id` = 1
ORDER BY `pay`.`payment_id` DESC')
 3 SYSTEMPATH\Database\BaseConnection.php(827): CodeIgniter\Database\BaseConnection->simpleQuery('SELECT `pay`.`payment_id`, `pay`.`plan_id`, `pay`.`amount`, `pay`.`months_covered`, `pay`.`payment_date`, `pay`.`payment_method`, `pay`.`reference_number`, `pay`.`official_receipt_number`, `pay`.`status`, `pay`.`remarks`, `pay`.`received_by`, `pay`.`verified_at`, `pay`.`verified_by`, `u`.`first_name`, `u`.`last_name`, `ph`.`unique_identifier`, `ph`.`plan_holder_id`
FROM `payments` `pay`
INNER JOIN `plans` `p` ON `p`.`plan_id` = `pay`.`plan_id`
INNER JOIN `plan_holders` `ph` ON `ph`.`plan_holder_id` = `p`.`plan_holder_id`
INNER JOIN `users` `u` ON `u`.`user_id` = `ph`.`user_id`
WHERE `pay`.`branch_id` = 1
ORDER BY `pay`.`payment_id` DESC')
 4 SYSTEMPATH\Database\BaseBuilder.php(1649): CodeIgniter\Database\BaseConnection->query('SELECT `pay`.`payment_id`, `pay`.`plan_id`, `pay`.`amount`, `pay`.`months_covered`, `pay`.`payment_date`, `pay`.`payment_method`, `pay`.`reference_number`, `pay`.`official_receipt_number`, `pay`.`status`, `pay`.`remarks`, `pay`.`received_by`, `pay`.`verified_at`, `pay`.`verified_by`, `u`.`first_name`, `u`.`last_name`, `ph`.`unique_identifier`, `ph`.`plan_holder_id`
FROM `payments` `pay`
INNER JOIN `plans` `p` ON `p`.`plan_id` = `pay`.`plan_id`
INNER JOIN `plan_holders` `ph` ON `ph`.`plan_holder_id` = `p`.`plan_holder_id`
INNER JOIN `users` `u` ON `u`.`user_id` = `ph`.`user_id`
WHERE `pay`.`branch_id` = :pay.branch_id:
ORDER BY `pay`.`payment_id` DESC', [...], false)
 5 APPPATH\Controllers\PaymentTracking.php(575): CodeIgniter\Database\BaseBuilder->get()
 6 APPPATH\Controllers\PaymentTracking.php(99): App\Controllers\PaymentTracking->paymentRows(1)
 7 SYSTEMPATH\CodeIgniter.php(951): App\Controllers\PaymentTracking->branchAdmin()
 8 SYSTEMPATH\CodeIgniter.php(497): CodeIgniter\CodeIgniter->runController(Object(App\Controllers\PaymentTracking))
 9 SYSTEMPATH\CodeIgniter.php(340): CodeIgniter\CodeIgniter->handleRequest(null, Object(Config\Cache), false)
10 SYSTEMPATH\Boot.php(417): CodeIgniter\CodeIgniter->run()
11 SYSTEMPATH\Boot.php(68): CodeIgniter\Boot::runCodeIgniter(Object(CodeIgniter\CodeIgniter))
12 FCPATH\index.php(59): CodeIgniter\Boot::bootWeb(Object(Config\Paths))
CRITICAL - 2026-05-11 06:03:52 --> CodeIgniter\Database\Exceptions\DatabaseException: Unknown column 'pay.months_covered' in 'field list'
[Method: GET, Route: branch-admin/payment-tracking]
in SYSTEMPATH\Database\BaseConnection.php on line 865.
 1 SYSTEMPATH\Database\BaseBuilder.php(1649): CodeIgniter\Database\BaseConnection->query('SELECT `pay`.`payment_id`, `pay`.`plan_id`, `pay`.`amount`, `pay`.`months_covered`, `pay`.`payment_date`, `pay`.`payment_method`, `pay`.`reference_number`, `pay`.`official_receipt_number`, `pay`.`status`, `pay`.`remarks`, `pay`.`received_by`, `pay`.`verified_at`, `pay`.`verified_by`, `u`.`first_name`, `u`.`last_name`, `ph`.`unique_identifier`, `ph`.`plan_holder_id`
FROM `payments` `pay`
INNER JOIN `plans` `p` ON `p`.`plan_id` = `pay`.`plan_id`
INNER JOIN `plan_holders` `ph` ON `ph`.`plan_holder_id` = `p`.`plan_holder_id`
INNER JOIN `users` `u` ON `u`.`user_id` = `ph`.`user_id`
WHERE `pay`.`branch_id` = :pay.branch_id:
ORDER BY `pay`.`payment_id` DESC', [...], false)
 2 APPPATH\Controllers\PaymentTracking.php(575): CodeIgniter\Database\BaseBuilder->get()
 3 APPPATH\Controllers\PaymentTracking.php(99): App\Controllers\PaymentTracking->paymentRows(1)
 4 SYSTEMPATH\CodeIgniter.php(951): App\Controllers\PaymentTracking->branchAdmin()
 5 SYSTEMPATH\CodeIgniter.php(497): CodeIgniter\CodeIgniter->runController(Object(App\Controllers\PaymentTracking))
 6 SYSTEMPATH\CodeIgniter.php(340): CodeIgniter\CodeIgniter->handleRequest(null, Object(Config\Cache), false)
 7 SYSTEMPATH\Boot.php(417): CodeIgniter\CodeIgniter->run()
 8 SYSTEMPATH\Boot.php(68): CodeIgniter\Boot::runCodeIgniter(Object(CodeIgniter\CodeIgniter))
 9 FCPATH\index.php(59): CodeIgniter\Boot::bootWeb(Object(Config\Paths))
CRITICAL - 2026-05-11 06:03:52 --> [Caused by] CodeIgniter\Database\Exceptions\DatabaseException: Unknown column 'pay.months_covered' in 'field list'
in SYSTEMPATH\Database\MySQLi\Connection.php on line 310.
 1 SYSTEMPATH\Database\BaseConnection.php(910): CodeIgniter\Database\MySQLi\Connection->execute('SELECT `pay`.`payment_id`, `pay`.`plan_id`, `pay`.`amount`, `pay`.`months_covered`, `pay`.`payment_date`, `pay`.`payment_method`, `pay`.`reference_number`, `pay`.`official_receipt_number`, `pay`.`status`, `pay`.`remarks`, `pay`.`received_by`, `pay`.`verified_at`, `pay`.`verified_by`, `u`.`first_name`, `u`.`last_name`, `ph`.`unique_identifier`, `ph`.`plan_holder_id`
FROM `payments` `pay`
INNER JOIN `plans` `p` ON `p`.`plan_id` = `pay`.`plan_id`
INNER JOIN `plan_holders` `ph` ON `ph`.`plan_holder_id` = `p`.`plan_holder_id`
INNER JOIN `users` `u` ON `u`.`user_id` = `ph`.`user_id`
WHERE `pay`.`branch_id` = 1
ORDER BY `pay`.`payment_id` DESC')
 2 SYSTEMPATH\Database\BaseConnection.php(827): CodeIgniter\Database\BaseConnection->simpleQuery('SELECT `pay`.`payment_id`, `pay`.`plan_id`, `pay`.`amount`, `pay`.`months_covered`, `pay`.`payment_date`, `pay`.`payment_method`, `pay`.`reference_number`, `pay`.`official_receipt_number`, `pay`.`status`, `pay`.`remarks`, `pay`.`received_by`, `pay`.`verified_at`, `pay`.`verified_by`, `u`.`first_name`, `u`.`last_name`, `ph`.`unique_identifier`, `ph`.`plan_holder_id`
FROM `payments` `pay`
INNER JOIN `plans` `p` ON `p`.`plan_id` = `pay`.`plan_id`
INNER JOIN `plan_holders` `ph` ON `ph`.`plan_holder_id` = `p`.`plan_holder_id`
INNER JOIN `users` `u` ON `u`.`user_id` = `ph`.`user_id`
WHERE `pay`.`branch_id` = 1
ORDER BY `pay`.`payment_id` DESC')
 3 SYSTEMPATH\Database\BaseBuilder.php(1649): CodeIgniter\Database\BaseConnection->query('SELECT `pay`.`payment_id`, `pay`.`plan_id`, `pay`.`amount`, `pay`.`months_covered`, `pay`.`payment_date`, `pay`.`payment_method`, `pay`.`reference_number`, `pay`.`official_receipt_number`, `pay`.`status`, `pay`.`remarks`, `pay`.`received_by`, `pay`.`verified_at`, `pay`.`verified_by`, `u`.`first_name`, `u`.`last_name`, `ph`.`unique_identifier`, `ph`.`plan_holder_id`
FROM `payments` `pay`
INNER JOIN `plans` `p` ON `p`.`plan_id` = `pay`.`plan_id`
INNER JOIN `plan_holders` `ph` ON `ph`.`plan_holder_id` = `p`.`plan_holder_id`
INNER JOIN `users` `u` ON `u`.`user_id` = `ph`.`user_id`
WHERE `pay`.`branch_id` = :pay.branch_id:
ORDER BY `pay`.`payment_id` DESC', [...], false)
 4 APPPATH\Controllers\PaymentTracking.php(575): CodeIgniter\Database\BaseBuilder->get()
 5 APPPATH\Controllers\PaymentTracking.php(99): App\Controllers\PaymentTracking->paymentRows(1)
 6 SYSTEMPATH\CodeIgniter.php(951): App\Controllers\PaymentTracking->branchAdmin()
 7 SYSTEMPATH\CodeIgniter.php(497): CodeIgniter\CodeIgniter->runController(Object(App\Controllers\PaymentTracking))
 8 SYSTEMPATH\CodeIgniter.php(340): CodeIgniter\CodeIgniter->handleRequest(null, Object(Config\Cache), false)
 9 SYSTEMPATH\Boot.php(417): CodeIgniter\CodeIgniter->run()
10 SYSTEMPATH\Boot.php(68): CodeIgniter\Boot::runCodeIgniter(Object(CodeIgniter\CodeIgniter))
11 FCPATH\index.php(59): CodeIgniter\Boot::bootWeb(Object(Config\Paths))
CRITICAL - 2026-05-11 06:03:52 --> [Caused by] mysqli_sql_exception: Unknown column 'pay.months_covered' in 'field list'
in SYSTEMPATH\Database\MySQLi\Connection.php on line 300.
 1 SYSTEMPATH\Database\MySQLi\Connection.php(300): mysqli->query('SELECT `pay`.`payment_id`, `pay`.`plan_id`, `pay`.`amount`, `pay`.`months_covered`, `pay`.`payment_date`, `pay`.`payment_method`, `pay`.`reference_number`, `pay`.`official_receipt_number`, `pay`.`status`, `pay`.`remarks`, `pay`.`received_by`, `pay`.`verified_at`, `pay`.`verified_by`, `u`.`first_name`, `u`.`last_name`, `ph`.`unique_identifier`, `ph`.`plan_holder_id`
FROM `payments` `pay`
INNER JOIN `plans` `p` ON `p`.`plan_id` = `pay`.`plan_id`
INNER JOIN `plan_holders` `ph` ON `ph`.`plan_holder_id` = `p`.`plan_holder_id`
INNER JOIN `users` `u` ON `u`.`user_id` = `ph`.`user_id`
WHERE `pay`.`branch_id` = 1
ORDER BY `pay`.`payment_id` DESC', 0)
 2 SYSTEMPATH\Database\BaseConnection.php(910): CodeIgniter\Database\MySQLi\Connection->execute('SELECT `pay`.`payment_id`, `pay`.`plan_id`, `pay`.`amount`, `pay`.`months_covered`, `pay`.`payment_date`, `pay`.`payment_method`, `pay`.`reference_number`, `pay`.`official_receipt_number`, `pay`.`status`, `pay`.`remarks`, `pay`.`received_by`, `pay`.`verified_at`, `pay`.`verified_by`, `u`.`first_name`, `u`.`last_name`, `ph`.`unique_identifier`, `ph`.`plan_holder_id`
FROM `payments` `pay`
INNER JOIN `plans` `p` ON `p`.`plan_id` = `pay`.`plan_id`
INNER JOIN `plan_holders` `ph` ON `ph`.`plan_holder_id` = `p`.`plan_holder_id`
INNER JOIN `users` `u` ON `u`.`user_id` = `ph`.`user_id`
WHERE `pay`.`branch_id` = 1
ORDER BY `pay`.`payment_id` DESC')
 3 SYSTEMPATH\Database\BaseConnection.php(827): CodeIgniter\Database\BaseConnection->simpleQuery('SELECT `pay`.`payment_id`, `pay`.`plan_id`, `pay`.`amount`, `pay`.`months_covered`, `pay`.`payment_date`, `pay`.`payment_method`, `pay`.`reference_number`, `pay`.`official_receipt_number`, `pay`.`status`, `pay`.`remarks`, `pay`.`received_by`, `pay`.`verified_at`, `pay`.`verified_by`, `u`.`first_name`, `u`.`last_name`, `ph`.`unique_identifier`, `ph`.`plan_holder_id`
FROM `payments` `pay`
INNER JOIN `plans` `p` ON `p`.`plan_id` = `pay`.`plan_id`
INNER JOIN `plan_holders` `ph` ON `ph`.`plan_holder_id` = `p`.`plan_holder_id`
INNER JOIN `users` `u` ON `u`.`user_id` = `ph`.`user_id`
WHERE `pay`.`branch_id` = 1
ORDER BY `pay`.`payment_id` DESC')
 4 SYSTEMPATH\Database\BaseBuilder.php(1649): CodeIgniter\Database\BaseConnection->query('SELECT `pay`.`payment_id`, `pay`.`plan_id`, `pay`.`amount`, `pay`.`months_covered`, `pay`.`payment_date`, `pay`.`payment_method`, `pay`.`reference_number`, `pay`.`official_receipt_number`, `pay`.`status`, `pay`.`remarks`, `pay`.`received_by`, `pay`.`verified_at`, `pay`.`verified_by`, `u`.`first_name`, `u`.`last_name`, `ph`.`unique_identifier`, `ph`.`plan_holder_id`
FROM `payments` `pay`
INNER JOIN `plans` `p` ON `p`.`plan_id` = `pay`.`plan_id`
INNER JOIN `plan_holders` `ph` ON `ph`.`plan_holder_id` = `p`.`plan_holder_id`
INNER JOIN `users` `u` ON `u`.`user_id` = `ph`.`user_id`
WHERE `pay`.`branch_id` = :pay.branch_id:
ORDER BY `pay`.`payment_id` DESC', [...], false)
 5 APPPATH\Controllers\PaymentTracking.php(575): CodeIgniter\Database\BaseBuilder->get()
 6 APPPATH\Controllers\PaymentTracking.php(99): App\Controllers\PaymentTracking->paymentRows(1)
 7 SYSTEMPATH\CodeIgniter.php(951): App\Controllers\PaymentTracking->branchAdmin()
 8 SYSTEMPATH\CodeIgniter.php(497): CodeIgniter\CodeIgniter->runController(Object(App\Controllers\PaymentTracking))
 9 SYSTEMPATH\CodeIgniter.php(340): CodeIgniter\CodeIgniter->handleRequest(null, Object(Config\Cache), false)
10 SYSTEMPATH\Boot.php(417): CodeIgniter\CodeIgniter->run()
11 SYSTEMPATH\Boot.php(68): CodeIgniter\Boot::runCodeIgniter(Object(CodeIgniter\CodeIgniter))
12 FCPATH\index.php(59): CodeIgniter\Boot::bootWeb(Object(Config\Paths))
DEBUG - 2026-05-11 06:03:55 --> Session: Class initialized using 'CodeIgniter\Session\Handlers\FileHandler' driver.
ERROR - 2026-05-11 06:03:55 --> Unknown column 'pay.months_covered' in 'field list'
in SYSTEMPATH\Database\MySQLi\Connection.php on line 300.
 1 SYSTEMPATH\Database\MySQLi\Connection.php(300): mysqli->query('SELECT `pay`.`payment_id`, `pay`.`plan_id`, `pay`.`amount`, `pay`.`months_covered`, `pay`.`payment_date`, `pay`.`payment_method`, `pay`.`reference_number`, `pay`.`official_receipt_number`, `pay`.`status`, `pay`.`remarks`, `pay`.`received_by`, `pay`.`verified_at`, `pay`.`verified_by`, `u`.`first_name`, `u`.`last_name`, `ph`.`unique_identifier`, `ph`.`plan_holder_id`
FROM `payments` `pay`
INNER JOIN `plans` `p` ON `p`.`plan_id` = `pay`.`plan_id`
INNER JOIN `plan_holders` `ph` ON `ph`.`plan_holder_id` = `p`.`plan_holder_id`
INNER JOIN `users` `u` ON `u`.`user_id` = `ph`.`user_id`
WHERE `pay`.`branch_id` = 1
ORDER BY `pay`.`payment_id` DESC', 0)
 2 SYSTEMPATH\Database\BaseConnection.php(910): CodeIgniter\Database\MySQLi\Connection->execute('SELECT `pay`.`payment_id`, `pay`.`plan_id`, `pay`.`amount`, `pay`.`months_covered`, `pay`.`payment_date`, `pay`.`payment_method`, `pay`.`reference_number`, `pay`.`official_receipt_number`, `pay`.`status`, `pay`.`remarks`, `pay`.`received_by`, `pay`.`verified_at`, `pay`.`verified_by`, `u`.`first_name`, `u`.`last_name`, `ph`.`unique_identifier`, `ph`.`plan_holder_id`
FROM `payments` `pay`
INNER JOIN `plans` `p` ON `p`.`plan_id` = `pay`.`plan_id`
INNER JOIN `plan_holders` `ph` ON `ph`.`plan_holder_id` = `p`.`plan_holder_id`
INNER JOIN `users` `u` ON `u`.`user_id` = `ph`.`user_id`
WHERE `pay`.`branch_id` = 1
ORDER BY `pay`.`payment_id` DESC')
 3 SYSTEMPATH\Database\BaseConnection.php(827): CodeIgniter\Database\BaseConnection->simpleQuery('SELECT `pay`.`payment_id`, `pay`.`plan_id`, `pay`.`amount`, `pay`.`months_covered`, `pay`.`payment_date`, `pay`.`payment_method`, `pay`.`reference_number`, `pay`.`official_receipt_number`, `pay`.`status`, `pay`.`remarks`, `pay`.`received_by`, `pay`.`verified_at`, `pay`.`verified_by`, `u`.`first_name`, `u`.`last_name`, `ph`.`unique_identifier`, `ph`.`plan_holder_id`
FROM `payments` `pay`
INNER JOIN `plans` `p` ON `p`.`plan_id` = `pay`.`plan_id`
INNER JOIN `plan_holders` `ph` ON `ph`.`plan_holder_id` = `p`.`plan_holder_id`
INNER JOIN `users` `u` ON `u`.`user_id` = `ph`.`user_id`
WHERE `pay`.`branch_id` = 1
ORDER BY `pay`.`payment_id` DESC')
 4 SYSTEMPATH\Database\BaseBuilder.php(1649): CodeIgniter\Database\BaseConnection->query('SELECT `pay`.`payment_id`, `pay`.`plan_id`, `pay`.`amount`, `pay`.`months_covered`, `pay`.`payment_date`, `pay`.`payment_method`, `pay`.`reference_number`, `pay`.`official_receipt_number`, `pay`.`status`, `pay`.`remarks`, `pay`.`received_by`, `pay`.`verified_at`, `pay`.`verified_by`, `u`.`first_name`, `u`.`last_name`, `ph`.`unique_identifier`, `ph`.`plan_holder_id`
FROM `payments` `pay`
INNER JOIN `plans` `p` ON `p`.`plan_id` = `pay`.`plan_id`
INNER JOIN `plan_holders` `ph` ON `ph`.`plan_holder_id` = `p`.`plan_holder_id`
INNER JOIN `users` `u` ON `u`.`user_id` = `ph`.`user_id`
WHERE `pay`.`branch_id` = :pay.branch_id:
ORDER BY `pay`.`payment_id` DESC', [...], false)
 5 APPPATH\Controllers\PaymentTracking.php(575): CodeIgniter\Database\BaseBuilder->get()
 6 APPPATH\Controllers\PaymentTracking.php(99): App\Controllers\PaymentTracking->paymentRows(1)
 7 SYSTEMPATH\CodeIgniter.php(951): App\Controllers\PaymentTracking->branchAdmin()
 8 SYSTEMPATH\CodeIgniter.php(497): CodeIgniter\CodeIgniter->runController(Object(App\Controllers\PaymentTracking))
 9 SYSTEMPATH\CodeIgniter.php(340): CodeIgniter\CodeIgniter->handleRequest(null, Object(Config\Cache), false)
10 SYSTEMPATH\Boot.php(417): CodeIgniter\CodeIgniter->run()
11 SYSTEMPATH\Boot.php(68): CodeIgniter\Boot::runCodeIgniter(Object(CodeIgniter\CodeIgniter))
12 FCPATH\index.php(59): CodeIgniter\Boot::bootWeb(Object(Config\Paths))
CRITICAL - 2026-05-11 06:03:55 --> CodeIgniter\Database\Exceptions\DatabaseException: Unknown column 'pay.months_covered' in 'field list'
[Method: GET, Route: branch-admin/payment-tracking]
in SYSTEMPATH\Database\BaseConnection.php on line 865.
 1 SYSTEMPATH\Database\BaseBuilder.php(1649): CodeIgniter\Database\BaseConnection->query('SELECT `pay`.`payment_id`, `pay`.`plan_id`, `pay`.`amount`, `pay`.`months_covered`, `pay`.`payment_date`, `pay`.`payment_method`, `pay`.`reference_number`, `pay`.`official_receipt_number`, `pay`.`status`, `pay`.`remarks`, `pay`.`received_by`, `pay`.`verified_at`, `pay`.`verified_by`, `u`.`first_name`, `u`.`last_name`, `ph`.`unique_identifier`, `ph`.`plan_holder_id`
FROM `payments` `pay`
INNER JOIN `plans` `p` ON `p`.`plan_id` = `pay`.`plan_id`
INNER JOIN `plan_holders` `ph` ON `ph`.`plan_holder_id` = `p`.`plan_holder_id`
INNER JOIN `users` `u` ON `u`.`user_id` = `ph`.`user_id`
WHERE `pay`.`branch_id` = :pay.branch_id:
ORDER BY `pay`.`payment_id` DESC', [...], false)
 2 APPPATH\Controllers\PaymentTracking.php(575): CodeIgniter\Database\BaseBuilder->get()
 3 APPPATH\Controllers\PaymentTracking.php(99): App\Controllers\PaymentTracking->paymentRows(1)
 4 SYSTEMPATH\CodeIgniter.php(951): App\Controllers\PaymentTracking->branchAdmin()
 5 SYSTEMPATH\CodeIgniter.php(497): CodeIgniter\CodeIgniter->runController(Object(App\Controllers\PaymentTracking))
 6 SYSTEMPATH\CodeIgniter.php(340): CodeIgniter\CodeIgniter->handleRequest(null, Object(Config\Cache), false)
 7 SYSTEMPATH\Boot.php(417): CodeIgniter\CodeIgniter->run()
 8 SYSTEMPATH\Boot.php(68): CodeIgniter\Boot::runCodeIgniter(Object(CodeIgniter\CodeIgniter))
 9 FCPATH\index.php(59): CodeIgniter\Boot::bootWeb(Object(Config\Paths))
CRITICAL - 2026-05-11 06:03:55 --> [Caused by] CodeIgniter\Database\Exceptions\DatabaseException: Unknown column 'pay.months_covered' in 'field list'
in SYSTEMPATH\Database\MySQLi\Connection.php on line 310.
 1 SYSTEMPATH\Database\BaseConnection.php(910): CodeIgniter\Database\MySQLi\Connection->execute('SELECT `pay`.`payment_id`, `pay`.`plan_id`, `pay`.`amount`, `pay`.`months_covered`, `pay`.`payment_date`, `pay`.`payment_method`, `pay`.`reference_number`, `pay`.`official_receipt_number`, `pay`.`status`, `pay`.`remarks`, `pay`.`received_by`, `pay`.`verified_at`, `pay`.`verified_by`, `u`.`first_name`, `u`.`last_name`, `ph`.`unique_identifier`, `ph`.`plan_holder_id`
FROM `payments` `pay`
INNER JOIN `plans` `p` ON `p`.`plan_id` = `pay`.`plan_id`
INNER JOIN `plan_holders` `ph` ON `ph`.`plan_holder_id` = `p`.`plan_holder_id`
INNER JOIN `users` `u` ON `u`.`user_id` = `ph`.`user_id`
WHERE `pay`.`branch_id` = 1
ORDER BY `pay`.`payment_id` DESC')
 2 SYSTEMPATH\Database\BaseConnection.php(827): CodeIgniter\Database\BaseConnection->simpleQuery('SELECT `pay`.`payment_id`, `pay`.`plan_id`, `pay`.`amount`, `pay`.`months_covered`, `pay`.`payment_date`, `pay`.`payment_method`, `pay`.`reference_number`, `pay`.`official_receipt_number`, `pay`.`status`, `pay`.`remarks`, `pay`.`received_by`, `pay`.`verified_at`, `pay`.`verified_by`, `u`.`first_name`, `u`.`last_name`, `ph`.`unique_identifier`, `ph`.`plan_holder_id`
FROM `payments` `pay`
INNER JOIN `plans` `p` ON `p`.`plan_id` = `pay`.`plan_id`
INNER JOIN `plan_holders` `ph` ON `ph`.`plan_holder_id` = `p`.`plan_holder_id`
INNER JOIN `users` `u` ON `u`.`user_id` = `ph`.`user_id`
WHERE `pay`.`branch_id` = 1
ORDER BY `pay`.`payment_id` DESC')
 3 SYSTEMPATH\Database\BaseBuilder.php(1649): CodeIgniter\Database\BaseConnection->query('SELECT `pay`.`payment_id`, `pay`.`plan_id`, `pay`.`amount`, `pay`.`months_covered`, `pay`.`payment_date`, `pay`.`payment_method`, `pay`.`reference_number`, `pay`.`official_receipt_number`, `pay`.`status`, `pay`.`remarks`, `pay`.`received_by`, `pay`.`verified_at`, `pay`.`verified_by`, `u`.`first_name`, `u`.`last_name`, `ph`.`unique_identifier`, `ph`.`plan_holder_id`
FROM `payments` `pay`
INNER JOIN `plans` `p` ON `p`.`plan_id` = `pay`.`plan_id`
INNER JOIN `plan_holders` `ph` ON `ph`.`plan_holder_id` = `p`.`plan_holder_id`
INNER JOIN `users` `u` ON `u`.`user_id` = `ph`.`user_id`
WHERE `pay`.`branch_id` = :pay.branch_id:
ORDER BY `pay`.`payment_id` DESC', [...], false)
 4 APPPATH\Controllers\PaymentTracking.php(575): CodeIgniter\Database\BaseBuilder->get()
 5 APPPATH\Controllers\PaymentTracking.php(99): App\Controllers\PaymentTracking->paymentRows(1)
 6 SYSTEMPATH\CodeIgniter.php(951): App\Controllers\PaymentTracking->branchAdmin()
 7 SYSTEMPATH\CodeIgniter.php(497): CodeIgniter\CodeIgniter->runController(Object(App\Controllers\PaymentTracking))
 8 SYSTEMPATH\CodeIgniter.php(340): CodeIgniter\CodeIgniter->handleRequest(null, Object(Config\Cache), false)
 9 SYSTEMPATH\Boot.php(417): CodeIgniter\CodeIgniter->run()
10 SYSTEMPATH\Boot.php(68): CodeIgniter\Boot::runCodeIgniter(Object(CodeIgniter\CodeIgniter))
11 FCPATH\index.php(59): CodeIgniter\Boot::bootWeb(Object(Config\Paths))
CRITICAL - 2026-05-11 06:03:55 --> [Caused by] mysqli_sql_exception: Unknown column 'pay.months_covered' in 'field list'
in SYSTEMPATH\Database\MySQLi\Connection.php on line 300.
 1 SYSTEMPATH\Database\MySQLi\Connection.php(300): mysqli->query('SELECT `pay`.`payment_id`, `pay`.`plan_id`, `pay`.`amount`, `pay`.`months_covered`, `pay`.`payment_date`, `pay`.`payment_method`, `pay`.`reference_number`, `pay`.`official_receipt_number`, `pay`.`status`, `pay`.`remarks`, `pay`.`received_by`, `pay`.`verified_at`, `pay`.`verified_by`, `u`.`first_name`, `u`.`last_name`, `ph`.`unique_identifier`, `ph`.`plan_holder_id`
FROM `payments` `pay`
INNER JOIN `plans` `p` ON `p`.`plan_id` = `pay`.`plan_id`
INNER JOIN `plan_holders` `ph` ON `ph`.`plan_holder_id` = `p`.`plan_holder_id`
INNER JOIN `users` `u` ON `u`.`user_id` = `ph`.`user_id`
WHERE `pay`.`branch_id` = 1
ORDER BY `pay`.`payment_id` DESC', 0)
 2 SYSTEMPATH\Database\BaseConnection.php(910): CodeIgniter\Database\MySQLi\Connection->execute('SELECT `pay`.`payment_id`, `pay`.`plan_id`, `pay`.`amount`, `pay`.`months_covered`, `pay`.`payment_date`, `pay`.`payment_method`, `pay`.`reference_number`, `pay`.`official_receipt_number`, `pay`.`status`, `pay`.`remarks`, `pay`.`received_by`, `pay`.`verified_at`, `pay`.`verified_by`, `u`.`first_name`, `u`.`last_name`, `ph`.`unique_identifier`, `ph`.`plan_holder_id`
FROM `payments` `pay`
INNER JOIN `plans` `p` ON `p`.`plan_id` = `pay`.`plan_id`
INNER JOIN `plan_holders` `ph` ON `ph`.`plan_holder_id` = `p`.`plan_holder_id`
INNER JOIN `users` `u` ON `u`.`user_id` = `ph`.`user_id`
WHERE `pay`.`branch_id` = 1
ORDER BY `pay`.`payment_id` DESC')
 3 SYSTEMPATH\Database\BaseConnection.php(827): CodeIgniter\Database\BaseConnection->simpleQuery('SELECT `pay`.`payment_id`, `pay`.`plan_id`, `pay`.`amount`, `pay`.`months_covered`, `pay`.`payment_date`, `pay`.`payment_method`, `pay`.`reference_number`, `pay`.`official_receipt_number`, `pay`.`status`, `pay`.`remarks`, `pay`.`received_by`, `pay`.`verified_at`, `pay`.`verified_by`, `u`.`first_name`, `u`.`last_name`, `ph`.`unique_identifier`, `ph`.`plan_holder_id`
FROM `payments` `pay`
INNER JOIN `plans` `p` ON `p`.`plan_id` = `pay`.`plan_id`
INNER JOIN `plan_holders` `ph` ON `ph`.`plan_holder_id` = `p`.`plan_holder_id`
INNER JOIN `users` `u` ON `u`.`user_id` = `ph`.`user_id`
WHERE `pay`.`branch_id` = 1
ORDER BY `pay`.`payment_id` DESC')
 4 SYSTEMPATH\Database\BaseBuilder.php(1649): CodeIgniter\Database\BaseConnection->query('SELECT `pay`.`payment_id`, `pay`.`plan_id`, `pay`.`amount`, `pay`.`months_covered`, `pay`.`payment_date`, `pay`.`payment_method`, `pay`.`reference_number`, `pay`.`official_receipt_number`, `pay`.`status`, `pay`.`remarks`, `pay`.`received_by`, `pay`.`verified_at`, `pay`.`verified_by`, `u`.`first_name`, `u`.`last_name`, `ph`.`unique_identifier`, `ph`.`plan_holder_id`
FROM `payments` `pay`
INNER JOIN `plans` `p` ON `p`.`plan_id` = `pay`.`plan_id`
INNER JOIN `plan_holders` `ph` ON `ph`.`plan_holder_id` = `p`.`plan_holder_id`
INNER JOIN `users` `u` ON `u`.`user_id` = `ph`.`user_id`
WHERE `pay`.`branch_id` = :pay.branch_id:
ORDER BY `pay`.`payment_id` DESC', [...], false)
 5 APPPATH\Controllers\PaymentTracking.php(575): CodeIgniter\Database\BaseBuilder->get()
 6 APPPATH\Controllers\PaymentTracking.php(99): App\Controllers\PaymentTracking->paymentRows(1)
 7 SYSTEMPATH\CodeIgniter.php(951): App\Controllers\PaymentTracking->branchAdmin()
 8 SYSTEMPATH\CodeIgniter.php(497): CodeIgniter\CodeIgniter->runController(Object(App\Controllers\PaymentTracking))
 9 SYSTEMPATH\CodeIgniter.php(340): CodeIgniter\CodeIgniter->handleRequest(null, Object(Config\Cache), false)
10 SYSTEMPATH\Boot.php(417): CodeIgniter\CodeIgniter->run()
11 SYSTEMPATH\Boot.php(68): CodeIgniter\Boot::runCodeIgniter(Object(CodeIgniter\CodeIgniter))
12 FCPATH\index.php(59): CodeIgniter\Boot::bootWeb(Object(Config\Paths))
DEBUG - 2026-05-11 06:04:58 --> Session: Class initialized using 'CodeIgniter\Session\Handlers\FileHandler' driver.
DEBUG - 2026-05-11 06:04:59 --> Session: Class initialized using 'CodeIgniter\Session\Handlers\FileHandler' driver.
DEBUG - 2026-05-11 06:05:20 --> Session: Class initialized using 'CodeIgniter\Session\Handlers\FileHandler' driver.
DEBUG - 2026-05-11 06:05:20 --> Session: Class initialized using 'CodeIgniter\Session\Handlers\FileHandler' driver.
DEBUG - 2026-05-11 06:05:21 --> Session: Class initialized using 'CodeIgniter\Session\Handlers\FileHandler' driver.
DEBUG - 2026-05-11 06:05:21 --> Session: Class initialized using 'CodeIgniter\Session\Handlers\FileHandler' driver.
DEBUG - 2026-05-11 06:05:31 --> Session: Class initialized using 'CodeIgniter\Session\Handlers\FileHandler' driver.
ERROR - 2026-05-11 06:05:31 --> Unknown column 'pay.months_covered' in 'field list'
in SYSTEMPATH\Database\MySQLi\Connection.php on line 300.
 1 SYSTEMPATH\Database\MySQLi\Connection.php(300): mysqli->query('SELECT `pay`.`payment_id`, `pay`.`plan_id`, `pay`.`amount`, `pay`.`months_covered`, `pay`.`payment_date`, `pay`.`payment_method`, `pay`.`reference_number`, `pay`.`official_receipt_number`, `pay`.`status`, `pay`.`remarks`, `pay`.`received_by`, `pay`.`verified_at`, `pay`.`verified_by`, `u`.`first_name`, `u`.`last_name`, `ph`.`unique_identifier`, `ph`.`plan_holder_id`
FROM `payments` `pay`
INNER JOIN `plans` `p` ON `p`.`plan_id` = `pay`.`plan_id`
INNER JOIN `plan_holders` `ph` ON `ph`.`plan_holder_id` = `p`.`plan_holder_id`
INNER JOIN `users` `u` ON `u`.`user_id` = `ph`.`user_id`
WHERE `pay`.`branch_id` = 1
ORDER BY `pay`.`payment_id` DESC', 0)
 2 SYSTEMPATH\Database\BaseConnection.php(910): CodeIgniter\Database\MySQLi\Connection->execute('SELECT `pay`.`payment_id`, `pay`.`plan_id`, `pay`.`amount`, `pay`.`months_covered`, `pay`.`payment_date`, `pay`.`payment_method`, `pay`.`reference_number`, `pay`.`official_receipt_number`, `pay`.`status`, `pay`.`remarks`, `pay`.`received_by`, `pay`.`verified_at`, `pay`.`verified_by`, `u`.`first_name`, `u`.`last_name`, `ph`.`unique_identifier`, `ph`.`plan_holder_id`
FROM `payments` `pay`
INNER JOIN `plans` `p` ON `p`.`plan_id` = `pay`.`plan_id`
INNER JOIN `plan_holders` `ph` ON `ph`.`plan_holder_id` = `p`.`plan_holder_id`
INNER JOIN `users` `u` ON `u`.`user_id` = `ph`.`user_id`
WHERE `pay`.`branch_id` = 1
ORDER BY `pay`.`payment_id` DESC')
 3 SYSTEMPATH\Database\BaseConnection.php(827): CodeIgniter\Database\BaseConnection->simpleQuery('SELECT `pay`.`payment_id`, `pay`.`plan_id`, `pay`.`amount`, `pay`.`months_covered`, `pay`.`payment_date`, `pay`.`payment_method`, `pay`.`reference_number`, `pay`.`official_receipt_number`, `pay`.`status`, `pay`.`remarks`, `pay`.`received_by`, `pay`.`verified_at`, `pay`.`verified_by`, `u`.`first_name`, `u`.`last_name`, `ph`.`unique_identifier`, `ph`.`plan_holder_id`
FROM `payments` `pay`
INNER JOIN `plans` `p` ON `p`.`plan_id` = `pay`.`plan_id`
INNER JOIN `plan_holders` `ph` ON `ph`.`plan_holder_id` = `p`.`plan_holder_id`
INNER JOIN `users` `u` ON `u`.`user_id` = `ph`.`user_id`
WHERE `pay`.`branch_id` = 1
ORDER BY `pay`.`payment_id` DESC')
 4 SYSTEMPATH\Database\BaseBuilder.php(1649): CodeIgniter\Database\BaseConnection->query('SELECT `pay`.`payment_id`, `pay`.`plan_id`, `pay`.`amount`, `pay`.`months_covered`, `pay`.`payment_date`, `pay`.`payment_method`, `pay`.`reference_number`, `pay`.`official_receipt_number`, `pay`.`status`, `pay`.`remarks`, `pay`.`received_by`, `pay`.`verified_at`, `pay`.`verified_by`, `u`.`first_name`, `u`.`last_name`, `ph`.`unique_identifier`, `ph`.`plan_holder_id`
FROM `payments` `pay`
INNER JOIN `plans` `p` ON `p`.`plan_id` = `pay`.`plan_id`
INNER JOIN `plan_holders` `ph` ON `ph`.`plan_holder_id` = `p`.`plan_holder_id`
INNER JOIN `users` `u` ON `u`.`user_id` = `ph`.`user_id`
WHERE `pay`.`branch_id` = :pay.branch_id:
ORDER BY `pay`.`payment_id` DESC', [...], false)
 5 APPPATH\Controllers\PaymentTracking.php(575): CodeIgniter\Database\BaseBuilder->get()
 6 APPPATH\Controllers\PaymentTracking.php(99): App\Controllers\PaymentTracking->paymentRows(1)
 7 SYSTEMPATH\CodeIgniter.php(951): App\Controllers\PaymentTracking->branchAdmin()
 8 SYSTEMPATH\CodeIgniter.php(497): CodeIgniter\CodeIgniter->runController(Object(App\Controllers\PaymentTracking))
 9 SYSTEMPATH\CodeIgniter.php(340): CodeIgniter\CodeIgniter->handleRequest(null, Object(Config\Cache), false)
10 SYSTEMPATH\Boot.php(417): CodeIgniter\CodeIgniter->run()
11 SYSTEMPATH\Boot.php(68): CodeIgniter\Boot::runCodeIgniter(Object(CodeIgniter\CodeIgniter))
12 FCPATH\index.php(59): CodeIgniter\Boot::bootWeb(Object(Config\Paths))
CRITICAL - 2026-05-11 06:05:31 --> CodeIgniter\Database\Exceptions\DatabaseException: Unknown column 'pay.months_covered' in 'field list'
[Method: GET, Route: branch-admin/payment-tracking]
in SYSTEMPATH\Database\BaseConnection.php on line 865.
 1 SYSTEMPATH\Database\BaseBuilder.php(1649): CodeIgniter\Database\BaseConnection->query('SELECT `pay`.`payment_id`, `pay`.`plan_id`, `pay`.`amount`, `pay`.`months_covered`, `pay`.`payment_date`, `pay`.`payment_method`, `pay`.`reference_number`, `pay`.`official_receipt_number`, `pay`.`status`, `pay`.`remarks`, `pay`.`received_by`, `pay`.`verified_at`, `pay`.`verified_by`, `u`.`first_name`, `u`.`last_name`, `ph`.`unique_identifier`, `ph`.`plan_holder_id`
FROM `payments` `pay`
INNER JOIN `plans` `p` ON `p`.`plan_id` = `pay`.`plan_id`
INNER JOIN `plan_holders` `ph` ON `ph`.`plan_holder_id` = `p`.`plan_holder_id`
INNER JOIN `users` `u` ON `u`.`user_id` = `ph`.`user_id`
WHERE `pay`.`branch_id` = :pay.branch_id:
ORDER BY `pay`.`payment_id` DESC', [...], false)
 2 APPPATH\Controllers\PaymentTracking.php(575): CodeIgniter\Database\BaseBuilder->get()
 3 APPPATH\Controllers\PaymentTracking.php(99): App\Controllers\PaymentTracking->paymentRows(1)
 4 SYSTEMPATH\CodeIgniter.php(951): App\Controllers\PaymentTracking->branchAdmin()
 5 SYSTEMPATH\CodeIgniter.php(497): CodeIgniter\CodeIgniter->runController(Object(App\Controllers\PaymentTracking))
 6 SYSTEMPATH\CodeIgniter.php(340): CodeIgniter\CodeIgniter->handleRequest(null, Object(Config\Cache), false)
 7 SYSTEMPATH\Boot.php(417): CodeIgniter\CodeIgniter->run()
 8 SYSTEMPATH\Boot.php(68): CodeIgniter\Boot::runCodeIgniter(Object(CodeIgniter\CodeIgniter))
 9 FCPATH\index.php(59): CodeIgniter\Boot::bootWeb(Object(Config\Paths))
CRITICAL - 2026-05-11 06:05:31 --> [Caused by] CodeIgniter\Database\Exceptions\DatabaseException: Unknown column 'pay.months_covered' in 'field list'
in SYSTEMPATH\Database\MySQLi\Connection.php on line 310.
 1 SYSTEMPATH\Database\BaseConnection.php(910): CodeIgniter\Database\MySQLi\Connection->execute('SELECT `pay`.`payment_id`, `pay`.`plan_id`, `pay`.`amount`, `pay`.`months_covered`, `pay`.`payment_date`, `pay`.`payment_method`, `pay`.`reference_number`, `pay`.`official_receipt_number`, `pay`.`status`, `pay`.`remarks`, `pay`.`received_by`, `pay`.`verified_at`, `pay`.`verified_by`, `u`.`first_name`, `u`.`last_name`, `ph`.`unique_identifier`, `ph`.`plan_holder_id`
FROM `payments` `pay`
INNER JOIN `plans` `p` ON `p`.`plan_id` = `pay`.`plan_id`
INNER JOIN `plan_holders` `ph` ON `ph`.`plan_holder_id` = `p`.`plan_holder_id`
INNER JOIN `users` `u` ON `u`.`user_id` = `ph`.`user_id`
WHERE `pay`.`branch_id` = 1
ORDER BY `pay`.`payment_id` DESC')
 2 SYSTEMPATH\Database\BaseConnection.php(827): CodeIgniter\Database\BaseConnection->simpleQuery('SELECT `pay`.`payment_id`, `pay`.`plan_id`, `pay`.`amount`, `pay`.`months_covered`, `pay`.`payment_date`, `pay`.`payment_method`, `pay`.`reference_number`, `pay`.`official_receipt_number`, `pay`.`status`, `pay`.`remarks`, `pay`.`received_by`, `pay`.`verified_at`, `pay`.`verified_by`, `u`.`first_name`, `u`.`last_name`, `ph`.`unique_identifier`, `ph`.`plan_holder_id`
FROM `payments` `pay`
INNER JOIN `plans` `p` ON `p`.`plan_id` = `pay`.`plan_id`
INNER JOIN `plan_holders` `ph` ON `ph`.`plan_holder_id` = `p`.`plan_holder_id`
INNER JOIN `users` `u` ON `u`.`user_id` = `ph`.`user_id`
WHERE `pay`.`branch_id` = 1
ORDER BY `pay`.`payment_id` DESC')
 3 SYSTEMPATH\Database\BaseBuilder.php(1649): CodeIgniter\Database\BaseConnection->query('SELECT `pay`.`payment_id`, `pay`.`plan_id`, `pay`.`amount`, `pay`.`months_covered`, `pay`.`payment_date`, `pay`.`payment_method`, `pay`.`reference_number`, `pay`.`official_receipt_number`, `pay`.`status`, `pay`.`remarks`, `pay`.`received_by`, `pay`.`verified_at`, `pay`.`verified_by`, `u`.`first_name`, `u`.`last_name`, `ph`.`unique_identifier`, `ph`.`plan_holder_id`
FROM `payments` `pay`
INNER JOIN `plans` `p` ON `p`.`plan_id` = `pay`.`plan_id`
INNER JOIN `plan_holders` `ph` ON `ph`.`plan_holder_id` = `p`.`plan_holder_id`
INNER JOIN `users` `u` ON `u`.`user_id` = `ph`.`user_id`
WHERE `pay`.`branch_id` = :pay.branch_id:
ORDER BY `pay`.`payment_id` DESC', [...], false)
 4 APPPATH\Controllers\PaymentTracking.php(575): CodeIgniter\Database\BaseBuilder->get()
 5 APPPATH\Controllers\PaymentTracking.php(99): App\Controllers\PaymentTracking->paymentRows(1)
 6 SYSTEMPATH\CodeIgniter.php(951): App\Controllers\PaymentTracking->branchAdmin()
 7 SYSTEMPATH\CodeIgniter.php(497): CodeIgniter\CodeIgniter->runController(Object(App\Controllers\PaymentTracking))
 8 SYSTEMPATH\CodeIgniter.php(340): CodeIgniter\CodeIgniter->handleRequest(null, Object(Config\Cache), false)
 9 SYSTEMPATH\Boot.php(417): CodeIgniter\CodeIgniter->run()
10 SYSTEMPATH\Boot.php(68): CodeIgniter\Boot::runCodeIgniter(Object(CodeIgniter\CodeIgniter))
11 FCPATH\index.php(59): CodeIgniter\Boot::bootWeb(Object(Config\Paths))
CRITICAL - 2026-05-11 06:05:31 --> [Caused by] mysqli_sql_exception: Unknown column 'pay.months_covered' in 'field list'
in SYSTEMPATH\Database\MySQLi\Connection.php on line 300.
 1 SYSTEMPATH\Database\MySQLi\Connection.php(300): mysqli->query('SELECT `pay`.`payment_id`, `pay`.`plan_id`, `pay`.`amount`, `pay`.`months_covered`, `pay`.`payment_date`, `pay`.`payment_method`, `pay`.`reference_number`, `pay`.`official_receipt_number`, `pay`.`status`, `pay`.`remarks`, `pay`.`received_by`, `pay`.`verified_at`, `pay`.`verified_by`, `u`.`first_name`, `u`.`last_name`, `ph`.`unique_identifier`, `ph`.`plan_holder_id`
FROM `payments` `pay`
INNER JOIN `plans` `p` ON `p`.`plan_id` = `pay`.`plan_id`
INNER JOIN `plan_holders` `ph` ON `ph`.`plan_holder_id` = `p`.`plan_holder_id`
INNER JOIN `users` `u` ON `u`.`user_id` = `ph`.`user_id`
WHERE `pay`.`branch_id` = 1
ORDER BY `pay`.`payment_id` DESC', 0)
 2 SYSTEMPATH\Database\BaseConnection.php(910): CodeIgniter\Database\MySQLi\Connection->execute('SELECT `pay`.`payment_id`, `pay`.`plan_id`, `pay`.`amount`, `pay`.`months_covered`, `pay`.`payment_date`, `pay`.`payment_method`, `pay`.`reference_number`, `pay`.`official_receipt_number`, `pay`.`status`, `pay`.`remarks`, `pay`.`received_by`, `pay`.`verified_at`, `pay`.`verified_by`, `u`.`first_name`, `u`.`last_name`, `ph`.`unique_identifier`, `ph`.`plan_holder_id`
FROM `payments` `pay`
INNER JOIN `plans` `p` ON `p`.`plan_id` = `pay`.`plan_id`
INNER JOIN `plan_holders` `ph` ON `ph`.`plan_holder_id` = `p`.`plan_holder_id`
INNER JOIN `users` `u` ON `u`.`user_id` = `ph`.`user_id`
WHERE `pay`.`branch_id` = 1
ORDER BY `pay`.`payment_id` DESC')
 3 SYSTEMPATH\Database\BaseConnection.php(827): CodeIgniter\Database\BaseConnection->simpleQuery('SELECT `pay`.`payment_id`, `pay`.`plan_id`, `pay`.`amount`, `pay`.`months_covered`, `pay`.`payment_date`, `pay`.`payment_method`, `pay`.`reference_number`, `pay`.`official_receipt_number`, `pay`.`status`, `pay`.`remarks`, `pay`.`received_by`, `pay`.`verified_at`, `pay`.`verified_by`, `u`.`first_name`, `u`.`last_name`, `ph`.`unique_identifier`, `ph`.`plan_holder_id`
FROM `payments` `pay`
INNER JOIN `plans` `p` ON `p`.`plan_id` = `pay`.`plan_id`
INNER JOIN `plan_holders` `ph` ON `ph`.`plan_holder_id` = `p`.`plan_holder_id`
INNER JOIN `users` `u` ON `u`.`user_id` = `ph`.`user_id`
WHERE `pay`.`branch_id` = 1
ORDER BY `pay`.`payment_id` DESC')
 4 SYSTEMPATH\Database\BaseBuilder.php(1649): CodeIgniter\Database\BaseConnection->query('SELECT `pay`.`payment_id`, `pay`.`plan_id`, `pay`.`amount`, `pay`.`months_covered`, `pay`.`payment_date`, `pay`.`payment_method`, `pay`.`reference_number`, `pay`.`official_receipt_number`, `pay`.`status`, `pay`.`remarks`, `pay`.`received_by`, `pay`.`verified_at`, `pay`.`verified_by`, `u`.`first_name`, `u`.`last_name`, `ph`.`unique_identifier`, `ph`.`plan_holder_id`
FROM `payments` `pay`
INNER JOIN `plans` `p` ON `p`.`plan_id` = `pay`.`plan_id`
INNER JOIN `plan_holders` `ph` ON `ph`.`plan_holder_id` = `p`.`plan_holder_id`
INNER JOIN `users` `u` ON `u`.`user_id` = `ph`.`user_id`
WHERE `pay`.`branch_id` = :pay.branch_id:
ORDER BY `pay`.`payment_id` DESC', [...], false)
 5 APPPATH\Controllers\PaymentTracking.php(575): CodeIgniter\Database\BaseBuilder->get()
 6 APPPATH\Controllers\PaymentTracking.php(99): App\Controllers\PaymentTracking->paymentRows(1)
 7 SYSTEMPATH\CodeIgniter.php(951): App\Controllers\PaymentTracking->branchAdmin()
 8 SYSTEMPATH\CodeIgniter.php(497): CodeIgniter\CodeIgniter->runController(Object(App\Controllers\PaymentTracking))
 9 SYSTEMPATH\CodeIgniter.php(340): CodeIgniter\CodeIgniter->handleRequest(null, Object(Config\Cache), false)
10 SYSTEMPATH\Boot.php(417): CodeIgniter\CodeIgniter->run()
11 SYSTEMPATH\Boot.php(68): CodeIgniter\Boot::runCodeIgniter(Object(CodeIgniter\CodeIgniter))
12 FCPATH\index.php(59): CodeIgniter\Boot::bootWeb(Object(Config\Paths))
DEBUG - 2026-05-11 06:05:31 --> Session: Class initialized using 'CodeIgniter\Session\Handlers\FileHandler' driver.
ERROR - 2026-05-11 06:05:31 --> Unknown column 'pay.months_covered' in 'field list'
in SYSTEMPATH\Database\MySQLi\Connection.php on line 300.
 1 SYSTEMPATH\Database\MySQLi\Connection.php(300): mysqli->query('SELECT `pay`.`payment_id`, `pay`.`plan_id`, `pay`.`amount`, `pay`.`months_covered`, `pay`.`payment_date`, `pay`.`payment_method`, `pay`.`reference_number`, `pay`.`official_receipt_number`, `pay`.`status`, `pay`.`remarks`, `pay`.`received_by`, `pay`.`verified_at`, `pay`.`verified_by`, `u`.`first_name`, `u`.`last_name`, `ph`.`unique_identifier`, `ph`.`plan_holder_id`
FROM `payments` `pay`
INNER JOIN `plans` `p` ON `p`.`plan_id` = `pay`.`plan_id`
INNER JOIN `plan_holders` `ph` ON `ph`.`plan_holder_id` = `p`.`plan_holder_id`
INNER JOIN `users` `u` ON `u`.`user_id` = `ph`.`user_id`
WHERE `pay`.`branch_id` = 1
ORDER BY `pay`.`payment_id` DESC', 0)
 2 SYSTEMPATH\Database\BaseConnection.php(910): CodeIgniter\Database\MySQLi\Connection->execute('SELECT `pay`.`payment_id`, `pay`.`plan_id`, `pay`.`amount`, `pay`.`months_covered`, `pay`.`payment_date`, `pay`.`payment_method`, `pay`.`reference_number`, `pay`.`official_receipt_number`, `pay`.`status`, `pay`.`remarks`, `pay`.`received_by`, `pay`.`verified_at`, `pay`.`verified_by`, `u`.`first_name`, `u`.`last_name`, `ph`.`unique_identifier`, `ph`.`plan_holder_id`
FROM `payments` `pay`
INNER JOIN `plans` `p` ON `p`.`plan_id` = `pay`.`plan_id`
INNER JOIN `plan_holders` `ph` ON `ph`.`plan_holder_id` = `p`.`plan_holder_id`
INNER JOIN `users` `u` ON `u`.`user_id` = `ph`.`user_id`
WHERE `pay`.`branch_id` = 1
ORDER BY `pay`.`payment_id` DESC')
 3 SYSTEMPATH\Database\BaseConnection.php(827): CodeIgniter\Database\BaseConnection->simpleQuery('SELECT `pay`.`payment_id`, `pay`.`plan_id`, `pay`.`amount`, `pay`.`months_covered`, `pay`.`payment_date`, `pay`.`payment_method`, `pay`.`reference_number`, `pay`.`official_receipt_number`, `pay`.`status`, `pay`.`remarks`, `pay`.`received_by`, `pay`.`verified_at`, `pay`.`verified_by`, `u`.`first_name`, `u`.`last_name`, `ph`.`unique_identifier`, `ph`.`plan_holder_id`
FROM `payments` `pay`
INNER JOIN `plans` `p` ON `p`.`plan_id` = `pay`.`plan_id`
INNER JOIN `plan_holders` `ph` ON `ph`.`plan_holder_id` = `p`.`plan_holder_id`
INNER JOIN `users` `u` ON `u`.`user_id` = `ph`.`user_id`
WHERE `pay`.`branch_id` = 1
ORDER BY `pay`.`payment_id` DESC')
 4 SYSTEMPATH\Database\BaseBuilder.php(1649): CodeIgniter\Database\BaseConnection->query('SELECT `pay`.`payment_id`, `pay`.`plan_id`, `pay`.`amount`, `pay`.`months_covered`, `pay`.`payment_date`, `pay`.`payment_method`, `pay`.`reference_number`, `pay`.`official_receipt_number`, `pay`.`status`, `pay`.`remarks`, `pay`.`received_by`, `pay`.`verified_at`, `pay`.`verified_by`, `u`.`first_name`, `u`.`last_name`, `ph`.`unique_identifier`, `ph`.`plan_holder_id`
FROM `payments` `pay`
INNER JOIN `plans` `p` ON `p`.`plan_id` = `pay`.`plan_id`
INNER JOIN `plan_holders` `ph` ON `ph`.`plan_holder_id` = `p`.`plan_holder_id`
INNER JOIN `users` `u` ON `u`.`user_id` = `ph`.`user_id`
WHERE `pay`.`branch_id` = :pay.branch_id:
ORDER BY `pay`.`payment_id` DESC', [...], false)
 5 APPPATH\Controllers\PaymentTracking.php(575): CodeIgniter\Database\BaseBuilder->get()
 6 APPPATH\Controllers\PaymentTracking.php(99): App\Controllers\PaymentTracking->paymentRows(1)
 7 SYSTEMPATH\CodeIgniter.php(951): App\Controllers\PaymentTracking->branchAdmin()
 8 SYSTEMPATH\CodeIgniter.php(497): CodeIgniter\CodeIgniter->runController(Object(App\Controllers\PaymentTracking))
 9 SYSTEMPATH\CodeIgniter.php(340): CodeIgniter\CodeIgniter->handleRequest(null, Object(Config\Cache), false)
10 SYSTEMPATH\Boot.php(417): CodeIgniter\CodeIgniter->run()
11 SYSTEMPATH\Boot.php(68): CodeIgniter\Boot::runCodeIgniter(Object(CodeIgniter\CodeIgniter))
12 FCPATH\index.php(59): CodeIgniter\Boot::bootWeb(Object(Config\Paths))
CRITICAL - 2026-05-11 06:05:31 --> CodeIgniter\Database\Exceptions\DatabaseException: Unknown column 'pay.months_covered' in 'field list'
[Method: GET, Route: branch-admin/payment-tracking]
in SYSTEMPATH\Database\BaseConnection.php on line 865.
 1 SYSTEMPATH\Database\BaseBuilder.php(1649): CodeIgniter\Database\BaseConnection->query('SELECT `pay`.`payment_id`, `pay`.`plan_id`, `pay`.`amount`, `pay`.`months_covered`, `pay`.`payment_date`, `pay`.`payment_method`, `pay`.`reference_number`, `pay`.`official_receipt_number`, `pay`.`status`, `pay`.`remarks`, `pay`.`received_by`, `pay`.`verified_at`, `pay`.`verified_by`, `u`.`first_name`, `u`.`last_name`, `ph`.`unique_identifier`, `ph`.`plan_holder_id`
FROM `payments` `pay`
INNER JOIN `plans` `p` ON `p`.`plan_id` = `pay`.`plan_id`
INNER JOIN `plan_holders` `ph` ON `ph`.`plan_holder_id` = `p`.`plan_holder_id`
INNER JOIN `users` `u` ON `u`.`user_id` = `ph`.`user_id`
WHERE `pay`.`branch_id` = :pay.branch_id:
ORDER BY `pay`.`payment_id` DESC', [...], false)
 2 APPPATH\Controllers\PaymentTracking.php(575): CodeIgniter\Database\BaseBuilder->get()
 3 APPPATH\Controllers\PaymentTracking.php(99): App\Controllers\PaymentTracking->paymentRows(1)
 4 SYSTEMPATH\CodeIgniter.php(951): App\Controllers\PaymentTracking->branchAdmin()
 5 SYSTEMPATH\CodeIgniter.php(497): CodeIgniter\CodeIgniter->runController(Object(App\Controllers\PaymentTracking))
 6 SYSTEMPATH\CodeIgniter.php(340): CodeIgniter\CodeIgniter->handleRequest(null, Object(Config\Cache), false)
 7 SYSTEMPATH\Boot.php(417): CodeIgniter\CodeIgniter->run()
 8 SYSTEMPATH\Boot.php(68): CodeIgniter\Boot::runCodeIgniter(Object(CodeIgniter\CodeIgniter))
 9 FCPATH\index.php(59): CodeIgniter\Boot::bootWeb(Object(Config\Paths))
CRITICAL - 2026-05-11 06:05:31 --> [Caused by] CodeIgniter\Database\Exceptions\DatabaseException: Unknown column 'pay.months_covered' in 'field list'
in SYSTEMPATH\Database\MySQLi\Connection.php on line 310.
 1 SYSTEMPATH\Database\BaseConnection.php(910): CodeIgniter\Database\MySQLi\Connection->execute('SELECT `pay`.`payment_id`, `pay`.`plan_id`, `pay`.`amount`, `pay`.`months_covered`, `pay`.`payment_date`, `pay`.`payment_method`, `pay`.`reference_number`, `pay`.`official_receipt_number`, `pay`.`status`, `pay`.`remarks`, `pay`.`received_by`, `pay`.`verified_at`, `pay`.`verified_by`, `u`.`first_name`, `u`.`last_name`, `ph`.`unique_identifier`, `ph`.`plan_holder_id`
FROM `payments` `pay`
INNER JOIN `plans` `p` ON `p`.`plan_id` = `pay`.`plan_id`
INNER JOIN `plan_holders` `ph` ON `ph`.`plan_holder_id` = `p`.`plan_holder_id`
INNER JOIN `users` `u` ON `u`.`user_id` = `ph`.`user_id`
WHERE `pay`.`branch_id` = 1
ORDER BY `pay`.`payment_id` DESC')
 2 SYSTEMPATH\Database\BaseConnection.php(827): CodeIgniter\Database\BaseConnection->simpleQuery('SELECT `pay`.`payment_id`, `pay`.`plan_id`, `pay`.`amount`, `pay`.`months_covered`, `pay`.`payment_date`, `pay`.`payment_method`, `pay`.`reference_number`, `pay`.`official_receipt_number`, `pay`.`status`, `pay`.`remarks`, `pay`.`received_by`, `pay`.`verified_at`, `pay`.`verified_by`, `u`.`first_name`, `u`.`last_name`, `ph`.`unique_identifier`, `ph`.`plan_holder_id`
FROM `payments` `pay`
INNER JOIN `plans` `p` ON `p`.`plan_id` = `pay`.`plan_id`
INNER JOIN `plan_holders` `ph` ON `ph`.`plan_holder_id` = `p`.`plan_holder_id`
INNER JOIN `users` `u` ON `u`.`user_id` = `ph`.`user_id`
WHERE `pay`.`branch_id` = 1
ORDER BY `pay`.`payment_id` DESC')
 3 SYSTEMPATH\Database\BaseBuilder.php(1649): CodeIgniter\Database\BaseConnection->query('SELECT `pay`.`payment_id`, `pay`.`plan_id`, `pay`.`amount`, `pay`.`months_covered`, `pay`.`payment_date`, `pay`.`payment_method`, `pay`.`reference_number`, `pay`.`official_receipt_number`, `pay`.`status`, `pay`.`remarks`, `pay`.`received_by`, `pay`.`verified_at`, `pay`.`verified_by`, `u`.`first_name`, `u`.`last_name`, `ph`.`unique_identifier`, `ph`.`plan_holder_id`
FROM `payments` `pay`
INNER JOIN `plans` `p` ON `p`.`plan_id` = `pay`.`plan_id`
INNER JOIN `plan_holders` `ph` ON `ph`.`plan_holder_id` = `p`.`plan_holder_id`
INNER JOIN `users` `u` ON `u`.`user_id` = `ph`.`user_id`
WHERE `pay`.`branch_id` = :pay.branch_id:
ORDER BY `pay`.`payment_id` DESC', [...], false)
 4 APPPATH\Controllers\PaymentTracking.php(575): CodeIgniter\Database\BaseBuilder->get()
 5 APPPATH\Controllers\PaymentTracking.php(99): App\Controllers\PaymentTracking->paymentRows(1)
 6 SYSTEMPATH\CodeIgniter.php(951): App\Controllers\PaymentTracking->branchAdmin()
 7 SYSTEMPATH\CodeIgniter.php(497): CodeIgniter\CodeIgniter->runController(Object(App\Controllers\PaymentTracking))
 8 SYSTEMPATH\CodeIgniter.php(340): CodeIgniter\CodeIgniter->handleRequest(null, Object(Config\Cache), false)
 9 SYSTEMPATH\Boot.php(417): CodeIgniter\CodeIgniter->run()
10 SYSTEMPATH\Boot.php(68): CodeIgniter\Boot::runCodeIgniter(Object(CodeIgniter\CodeIgniter))
11 FCPATH\index.php(59): CodeIgniter\Boot::bootWeb(Object(Config\Paths))
CRITICAL - 2026-05-11 06:05:31 --> [Caused by] mysqli_sql_exception: Unknown column 'pay.months_covered' in 'field list'
in SYSTEMPATH\Database\MySQLi\Connection.php on line 300.
 1 SYSTEMPATH\Database\MySQLi\Connection.php(300): mysqli->query('SELECT `pay`.`payment_id`, `pay`.`plan_id`, `pay`.`amount`, `pay`.`months_covered`, `pay`.`payment_date`, `pay`.`payment_method`, `pay`.`reference_number`, `pay`.`official_receipt_number`, `pay`.`status`, `pay`.`remarks`, `pay`.`received_by`, `pay`.`verified_at`, `pay`.`verified_by`, `u`.`first_name`, `u`.`last_name`, `ph`.`unique_identifier`, `ph`.`plan_holder_id`
FROM `payments` `pay`
INNER JOIN `plans` `p` ON `p`.`plan_id` = `pay`.`plan_id`
INNER JOIN `plan_holders` `ph` ON `ph`.`plan_holder_id` = `p`.`plan_holder_id`
INNER JOIN `users` `u` ON `u`.`user_id` = `ph`.`user_id`
WHERE `pay`.`branch_id` = 1
ORDER BY `pay`.`payment_id` DESC', 0)
 2 SYSTEMPATH\Database\BaseConnection.php(910): CodeIgniter\Database\MySQLi\Connection->execute('SELECT `pay`.`payment_id`, `pay`.`plan_id`, `pay`.`amount`, `pay`.`months_covered`, `pay`.`payment_date`, `pay`.`payment_method`, `pay`.`reference_number`, `pay`.`official_receipt_number`, `pay`.`status`, `pay`.`remarks`, `pay`.`received_by`, `pay`.`verified_at`, `pay`.`verified_by`, `u`.`first_name`, `u`.`last_name`, `ph`.`unique_identifier`, `ph`.`plan_holder_id`
FROM `payments` `pay`
INNER JOIN `plans` `p` ON `p`.`plan_id` = `pay`.`plan_id`
INNER JOIN `plan_holders` `ph` ON `ph`.`plan_holder_id` = `p`.`plan_holder_id`
INNER JOIN `users` `u` ON `u`.`user_id` = `ph`.`user_id`
WHERE `pay`.`branch_id` = 1
ORDER BY `pay`.`payment_id` DESC')
 3 SYSTEMPATH\Database\BaseConnection.php(827): CodeIgniter\Database\BaseConnection->simpleQuery('SELECT `pay`.`payment_id`, `pay`.`plan_id`, `pay`.`amount`, `pay`.`months_covered`, `pay`.`payment_date`, `pay`.`payment_method`, `pay`.`reference_number`, `pay`.`official_receipt_number`, `pay`.`status`, `pay`.`remarks`, `pay`.`received_by`, `pay`.`verified_at`, `pay`.`verified_by`, `u`.`first_name`, `u`.`last_name`, `ph`.`unique_identifier`, `ph`.`plan_holder_id`
FROM `payments` `pay`
INNER JOIN `plans` `p` ON `p`.`plan_id` = `pay`.`plan_id`
INNER JOIN `plan_holders` `ph` ON `ph`.`plan_holder_id` = `p`.`plan_holder_id`
INNER JOIN `users` `u` ON `u`.`user_id` = `ph`.`user_id`
WHERE `pay`.`branch_id` = 1
ORDER BY `pay`.`payment_id` DESC')
 4 SYSTEMPATH\Database\BaseBuilder.php(1649): CodeIgniter\Database\BaseConnection->query('SELECT `pay`.`payment_id`, `pay`.`plan_id`, `pay`.`amount`, `pay`.`months_covered`, `pay`.`payment_date`, `pay`.`payment_method`, `pay`.`reference_number`, `pay`.`official_receipt_number`, `pay`.`status`, `pay`.`remarks`, `pay`.`received_by`, `pay`.`verified_at`, `pay`.`verified_by`, `u`.`first_name`, `u`.`last_name`, `ph`.`unique_identifier`, `ph`.`plan_holder_id`
FROM `payments` `pay`
INNER JOIN `plans` `p` ON `p`.`plan_id` = `pay`.`plan_id`
INNER JOIN `plan_holders` `ph` ON `ph`.`plan_holder_id` = `p`.`plan_holder_id`
INNER JOIN `users` `u` ON `u`.`user_id` = `ph`.`user_id`
WHERE `pay`.`branch_id` = :pay.branch_id:
ORDER BY `pay`.`payment_id` DESC', [...], false)
 5 APPPATH\Controllers\PaymentTracking.php(575): CodeIgniter\Database\BaseBuilder->get()
 6 APPPATH\Controllers\PaymentTracking.php(99): App\Controllers\PaymentTracking->paymentRows(1)
 7 SYSTEMPATH\CodeIgniter.php(951): App\Controllers\PaymentTracking->branchAdmin()
 8 SYSTEMPATH\CodeIgniter.php(497): CodeIgniter\CodeIgniter->runController(Object(App\Controllers\PaymentTracking))
 9 SYSTEMPATH\CodeIgniter.php(340): CodeIgniter\CodeIgniter->handleRequest(null, Object(Config\Cache), false)
10 SYSTEMPATH\Boot.php(417): CodeIgniter\CodeIgniter->run()
11 SYSTEMPATH\Boot.php(68): CodeIgniter\Boot::runCodeIgniter(Object(CodeIgniter\CodeIgniter))
12 FCPATH\index.php(59): CodeIgniter\Boot::bootWeb(Object(Config\Paths))
DEBUG - 2026-05-11 11:16:27 --> Session: Class initialized using 'CodeIgniter\Session\Handlers\FileHandler' driver.
DEBUG - 2026-05-11 11:16:30 --> Session: Class initialized using 'CodeIgniter\Session\Handlers\FileHandler' driver.
DEBUG - 2026-05-11 11:16:40 --> Session: Class initialized using 'CodeIgniter\Session\Handlers\FileHandler' driver.
DEBUG - 2026-05-11 11:16:41 --> Session: Class initialized using 'CodeIgniter\Session\Handlers\FileHandler' driver.
DEBUG - 2026-05-11 11:16:44 --> Session: Class initialized using 'CodeIgniter\Session\Handlers\FileHandler' driver.
DEBUG - 2026-05-11 11:16:46 --> Session: Class initialized using 'CodeIgniter\Session\Handlers\FileHandler' driver.
DEBUG - 2026-05-11 11:16:47 --> Session: Class initialized using 'CodeIgniter\Session\Handlers\FileHandler' driver.
DEBUG - 2026-05-11 11:16:47 --> Session: Class initialized using 'CodeIgniter\Session\Handlers\FileHandler' driver.
DEBUG - 2026-05-11 11:16:48 --> Session: Class initialized using 'CodeIgniter\Session\Handlers\FileHandler' driver.
DEBUG - 2026-05-11 11:16:50 --> Session: Class initialized using 'CodeIgniter\Session\Handlers\FileHandler' driver.
DEBUG - 2026-05-11 11:17:07 --> Session: Class initialized using 'CodeIgniter\Session\Handlers\FileHandler' driver.
DEBUG - 2026-05-11 11:17:09 --> Session: Class initialized using 'CodeIgniter\Session\Handlers\FileHandler' driver.
DEBUG - 2026-05-11 11:29:28 --> Session: Class initialized using 'CodeIgniter\Session\Handlers\FileHandler' driver.
DEBUG - 2026-05-11 11:29:47 --> Session: Class initialized using 'CodeIgniter\Session\Handlers\FileHandler' driver.
DEBUG - 2026-05-11 11:29:49 --> Session: Class initialized using 'CodeIgniter\Session\Handlers\FileHandler' driver.
DEBUG - 2026-05-11 11:31:14 --> Session: Class initialized using 'CodeIgniter\Session\Handlers\FileHandler' driver.
DEBUG - 2026-05-11 11:31:15 --> Session: Class initialized using 'CodeIgniter\Session\Handlers\FileHandler' driver.
DEBUG - 2026-05-11 11:32:30 --> Session: Class initialized using 'CodeIgniter\Session\Handlers\FileHandler' driver.
DEBUG - 2026-05-11 11:32:44 --> Session: Class initialized using 'CodeIgniter\Session\Handlers\FileHandler' driver.
DEBUG - 2026-05-11 11:32:45 --> Session: Class initialized using 'CodeIgniter\Session\Handlers\FileHandler' driver.
DEBUG - 2026-05-11 11:33:04 --> Session: Class initialized using 'CodeIgniter\Session\Handlers\FileHandler' driver.
DEBUG - 2026-05-11 11:33:05 --> Session: Class initialized using 'CodeIgniter\Session\Handlers\FileHandler' driver.
DEBUG - 2026-05-11 11:33:12 --> Session: Class initialized using 'CodeIgniter\Session\Handlers\FileHandler' driver.
ERROR - 2026-05-11 11:33:13 --> Unknown column 'pay.months_covered' in 'field list'
in SYSTEMPATH\Database\MySQLi\Connection.php on line 300.
 1 SYSTEMPATH\Database\MySQLi\Connection.php(300): mysqli->query('SELECT `pay`.`payment_id`, `pay`.`plan_id`, `pay`.`amount`, `pay`.`months_covered`, `pay`.`payment_date`, `pay`.`payment_method`, `pay`.`reference_number`, `pay`.`official_receipt_number`, `pay`.`status`, `pay`.`remarks`, `pay`.`received_by`, `pay`.`verified_at`, `pay`.`verified_by`, `u`.`first_name`, `u`.`last_name`, `ph`.`unique_identifier`, `ph`.`plan_holder_id`
FROM `payments` `pay`
INNER JOIN `plans` `p` ON `p`.`plan_id` = `pay`.`plan_id`
INNER JOIN `plan_holders` `ph` ON `ph`.`plan_holder_id` = `p`.`plan_holder_id`
INNER JOIN `users` `u` ON `u`.`user_id` = `ph`.`user_id`
WHERE `pay`.`branch_id` = 1
ORDER BY `pay`.`payment_id` DESC', 0)
 2 SYSTEMPATH\Database\BaseConnection.php(910): CodeIgniter\Database\MySQLi\Connection->execute('SELECT `pay`.`payment_id`, `pay`.`plan_id`, `pay`.`amount`, `pay`.`months_covered`, `pay`.`payment_date`, `pay`.`payment_method`, `pay`.`reference_number`, `pay`.`official_receipt_number`, `pay`.`status`, `pay`.`remarks`, `pay`.`received_by`, `pay`.`verified_at`, `pay`.`verified_by`, `u`.`first_name`, `u`.`last_name`, `ph`.`unique_identifier`, `ph`.`plan_holder_id`
FROM `payments` `pay`
INNER JOIN `plans` `p` ON `p`.`plan_id` = `pay`.`plan_id`
INNER JOIN `plan_holders` `ph` ON `ph`.`plan_holder_id` = `p`.`plan_holder_id`
INNER JOIN `users` `u` ON `u`.`user_id` = `ph`.`user_id`
WHERE `pay`.`branch_id` = 1
ORDER BY `pay`.`payment_id` DESC')
 3 SYSTEMPATH\Database\BaseConnection.php(827): CodeIgniter\Database\BaseConnection->simpleQuery('SELECT `pay`.`payment_id`, `pay`.`plan_id`, `pay`.`amount`, `pay`.`months_covered`, `pay`.`payment_date`, `pay`.`payment_method`, `pay`.`reference_number`, `pay`.`official_receipt_number`, `pay`.`status`, `pay`.`remarks`, `pay`.`received_by`, `pay`.`verified_at`, `pay`.`verified_by`, `u`.`first_name`, `u`.`last_name`, `ph`.`unique_identifier`, `ph`.`plan_holder_id`
FROM `payments` `pay`
INNER JOIN `plans` `p` ON `p`.`plan_id` = `pay`.`plan_id`
INNER JOIN `plan_holders` `ph` ON `ph`.`plan_holder_id` = `p`.`plan_holder_id`
INNER JOIN `users` `u` ON `u`.`user_id` = `ph`.`user_id`
WHERE `pay`.`branch_id` = 1
ORDER BY `pay`.`payment_id` DESC')
 4 SYSTEMPATH\Database\BaseBuilder.php(1649): CodeIgniter\Database\BaseConnection->query('SELECT `pay`.`payment_id`, `pay`.`plan_id`, `pay`.`amount`, `pay`.`months_covered`, `pay`.`payment_date`, `pay`.`payment_method`, `pay`.`reference_number`, `pay`.`official_receipt_number`, `pay`.`status`, `pay`.`remarks`, `pay`.`received_by`, `pay`.`verified_at`, `pay`.`verified_by`, `u`.`first_name`, `u`.`last_name`, `ph`.`unique_identifier`, `ph`.`plan_holder_id`
FROM `payments` `pay`
INNER JOIN `plans` `p` ON `p`.`plan_id` = `pay`.`plan_id`
INNER JOIN `plan_holders` `ph` ON `ph`.`plan_holder_id` = `p`.`plan_holder_id`
INNER JOIN `users` `u` ON `u`.`user_id` = `ph`.`user_id`
WHERE `pay`.`branch_id` = :pay.branch_id:
ORDER BY `pay`.`payment_id` DESC', [...], false)
 5 APPPATH\Controllers\PaymentTracking.php(575): CodeIgniter\Database\BaseBuilder->get()
 6 APPPATH\Controllers\PaymentTracking.php(99): App\Controllers\PaymentTracking->paymentRows(1)
 7 SYSTEMPATH\CodeIgniter.php(951): App\Controllers\PaymentTracking->branchAdmin()
 8 SYSTEMPATH\CodeIgniter.php(497): CodeIgniter\CodeIgniter->runController(Object(App\Controllers\PaymentTracking))
 9 SYSTEMPATH\CodeIgniter.php(340): CodeIgniter\CodeIgniter->handleRequest(null, Object(Config\Cache), false)
10 SYSTEMPATH\Boot.php(417): CodeIgniter\CodeIgniter->run()
11 SYSTEMPATH\Boot.php(68): CodeIgniter\Boot::runCodeIgniter(Object(CodeIgniter\CodeIgniter))
12 FCPATH\index.php(59): CodeIgniter\Boot::bootWeb(Object(Config\Paths))
CRITICAL - 2026-05-11 11:33:13 --> CodeIgniter\Database\Exceptions\DatabaseException: Unknown column 'pay.months_covered' in 'field list'
[Method: GET, Route: branch-admin/payment-tracking]
in SYSTEMPATH\Database\BaseConnection.php on line 865.
 1 SYSTEMPATH\Database\BaseBuilder.php(1649): CodeIgniter\Database\BaseConnection->query('SELECT `pay`.`payment_id`, `pay`.`plan_id`, `pay`.`amount`, `pay`.`months_covered`, `pay`.`payment_date`, `pay`.`payment_method`, `pay`.`reference_number`, `pay`.`official_receipt_number`, `pay`.`status`, `pay`.`remarks`, `pay`.`received_by`, `pay`.`verified_at`, `pay`.`verified_by`, `u`.`first_name`, `u`.`last_name`, `ph`.`unique_identifier`, `ph`.`plan_holder_id`
FROM `payments` `pay`
INNER JOIN `plans` `p` ON `p`.`plan_id` = `pay`.`plan_id`
INNER JOIN `plan_holders` `ph` ON `ph`.`plan_holder_id` = `p`.`plan_holder_id`
INNER JOIN `users` `u` ON `u`.`user_id` = `ph`.`user_id`
WHERE `pay`.`branch_id` = :pay.branch_id:
ORDER BY `pay`.`payment_id` DESC', [...], false)
 2 APPPATH\Controllers\PaymentTracking.php(575): CodeIgniter\Database\BaseBuilder->get()
 3 APPPATH\Controllers\PaymentTracking.php(99): App\Controllers\PaymentTracking->paymentRows(1)
 4 SYSTEMPATH\CodeIgniter.php(951): App\Controllers\PaymentTracking->branchAdmin()
 5 SYSTEMPATH\CodeIgniter.php(497): CodeIgniter\CodeIgniter->runController(Object(App\Controllers\PaymentTracking))
 6 SYSTEMPATH\CodeIgniter.php(340): CodeIgniter\CodeIgniter->handleRequest(null, Object(Config\Cache), false)
 7 SYSTEMPATH\Boot.php(417): CodeIgniter\CodeIgniter->run()
 8 SYSTEMPATH\Boot.php(68): CodeIgniter\Boot::runCodeIgniter(Object(CodeIgniter\CodeIgniter))
 9 FCPATH\index.php(59): CodeIgniter\Boot::bootWeb(Object(Config\Paths))
CRITICAL - 2026-05-11 11:33:13 --> [Caused by] CodeIgniter\Database\Exceptions\DatabaseException: Unknown column 'pay.months_covered' in 'field list'
in SYSTEMPATH\Database\MySQLi\Connection.php on line 310.
 1 SYSTEMPATH\Database\BaseConnection.php(910): CodeIgniter\Database\MySQLi\Connection->execute('SELECT `pay`.`payment_id`, `pay`.`plan_id`, `pay`.`amount`, `pay`.`months_covered`, `pay`.`payment_date`, `pay`.`payment_method`, `pay`.`reference_number`, `pay`.`official_receipt_number`, `pay`.`status`, `pay`.`remarks`, `pay`.`received_by`, `pay`.`verified_at`, `pay`.`verified_by`, `u`.`first_name`, `u`.`last_name`, `ph`.`unique_identifier`, `ph`.`plan_holder_id`
FROM `payments` `pay`
INNER JOIN `plans` `p` ON `p`.`plan_id` = `pay`.`plan_id`
INNER JOIN `plan_holders` `ph` ON `ph`.`plan_holder_id` = `p`.`plan_holder_id`
INNER JOIN `users` `u` ON `u`.`user_id` = `ph`.`user_id`
WHERE `pay`.`branch_id` = 1
ORDER BY `pay`.`payment_id` DESC')
 2 SYSTEMPATH\Database\BaseConnection.php(827): CodeIgniter\Database\BaseConnection->simpleQuery('SELECT `pay`.`payment_id`, `pay`.`plan_id`, `pay`.`amount`, `pay`.`months_covered`, `pay`.`payment_date`, `pay`.`payment_method`, `pay`.`reference_number`, `pay`.`official_receipt_number`, `pay`.`status`, `pay`.`remarks`, `pay`.`received_by`, `pay`.`verified_at`, `pay`.`verified_by`, `u`.`first_name`, `u`.`last_name`, `ph`.`unique_identifier`, `ph`.`plan_holder_id`
FROM `payments` `pay`
INNER JOIN `plans` `p` ON `p`.`plan_id` = `pay`.`plan_id`
INNER JOIN `plan_holders` `ph` ON `ph`.`plan_holder_id` = `p`.`plan_holder_id`
INNER JOIN `users` `u` ON `u`.`user_id` = `ph`.`user_id`
WHERE `pay`.`branch_id` = 1
ORDER BY `pay`.`payment_id` DESC')
 3 SYSTEMPATH\Database\BaseBuilder.php(1649): CodeIgniter\Database\BaseConnection->query('SELECT `pay`.`payment_id`, `pay`.`plan_id`, `pay`.`amount`, `pay`.`months_covered`, `pay`.`payment_date`, `pay`.`payment_method`, `pay`.`reference_number`, `pay`.`official_receipt_number`, `pay`.`status`, `pay`.`remarks`, `pay`.`received_by`, `pay`.`verified_at`, `pay`.`verified_by`, `u`.`first_name`, `u`.`last_name`, `ph`.`unique_identifier`, `ph`.`plan_holder_id`
FROM `payments` `pay`
INNER JOIN `plans` `p` ON `p`.`plan_id` = `pay`.`plan_id`
INNER JOIN `plan_holders` `ph` ON `ph`.`plan_holder_id` = `p`.`plan_holder_id`
INNER JOIN `users` `u` ON `u`.`user_id` = `ph`.`user_id`
WHERE `pay`.`branch_id` = :pay.branch_id:
ORDER BY `pay`.`payment_id` DESC', [...], false)
 4 APPPATH\Controllers\PaymentTracking.php(575): CodeIgniter\Database\BaseBuilder->get()
 5 APPPATH\Controllers\PaymentTracking.php(99): App\Controllers\PaymentTracking->paymentRows(1)
 6 SYSTEMPATH\CodeIgniter.php(951): App\Controllers\PaymentTracking->branchAdmin()
 7 SYSTEMPATH\CodeIgniter.php(497): CodeIgniter\CodeIgniter->runController(Object(App\Controllers\PaymentTracking))
 8 SYSTEMPATH\CodeIgniter.php(340): CodeIgniter\CodeIgniter->handleRequest(null, Object(Config\Cache), false)
 9 SYSTEMPATH\Boot.php(417): CodeIgniter\CodeIgniter->run()
10 SYSTEMPATH\Boot.php(68): CodeIgniter\Boot::runCodeIgniter(Object(CodeIgniter\CodeIgniter))
11 FCPATH\index.php(59): CodeIgniter\Boot::bootWeb(Object(Config\Paths))
CRITICAL - 2026-05-11 11:33:13 --> [Caused by] mysqli_sql_exception: Unknown column 'pay.months_covered' in 'field list'
in SYSTEMPATH\Database\MySQLi\Connection.php on line 300.
 1 SYSTEMPATH\Database\MySQLi\Connection.php(300): mysqli->query('SELECT `pay`.`payment_id`, `pay`.`plan_id`, `pay`.`amount`, `pay`.`months_covered`, `pay`.`payment_date`, `pay`.`payment_method`, `pay`.`reference_number`, `pay`.`official_receipt_number`, `pay`.`status`, `pay`.`remarks`, `pay`.`received_by`, `pay`.`verified_at`, `pay`.`verified_by`, `u`.`first_name`, `u`.`last_name`, `ph`.`unique_identifier`, `ph`.`plan_holder_id`
FROM `payments` `pay`
INNER JOIN `plans` `p` ON `p`.`plan_id` = `pay`.`plan_id`
INNER JOIN `plan_holders` `ph` ON `ph`.`plan_holder_id` = `p`.`plan_holder_id`
INNER JOIN `users` `u` ON `u`.`user_id` = `ph`.`user_id`
WHERE `pay`.`branch_id` = 1
ORDER BY `pay`.`payment_id` DESC', 0)
 2 SYSTEMPATH\Database\BaseConnection.php(910): CodeIgniter\Database\MySQLi\Connection->execute('SELECT `pay`.`payment_id`, `pay`.`plan_id`, `pay`.`amount`, `pay`.`months_covered`, `pay`.`payment_date`, `pay`.`payment_method`, `pay`.`reference_number`, `pay`.`official_receipt_number`, `pay`.`status`, `pay`.`remarks`, `pay`.`received_by`, `pay`.`verified_at`, `pay`.`verified_by`, `u`.`first_name`, `u`.`last_name`, `ph`.`unique_identifier`, `ph`.`plan_holder_id`
FROM `payments` `pay`
INNER JOIN `plans` `p` ON `p`.`plan_id` = `pay`.`plan_id`
INNER JOIN `plan_holders` `ph` ON `ph`.`plan_holder_id` = `p`.`plan_holder_id`
INNER JOIN `users` `u` ON `u`.`user_id` = `ph`.`user_id`
WHERE `pay`.`branch_id` = 1
ORDER BY `pay`.`payment_id` DESC')
 3 SYSTEMPATH\Database\BaseConnection.php(827): CodeIgniter\Database\BaseConnection->simpleQuery('SELECT `pay`.`payment_id`, `pay`.`plan_id`, `pay`.`amount`, `pay`.`months_covered`, `pay`.`payment_date`, `pay`.`payment_method`, `pay`.`reference_number`, `pay`.`official_receipt_number`, `pay`.`status`, `pay`.`remarks`, `pay`.`received_by`, `pay`.`verified_at`, `pay`.`verified_by`, `u`.`first_name`, `u`.`last_name`, `ph`.`unique_identifier`, `ph`.`plan_holder_id`
FROM `payments` `pay`
INNER JOIN `plans` `p` ON `p`.`plan_id` = `pay`.`plan_id`
INNER JOIN `plan_holders` `ph` ON `ph`.`plan_holder_id` = `p`.`plan_holder_id`
INNER JOIN `users` `u` ON `u`.`user_id` = `ph`.`user_id`
WHERE `pay`.`branch_id` = 1
ORDER BY `pay`.`payment_id` DESC')
 4 SYSTEMPATH\Database\BaseBuilder.php(1649): CodeIgniter\Database\BaseConnection->query('SELECT `pay`.`payment_id`, `pay`.`plan_id`, `pay`.`amount`, `pay`.`months_covered`, `pay`.`payment_date`, `pay`.`payment_method`, `pay`.`reference_number`, `pay`.`official_receipt_number`, `pay`.`status`, `pay`.`remarks`, `pay`.`received_by`, `pay`.`verified_at`, `pay`.`verified_by`, `u`.`first_name`, `u`.`last_name`, `ph`.`unique_identifier`, `ph`.`plan_holder_id`
FROM `payments` `pay`
INNER JOIN `plans` `p` ON `p`.`plan_id` = `pay`.`plan_id`
INNER JOIN `plan_holders` `ph` ON `ph`.`plan_holder_id` = `p`.`plan_holder_id`
INNER JOIN `users` `u` ON `u`.`user_id` = `ph`.`user_id`
WHERE `pay`.`branch_id` = :pay.branch_id:
ORDER BY `pay`.`payment_id` DESC', [...], false)
 5 APPPATH\Controllers\PaymentTracking.php(575): CodeIgniter\Database\BaseBuilder->get()
 6 APPPATH\Controllers\PaymentTracking.php(99): App\Controllers\PaymentTracking->paymentRows(1)
 7 SYSTEMPATH\CodeIgniter.php(951): App\Controllers\PaymentTracking->branchAdmin()
 8 SYSTEMPATH\CodeIgniter.php(497): CodeIgniter\CodeIgniter->runController(Object(App\Controllers\PaymentTracking))
 9 SYSTEMPATH\CodeIgniter.php(340): CodeIgniter\CodeIgniter->handleRequest(null, Object(Config\Cache), false)
10 SYSTEMPATH\Boot.php(417): CodeIgniter\CodeIgniter->run()
11 SYSTEMPATH\Boot.php(68): CodeIgniter\Boot::runCodeIgniter(Object(CodeIgniter\CodeIgniter))
12 FCPATH\index.php(59): CodeIgniter\Boot::bootWeb(Object(Config\Paths))
DEBUG - 2026-05-11 11:36:22 --> Session: Class initialized using 'CodeIgniter\Session\Handlers\FileHandler' driver.
ERROR - 2026-05-11 11:36:22 --> Unknown column 'payments.months_covered' in 'field list'
in SYSTEMPATH\Database\MySQLi\Connection.php on line 300.
 1 SYSTEMPATH\Database\MySQLi\Connection.php(300): mysqli->query('SELECT `payments`.`payment_id`, `payments`.`plan_id`, `payments`.`amount`, `payments`.`months_covered`, `payments`.`payment_date`, `payments`.`payment_method`, `payments`.`reference_number`, `payments`.`official_receipt_number`, `payments`.`status`, `payments`.`remarks`, `payments`.`received_by`, `payments`.`verified_at`, `payments`.`verified_by`, `users`.`first_name`, `users`.`last_name`, `plan_holders`.`unique_identifier`, `plan_holders`.`plan_holder_id`
FROM `payments`
INNER JOIN `plans` ON `plans`.`plan_id` = `payments`.`plan_id`
INNER JOIN `plan_holders` ON `plan_holders`.`plan_holder_id` = `plans`.`plan_holder_id`
INNER JOIN `users` ON `users`.`user_id` = `plan_holders`.`user_id`
WHERE `payments`.`branch_id` = 1
ORDER BY `payments`.`payment_id` DESC', 0)
 2 SYSTEMPATH\Database\BaseConnection.php(910): CodeIgniter\Database\MySQLi\Connection->execute('SELECT `payments`.`payment_id`, `payments`.`plan_id`, `payments`.`amount`, `payments`.`months_covered`, `payments`.`payment_date`, `payments`.`payment_method`, `payments`.`reference_number`, `payments`.`official_receipt_number`, `payments`.`status`, `payments`.`remarks`, `payments`.`received_by`, `payments`.`verified_at`, `payments`.`verified_by`, `users`.`first_name`, `users`.`last_name`, `plan_holders`.`unique_identifier`, `plan_holders`.`plan_holder_id`
FROM `payments`
INNER JOIN `plans` ON `plans`.`plan_id` = `payments`.`plan_id`
INNER JOIN `plan_holders` ON `plan_holders`.`plan_holder_id` = `plans`.`plan_holder_id`
INNER JOIN `users` ON `users`.`user_id` = `plan_holders`.`user_id`
WHERE `payments`.`branch_id` = 1
ORDER BY `payments`.`payment_id` DESC')
 3 SYSTEMPATH\Database\BaseConnection.php(827): CodeIgniter\Database\BaseConnection->simpleQuery('SELECT `payments`.`payment_id`, `payments`.`plan_id`, `payments`.`amount`, `payments`.`months_covered`, `payments`.`payment_date`, `payments`.`payment_method`, `payments`.`reference_number`, `payments`.`official_receipt_number`, `payments`.`status`, `payments`.`remarks`, `payments`.`received_by`, `payments`.`verified_at`, `payments`.`verified_by`, `users`.`first_name`, `users`.`last_name`, `plan_holders`.`unique_identifier`, `plan_holders`.`plan_holder_id`
FROM `payments`
INNER JOIN `plans` ON `plans`.`plan_id` = `payments`.`plan_id`
INNER JOIN `plan_holders` ON `plan_holders`.`plan_holder_id` = `plans`.`plan_holder_id`
INNER JOIN `users` ON `users`.`user_id` = `plan_holders`.`user_id`
WHERE `payments`.`branch_id` = 1
ORDER BY `payments`.`payment_id` DESC')
 4 SYSTEMPATH\Database\BaseBuilder.php(1649): CodeIgniter\Database\BaseConnection->query('SELECT `payments`.`payment_id`, `payments`.`plan_id`, `payments`.`amount`, `payments`.`months_covered`, `payments`.`payment_date`, `payments`.`payment_method`, `payments`.`reference_number`, `payments`.`official_receipt_number`, `payments`.`status`, `payments`.`remarks`, `payments`.`received_by`, `payments`.`verified_at`, `payments`.`verified_by`, `users`.`first_name`, `users`.`last_name`, `plan_holders`.`unique_identifier`, `plan_holders`.`plan_holder_id`
FROM `payments`
INNER JOIN `plans` ON `plans`.`plan_id` = `payments`.`plan_id`
INNER JOIN `plan_holders` ON `plan_holders`.`plan_holder_id` = `plans`.`plan_holder_id`
INNER JOIN `users` ON `users`.`user_id` = `plan_holders`.`user_id`
WHERE `payments`.`branch_id` = :payments.branch_id:
ORDER BY `payments`.`payment_id` DESC', [...], false)
 5 APPPATH\Controllers\PaymentTracking.php(575): CodeIgniter\Database\BaseBuilder->get()
 6 APPPATH\Controllers\PaymentTracking.php(99): App\Controllers\PaymentTracking->paymentRows(1)
 7 SYSTEMPATH\CodeIgniter.php(951): App\Controllers\PaymentTracking->branchAdmin()
 8 SYSTEMPATH\CodeIgniter.php(497): CodeIgniter\CodeIgniter->runController(Object(App\Controllers\PaymentTracking))
 9 SYSTEMPATH\CodeIgniter.php(340): CodeIgniter\CodeIgniter->handleRequest(null, Object(Config\Cache), false)
10 SYSTEMPATH\Boot.php(417): CodeIgniter\CodeIgniter->run()
11 SYSTEMPATH\Boot.php(68): CodeIgniter\Boot::runCodeIgniter(Object(CodeIgniter\CodeIgniter))
12 FCPATH\index.php(59): CodeIgniter\Boot::bootWeb(Object(Config\Paths))
CRITICAL - 2026-05-11 11:36:22 --> CodeIgniter\Database\Exceptions\DatabaseException: Unknown column 'payments.months_covered' in 'field list'
[Method: GET, Route: branch-admin/payment-tracking]
in SYSTEMPATH\Database\BaseConnection.php on line 865.
 1 SYSTEMPATH\Database\BaseBuilder.php(1649): CodeIgniter\Database\BaseConnection->query('SELECT `payments`.`payment_id`, `payments`.`plan_id`, `payments`.`amount`, `payments`.`months_covered`, `payments`.`payment_date`, `payments`.`payment_method`, `payments`.`reference_number`, `payments`.`official_receipt_number`, `payments`.`status`, `payments`.`remarks`, `payments`.`received_by`, `payments`.`verified_at`, `payments`.`verified_by`, `users`.`first_name`, `users`.`last_name`, `plan_holders`.`unique_identifier`, `plan_holders`.`plan_holder_id`
FROM `payments`
INNER JOIN `plans` ON `plans`.`plan_id` = `payments`.`plan_id`
INNER JOIN `plan_holders` ON `plan_holders`.`plan_holder_id` = `plans`.`plan_holder_id`
INNER JOIN `users` ON `users`.`user_id` = `plan_holders`.`user_id`
WHERE `payments`.`branch_id` = :payments.branch_id:
ORDER BY `payments`.`payment_id` DESC', [...], false)
 2 APPPATH\Controllers\PaymentTracking.php(575): CodeIgniter\Database\BaseBuilder->get()
 3 APPPATH\Controllers\PaymentTracking.php(99): App\Controllers\PaymentTracking->paymentRows(1)
 4 SYSTEMPATH\CodeIgniter.php(951): App\Controllers\PaymentTracking->branchAdmin()
 5 SYSTEMPATH\CodeIgniter.php(497): CodeIgniter\CodeIgniter->runController(Object(App\Controllers\PaymentTracking))
 6 SYSTEMPATH\CodeIgniter.php(340): CodeIgniter\CodeIgniter->handleRequest(null, Object(Config\Cache), false)
 7 SYSTEMPATH\Boot.php(417): CodeIgniter\CodeIgniter->run()
 8 SYSTEMPATH\Boot.php(68): CodeIgniter\Boot::runCodeIgniter(Object(CodeIgniter\CodeIgniter))
 9 FCPATH\index.php(59): CodeIgniter\Boot::bootWeb(Object(Config\Paths))
CRITICAL - 2026-05-11 11:36:22 --> [Caused by] CodeIgniter\Database\Exceptions\DatabaseException: Unknown column 'payments.months_covered' in 'field list'
in SYSTEMPATH\Database\MySQLi\Connection.php on line 310.
 1 SYSTEMPATH\Database\BaseConnection.php(910): CodeIgniter\Database\MySQLi\Connection->execute('SELECT `payments`.`payment_id`, `payments`.`plan_id`, `payments`.`amount`, `payments`.`months_covered`, `payments`.`payment_date`, `payments`.`payment_method`, `payments`.`reference_number`, `payments`.`official_receipt_number`, `payments`.`status`, `payments`.`remarks`, `payments`.`received_by`, `payments`.`verified_at`, `payments`.`verified_by`, `users`.`first_name`, `users`.`last_name`, `plan_holders`.`unique_identifier`, `plan_holders`.`plan_holder_id`
FROM `payments`
INNER JOIN `plans` ON `plans`.`plan_id` = `payments`.`plan_id`
INNER JOIN `plan_holders` ON `plan_holders`.`plan_holder_id` = `plans`.`plan_holder_id`
INNER JOIN `users` ON `users`.`user_id` = `plan_holders`.`user_id`
WHERE `payments`.`branch_id` = 1
ORDER BY `payments`.`payment_id` DESC')
 2 SYSTEMPATH\Database\BaseConnection.php(827): CodeIgniter\Database\BaseConnection->simpleQuery('SELECT `payments`.`payment_id`, `payments`.`plan_id`, `payments`.`amount`, `payments`.`months_covered`, `payments`.`payment_date`, `payments`.`payment_method`, `payments`.`reference_number`, `payments`.`official_receipt_number`, `payments`.`status`, `payments`.`remarks`, `payments`.`received_by`, `payments`.`verified_at`, `payments`.`verified_by`, `users`.`first_name`, `users`.`last_name`, `plan_holders`.`unique_identifier`, `plan_holders`.`plan_holder_id`
FROM `payments`
INNER JOIN `plans` ON `plans`.`plan_id` = `payments`.`plan_id`
INNER JOIN `plan_holders` ON `plan_holders`.`plan_holder_id` = `plans`.`plan_holder_id`
INNER JOIN `users` ON `users`.`user_id` = `plan_holders`.`user_id`
WHERE `payments`.`branch_id` = 1
ORDER BY `payments`.`payment_id` DESC')
 3 SYSTEMPATH\Database\BaseBuilder.php(1649): CodeIgniter\Database\BaseConnection->query('SELECT `payments`.`payment_id`, `payments`.`plan_id`, `payments`.`amount`, `payments`.`months_covered`, `payments`.`payment_date`, `payments`.`payment_method`, `payments`.`reference_number`, `payments`.`official_receipt_number`, `payments`.`status`, `payments`.`remarks`, `payments`.`received_by`, `payments`.`verified_at`, `payments`.`verified_by`, `users`.`first_name`, `users`.`last_name`, `plan_holders`.`unique_identifier`, `plan_holders`.`plan_holder_id`
FROM `payments`
INNER JOIN `plans` ON `plans`.`plan_id` = `payments`.`plan_id`
INNER JOIN `plan_holders` ON `plan_holders`.`plan_holder_id` = `plans`.`plan_holder_id`
INNER JOIN `users` ON `users`.`user_id` = `plan_holders`.`user_id`
WHERE `payments`.`branch_id` = :payments.branch_id:
ORDER BY `payments`.`payment_id` DESC', [...], false)
 4 APPPATH\Controllers\PaymentTracking.php(575): CodeIgniter\Database\BaseBuilder->get()
 5 APPPATH\Controllers\PaymentTracking.php(99): App\Controllers\PaymentTracking->paymentRows(1)
 6 SYSTEMPATH\CodeIgniter.php(951): App\Controllers\PaymentTracking->branchAdmin()
 7 SYSTEMPATH\CodeIgniter.php(497): CodeIgniter\CodeIgniter->runController(Object(App\Controllers\PaymentTracking))
 8 SYSTEMPATH\CodeIgniter.php(340): CodeIgniter\CodeIgniter->handleRequest(null, Object(Config\Cache), false)
 9 SYSTEMPATH\Boot.php(417): CodeIgniter\CodeIgniter->run()
10 SYSTEMPATH\Boot.php(68): CodeIgniter\Boot::runCodeIgniter(Object(CodeIgniter\CodeIgniter))
11 FCPATH\index.php(59): CodeIgniter\Boot::bootWeb(Object(Config\Paths))
CRITICAL - 2026-05-11 11:36:22 --> [Caused by] mysqli_sql_exception: Unknown column 'payments.months_covered' in 'field list'
in SYSTEMPATH\Database\MySQLi\Connection.php on line 300.
 1 SYSTEMPATH\Database\MySQLi\Connection.php(300): mysqli->query('SELECT `payments`.`payment_id`, `payments`.`plan_id`, `payments`.`amount`, `payments`.`months_covered`, `payments`.`payment_date`, `payments`.`payment_method`, `payments`.`reference_number`, `payments`.`official_receipt_number`, `payments`.`status`, `payments`.`remarks`, `payments`.`received_by`, `payments`.`verified_at`, `payments`.`verified_by`, `users`.`first_name`, `users`.`last_name`, `plan_holders`.`unique_identifier`, `plan_holders`.`plan_holder_id`
FROM `payments`
INNER JOIN `plans` ON `plans`.`plan_id` = `payments`.`plan_id`
INNER JOIN `plan_holders` ON `plan_holders`.`plan_holder_id` = `plans`.`plan_holder_id`
INNER JOIN `users` ON `users`.`user_id` = `plan_holders`.`user_id`
WHERE `payments`.`branch_id` = 1
ORDER BY `payments`.`payment_id` DESC', 0)
 2 SYSTEMPATH\Database\BaseConnection.php(910): CodeIgniter\Database\MySQLi\Connection->execute('SELECT `payments`.`payment_id`, `payments`.`plan_id`, `payments`.`amount`, `payments`.`months_covered`, `payments`.`payment_date`, `payments`.`payment_method`, `payments`.`reference_number`, `payments`.`official_receipt_number`, `payments`.`status`, `payments`.`remarks`, `payments`.`received_by`, `payments`.`verified_at`, `payments`.`verified_by`, `users`.`first_name`, `users`.`last_name`, `plan_holders`.`unique_identifier`, `plan_holders`.`plan_holder_id`
FROM `payments`
INNER JOIN `plans` ON `plans`.`plan_id` = `payments`.`plan_id`
INNER JOIN `plan_holders` ON `plan_holders`.`plan_holder_id` = `plans`.`plan_holder_id`
INNER JOIN `users` ON `users`.`user_id` = `plan_holders`.`user_id`
WHERE `payments`.`branch_id` = 1
ORDER BY `payments`.`payment_id` DESC')
 3 SYSTEMPATH\Database\BaseConnection.php(827): CodeIgniter\Database\BaseConnection->simpleQuery('SELECT `payments`.`payment_id`, `payments`.`plan_id`, `payments`.`amount`, `payments`.`months_covered`, `payments`.`payment_date`, `payments`.`payment_method`, `payments`.`reference_number`, `payments`.`official_receipt_number`, `payments`.`status`, `payments`.`remarks`, `payments`.`received_by`, `payments`.`verified_at`, `payments`.`verified_by`, `users`.`first_name`, `users`.`last_name`, `plan_holders`.`unique_identifier`, `plan_holders`.`plan_holder_id`
FROM `payments`
INNER JOIN `plans` ON `plans`.`plan_id` = `payments`.`plan_id`
INNER JOIN `plan_holders` ON `plan_holders`.`plan_holder_id` = `plans`.`plan_holder_id`
INNER JOIN `users` ON `users`.`user_id` = `plan_holders`.`user_id`
WHERE `payments`.`branch_id` = 1
ORDER BY `payments`.`payment_id` DESC')
 4 SYSTEMPATH\Database\BaseBuilder.php(1649): CodeIgniter\Database\BaseConnection->query('SELECT `payments`.`payment_id`, `payments`.`plan_id`, `payments`.`amount`, `payments`.`months_covered`, `payments`.`payment_date`, `payments`.`payment_method`, `payments`.`reference_number`, `payments`.`official_receipt_number`, `payments`.`status`, `payments`.`remarks`, `payments`.`received_by`, `payments`.`verified_at`, `payments`.`verified_by`, `users`.`first_name`, `users`.`last_name`, `plan_holders`.`unique_identifier`, `plan_holders`.`plan_holder_id`
FROM `payments`
INNER JOIN `plans` ON `plans`.`plan_id` = `payments`.`plan_id`
INNER JOIN `plan_holders` ON `plan_holders`.`plan_holder_id` = `plans`.`plan_holder_id`
INNER JOIN `users` ON `users`.`user_id` = `plan_holders`.`user_id`
WHERE `payments`.`branch_id` = :payments.branch_id:
ORDER BY `payments`.`payment_id` DESC', [...], false)
 5 APPPATH\Controllers\PaymentTracking.php(575): CodeIgniter\Database\BaseBuilder->get()
 6 APPPATH\Controllers\PaymentTracking.php(99): App\Controllers\PaymentTracking->paymentRows(1)
 7 SYSTEMPATH\CodeIgniter.php(951): App\Controllers\PaymentTracking->branchAdmin()
 8 SYSTEMPATH\CodeIgniter.php(497): CodeIgniter\CodeIgniter->runController(Object(App\Controllers\PaymentTracking))
 9 SYSTEMPATH\CodeIgniter.php(340): CodeIgniter\CodeIgniter->handleRequest(null, Object(Config\Cache), false)
10 SYSTEMPATH\Boot.php(417): CodeIgniter\CodeIgniter->run()
11 SYSTEMPATH\Boot.php(68): CodeIgniter\Boot::runCodeIgniter(Object(CodeIgniter\CodeIgniter))
12 FCPATH\index.php(59): CodeIgniter\Boot::bootWeb(Object(Config\Paths))
DEBUG - 2026-05-11 11:38:43 --> Session: Class initialized using 'CodeIgniter\Session\Handlers\FileHandler' driver.
ERROR - 2026-05-11 11:38:43 --> Unknown column 'payments.months_covered' in 'field list'
in SYSTEMPATH\Database\MySQLi\Connection.php on line 300.
 1 SYSTEMPATH\Database\MySQLi\Connection.php(300): mysqli->query('SELECT `payments`.`payment_id`, `payments`.`plan_id`, `payments`.`amount`, `payments`.`months_covered`, `payments`.`payment_date`, `payments`.`payment_method`, `payments`.`reference_number`, `payments`.`official_receipt_number`, `payments`.`status`, `payments`.`remarks`, `payments`.`received_by`, `payments`.`verified_at`, `payments`.`verified_by`, `users`.`first_name`, `users`.`last_name`, `plan_holders`.`unique_identifier`, `plan_holders`.`plan_holder_id`
FROM `payments`
INNER JOIN `plans` ON `plans`.`plan_id` = `payments`.`plan_id`
INNER JOIN `plan_holders` ON `plan_holders`.`plan_holder_id` = `plans`.`plan_holder_id`
INNER JOIN `users` ON `users`.`user_id` = `plan_holders`.`user_id`
WHERE `payments`.`branch_id` = 1
ORDER BY `payments`.`payment_id` DESC', 0)
 2 SYSTEMPATH\Database\BaseConnection.php(910): CodeIgniter\Database\MySQLi\Connection->execute('SELECT `payments`.`payment_id`, `payments`.`plan_id`, `payments`.`amount`, `payments`.`months_covered`, `payments`.`payment_date`, `payments`.`payment_method`, `payments`.`reference_number`, `payments`.`official_receipt_number`, `payments`.`status`, `payments`.`remarks`, `payments`.`received_by`, `payments`.`verified_at`, `payments`.`verified_by`, `users`.`first_name`, `users`.`last_name`, `plan_holders`.`unique_identifier`, `plan_holders`.`plan_holder_id`
FROM `payments`
INNER JOIN `plans` ON `plans`.`plan_id` = `payments`.`plan_id`
INNER JOIN `plan_holders` ON `plan_holders`.`plan_holder_id` = `plans`.`plan_holder_id`
INNER JOIN `users` ON `users`.`user_id` = `plan_holders`.`user_id`
WHERE `payments`.`branch_id` = 1
ORDER BY `payments`.`payment_id` DESC')
 3 SYSTEMPATH\Database\BaseConnection.php(827): CodeIgniter\Database\BaseConnection->simpleQuery('SELECT `payments`.`payment_id`, `payments`.`plan_id`, `payments`.`amount`, `payments`.`months_covered`, `payments`.`payment_date`, `payments`.`payment_method`, `payments`.`reference_number`, `payments`.`official_receipt_number`, `payments`.`status`, `payments`.`remarks`, `payments`.`received_by`, `payments`.`verified_at`, `payments`.`verified_by`, `users`.`first_name`, `users`.`last_name`, `plan_holders`.`unique_identifier`, `plan_holders`.`plan_holder_id`
FROM `payments`
INNER JOIN `plans` ON `plans`.`plan_id` = `payments`.`plan_id`
INNER JOIN `plan_holders` ON `plan_holders`.`plan_holder_id` = `plans`.`plan_holder_id`
INNER JOIN `users` ON `users`.`user_id` = `plan_holders`.`user_id`
WHERE `payments`.`branch_id` = 1
ORDER BY `payments`.`payment_id` DESC')
 4 SYSTEMPATH\Database\BaseBuilder.php(1649): CodeIgniter\Database\BaseConnection->query('SELECT `payments`.`payment_id`, `payments`.`plan_id`, `payments`.`amount`, `payments`.`months_covered`, `payments`.`payment_date`, `payments`.`payment_method`, `payments`.`reference_number`, `payments`.`official_receipt_number`, `payments`.`status`, `payments`.`remarks`, `payments`.`received_by`, `payments`.`verified_at`, `payments`.`verified_by`, `users`.`first_name`, `users`.`last_name`, `plan_holders`.`unique_identifier`, `plan_holders`.`plan_holder_id`
FROM `payments`
INNER JOIN `plans` ON `plans`.`plan_id` = `payments`.`plan_id`
INNER JOIN `plan_holders` ON `plan_holders`.`plan_holder_id` = `plans`.`plan_holder_id`
INNER JOIN `users` ON `users`.`user_id` = `plan_holders`.`user_id`
WHERE `payments`.`branch_id` = :`payments`.`branch_id`:
ORDER BY `payments`.`payment_id` DESC', [...], false)
 5 APPPATH\Controllers\PaymentTracking.php(576): CodeIgniter\Database\BaseBuilder->get()
 6 APPPATH\Controllers\PaymentTracking.php(99): App\Controllers\PaymentTracking->paymentRows(1)
 7 SYSTEMPATH\CodeIgniter.php(951): App\Controllers\PaymentTracking->branchAdmin()
 8 SYSTEMPATH\CodeIgniter.php(497): CodeIgniter\CodeIgniter->runController(Object(App\Controllers\PaymentTracking))
 9 SYSTEMPATH\CodeIgniter.php(340): CodeIgniter\CodeIgniter->handleRequest(null, Object(Config\Cache), false)
10 SYSTEMPATH\Boot.php(417): CodeIgniter\CodeIgniter->run()
11 SYSTEMPATH\Boot.php(68): CodeIgniter\Boot::runCodeIgniter(Object(CodeIgniter\CodeIgniter))
12 FCPATH\index.php(59): CodeIgniter\Boot::bootWeb(Object(Config\Paths))
CRITICAL - 2026-05-11 11:38:43 --> CodeIgniter\Database\Exceptions\DatabaseException: Unknown column 'payments.months_covered' in 'field list'
[Method: GET, Route: branch-admin/payment-tracking]
in SYSTEMPATH\Database\BaseConnection.php on line 865.
 1 SYSTEMPATH\Database\BaseBuilder.php(1649): CodeIgniter\Database\BaseConnection->query('SELECT `payments`.`payment_id`, `payments`.`plan_id`, `payments`.`amount`, `payments`.`months_covered`, `payments`.`payment_date`, `payments`.`payment_method`, `payments`.`reference_number`, `payments`.`official_receipt_number`, `payments`.`status`, `payments`.`remarks`, `payments`.`received_by`, `payments`.`verified_at`, `payments`.`verified_by`, `users`.`first_name`, `users`.`last_name`, `plan_holders`.`unique_identifier`, `plan_holders`.`plan_holder_id`
FROM `payments`
INNER JOIN `plans` ON `plans`.`plan_id` = `payments`.`plan_id`
INNER JOIN `plan_holders` ON `plan_holders`.`plan_holder_id` = `plans`.`plan_holder_id`
INNER JOIN `users` ON `users`.`user_id` = `plan_holders`.`user_id`
WHERE `payments`.`branch_id` = :`payments`.`branch_id`:
ORDER BY `payments`.`payment_id` DESC', [...], false)
 2 APPPATH\Controllers\PaymentTracking.php(576): CodeIgniter\Database\BaseBuilder->get()
 3 APPPATH\Controllers\PaymentTracking.php(99): App\Controllers\PaymentTracking->paymentRows(1)
 4 SYSTEMPATH\CodeIgniter.php(951): App\Controllers\PaymentTracking->branchAdmin()
 5 SYSTEMPATH\CodeIgniter.php(497): CodeIgniter\CodeIgniter->runController(Object(App\Controllers\PaymentTracking))
 6 SYSTEMPATH\CodeIgniter.php(340): CodeIgniter\CodeIgniter->handleRequest(null, Object(Config\Cache), false)
 7 SYSTEMPATH\Boot.php(417): CodeIgniter\CodeIgniter->run()
 8 SYSTEMPATH\Boot.php(68): CodeIgniter\Boot::runCodeIgniter(Object(CodeIgniter\CodeIgniter))
 9 FCPATH\index.php(59): CodeIgniter\Boot::bootWeb(Object(Config\Paths))
CRITICAL - 2026-05-11 11:38:43 --> [Caused by] CodeIgniter\Database\Exceptions\DatabaseException: Unknown column 'payments.months_covered' in 'field list'
in SYSTEMPATH\Database\MySQLi\Connection.php on line 310.
 1 SYSTEMPATH\Database\BaseConnection.php(910): CodeIgniter\Database\MySQLi\Connection->execute('SELECT `payments`.`payment_id`, `payments`.`plan_id`, `payments`.`amount`, `payments`.`months_covered`, `payments`.`payment_date`, `payments`.`payment_method`, `payments`.`reference_number`, `payments`.`official_receipt_number`, `payments`.`status`, `payments`.`remarks`, `payments`.`received_by`, `payments`.`verified_at`, `payments`.`verified_by`, `users`.`first_name`, `users`.`last_name`, `plan_holders`.`unique_identifier`, `plan_holders`.`plan_holder_id`
FROM `payments`
INNER JOIN `plans` ON `plans`.`plan_id` = `payments`.`plan_id`
INNER JOIN `plan_holders` ON `plan_holders`.`plan_holder_id` = `plans`.`plan_holder_id`
INNER JOIN `users` ON `users`.`user_id` = `plan_holders`.`user_id`
WHERE `payments`.`branch_id` = 1
ORDER BY `payments`.`payment_id` DESC')
 2 SYSTEMPATH\Database\BaseConnection.php(827): CodeIgniter\Database\BaseConnection->simpleQuery('SELECT `payments`.`payment_id`, `payments`.`plan_id`, `payments`.`amount`, `payments`.`months_covered`, `payments`.`payment_date`, `payments`.`payment_method`, `payments`.`reference_number`, `payments`.`official_receipt_number`, `payments`.`status`, `payments`.`remarks`, `payments`.`received_by`, `payments`.`verified_at`, `payments`.`verified_by`, `users`.`first_name`, `users`.`last_name`, `plan_holders`.`unique_identifier`, `plan_holders`.`plan_holder_id`
FROM `payments`
INNER JOIN `plans` ON `plans`.`plan_id` = `payments`.`plan_id`
INNER JOIN `plan_holders` ON `plan_holders`.`plan_holder_id` = `plans`.`plan_holder_id`
INNER JOIN `users` ON `users`.`user_id` = `plan_holders`.`user_id`
WHERE `payments`.`branch_id` = 1
ORDER BY `payments`.`payment_id` DESC')
 3 SYSTEMPATH\Database\BaseBuilder.php(1649): CodeIgniter\Database\BaseConnection->query('SELECT `payments`.`payment_id`, `payments`.`plan_id`, `payments`.`amount`, `payments`.`months_covered`, `payments`.`payment_date`, `payments`.`payment_method`, `payments`.`reference_number`, `payments`.`official_receipt_number`, `payments`.`status`, `payments`.`remarks`, `payments`.`received_by`, `payments`.`verified_at`, `payments`.`verified_by`, `users`.`first_name`, `users`.`last_name`, `plan_holders`.`unique_identifier`, `plan_holders`.`plan_holder_id`
FROM `payments`
INNER JOIN `plans` ON `plans`.`plan_id` = `payments`.`plan_id`
INNER JOIN `plan_holders` ON `plan_holders`.`plan_holder_id` = `plans`.`plan_holder_id`
INNER JOIN `users` ON `users`.`user_id` = `plan_holders`.`user_id`
WHERE `payments`.`branch_id` = :`payments`.`branch_id`:
ORDER BY `payments`.`payment_id` DESC', [...], false)
 4 APPPATH\Controllers\PaymentTracking.php(576): CodeIgniter\Database\BaseBuilder->get()
 5 APPPATH\Controllers\PaymentTracking.php(99): App\Controllers\PaymentTracking->paymentRows(1)
 6 SYSTEMPATH\CodeIgniter.php(951): App\Controllers\PaymentTracking->branchAdmin()
 7 SYSTEMPATH\CodeIgniter.php(497): CodeIgniter\CodeIgniter->runController(Object(App\Controllers\PaymentTracking))
 8 SYSTEMPATH\CodeIgniter.php(340): CodeIgniter\CodeIgniter->handleRequest(null, Object(Config\Cache), false)
 9 SYSTEMPATH\Boot.php(417): CodeIgniter\CodeIgniter->run()
10 SYSTEMPATH\Boot.php(68): CodeIgniter\Boot::runCodeIgniter(Object(CodeIgniter\CodeIgniter))
11 FCPATH\index.php(59): CodeIgniter\Boot::bootWeb(Object(Config\Paths))
CRITICAL - 2026-05-11 11:38:43 --> [Caused by] mysqli_sql_exception: Unknown column 'payments.months_covered' in 'field list'
in SYSTEMPATH\Database\MySQLi\Connection.php on line 300.
 1 SYSTEMPATH\Database\MySQLi\Connection.php(300): mysqli->query('SELECT `payments`.`payment_id`, `payments`.`plan_id`, `payments`.`amount`, `payments`.`months_covered`, `payments`.`payment_date`, `payments`.`payment_method`, `payments`.`reference_number`, `payments`.`official_receipt_number`, `payments`.`status`, `payments`.`remarks`, `payments`.`received_by`, `payments`.`verified_at`, `payments`.`verified_by`, `users`.`first_name`, `users`.`last_name`, `plan_holders`.`unique_identifier`, `plan_holders`.`plan_holder_id`
FROM `payments`
INNER JOIN `plans` ON `plans`.`plan_id` = `payments`.`plan_id`
INNER JOIN `plan_holders` ON `plan_holders`.`plan_holder_id` = `plans`.`plan_holder_id`
INNER JOIN `users` ON `users`.`user_id` = `plan_holders`.`user_id`
WHERE `payments`.`branch_id` = 1
ORDER BY `payments`.`payment_id` DESC', 0)
 2 SYSTEMPATH\Database\BaseConnection.php(910): CodeIgniter\Database\MySQLi\Connection->execute('SELECT `payments`.`payment_id`, `payments`.`plan_id`, `payments`.`amount`, `payments`.`months_covered`, `payments`.`payment_date`, `payments`.`payment_method`, `payments`.`reference_number`, `payments`.`official_receipt_number`, `payments`.`status`, `payments`.`remarks`, `payments`.`received_by`, `payments`.`verified_at`, `payments`.`verified_by`, `users`.`first_name`, `users`.`last_name`, `plan_holders`.`unique_identifier`, `plan_holders`.`plan_holder_id`
FROM `payments`
INNER JOIN `plans` ON `plans`.`plan_id` = `payments`.`plan_id`
INNER JOIN `plan_holders` ON `plan_holders`.`plan_holder_id` = `plans`.`plan_holder_id`
INNER JOIN `users` ON `users`.`user_id` = `plan_holders`.`user_id`
WHERE `payments`.`branch_id` = 1
ORDER BY `payments`.`payment_id` DESC')
 3 SYSTEMPATH\Database\BaseConnection.php(827): CodeIgniter\Database\BaseConnection->simpleQuery('SELECT `payments`.`payment_id`, `payments`.`plan_id`, `payments`.`amount`, `payments`.`months_covered`, `payments`.`payment_date`, `payments`.`payment_method`, `payments`.`reference_number`, `payments`.`official_receipt_number`, `payments`.`status`, `payments`.`remarks`, `payments`.`received_by`, `payments`.`verified_at`, `payments`.`verified_by`, `users`.`first_name`, `users`.`last_name`, `plan_holders`.`unique_identifier`, `plan_holders`.`plan_holder_id`
FROM `payments`
INNER JOIN `plans` ON `plans`.`plan_id` = `payments`.`plan_id`
INNER JOIN `plan_holders` ON `plan_holders`.`plan_holder_id` = `plans`.`plan_holder_id`
INNER JOIN `users` ON `users`.`user_id` = `plan_holders`.`user_id`
WHERE `payments`.`branch_id` = 1
ORDER BY `payments`.`payment_id` DESC')
 4 SYSTEMPATH\Database\BaseBuilder.php(1649): CodeIgniter\Database\BaseConnection->query('SELECT `payments`.`payment_id`, `payments`.`plan_id`, `payments`.`amount`, `payments`.`months_covered`, `payments`.`payment_date`, `payments`.`payment_method`, `payments`.`reference_number`, `payments`.`official_receipt_number`, `payments`.`status`, `payments`.`remarks`, `payments`.`received_by`, `payments`.`verified_at`, `payments`.`verified_by`, `users`.`first_name`, `users`.`last_name`, `plan_holders`.`unique_identifier`, `plan_holders`.`plan_holder_id`
FROM `payments`
INNER JOIN `plans` ON `plans`.`plan_id` = `payments`.`plan_id`
INNER JOIN `plan_holders` ON `plan_holders`.`plan_holder_id` = `plans`.`plan_holder_id`
INNER JOIN `users` ON `users`.`user_id` = `plan_holders`.`user_id`
WHERE `payments`.`branch_id` = :`payments`.`branch_id`:
ORDER BY `payments`.`payment_id` DESC', [...], false)
 5 APPPATH\Controllers\PaymentTracking.php(576): CodeIgniter\Database\BaseBuilder->get()
 6 APPPATH\Controllers\PaymentTracking.php(99): App\Controllers\PaymentTracking->paymentRows(1)
 7 SYSTEMPATH\CodeIgniter.php(951): App\Controllers\PaymentTracking->branchAdmin()
 8 SYSTEMPATH\CodeIgniter.php(497): CodeIgniter\CodeIgniter->runController(Object(App\Controllers\PaymentTracking))
 9 SYSTEMPATH\CodeIgniter.php(340): CodeIgniter\CodeIgniter->handleRequest(null, Object(Config\Cache), false)
10 SYSTEMPATH\Boot.php(417): CodeIgniter\CodeIgniter->run()
11 SYSTEMPATH\Boot.php(68): CodeIgniter\Boot::runCodeIgniter(Object(CodeIgniter\CodeIgniter))
12 FCPATH\index.php(59): CodeIgniter\Boot::bootWeb(Object(Config\Paths))
DEBUG - 2026-05-11 11:39:27 --> Session: Class initialized using 'CodeIgniter\Session\Handlers\FileHandler' driver.
ERROR - 2026-05-11 11:39:27 --> Unknown column 'payments.official_receipt_number' in 'field list'
in SYSTEMPATH\Database\MySQLi\Connection.php on line 300.
 1 SYSTEMPATH\Database\MySQLi\Connection.php(300): mysqli->query('SELECT `payments`.`payment_id`, `payments`.`plan_id`, `payments`.`amount`, `payments`.`payment_date`, `payments`.`payment_method`, `payments`.`reference_number`, `payments`.`official_receipt_number`, `payments`.`status`, `payments`.`remarks`, `payments`.`received_by`, `payments`.`verified_at`, `payments`.`verified_by`, `users`.`first_name`, `users`.`last_name`, `plan_holders`.`unique_identifier`, `plan_holders`.`plan_holder_id`
FROM `payments`
INNER JOIN `plans` ON `plans`.`plan_id` = `payments`.`plan_id`
INNER JOIN `plan_holders` ON `plan_holders`.`plan_holder_id` = `plans`.`plan_holder_id`
INNER JOIN `users` ON `users`.`user_id` = `plan_holders`.`user_id`
WHERE `payments`.`branch_id` = 1
ORDER BY `payments`.`payment_id` DESC', 0)
 2 SYSTEMPATH\Database\BaseConnection.php(910): CodeIgniter\Database\MySQLi\Connection->execute('SELECT `payments`.`payment_id`, `payments`.`plan_id`, `payments`.`amount`, `payments`.`payment_date`, `payments`.`payment_method`, `payments`.`reference_number`, `payments`.`official_receipt_number`, `payments`.`status`, `payments`.`remarks`, `payments`.`received_by`, `payments`.`verified_at`, `payments`.`verified_by`, `users`.`first_name`, `users`.`last_name`, `plan_holders`.`unique_identifier`, `plan_holders`.`plan_holder_id`
FROM `payments`
INNER JOIN `plans` ON `plans`.`plan_id` = `payments`.`plan_id`
INNER JOIN `plan_holders` ON `plan_holders`.`plan_holder_id` = `plans`.`plan_holder_id`
INNER JOIN `users` ON `users`.`user_id` = `plan_holders`.`user_id`
WHERE `payments`.`branch_id` = 1
ORDER BY `payments`.`payment_id` DESC')
 3 SYSTEMPATH\Database\BaseConnection.php(827): CodeIgniter\Database\BaseConnection->simpleQuery('SELECT `payments`.`payment_id`, `payments`.`plan_id`, `payments`.`amount`, `payments`.`payment_date`, `payments`.`payment_method`, `payments`.`reference_number`, `payments`.`official_receipt_number`, `payments`.`status`, `payments`.`remarks`, `payments`.`received_by`, `payments`.`verified_at`, `payments`.`verified_by`, `users`.`first_name`, `users`.`last_name`, `plan_holders`.`unique_identifier`, `plan_holders`.`plan_holder_id`
FROM `payments`
INNER JOIN `plans` ON `plans`.`plan_id` = `payments`.`plan_id`
INNER JOIN `plan_holders` ON `plan_holders`.`plan_holder_id` = `plans`.`plan_holder_id`
INNER JOIN `users` ON `users`.`user_id` = `plan_holders`.`user_id`
WHERE `payments`.`branch_id` = 1
ORDER BY `payments`.`payment_id` DESC')
 4 SYSTEMPATH\Database\BaseBuilder.php(1649): CodeIgniter\Database\BaseConnection->query('SELECT `payments`.`payment_id`, `payments`.`plan_id`, `payments`.`amount`, `payments`.`payment_date`, `payments`.`payment_method`, `payments`.`reference_number`, `payments`.`official_receipt_number`, `payments`.`status`, `payments`.`remarks`, `payments`.`received_by`, `payments`.`verified_at`, `payments`.`verified_by`, `users`.`first_name`, `users`.`last_name`, `plan_holders`.`unique_identifier`, `plan_holders`.`plan_holder_id`
FROM `payments`
INNER JOIN `plans` ON `plans`.`plan_id` = `payments`.`plan_id`
INNER JOIN `plan_holders` ON `plan_holders`.`plan_holder_id` = `plans`.`plan_holder_id`
INNER JOIN `users` ON `users`.`user_id` = `plan_holders`.`user_id`
WHERE `payments`.`branch_id` = :`payments`.`branch_id`:
ORDER BY `payments`.`payment_id` DESC', [...], false)
 5 APPPATH\Controllers\PaymentTracking.php(576): CodeIgniter\Database\BaseBuilder->get()
 6 APPPATH\Controllers\PaymentTracking.php(99): App\Controllers\PaymentTracking->paymentRows(1)
 7 SYSTEMPATH\CodeIgniter.php(951): App\Controllers\PaymentTracking->branchAdmin()
 8 SYSTEMPATH\CodeIgniter.php(497): CodeIgniter\CodeIgniter->runController(Object(App\Controllers\PaymentTracking))
 9 SYSTEMPATH\CodeIgniter.php(340): CodeIgniter\CodeIgniter->handleRequest(null, Object(Config\Cache), false)
10 SYSTEMPATH\Boot.php(417): CodeIgniter\CodeIgniter->run()
11 SYSTEMPATH\Boot.php(68): CodeIgniter\Boot::runCodeIgniter(Object(CodeIgniter\CodeIgniter))
12 FCPATH\index.php(59): CodeIgniter\Boot::bootWeb(Object(Config\Paths))
CRITICAL - 2026-05-11 11:39:27 --> CodeIgniter\Database\Exceptions\DatabaseException: Unknown column 'payments.official_receipt_number' in 'field list'
[Method: GET, Route: branch-admin/payment-tracking]
in SYSTEMPATH\Database\BaseConnection.php on line 865.
 1 SYSTEMPATH\Database\BaseBuilder.php(1649): CodeIgniter\Database\BaseConnection->query('SELECT `payments`.`payment_id`, `payments`.`plan_id`, `payments`.`amount`, `payments`.`payment_date`, `payments`.`payment_method`, `payments`.`reference_number`, `payments`.`official_receipt_number`, `payments`.`status`, `payments`.`remarks`, `payments`.`received_by`, `payments`.`verified_at`, `payments`.`verified_by`, `users`.`first_name`, `users`.`last_name`, `plan_holders`.`unique_identifier`, `plan_holders`.`plan_holder_id`
FROM `payments`
INNER JOIN `plans` ON `plans`.`plan_id` = `payments`.`plan_id`
INNER JOIN `plan_holders` ON `plan_holders`.`plan_holder_id` = `plans`.`plan_holder_id`
INNER JOIN `users` ON `users`.`user_id` = `plan_holders`.`user_id`
WHERE `payments`.`branch_id` = :`payments`.`branch_id`:
ORDER BY `payments`.`payment_id` DESC', [...], false)
 2 APPPATH\Controllers\PaymentTracking.php(576): CodeIgniter\Database\BaseBuilder->get()
 3 APPPATH\Controllers\PaymentTracking.php(99): App\Controllers\PaymentTracking->paymentRows(1)
 4 SYSTEMPATH\CodeIgniter.php(951): App\Controllers\PaymentTracking->branchAdmin()
 5 SYSTEMPATH\CodeIgniter.php(497): CodeIgniter\CodeIgniter->runController(Object(App\Controllers\PaymentTracking))
 6 SYSTEMPATH\CodeIgniter.php(340): CodeIgniter\CodeIgniter->handleRequest(null, Object(Config\Cache), false)
 7 SYSTEMPATH\Boot.php(417): CodeIgniter\CodeIgniter->run()
 8 SYSTEMPATH\Boot.php(68): CodeIgniter\Boot::runCodeIgniter(Object(CodeIgniter\CodeIgniter))
 9 FCPATH\index.php(59): CodeIgniter\Boot::bootWeb(Object(Config\Paths))
CRITICAL - 2026-05-11 11:39:27 --> [Caused by] CodeIgniter\Database\Exceptions\DatabaseException: Unknown column 'payments.official_receipt_number' in 'field list'
in SYSTEMPATH\Database\MySQLi\Connection.php on line 310.
 1 SYSTEMPATH\Database\BaseConnection.php(910): CodeIgniter\Database\MySQLi\Connection->execute('SELECT `payments`.`payment_id`, `payments`.`plan_id`, `payments`.`amount`, `payments`.`payment_date`, `payments`.`payment_method`, `payments`.`reference_number`, `payments`.`official_receipt_number`, `payments`.`status`, `payments`.`remarks`, `payments`.`received_by`, `payments`.`verified_at`, `payments`.`verified_by`, `users`.`first_name`, `users`.`last_name`, `plan_holders`.`unique_identifier`, `plan_holders`.`plan_holder_id`
FROM `payments`
INNER JOIN `plans` ON `plans`.`plan_id` = `payments`.`plan_id`
INNER JOIN `plan_holders` ON `plan_holders`.`plan_holder_id` = `plans`.`plan_holder_id`
INNER JOIN `users` ON `users`.`user_id` = `plan_holders`.`user_id`
WHERE `payments`.`branch_id` = 1
ORDER BY `payments`.`payment_id` DESC')
 2 SYSTEMPATH\Database\BaseConnection.php(827): CodeIgniter\Database\BaseConnection->simpleQuery('SELECT `payments`.`payment_id`, `payments`.`plan_id`, `payments`.`amount`, `payments`.`payment_date`, `payments`.`payment_method`, `payments`.`reference_number`, `payments`.`official_receipt_number`, `payments`.`status`, `payments`.`remarks`, `payments`.`received_by`, `payments`.`verified_at`, `payments`.`verified_by`, `users`.`first_name`, `users`.`last_name`, `plan_holders`.`unique_identifier`, `plan_holders`.`plan_holder_id`
FROM `payments`
INNER JOIN `plans` ON `plans`.`plan_id` = `payments`.`plan_id`
INNER JOIN `plan_holders` ON `plan_holders`.`plan_holder_id` = `plans`.`plan_holder_id`
INNER JOIN `users` ON `users`.`user_id` = `plan_holders`.`user_id`
WHERE `payments`.`branch_id` = 1
ORDER BY `payments`.`payment_id` DESC')
 3 SYSTEMPATH\Database\BaseBuilder.php(1649): CodeIgniter\Database\BaseConnection->query('SELECT `payments`.`payment_id`, `payments`.`plan_id`, `payments`.`amount`, `payments`.`payment_date`, `payments`.`payment_method`, `payments`.`reference_number`, `payments`.`official_receipt_number`, `payments`.`status`, `payments`.`remarks`, `payments`.`received_by`, `payments`.`verified_at`, `payments`.`verified_by`, `users`.`first_name`, `users`.`last_name`, `plan_holders`.`unique_identifier`, `plan_holders`.`plan_holder_id`
FROM `payments`
INNER JOIN `plans` ON `plans`.`plan_id` = `payments`.`plan_id`
INNER JOIN `plan_holders` ON `plan_holders`.`plan_holder_id` = `plans`.`plan_holder_id`
INNER JOIN `users` ON `users`.`user_id` = `plan_holders`.`user_id`
WHERE `payments`.`branch_id` = :`payments`.`branch_id`:
ORDER BY `payments`.`payment_id` DESC', [...], false)
 4 APPPATH\Controllers\PaymentTracking.php(576): CodeIgniter\Database\BaseBuilder->get()
 5 APPPATH\Controllers\PaymentTracking.php(99): App\Controllers\PaymentTracking->paymentRows(1)
 6 SYSTEMPATH\CodeIgniter.php(951): App\Controllers\PaymentTracking->branchAdmin()
 7 SYSTEMPATH\CodeIgniter.php(497): CodeIgniter\CodeIgniter->runController(Object(App\Controllers\PaymentTracking))
 8 SYSTEMPATH\CodeIgniter.php(340): CodeIgniter\CodeIgniter->handleRequest(null, Object(Config\Cache), false)
 9 SYSTEMPATH\Boot.php(417): CodeIgniter\CodeIgniter->run()
10 SYSTEMPATH\Boot.php(68): CodeIgniter\Boot::runCodeIgniter(Object(CodeIgniter\CodeIgniter))
11 FCPATH\index.php(59): CodeIgniter\Boot::bootWeb(Object(Config\Paths))
CRITICAL - 2026-05-11 11:39:27 --> [Caused by] mysqli_sql_exception: Unknown column 'payments.official_receipt_number' in 'field list'
in SYSTEMPATH\Database\MySQLi\Connection.php on line 300.
 1 SYSTEMPATH\Database\MySQLi\Connection.php(300): mysqli->query('SELECT `payments`.`payment_id`, `payments`.`plan_id`, `payments`.`amount`, `payments`.`payment_date`, `payments`.`payment_method`, `payments`.`reference_number`, `payments`.`official_receipt_number`, `payments`.`status`, `payments`.`remarks`, `payments`.`received_by`, `payments`.`verified_at`, `payments`.`verified_by`, `users`.`first_name`, `users`.`last_name`, `plan_holders`.`unique_identifier`, `plan_holders`.`plan_holder_id`
FROM `payments`
INNER JOIN `plans` ON `plans`.`plan_id` = `payments`.`plan_id`
INNER JOIN `plan_holders` ON `plan_holders`.`plan_holder_id` = `plans`.`plan_holder_id`
INNER JOIN `users` ON `users`.`user_id` = `plan_holders`.`user_id`
WHERE `payments`.`branch_id` = 1
ORDER BY `payments`.`payment_id` DESC', 0)
 2 SYSTEMPATH\Database\BaseConnection.php(910): CodeIgniter\Database\MySQLi\Connection->execute('SELECT `payments`.`payment_id`, `payments`.`plan_id`, `payments`.`amount`, `payments`.`payment_date`, `payments`.`payment_method`, `payments`.`reference_number`, `payments`.`official_receipt_number`, `payments`.`status`, `payments`.`remarks`, `payments`.`received_by`, `payments`.`verified_at`, `payments`.`verified_by`, `users`.`first_name`, `users`.`last_name`, `plan_holders`.`unique_identifier`, `plan_holders`.`plan_holder_id`
FROM `payments`
INNER JOIN `plans` ON `plans`.`plan_id` = `payments`.`plan_id`
INNER JOIN `plan_holders` ON `plan_holders`.`plan_holder_id` = `plans`.`plan_holder_id`
INNER JOIN `users` ON `users`.`user_id` = `plan_holders`.`user_id`
WHERE `payments`.`branch_id` = 1
ORDER BY `payments`.`payment_id` DESC')
 3 SYSTEMPATH\Database\BaseConnection.php(827): CodeIgniter\Database\BaseConnection->simpleQuery('SELECT `payments`.`payment_id`, `payments`.`plan_id`, `payments`.`amount`, `payments`.`payment_date`, `payments`.`payment_method`, `payments`.`reference_number`, `payments`.`official_receipt_number`, `payments`.`status`, `payments`.`remarks`, `payments`.`received_by`, `payments`.`verified_at`, `payments`.`verified_by`, `users`.`first_name`, `users`.`last_name`, `plan_holders`.`unique_identifier`, `plan_holders`.`plan_holder_id`
FROM `payments`
INNER JOIN `plans` ON `plans`.`plan_id` = `payments`.`plan_id`
INNER JOIN `plan_holders` ON `plan_holders`.`plan_holder_id` = `plans`.`plan_holder_id`
INNER JOIN `users` ON `users`.`user_id` = `plan_holders`.`user_id`
WHERE `payments`.`branch_id` = 1
ORDER BY `payments`.`payment_id` DESC')
 4 SYSTEMPATH\Database\BaseBuilder.php(1649): CodeIgniter\Database\BaseConnection->query('SELECT `payments`.`payment_id`, `payments`.`plan_id`, `payments`.`amount`, `payments`.`payment_date`, `payments`.`payment_method`, `payments`.`reference_number`, `payments`.`official_receipt_number`, `payments`.`status`, `payments`.`remarks`, `payments`.`received_by`, `payments`.`verified_at`, `payments`.`verified_by`, `users`.`first_name`, `users`.`last_name`, `plan_holders`.`unique_identifier`, `plan_holders`.`plan_holder_id`
FROM `payments`
INNER JOIN `plans` ON `plans`.`plan_id` = `payments`.`plan_id`
INNER JOIN `plan_holders` ON `plan_holders`.`plan_holder_id` = `plans`.`plan_holder_id`
INNER JOIN `users` ON `users`.`user_id` = `plan_holders`.`user_id`
WHERE `payments`.`branch_id` = :`payments`.`branch_id`:
ORDER BY `payments`.`payment_id` DESC', [...], false)
 5 APPPATH\Controllers\PaymentTracking.php(576): CodeIgniter\Database\BaseBuilder->get()
 6 APPPATH\Controllers\PaymentTracking.php(99): App\Controllers\PaymentTracking->paymentRows(1)
 7 SYSTEMPATH\CodeIgniter.php(951): App\Controllers\PaymentTracking->branchAdmin()
 8 SYSTEMPATH\CodeIgniter.php(497): CodeIgniter\CodeIgniter->runController(Object(App\Controllers\PaymentTracking))
 9 SYSTEMPATH\CodeIgniter.php(340): CodeIgniter\CodeIgniter->handleRequest(null, Object(Config\Cache), false)
10 SYSTEMPATH\Boot.php(417): CodeIgniter\CodeIgniter->run()
11 SYSTEMPATH\Boot.php(68): CodeIgniter\Boot::runCodeIgniter(Object(CodeIgniter\CodeIgniter))
12 FCPATH\index.php(59): CodeIgniter\Boot::bootWeb(Object(Config\Paths))
DEBUG - 2026-05-11 11:40:08 --> Session: Class initialized using 'CodeIgniter\Session\Handlers\FileHandler' driver.
ERROR - 2026-05-11 11:40:08 --> Unknown column 'payments.official_receipt_number' in 'field list'
in SYSTEMPATH\Database\MySQLi\Connection.php on line 300.
 1 SYSTEMPATH\Database\MySQLi\Connection.php(300): mysqli->query('SELECT 
            payments.payment_id, payments.plan_id, payments.amount, payments.payment_date, 
            payments.payment_method, payments.reference_number, payments.official_receipt_number, 
            payments.status, payments.remarks, payments.received_by, payments.verified_at, 
            payments.verified_by, users.first_name, users.last_name, plan_holders.unique_identifier, 
            plan_holders.plan_holder_id FROM payments
            INNER JOIN plans ON plans.plan_id = payments.plan_id
            INNER JOIN plan_holders ON plan_holders.plan_holder_id = plans.plan_holder_id
            INNER JOIN users ON users.user_id = plan_holders.user_id
            WHERE payments.branch_id = 1
            ORDER BY payments.payment_id DESC', 0)
 2 SYSTEMPATH\Database\BaseConnection.php(910): CodeIgniter\Database\MySQLi\Connection->execute('SELECT 
            payments.payment_id, payments.plan_id, payments.amount, payments.payment_date, 
            payments.payment_method, payments.reference_number, payments.official_receipt_number, 
            payments.status, payments.remarks, payments.received_by, payments.verified_at, 
            payments.verified_by, users.first_name, users.last_name, plan_holders.unique_identifier, 
            plan_holders.plan_holder_id FROM payments
            INNER JOIN plans ON plans.plan_id = payments.plan_id
            INNER JOIN plan_holders ON plan_holders.plan_holder_id = plans.plan_holder_id
            INNER JOIN users ON users.user_id = plan_holders.user_id
            WHERE payments.branch_id = 1
            ORDER BY payments.payment_id DESC')
 3 SYSTEMPATH\Database\BaseConnection.php(827): CodeIgniter\Database\BaseConnection->simpleQuery('SELECT 
            payments.payment_id, payments.plan_id, payments.amount, payments.payment_date, 
            payments.payment_method, payments.reference_number, payments.official_receipt_number, 
            payments.status, payments.remarks, payments.received_by, payments.verified_at, 
            payments.verified_by, users.first_name, users.last_name, plan_holders.unique_identifier, 
            plan_holders.plan_holder_id FROM payments
            INNER JOIN plans ON plans.plan_id = payments.plan_id
            INNER JOIN plan_holders ON plan_holders.plan_holder_id = plans.plan_holder_id
            INNER JOIN users ON users.user_id = plan_holders.user_id
            WHERE payments.branch_id = 1
            ORDER BY payments.payment_id DESC')
 4 APPPATH\Controllers\PaymentTracking.php(577): CodeIgniter\Database\BaseConnection->query('SELECT 
            payments.payment_id, payments.plan_id, payments.amount, payments.payment_date, 
            payments.payment_method, payments.reference_number, payments.official_receipt_number, 
            payments.status, payments.remarks, payments.received_by, payments.verified_at, 
            payments.verified_by, users.first_name, users.last_name, plan_holders.unique_identifier, 
            plan_holders.plan_holder_id FROM payments
            INNER JOIN plans ON plans.plan_id = payments.plan_id
            INNER JOIN plan_holders ON plan_holders.plan_holder_id = plans.plan_holder_id
            INNER JOIN users ON users.user_id = plan_holders.user_id
            WHERE payments.branch_id = ?
            ORDER BY payments.payment_id DESC', [...])
 5 APPPATH\Controllers\PaymentTracking.php(99): App\Controllers\PaymentTracking->paymentRows(1)
 6 SYSTEMPATH\CodeIgniter.php(951): App\Controllers\PaymentTracking->branchAdmin()
 7 SYSTEMPATH\CodeIgniter.php(497): CodeIgniter\CodeIgniter->runController(Object(App\Controllers\PaymentTracking))
 8 SYSTEMPATH\CodeIgniter.php(340): CodeIgniter\CodeIgniter->handleRequest(null, Object(Config\Cache), false)
 9 SYSTEMPATH\Boot.php(417): CodeIgniter\CodeIgniter->run()
10 SYSTEMPATH\Boot.php(68): CodeIgniter\Boot::runCodeIgniter(Object(CodeIgniter\CodeIgniter))
11 FCPATH\index.php(59): CodeIgniter\Boot::bootWeb(Object(Config\Paths))
CRITICAL - 2026-05-11 11:40:08 --> CodeIgniter\Database\Exceptions\DatabaseException: Unknown column 'payments.official_receipt_number' in 'field list'
[Method: GET, Route: branch-admin/payment-tracking]
in SYSTEMPATH\Database\BaseConnection.php on line 865.
 1 APPPATH\Controllers\PaymentTracking.php(577): CodeIgniter\Database\BaseConnection->query('SELECT 
            payments.payment_id, payments.plan_id, payments.amount, payments.payment_date, 
            payments.payment_method, payments.reference_number, payments.official_receipt_number, 
            payments.status, payments.remarks, payments.received_by, payments.verified_at, 
            payments.verified_by, users.first_name, users.last_name, plan_holders.unique_identifier, 
            plan_holders.plan_holder_id FROM payments
            INNER JOIN plans ON plans.plan_id = payments.plan_id
            INNER JOIN plan_holders ON plan_holders.plan_holder_id = plans.plan_holder_id
            INNER JOIN users ON users.user_id = plan_holders.user_id
            WHERE payments.branch_id = ?
            ORDER BY payments.payment_id DESC', [...])
 2 APPPATH\Controllers\PaymentTracking.php(99): App\Controllers\PaymentTracking->paymentRows(1)
 3 SYSTEMPATH\CodeIgniter.php(951): App\Controllers\PaymentTracking->branchAdmin()
 4 SYSTEMPATH\CodeIgniter.php(497): CodeIgniter\CodeIgniter->runController(Object(App\Controllers\PaymentTracking))
 5 SYSTEMPATH\CodeIgniter.php(340): CodeIgniter\CodeIgniter->handleRequest(null, Object(Config\Cache), false)
 6 SYSTEMPATH\Boot.php(417): CodeIgniter\CodeIgniter->run()
 7 SYSTEMPATH\Boot.php(68): CodeIgniter\Boot::runCodeIgniter(Object(CodeIgniter\CodeIgniter))
 8 FCPATH\index.php(59): CodeIgniter\Boot::bootWeb(Object(Config\Paths))
CRITICAL - 2026-05-11 11:40:08 --> [Caused by] CodeIgniter\Database\Exceptions\DatabaseException: Unknown column 'payments.official_receipt_number' in 'field list'
in SYSTEMPATH\Database\MySQLi\Connection.php on line 310.
 1 SYSTEMPATH\Database\BaseConnection.php(910): CodeIgniter\Database\MySQLi\Connection->execute('SELECT 
            payments.payment_id, payments.plan_id, payments.amount, payments.payment_date, 
            payments.payment_method, payments.reference_number, payments.official_receipt_number, 
            payments.status, payments.remarks, payments.received_by, payments.verified_at, 
            payments.verified_by, users.first_name, users.last_name, plan_holders.unique_identifier, 
            plan_holders.plan_holder_id FROM payments
            INNER JOIN plans ON plans.plan_id = payments.plan_id
            INNER JOIN plan_holders ON plan_holders.plan_holder_id = plans.plan_holder_id
            INNER JOIN users ON users.user_id = plan_holders.user_id
            WHERE payments.branch_id = 1
            ORDER BY payments.payment_id DESC')
 2 SYSTEMPATH\Database\BaseConnection.php(827): CodeIgniter\Database\BaseConnection->simpleQuery('SELECT 
            payments.payment_id, payments.plan_id, payments.amount, payments.payment_date, 
            payments.payment_method, payments.reference_number, payments.official_receipt_number, 
            payments.status, payments.remarks, payments.received_by, payments.verified_at, 
            payments.verified_by, users.first_name, users.last_name, plan_holders.unique_identifier, 
            plan_holders.plan_holder_id FROM payments
            INNER JOIN plans ON plans.plan_id = payments.plan_id
            INNER JOIN plan_holders ON plan_holders.plan_holder_id = plans.plan_holder_id
            INNER JOIN users ON users.user_id = plan_holders.user_id
            WHERE payments.branch_id = 1
            ORDER BY payments.payment_id DESC')
 3 APPPATH\Controllers\PaymentTracking.php(577): CodeIgniter\Database\BaseConnection->query('SELECT 
            payments.payment_id, payments.plan_id, payments.amount, payments.payment_date, 
            payments.payment_method, payments.reference_number, payments.official_receipt_number, 
            payments.status, payments.remarks, payments.received_by, payments.verified_at, 
            payments.verified_by, users.first_name, users.last_name, plan_holders.unique_identifier, 
            plan_holders.plan_holder_id FROM payments
            INNER JOIN plans ON plans.plan_id = payments.plan_id
            INNER JOIN plan_holders ON plan_holders.plan_holder_id = plans.plan_holder_id
            INNER JOIN users ON users.user_id = plan_holders.user_id
            WHERE payments.branch_id = ?
            ORDER BY payments.payment_id DESC', [...])
 4 APPPATH\Controllers\PaymentTracking.php(99): App\Controllers\PaymentTracking->paymentRows(1)
 5 SYSTEMPATH\CodeIgniter.php(951): App\Controllers\PaymentTracking->branchAdmin()
 6 SYSTEMPATH\CodeIgniter.php(497): CodeIgniter\CodeIgniter->runController(Object(App\Controllers\PaymentTracking))
 7 SYSTEMPATH\CodeIgniter.php(340): CodeIgniter\CodeIgniter->handleRequest(null, Object(Config\Cache), false)
 8 SYSTEMPATH\Boot.php(417): CodeIgniter\CodeIgniter->run()
 9 SYSTEMPATH\Boot.php(68): CodeIgniter\Boot::runCodeIgniter(Object(CodeIgniter\CodeIgniter))
10 FCPATH\index.php(59): CodeIgniter\Boot::bootWeb(Object(Config\Paths))
CRITICAL - 2026-05-11 11:40:08 --> [Caused by] mysqli_sql_exception: Unknown column 'payments.official_receipt_number' in 'field list'
in SYSTEMPATH\Database\MySQLi\Connection.php on line 300.
 1 SYSTEMPATH\Database\MySQLi\Connection.php(300): mysqli->query('SELECT 
            payments.payment_id, payments.plan_id, payments.amount, payments.payment_date, 
            payments.payment_method, payments.reference_number, payments.official_receipt_number, 
            payments.status, payments.remarks, payments.received_by, payments.verified_at, 
            payments.verified_by, users.first_name, users.last_name, plan_holders.unique_identifier, 
            plan_holders.plan_holder_id FROM payments
            INNER JOIN plans ON plans.plan_id = payments.plan_id
            INNER JOIN plan_holders ON plan_holders.plan_holder_id = plans.plan_holder_id
            INNER JOIN users ON users.user_id = plan_holders.user_id
            WHERE payments.branch_id = 1
            ORDER BY payments.payment_id DESC', 0)
 2 SYSTEMPATH\Database\BaseConnection.php(910): CodeIgniter\Database\MySQLi\Connection->execute('SELECT 
            payments.payment_id, payments.plan_id, payments.amount, payments.payment_date, 
            payments.payment_method, payments.reference_number, payments.official_receipt_number, 
            payments.status, payments.remarks, payments.received_by, payments.verified_at, 
            payments.verified_by, users.first_name, users.last_name, plan_holders.unique_identifier, 
            plan_holders.plan_holder_id FROM payments
            INNER JOIN plans ON plans.plan_id = payments.plan_id
            INNER JOIN plan_holders ON plan_holders.plan_holder_id = plans.plan_holder_id
            INNER JOIN users ON users.user_id = plan_holders.user_id
            WHERE payments.branch_id = 1
            ORDER BY payments.payment_id DESC')
 3 SYSTEMPATH\Database\BaseConnection.php(827): CodeIgniter\Database\BaseConnection->simpleQuery('SELECT 
            payments.payment_id, payments.plan_id, payments.amount, payments.payment_date, 
            payments.payment_method, payments.reference_number, payments.official_receipt_number, 
            payments.status, payments.remarks, payments.received_by, payments.verified_at, 
            payments.verified_by, users.first_name, users.last_name, plan_holders.unique_identifier, 
            plan_holders.plan_holder_id FROM payments
            INNER JOIN plans ON plans.plan_id = payments.plan_id
            INNER JOIN plan_holders ON plan_holders.plan_holder_id = plans.plan_holder_id
            INNER JOIN users ON users.user_id = plan_holders.user_id
            WHERE payments.branch_id = 1
            ORDER BY payments.payment_id DESC')
 4 APPPATH\Controllers\PaymentTracking.php(577): CodeIgniter\Database\BaseConnection->query('SELECT 
            payments.payment_id, payments.plan_id, payments.amount, payments.payment_date, 
            payments.payment_method, payments.reference_number, payments.official_receipt_number, 
            payments.status, payments.remarks, payments.received_by, payments.verified_at, 
            payments.verified_by, users.first_name, users.last_name, plan_holders.unique_identifier, 
            plan_holders.plan_holder_id FROM payments
            INNER JOIN plans ON plans.plan_id = payments.plan_id
            INNER JOIN plan_holders ON plan_holders.plan_holder_id = plans.plan_holder_id
            INNER JOIN users ON users.user_id = plan_holders.user_id
            WHERE payments.branch_id = ?
            ORDER BY payments.payment_id DESC', [...])
 5 APPPATH\Controllers\PaymentTracking.php(99): App\Controllers\PaymentTracking->paymentRows(1)
 6 SYSTEMPATH\CodeIgniter.php(951): App\Controllers\PaymentTracking->branchAdmin()
 7 SYSTEMPATH\CodeIgniter.php(497): CodeIgniter\CodeIgniter->runController(Object(App\Controllers\PaymentTracking))
 8 SYSTEMPATH\CodeIgniter.php(340): CodeIgniter\CodeIgniter->handleRequest(null, Object(Config\Cache), false)
 9 SYSTEMPATH\Boot.php(417): CodeIgniter\CodeIgniter->run()
10 SYSTEMPATH\Boot.php(68): CodeIgniter\Boot::runCodeIgniter(Object(CodeIgniter\CodeIgniter))
11 FCPATH\index.php(59): CodeIgniter\Boot::bootWeb(Object(Config\Paths))
DEBUG - 2026-05-11 11:41:09 --> Session: Class initialized using 'CodeIgniter\Session\Handlers\FileHandler' driver.
DEBUG - 2026-05-11 11:42:53 --> Session: Class initialized using 'CodeIgniter\Session\Handlers\FileHandler' driver.
DEBUG - 2026-05-11 11:42:56 --> Session: Class initialized using 'CodeIgniter\Session\Handlers\FileHandler' driver.
DEBUG - 2026-05-11 11:43:14 --> Session: Class initialized using 'CodeIgniter\Session\Handlers\FileHandler' driver.
ERROR - 2026-05-11 11:43:14 --> Unknown column 'months_covered' in 'field list'
in SYSTEMPATH\Database\MySQLi\Connection.php on line 300.
 1 SYSTEMPATH\Database\MySQLi\Connection.php(300): mysqli->query('INSERT INTO `payments` (`plan_id`, `amount`, `months_covered`, `payment_date`, `payment_method`, `received_by`, `branch_id`, `status`, `official_receipt_number`, `remarks`, `verified_by`, `verified_at`) VALUES (2, 240, 1, \'2026-05-11\', \'cash\', 6, 1, \'paid\', \'123456\', \'Recorded at branch counter\', 6, \'2026-05-11 11:43:14\')', 0)
 2 SYSTEMPATH\Database\BaseConnection.php(910): CodeIgniter\Database\MySQLi\Connection->execute('INSERT INTO `payments` (`plan_id`, `amount`, `months_covered`, `payment_date`, `payment_method`, `received_by`, `branch_id`, `status`, `official_receipt_number`, `remarks`, `verified_by`, `verified_at`) VALUES (2, 240, 1, \'2026-05-11\', \'cash\', 6, 1, \'paid\', \'123456\', \'Recorded at branch counter\', 6, \'2026-05-11 11:43:14\')')
 3 SYSTEMPATH\Database\BaseConnection.php(827): CodeIgniter\Database\BaseConnection->simpleQuery('INSERT INTO `payments` (`plan_id`, `amount`, `months_covered`, `payment_date`, `payment_method`, `received_by`, `branch_id`, `status`, `official_receipt_number`, `remarks`, `verified_by`, `verified_at`) VALUES (2, 240, 1, \'2026-05-11\', \'cash\', 6, 1, \'paid\', \'123456\', \'Recorded at branch counter\', 6, \'2026-05-11 11:43:14\')')
 4 SYSTEMPATH\Database\BaseBuilder.php(2345): CodeIgniter\Database\BaseConnection->query('INSERT INTO `payments` (`plan_id`, `amount`, `months_covered`, `payment_date`, `payment_method`, `received_by`, `branch_id`, `status`, `official_receipt_number`, `remarks`, `verified_by`, `verified_at`) VALUES (:plan_id:, :amount:, :months_covered:, :payment_date:, :payment_method:, :received_by:, :branch_id:, :status:, :official_receipt_number:, :remarks:, :verified_by:, :verified_at:)', [...], false)
 5 SYSTEMPATH\Model.php(355): CodeIgniter\Database\BaseBuilder->insert()
 6 SYSTEMPATH\BaseModel.php(899): CodeIgniter\Model->doInsert([...])
 7 SYSTEMPATH\Model.php(668): CodeIgniter\BaseModel->insert([...], true)
 8 APPPATH\Controllers\PaymentTracking.php(176): CodeIgniter\Model->insert([...], true)
 9 SYSTEMPATH\CodeIgniter.php(951): App\Controllers\PaymentTracking->recordCash()
10 SYSTEMPATH\CodeIgniter.php(497): CodeIgniter\CodeIgniter->runController(Object(App\Controllers\PaymentTracking))
11 SYSTEMPATH\CodeIgniter.php(340): CodeIgniter\CodeIgniter->handleRequest(null, Object(Config\Cache), false)
12 SYSTEMPATH\Boot.php(417): CodeIgniter\CodeIgniter->run()
13 SYSTEMPATH\Boot.php(68): CodeIgniter\Boot::runCodeIgniter(Object(CodeIgniter\CodeIgniter))
14 FCPATH\index.php(59): CodeIgniter\Boot::bootWeb(Object(Config\Paths))
CRITICAL - 2026-05-11 11:43:14 --> CodeIgniter\Database\Exceptions\DatabaseException: Unknown column 'months_covered' in 'field list'
[Method: POST, Route: branch-admin/payment-tracking/record-cash]
in SYSTEMPATH\Database\BaseConnection.php on line 865.
 1 SYSTEMPATH\Database\BaseBuilder.php(2345): CodeIgniter\Database\BaseConnection->query('INSERT INTO `payments` (`plan_id`, `amount`, `months_covered`, `payment_date`, `payment_method`, `received_by`, `branch_id`, `status`, `official_receipt_number`, `remarks`, `verified_by`, `verified_at`) VALUES (:plan_id:, :amount:, :months_covered:, :payment_date:, :payment_method:, :received_by:, :branch_id:, :status:, :official_receipt_number:, :remarks:, :verified_by:, :verified_at:)', [...], false)
 2 SYSTEMPATH\Model.php(355): CodeIgniter\Database\BaseBuilder->insert()
 3 SYSTEMPATH\BaseModel.php(899): CodeIgniter\Model->doInsert([...])
 4 SYSTEMPATH\Model.php(668): CodeIgniter\BaseModel->insert([...], true)
 5 APPPATH\Controllers\PaymentTracking.php(176): CodeIgniter\Model->insert([...], true)
 6 SYSTEMPATH\CodeIgniter.php(951): App\Controllers\PaymentTracking->recordCash()
 7 SYSTEMPATH\CodeIgniter.php(497): CodeIgniter\CodeIgniter->runController(Object(App\Controllers\PaymentTracking))
 8 SYSTEMPATH\CodeIgniter.php(340): CodeIgniter\CodeIgniter->handleRequest(null, Object(Config\Cache), false)
 9 SYSTEMPATH\Boot.php(417): CodeIgniter\CodeIgniter->run()
10 SYSTEMPATH\Boot.php(68): CodeIgniter\Boot::runCodeIgniter(Object(CodeIgniter\CodeIgniter))
11 FCPATH\index.php(59): CodeIgniter\Boot::bootWeb(Object(Config\Paths))
CRITICAL - 2026-05-11 11:43:14 --> [Caused by] CodeIgniter\Database\Exceptions\DatabaseException: Unknown column 'months_covered' in 'field list'
in SYSTEMPATH\Database\MySQLi\Connection.php on line 310.
 1 SYSTEMPATH\Database\BaseConnection.php(910): CodeIgniter\Database\MySQLi\Connection->execute('INSERT INTO `payments` (`plan_id`, `amount`, `months_covered`, `payment_date`, `payment_method`, `received_by`, `branch_id`, `status`, `official_receipt_number`, `remarks`, `verified_by`, `verified_at`) VALUES (2, 240, 1, \'2026-05-11\', \'cash\', 6, 1, \'paid\', \'123456\', \'Recorded at branch counter\', 6, \'2026-05-11 11:43:14\')')
 2 SYSTEMPATH\Database\BaseConnection.php(827): CodeIgniter\Database\BaseConnection->simpleQuery('INSERT INTO `payments` (`plan_id`, `amount`, `months_covered`, `payment_date`, `payment_method`, `received_by`, `branch_id`, `status`, `official_receipt_number`, `remarks`, `verified_by`, `verified_at`) VALUES (2, 240, 1, \'2026-05-11\', \'cash\', 6, 1, \'paid\', \'123456\', \'Recorded at branch counter\', 6, \'2026-05-11 11:43:14\')')
 3 SYSTEMPATH\Database\BaseBuilder.php(2345): CodeIgniter\Database\BaseConnection->query('INSERT INTO `payments` (`plan_id`, `amount`, `months_covered`, `payment_date`, `payment_method`, `received_by`, `branch_id`, `status`, `official_receipt_number`, `remarks`, `verified_by`, `verified_at`) VALUES (:plan_id:, :amount:, :months_covered:, :payment_date:, :payment_method:, :received_by:, :branch_id:, :status:, :official_receipt_number:, :remarks:, :verified_by:, :verified_at:)', [...], false)
 4 SYSTEMPATH\Model.php(355): CodeIgniter\Database\BaseBuilder->insert()
 5 SYSTEMPATH\BaseModel.php(899): CodeIgniter\Model->doInsert([...])
 6 SYSTEMPATH\Model.php(668): CodeIgniter\BaseModel->insert([...], true)
 7 APPPATH\Controllers\PaymentTracking.php(176): CodeIgniter\Model->insert([...], true)
 8 SYSTEMPATH\CodeIgniter.php(951): App\Controllers\PaymentTracking->recordCash()
 9 SYSTEMPATH\CodeIgniter.php(497): CodeIgniter\CodeIgniter->runController(Object(App\Controllers\PaymentTracking))
10 SYSTEMPATH\CodeIgniter.php(340): CodeIgniter\CodeIgniter->handleRequest(null, Object(Config\Cache), false)
11 SYSTEMPATH\Boot.php(417): CodeIgniter\CodeIgniter->run()
12 SYSTEMPATH\Boot.php(68): CodeIgniter\Boot::runCodeIgniter(Object(CodeIgniter\CodeIgniter))
13 FCPATH\index.php(59): CodeIgniter\Boot::bootWeb(Object(Config\Paths))
CRITICAL - 2026-05-11 11:43:14 --> [Caused by] mysqli_sql_exception: Unknown column 'months_covered' in 'field list'
in SYSTEMPATH\Database\MySQLi\Connection.php on line 300.
 1 SYSTEMPATH\Database\MySQLi\Connection.php(300): mysqli->query('INSERT INTO `payments` (`plan_id`, `amount`, `months_covered`, `payment_date`, `payment_method`, `received_by`, `branch_id`, `status`, `official_receipt_number`, `remarks`, `verified_by`, `verified_at`) VALUES (2, 240, 1, \'2026-05-11\', \'cash\', 6, 1, \'paid\', \'123456\', \'Recorded at branch counter\', 6, \'2026-05-11 11:43:14\')', 0)
 2 SYSTEMPATH\Database\BaseConnection.php(910): CodeIgniter\Database\MySQLi\Connection->execute('INSERT INTO `payments` (`plan_id`, `amount`, `months_covered`, `payment_date`, `payment_method`, `received_by`, `branch_id`, `status`, `official_receipt_number`, `remarks`, `verified_by`, `verified_at`) VALUES (2, 240, 1, \'2026-05-11\', \'cash\', 6, 1, \'paid\', \'123456\', \'Recorded at branch counter\', 6, \'2026-05-11 11:43:14\')')
 3 SYSTEMPATH\Database\BaseConnection.php(827): CodeIgniter\Database\BaseConnection->simpleQuery('INSERT INTO `payments` (`plan_id`, `amount`, `months_covered`, `payment_date`, `payment_method`, `received_by`, `branch_id`, `status`, `official_receipt_number`, `remarks`, `verified_by`, `verified_at`) VALUES (2, 240, 1, \'2026-05-11\', \'cash\', 6, 1, \'paid\', \'123456\', \'Recorded at branch counter\', 6, \'2026-05-11 11:43:14\')')
 4 SYSTEMPATH\Database\BaseBuilder.php(2345): CodeIgniter\Database\BaseConnection->query('INSERT INTO `payments` (`plan_id`, `amount`, `months_covered`, `payment_date`, `payment_method`, `received_by`, `branch_id`, `status`, `official_receipt_number`, `remarks`, `verified_by`, `verified_at`) VALUES (:plan_id:, :amount:, :months_covered:, :payment_date:, :payment_method:, :received_by:, :branch_id:, :status:, :official_receipt_number:, :remarks:, :verified_by:, :verified_at:)', [...], false)
 5 SYSTEMPATH\Model.php(355): CodeIgniter\Database\BaseBuilder->insert()
 6 SYSTEMPATH\BaseModel.php(899): CodeIgniter\Model->doInsert([...])
 7 SYSTEMPATH\Model.php(668): CodeIgniter\BaseModel->insert([...], true)
 8 APPPATH\Controllers\PaymentTracking.php(176): CodeIgniter\Model->insert([...], true)
 9 SYSTEMPATH\CodeIgniter.php(951): App\Controllers\PaymentTracking->recordCash()
10 SYSTEMPATH\CodeIgniter.php(497): CodeIgniter\CodeIgniter->runController(Object(App\Controllers\PaymentTracking))
11 SYSTEMPATH\CodeIgniter.php(340): CodeIgniter\CodeIgniter->handleRequest(null, Object(Config\Cache), false)
12 SYSTEMPATH\Boot.php(417): CodeIgniter\CodeIgniter->run()
13 SYSTEMPATH\Boot.php(68): CodeIgniter\Boot::runCodeIgniter(Object(CodeIgniter\CodeIgniter))
14 FCPATH\index.php(59): CodeIgniter\Boot::bootWeb(Object(Config\Paths))
DEBUG - 2026-05-11 11:43:50 --> Session: Class initialized using 'CodeIgniter\Session\Handlers\FileHandler' driver.
DEBUG - 2026-05-11 11:46:55 --> Session: Class initialized using 'CodeIgniter\Session\Handlers\FileHandler' driver.
DEBUG - 2026-05-11 11:47:59 --> Session: Class initialized using 'CodeIgniter\Session\Handlers\FileHandler' driver.
DEBUG - 2026-05-11 11:48:03 --> Session: Class initialized using 'CodeIgniter\Session\Handlers\FileHandler' driver.
DEBUG - 2026-05-11 11:48:33 --> Session: Class initialized using 'CodeIgniter\Session\Handlers\FileHandler' driver.
ERROR - 2026-05-11 11:48:33 --> Unknown column 'next_due_date' in 'field list'
in SYSTEMPATH\Database\MySQLi\Connection.php on line 300.
 1 SYSTEMPATH\Database\MySQLi\Connection.php(300): mysqli->query('UPDATE `plans` SET `package_id` = 1, `monthly_fee` = 240, `start_date` = \'2026-05-11\', `status` = \'active\', `remaining_balance` = 0, `version_id` = 1, `next_due_date` = \'2026-07-11\', `payment_coverage_until` = \'2026-06-11\', `overdue_months` = 0, `membership_state` = \'active\', `months_paid` = 1
WHERE `plans`.`plan_id` IN (2)', 0)
 2 SYSTEMPATH\Database\BaseConnection.php(910): CodeIgniter\Database\MySQLi\Connection->execute('UPDATE `plans` SET `package_id` = 1, `monthly_fee` = 240, `start_date` = \'2026-05-11\', `status` = \'active\', `remaining_balance` = 0, `version_id` = 1, `next_due_date` = \'2026-07-11\', `payment_coverage_until` = \'2026-06-11\', `overdue_months` = 0, `membership_state` = \'active\', `months_paid` = 1
WHERE `plans`.`plan_id` IN (2)')
 3 SYSTEMPATH\Database\BaseConnection.php(827): CodeIgniter\Database\BaseConnection->simpleQuery('UPDATE `plans` SET `package_id` = 1, `monthly_fee` = 240, `start_date` = \'2026-05-11\', `status` = \'active\', `remaining_balance` = 0, `version_id` = 1, `next_due_date` = \'2026-07-11\', `payment_coverage_until` = \'2026-06-11\', `overdue_months` = 0, `membership_state` = \'active\', `months_paid` = 1
WHERE `plans`.`plan_id` IN (2)')
 4 SYSTEMPATH\Database\BaseBuilder.php(2521): CodeIgniter\Database\BaseConnection->query('UPDATE `plans` SET `package_id` = :package_id:, `monthly_fee` = :monthly_fee:, `start_date` = :start_date:, `status` = :status:, `remaining_balance` = :remaining_balance:, `version_id` = :version_id:, `next_due_date` = :next_due_date:, `payment_coverage_until` = :payment_coverage_until:, `overdue_months` = :overdue_months:, `membership_state` = :membership_state:, `months_paid` = :months_paid:
WHERE `plans`.`plan_id` IN :plans.plan_id:', [...], false)
 5 SYSTEMPATH\Model.php(406): CodeIgniter\Database\BaseBuilder->update()
 6 SYSTEMPATH\BaseModel.php(1074): CodeIgniter\Model->doUpdate([...], [...])
 7 SYSTEMPATH\Model.php(709): CodeIgniter\BaseModel->update([...], [...])
 8 APPPATH\Controllers\PaymentTracking.php(402): CodeIgniter\Model->update(2, [...])
 9 APPPATH\Controllers\PaymentTracking.php(204): App\Controllers\PaymentTracking->autoApprovePlanHolderFromInitialPayment([...], 1)
10 SYSTEMPATH\CodeIgniter.php(951): App\Controllers\PaymentTracking->recordCash()
11 SYSTEMPATH\CodeIgniter.php(497): CodeIgniter\CodeIgniter->runController(Object(App\Controllers\PaymentTracking))
12 SYSTEMPATH\CodeIgniter.php(340): CodeIgniter\CodeIgniter->handleRequest(null, Object(Config\Cache), false)
13 SYSTEMPATH\Boot.php(417): CodeIgniter\CodeIgniter->run()
14 SYSTEMPATH\Boot.php(68): CodeIgniter\Boot::runCodeIgniter(Object(CodeIgniter\CodeIgniter))
15 FCPATH\index.php(59): CodeIgniter\Boot::bootWeb(Object(Config\Paths))
ERROR - 2026-05-11 11:48:33 --> Unknown column 'type' in 'field list'
in SYSTEMPATH\Database\MySQLi\Connection.php on line 300.
 1 SYSTEMPATH\Database\MySQLi\Connection.php(300): mysqli->query('INSERT INTO `notifications` (`user_id`, `message`, `type`, `status`, `created_at`) VALUES (13, \'Your registration has been approved. Your plan is now active.\', \'registration_pending\', \'unread\', \'2026-05-11 11:48:33\')', 0)
 2 SYSTEMPATH\Database\BaseConnection.php(910): CodeIgniter\Database\MySQLi\Connection->execute('INSERT INTO `notifications` (`user_id`, `message`, `type`, `status`, `created_at`) VALUES (13, \'Your registration has been approved. Your plan is now active.\', \'registration_pending\', \'unread\', \'2026-05-11 11:48:33\')')
 3 SYSTEMPATH\Database\BaseConnection.php(827): CodeIgniter\Database\BaseConnection->simpleQuery('INSERT INTO `notifications` (`user_id`, `message`, `type`, `status`, `created_at`) VALUES (13, \'Your registration has been approved. Your plan is now active.\', \'registration_pending\', \'unread\', \'2026-05-11 11:48:33\')')
 4 SYSTEMPATH\Database\BaseBuilder.php(2345): CodeIgniter\Database\BaseConnection->query('INSERT INTO `notifications` (`user_id`, `message`, `type`, `status`, `created_at`) VALUES (:user_id:, :message:, :type:, :status:, :created_at:)', [...], false)
 5 APPPATH\Services\NotificationService.php(35): CodeIgniter\Database\BaseBuilder->insert([...])
 6 APPPATH\Controllers\PaymentTracking.php(453): App\Services\NotificationService->notify(13, 'Your registration has been approved. Your plan is now active.', 'registration_pending')
 7 APPPATH\Controllers\PaymentTracking.php(204): App\Controllers\PaymentTracking->autoApprovePlanHolderFromInitialPayment([...], 1)
 8 SYSTEMPATH\CodeIgniter.php(951): App\Controllers\PaymentTracking->recordCash()
 9 SYSTEMPATH\CodeIgniter.php(497): CodeIgniter\CodeIgniter->runController(Object(App\Controllers\PaymentTracking))
10 SYSTEMPATH\CodeIgniter.php(340): CodeIgniter\CodeIgniter->handleRequest(null, Object(Config\Cache), false)
11 SYSTEMPATH\Boot.php(417): CodeIgniter\CodeIgniter->run()
12 SYSTEMPATH\Boot.php(68): CodeIgniter\Boot::runCodeIgniter(Object(CodeIgniter\CodeIgniter))
13 FCPATH\index.php(59): CodeIgniter\Boot::bootWeb(Object(Config\Paths))
ERROR - 2026-05-11 11:48:33 --> Table 'kaagapay_db.activity_logs' doesn't exist
in SYSTEMPATH\Database\MySQLi\Connection.php on line 300.
 1 SYSTEMPATH\Database\MySQLi\Connection.php(300): mysqli->query('INSERT INTO `activity_logs` (`user_id`, `action`, `module`, `target_id`, `description`, `old_values`, `new_values`, `ip_address`, `created_at`) VALUES (6, \'approved\', \'plan_holder\', 7, \'Auto-approved plan holder after initial payment verification\', \'{\\"status\\":\\"inactive\\"}\', \'{\\"status\\":\\"active\\"}\', \'::1\', \'2026-05-11 11:48:33\')', 0)
 2 SYSTEMPATH\Database\BaseConnection.php(910): CodeIgniter\Database\MySQLi\Connection->execute('INSERT INTO `activity_logs` (`user_id`, `action`, `module`, `target_id`, `description`, `old_values`, `new_values`, `ip_address`, `created_at`) VALUES (6, \'approved\', \'plan_holder\', 7, \'Auto-approved plan holder after initial payment verification\', \'{\\"status\\":\\"inactive\\"}\', \'{\\"status\\":\\"active\\"}\', \'::1\', \'2026-05-11 11:48:33\')')
 3 SYSTEMPATH\Database\BaseConnection.php(827): CodeIgniter\Database\BaseConnection->simpleQuery('INSERT INTO `activity_logs` (`user_id`, `action`, `module`, `target_id`, `description`, `old_values`, `new_values`, `ip_address`, `created_at`) VALUES (6, \'approved\', \'plan_holder\', 7, \'Auto-approved plan holder after initial payment verification\', \'{\\"status\\":\\"inactive\\"}\', \'{\\"status\\":\\"active\\"}\', \'::1\', \'2026-05-11 11:48:33\')')
 4 SYSTEMPATH\Database\BaseBuilder.php(2345): CodeIgniter\Database\BaseConnection->query('INSERT INTO `activity_logs` (`user_id`, `action`, `module`, `target_id`, `description`, `old_values`, `new_values`, `ip_address`, `created_at`) VALUES (:user_id:, :action:, :module:, :target_id:, :description:, :old_values:, :new_values:, :ip_address:, :created_at:)', [...], false)
 5 APPPATH\Services\ActivityLogService.php(52): CodeIgniter\Database\BaseBuilder->insert([...])
 6 APPPATH\Controllers\PaymentTracking.php(454): App\Services\ActivityLogService->log(6, 'approved', 'plan_holder', 7, 'Auto-approved plan holder after initial payment verification', [...], [...])
 7 APPPATH\Controllers\PaymentTracking.php(204): App\Controllers\PaymentTracking->autoApprovePlanHolderFromInitialPayment([...], 1)
 8 SYSTEMPATH\CodeIgniter.php(951): App\Controllers\PaymentTracking->recordCash()
 9 SYSTEMPATH\CodeIgniter.php(497): CodeIgniter\CodeIgniter->runController(Object(App\Controllers\PaymentTracking))
10 SYSTEMPATH\CodeIgniter.php(340): CodeIgniter\CodeIgniter->handleRequest(null, Object(Config\Cache), false)
11 SYSTEMPATH\Boot.php(417): CodeIgniter\CodeIgniter->run()
12 SYSTEMPATH\Boot.php(68): CodeIgniter\Boot::runCodeIgniter(Object(CodeIgniter\CodeIgniter))
13 FCPATH\index.php(59): CodeIgniter\Boot::bootWeb(Object(Config\Paths))
ERROR - 2026-05-11 11:48:33 --> Unknown column 'type' in 'field list'
in SYSTEMPATH\Database\MySQLi\Connection.php on line 300.
 1 SYSTEMPATH\Database\MySQLi\Connection.php(300): mysqli->query('INSERT INTO `notifications` (`user_id`, `message`, `type`, `status`, `created_at`) VALUES (13, \'Your advance payment covering 1 month has been approved.\', \'payment_approved\', \'unread\', \'2026-05-11 11:48:33\')', 0)
 2 SYSTEMPATH\Database\BaseConnection.php(910): CodeIgniter\Database\MySQLi\Connection->execute('INSERT INTO `notifications` (`user_id`, `message`, `type`, `status`, `created_at`) VALUES (13, \'Your advance payment covering 1 month has been approved.\', \'payment_approved\', \'unread\', \'2026-05-11 11:48:33\')')
 3 SYSTEMPATH\Database\BaseConnection.php(827): CodeIgniter\Database\BaseConnection->simpleQuery('INSERT INTO `notifications` (`user_id`, `message`, `type`, `status`, `created_at`) VALUES (13, \'Your advance payment covering 1 month has been approved.\', \'payment_approved\', \'unread\', \'2026-05-11 11:48:33\')')
 4 SYSTEMPATH\Database\BaseBuilder.php(2345): CodeIgniter\Database\BaseConnection->query('INSERT INTO `notifications` (`user_id`, `message`, `type`, `status`, `created_at`) VALUES (:user_id:, :message:, :type:, :status:, :created_at:)', [...], false)
 5 APPPATH\Services\NotificationService.php(35): CodeIgniter\Database\BaseBuilder->insert([...])
 6 APPPATH\Controllers\PaymentTracking.php(216): App\Services\NotificationService->notify(13, 'Your advance payment covering 1 month has been approved.', 'payment_approved')
 7 SYSTEMPATH\CodeIgniter.php(951): App\Controllers\PaymentTracking->recordCash()
 8 SYSTEMPATH\CodeIgniter.php(497): CodeIgniter\CodeIgniter->runController(Object(App\Controllers\PaymentTracking))
 9 SYSTEMPATH\CodeIgniter.php(340): CodeIgniter\CodeIgniter->handleRequest(null, Object(Config\Cache), false)
10 SYSTEMPATH\Boot.php(417): CodeIgniter\CodeIgniter->run()
11 SYSTEMPATH\Boot.php(68): CodeIgniter\Boot::runCodeIgniter(Object(CodeIgniter\CodeIgniter))
12 FCPATH\index.php(59): CodeIgniter\Boot::bootWeb(Object(Config\Paths))
ERROR - 2026-05-11 11:48:33 --> NotificationService::notify - Unknown column 'type' in 'field list'
ERROR - 2026-05-11 11:48:33 --> Table 'kaagapay_db.activity_logs' doesn't exist
in SYSTEMPATH\Database\MySQLi\Connection.php on line 300.
 1 SYSTEMPATH\Database\MySQLi\Connection.php(300): mysqli->query('INSERT INTO `activity_logs` (`user_id`, `action`, `module`, `target_id`, `description`, `old_values`, `new_values`, `ip_address`, `created_at`) VALUES (6, \'created\', \'payment\', 1, \'Recorded cash payment for plan #2\', NULL, \'{\\"plan_id\\":2,\\"amount\\":240,\\"payment_method\\":\\"cash\\",\\"status\\":\\"paid\\"}\', \'::1\', \'2026-05-11 11:48:33\')', 0)
 2 SYSTEMPATH\Database\BaseConnection.php(910): CodeIgniter\Database\MySQLi\Connection->execute('INSERT INTO `activity_logs` (`user_id`, `action`, `module`, `target_id`, `description`, `old_values`, `new_values`, `ip_address`, `created_at`) VALUES (6, \'created\', \'payment\', 1, \'Recorded cash payment for plan #2\', NULL, \'{\\"plan_id\\":2,\\"amount\\":240,\\"payment_method\\":\\"cash\\",\\"status\\":\\"paid\\"}\', \'::1\', \'2026-05-11 11:48:33\')')
 3 SYSTEMPATH\Database\BaseConnection.php(827): CodeIgniter\Database\BaseConnection->simpleQuery('INSERT INTO `activity_logs` (`user_id`, `action`, `module`, `target_id`, `description`, `old_values`, `new_values`, `ip_address`, `created_at`) VALUES (6, \'created\', \'payment\', 1, \'Recorded cash payment for plan #2\', NULL, \'{\\"plan_id\\":2,\\"amount\\":240,\\"payment_method\\":\\"cash\\",\\"status\\":\\"paid\\"}\', \'::1\', \'2026-05-11 11:48:33\')')
 4 SYSTEMPATH\Database\BaseBuilder.php(2345): CodeIgniter\Database\BaseConnection->query('INSERT INTO `activity_logs` (`user_id`, `action`, `module`, `target_id`, `description`, `old_values`, `new_values`, `ip_address`, `created_at`) VALUES (:user_id:, :action:, :module:, :target_id:, :description:, :old_values:, :new_values:, :ip_address:, :created_at:)', [...], false)
 5 APPPATH\Services\ActivityLogService.php(52): CodeIgniter\Database\BaseBuilder->insert([...])
 6 APPPATH\Controllers\PaymentTracking.php(222): App\Services\ActivityLogService->log(6, 'created', 'payment', 1, 'Recorded cash payment for plan #2', null, [...])
 7 SYSTEMPATH\CodeIgniter.php(951): App\Controllers\PaymentTracking->recordCash()
 8 SYSTEMPATH\CodeIgniter.php(497): CodeIgniter\CodeIgniter->runController(Object(App\Controllers\PaymentTracking))
 9 SYSTEMPATH\CodeIgniter.php(340): CodeIgniter\CodeIgniter->handleRequest(null, Object(Config\Cache), false)
10 SYSTEMPATH\Boot.php(417): CodeIgniter\CodeIgniter->run()
11 SYSTEMPATH\Boot.php(68): CodeIgniter\Boot::runCodeIgniter(Object(CodeIgniter\CodeIgniter))
12 FCPATH\index.php(59): CodeIgniter\Boot::bootWeb(Object(Config\Paths))
ERROR - 2026-05-11 11:48:33 --> ActivityLogService::log - Table 'kaagapay_db.activity_logs' doesn't exist
DEBUG - 2026-05-11 11:48:34 --> Session: Class initialized using 'CodeIgniter\Session\Handlers\FileHandler' driver.
CRITICAL - 2026-05-11 11:48:34 --> ErrorException: Undefined array key "official_receipt_number"
[Method: GET, Route: branch-admin/payment-tracking]
in APPPATH\Views\branch_admin\payment_tracking\index.php on line 145.
 1 APPPATH\Views\branch_admin\payment_tracking\index.php(145): CodeIgniter\Debug\Exceptions->errorHandler(2, 'Undefined array key "official_receipt_number"', 'C:\\xampp\\htdocs\\caresync\\ci4\\app\\Views\\branch_admin\\payment_tracking\\index.php', 145)
 2 SYSTEMPATH\View\View.php(240): include('C:\\xampp\\htdocs\\caresync\\ci4\\app\\Views\\branch_admin\\payment_tracking\\index.php')
 3 SYSTEMPATH\View\View.php(243): CodeIgniter\View\View->CodeIgniter\View\{closure}()
 4 SYSTEMPATH\Common.php(1250): CodeIgniter\View\View->render('branch_admin/payment_tracking/index', [], true)
 5 APPPATH\Controllers\PaymentTracking.php(95): view('branch_admin/payment_tracking/index', [...])
 6 SYSTEMPATH\CodeIgniter.php(951): App\Controllers\PaymentTracking->branchAdmin()
 7 SYSTEMPATH\CodeIgniter.php(497): CodeIgniter\CodeIgniter->runController(Object(App\Controllers\PaymentTracking))
 8 SYSTEMPATH\CodeIgniter.php(340): CodeIgniter\CodeIgniter->handleRequest(null, Object(Config\Cache), false)
 9 SYSTEMPATH\Boot.php(417): CodeIgniter\CodeIgniter->run()
10 SYSTEMPATH\Boot.php(68): CodeIgniter\Boot::runCodeIgniter(Object(CodeIgniter\CodeIgniter))
11 FCPATH\index.php(59): CodeIgniter\Boot::bootWeb(Object(Config\Paths))
DEBUG - 2026-05-11 11:49:10 --> Session: Class initialized using 'CodeIgniter\Session\Handlers\FileHandler' driver.
ERROR - 2026-05-11 11:49:10 --> Unknown table 'payments' in field list
in SYSTEMPATH\Database\MySQLi\Connection.php on line 300.
 1 SYSTEMPATH\Database\MySQLi\Connection.php(300): mysqli->query('SELECT 
            payments.payment_id, payments.plan_id, payments.amount, payments.months_covered, payments.payment_date, 
            payments.payment_method, payments.reference_number, payments.official_receipt_number, 
            payments.status, payments.remarks, payments.received_by, payments.verified_at, 
            payments.verified_by, users.first_name, users.last_name, plan_holders.unique_identifier, 
            plan_holders.plan_holder_id', 0)
 2 SYSTEMPATH\Database\BaseConnection.php(910): CodeIgniter\Database\MySQLi\Connection->execute('SELECT 
            payments.payment_id, payments.plan_id, payments.amount, payments.months_covered, payments.payment_date, 
            payments.payment_method, payments.reference_number, payments.official_receipt_number, 
            payments.status, payments.remarks, payments.received_by, payments.verified_at, 
            payments.verified_by, users.first_name, users.last_name, plan_holders.unique_identifier, 
            plan_holders.plan_holder_id')
 3 SYSTEMPATH\Database\BaseConnection.php(827): CodeIgniter\Database\BaseConnection->simpleQuery('SELECT 
            payments.payment_id, payments.plan_id, payments.amount, payments.months_covered, payments.payment_date, 
            payments.payment_method, payments.reference_number, payments.official_receipt_number, 
            payments.status, payments.remarks, payments.received_by, payments.verified_at, 
            payments.verified_by, users.first_name, users.last_name, plan_holders.unique_identifier, 
            plan_holders.plan_holder_id')
 4 APPPATH\Controllers\PaymentTracking.php(572): CodeIgniter\Database\BaseConnection->query('SELECT 
            payments.payment_id, payments.plan_id, payments.amount, payments.months_covered, payments.payment_date, 
            payments.payment_method, payments.reference_number, payments.official_receipt_number, 
            payments.status, payments.remarks, payments.received_by, payments.verified_at, 
            payments.verified_by, users.first_name, users.last_name, plan_holders.unique_identifier, 
            plan_holders.plan_holder_id', [...])
 5 APPPATH\Controllers\PaymentTracking.php(99): App\Controllers\PaymentTracking->paymentRows(1)
 6 SYSTEMPATH\CodeIgniter.php(951): App\Controllers\PaymentTracking->branchAdmin()
 7 SYSTEMPATH\CodeIgniter.php(497): CodeIgniter\CodeIgniter->runController(Object(App\Controllers\PaymentTracking))
 8 SYSTEMPATH\CodeIgniter.php(340): CodeIgniter\CodeIgniter->handleRequest(null, Object(Config\Cache), false)
 9 SYSTEMPATH\Boot.php(417): CodeIgniter\CodeIgniter->run()
10 SYSTEMPATH\Boot.php(68): CodeIgniter\Boot::runCodeIgniter(Object(CodeIgniter\CodeIgniter))
11 FCPATH\index.php(59): CodeIgniter\Boot::bootWeb(Object(Config\Paths))
CRITICAL - 2026-05-11 11:49:10 --> CodeIgniter\Database\Exceptions\DatabaseException: Unknown table 'payments' in field list
[Method: GET, Route: branch-admin/payment-tracking]
in SYSTEMPATH\Database\BaseConnection.php on line 865.
 1 APPPATH\Controllers\PaymentTracking.php(572): CodeIgniter\Database\BaseConnection->query('SELECT 
            payments.payment_id, payments.plan_id, payments.amount, payments.months_covered, payments.payment_date, 
            payments.payment_method, payments.reference_number, payments.official_receipt_number, 
            payments.status, payments.remarks, payments.received_by, payments.verified_at, 
            payments.verified_by, users.first_name, users.last_name, plan_holders.unique_identifier, 
            plan_holders.plan_holder_id', [...])
 2 APPPATH\Controllers\PaymentTracking.php(99): App\Controllers\PaymentTracking->paymentRows(1)
 3 SYSTEMPATH\CodeIgniter.php(951): App\Controllers\PaymentTracking->branchAdmin()
 4 SYSTEMPATH\CodeIgniter.php(497): CodeIgniter\CodeIgniter->runController(Object(App\Controllers\PaymentTracking))
 5 SYSTEMPATH\CodeIgniter.php(340): CodeIgniter\CodeIgniter->handleRequest(null, Object(Config\Cache), false)
 6 SYSTEMPATH\Boot.php(417): CodeIgniter\CodeIgniter->run()
 7 SYSTEMPATH\Boot.php(68): CodeIgniter\Boot::runCodeIgniter(Object(CodeIgniter\CodeIgniter))
 8 FCPATH\index.php(59): CodeIgniter\Boot::bootWeb(Object(Config\Paths))
CRITICAL - 2026-05-11 11:49:10 --> [Caused by] CodeIgniter\Database\Exceptions\DatabaseException: Unknown table 'payments' in field list
in SYSTEMPATH\Database\MySQLi\Connection.php on line 310.
 1 SYSTEMPATH\Database\BaseConnection.php(910): CodeIgniter\Database\MySQLi\Connection->execute('SELECT 
            payments.payment_id, payments.plan_id, payments.amount, payments.months_covered, payments.payment_date, 
            payments.payment_method, payments.reference_number, payments.official_receipt_number, 
            payments.status, payments.remarks, payments.received_by, payments.verified_at, 
            payments.verified_by, users.first_name, users.last_name, plan_holders.unique_identifier, 
            plan_holders.plan_holder_id')
 2 SYSTEMPATH\Database\BaseConnection.php(827): CodeIgniter\Database\BaseConnection->simpleQuery('SELECT 
            payments.payment_id, payments.plan_id, payments.amount, payments.months_covered, payments.payment_date, 
            payments.payment_method, payments.reference_number, payments.official_receipt_number, 
            payments.status, payments.remarks, payments.received_by, payments.verified_at, 
            payments.verified_by, users.first_name, users.last_name, plan_holders.unique_identifier, 
            plan_holders.plan_holder_id')
 3 APPPATH\Controllers\PaymentTracking.php(572): CodeIgniter\Database\BaseConnection->query('SELECT 
            payments.payment_id, payments.plan_id, payments.amount, payments.months_covered, payments.payment_date, 
            payments.payment_method, payments.reference_number, payments.official_receipt_number, 
            payments.status, payments.remarks, payments.received_by, payments.verified_at, 
            payments.verified_by, users.first_name, users.last_name, plan_holders.unique_identifier, 
            plan_holders.plan_holder_id', [...])
 4 APPPATH\Controllers\PaymentTracking.php(99): App\Controllers\PaymentTracking->paymentRows(1)
 5 SYSTEMPATH\CodeIgniter.php(951): App\Controllers\PaymentTracking->branchAdmin()
 6 SYSTEMPATH\CodeIgniter.php(497): CodeIgniter\CodeIgniter->runController(Object(App\Controllers\PaymentTracking))
 7 SYSTEMPATH\CodeIgniter.php(340): CodeIgniter\CodeIgniter->handleRequest(null, Object(Config\Cache), false)
 8 SYSTEMPATH\Boot.php(417): CodeIgniter\CodeIgniter->run()
 9 SYSTEMPATH\Boot.php(68): CodeIgniter\Boot::runCodeIgniter(Object(CodeIgniter\CodeIgniter))
10 FCPATH\index.php(59): CodeIgniter\Boot::bootWeb(Object(Config\Paths))
CRITICAL - 2026-05-11 11:49:10 --> [Caused by] mysqli_sql_exception: Unknown table 'payments' in field list
in SYSTEMPATH\Database\MySQLi\Connection.php on line 300.
 1 SYSTEMPATH\Database\MySQLi\Connection.php(300): mysqli->query('SELECT 
            payments.payment_id, payments.plan_id, payments.amount, payments.months_covered, payments.payment_date, 
            payments.payment_method, payments.reference_number, payments.official_receipt_number, 
            payments.status, payments.remarks, payments.received_by, payments.verified_at, 
            payments.verified_by, users.first_name, users.last_name, plan_holders.unique_identifier, 
            plan_holders.plan_holder_id', 0)
 2 SYSTEMPATH\Database\BaseConnection.php(910): CodeIgniter\Database\MySQLi\Connection->execute('SELECT 
            payments.payment_id, payments.plan_id, payments.amount, payments.months_covered, payments.payment_date, 
            payments.payment_method, payments.reference_number, payments.official_receipt_number, 
            payments.status, payments.remarks, payments.received_by, payments.verified_at, 
            payments.verified_by, users.first_name, users.last_name, plan_holders.unique_identifier, 
            plan_holders.plan_holder_id')
 3 SYSTEMPATH\Database\BaseConnection.php(827): CodeIgniter\Database\BaseConnection->simpleQuery('SELECT 
            payments.payment_id, payments.plan_id, payments.amount, payments.months_covered, payments.payment_date, 
            payments.payment_method, payments.reference_number, payments.official_receipt_number, 
            payments.status, payments.remarks, payments.received_by, payments.verified_at, 
            payments.verified_by, users.first_name, users.last_name, plan_holders.unique_identifier, 
            plan_holders.plan_holder_id')
 4 APPPATH\Controllers\PaymentTracking.php(572): CodeIgniter\Database\BaseConnection->query('SELECT 
            payments.payment_id, payments.plan_id, payments.amount, payments.months_covered, payments.payment_date, 
            payments.payment_method, payments.reference_number, payments.official_receipt_number, 
            payments.status, payments.remarks, payments.received_by, payments.verified_at, 
            payments.verified_by, users.first_name, users.last_name, plan_holders.unique_identifier, 
            plan_holders.plan_holder_id', [...])
 5 APPPATH\Controllers\PaymentTracking.php(99): App\Controllers\PaymentTracking->paymentRows(1)
 6 SYSTEMPATH\CodeIgniter.php(951): App\Controllers\PaymentTracking->branchAdmin()
 7 SYSTEMPATH\CodeIgniter.php(497): CodeIgniter\CodeIgniter->runController(Object(App\Controllers\PaymentTracking))
 8 SYSTEMPATH\CodeIgniter.php(340): CodeIgniter\CodeIgniter->handleRequest(null, Object(Config\Cache), false)
 9 SYSTEMPATH\Boot.php(417): CodeIgniter\CodeIgniter->run()
10 SYSTEMPATH\Boot.php(68): CodeIgniter\Boot::runCodeIgniter(Object(CodeIgniter\CodeIgniter))
11 FCPATH\index.php(59): CodeIgniter\Boot::bootWeb(Object(Config\Paths))
DEBUG - 2026-05-11 11:50:03 --> Session: Class initialized using 'CodeIgniter\Session\Handlers\FileHandler' driver.
ERROR - 2026-05-11 11:50:03 --> Unknown column 'payments.months_covered' in 'field list'
in SYSTEMPATH\Database\MySQLi\Connection.php on line 300.
 1 SYSTEMPATH\Database\MySQLi\Connection.php(300): mysqli->query('SELECT 
            payments.payment_id, payments.plan_id, payments.amount, payments.months_covered, payments.payment_date, 
            payments.payment_method, payments.reference_number, payments.official_receipt_number, 
            payments.status, payments.remarks, payments.received_by, payments.verified_at, 
            payments.verified_by, users.first_name, users.last_name, plan_holders.unique_identifier, 
            plan_holders.plan_holder_id FROM payments
            INNER JOIN plans ON plans.plan_id = payments.plan_id
            INNER JOIN plan_holders ON plan_holders.plan_holder_id = plans.plan_holder_id
            INNER JOIN users ON users.user_id = plan_holders.user_id
            WHERE payments.branch_id = 1
            ORDER BY payments.payment_id DESC', 0)
 2 SYSTEMPATH\Database\BaseConnection.php(910): CodeIgniter\Database\MySQLi\Connection->execute('SELECT 
            payments.payment_id, payments.plan_id, payments.amount, payments.months_covered, payments.payment_date, 
            payments.payment_method, payments.reference_number, payments.official_receipt_number, 
            payments.status, payments.remarks, payments.received_by, payments.verified_at, 
            payments.verified_by, users.first_name, users.last_name, plan_holders.unique_identifier, 
            plan_holders.plan_holder_id FROM payments
            INNER JOIN plans ON plans.plan_id = payments.plan_id
            INNER JOIN plan_holders ON plan_holders.plan_holder_id = plans.plan_holder_id
            INNER JOIN users ON users.user_id = plan_holders.user_id
            WHERE payments.branch_id = 1
            ORDER BY payments.payment_id DESC')
 3 SYSTEMPATH\Database\BaseConnection.php(827): CodeIgniter\Database\BaseConnection->simpleQuery('SELECT 
            payments.payment_id, payments.plan_id, payments.amount, payments.months_covered, payments.payment_date, 
            payments.payment_method, payments.reference_number, payments.official_receipt_number, 
            payments.status, payments.remarks, payments.received_by, payments.verified_at, 
            payments.verified_by, users.first_name, users.last_name, plan_holders.unique_identifier, 
            plan_holders.plan_holder_id FROM payments
            INNER JOIN plans ON plans.plan_id = payments.plan_id
            INNER JOIN plan_holders ON plan_holders.plan_holder_id = plans.plan_holder_id
            INNER JOIN users ON users.user_id = plan_holders.user_id
            WHERE payments.branch_id = 1
            ORDER BY payments.payment_id DESC')
 4 APPPATH\Controllers\PaymentTracking.php(583): CodeIgniter\Database\BaseConnection->query('SELECT 
            payments.payment_id, payments.plan_id, payments.amount, payments.months_covered, payments.payment_date, 
            payments.payment_method, payments.reference_number, payments.official_receipt_number, 
            payments.status, payments.remarks, payments.received_by, payments.verified_at, 
            payments.verified_by, users.first_name, users.last_name, plan_holders.unique_identifier, 
            plan_holders.plan_holder_id FROM payments
            INNER JOIN plans ON plans.plan_id = payments.plan_id
            INNER JOIN plan_holders ON plan_holders.plan_holder_id = plans.plan_holder_id
            INNER JOIN users ON users.user_id = plan_holders.user_id
            WHERE payments.branch_id = ?
            ORDER BY payments.payment_id DESC', [...])
 5 APPPATH\Controllers\PaymentTracking.php(99): App\Controllers\PaymentTracking->paymentRows(1)
 6 SYSTEMPATH\CodeIgniter.php(951): App\Controllers\PaymentTracking->branchAdmin()
 7 SYSTEMPATH\CodeIgniter.php(497): CodeIgniter\CodeIgniter->runController(Object(App\Controllers\PaymentTracking))
 8 SYSTEMPATH\CodeIgniter.php(340): CodeIgniter\CodeIgniter->handleRequest(null, Object(Config\Cache), false)
 9 SYSTEMPATH\Boot.php(417): CodeIgniter\CodeIgniter->run()
10 SYSTEMPATH\Boot.php(68): CodeIgniter\Boot::runCodeIgniter(Object(CodeIgniter\CodeIgniter))
11 FCPATH\index.php(59): CodeIgniter\Boot::bootWeb(Object(Config\Paths))
CRITICAL - 2026-05-11 11:50:03 --> CodeIgniter\Database\Exceptions\DatabaseException: Unknown column 'payments.months_covered' in 'field list'
[Method: GET, Route: branch-admin/payment-tracking]
in SYSTEMPATH\Database\BaseConnection.php on line 865.
 1 APPPATH\Controllers\PaymentTracking.php(583): CodeIgniter\Database\BaseConnection->query('SELECT 
            payments.payment_id, payments.plan_id, payments.amount, payments.months_covered, payments.payment_date, 
            payments.payment_method, payments.reference_number, payments.official_receipt_number, 
            payments.status, payments.remarks, payments.received_by, payments.verified_at, 
            payments.verified_by, users.first_name, users.last_name, plan_holders.unique_identifier, 
            plan_holders.plan_holder_id FROM payments
            INNER JOIN plans ON plans.plan_id = payments.plan_id
            INNER JOIN plan_holders ON plan_holders.plan_holder_id = plans.plan_holder_id
            INNER JOIN users ON users.user_id = plan_holders.user_id
            WHERE payments.branch_id = ?
            ORDER BY payments.payment_id DESC', [...])
 2 APPPATH\Controllers\PaymentTracking.php(99): App\Controllers\PaymentTracking->paymentRows(1)
 3 SYSTEMPATH\CodeIgniter.php(951): App\Controllers\PaymentTracking->branchAdmin()
 4 SYSTEMPATH\CodeIgniter.php(497): CodeIgniter\CodeIgniter->runController(Object(App\Controllers\PaymentTracking))
 5 SYSTEMPATH\CodeIgniter.php(340): CodeIgniter\CodeIgniter->handleRequest(null, Object(Config\Cache), false)
 6 SYSTEMPATH\Boot.php(417): CodeIgniter\CodeIgniter->run()
 7 SYSTEMPATH\Boot.php(68): CodeIgniter\Boot::runCodeIgniter(Object(CodeIgniter\CodeIgniter))
 8 FCPATH\index.php(59): CodeIgniter\Boot::bootWeb(Object(Config\Paths))
CRITICAL - 2026-05-11 11:50:03 --> [Caused by] CodeIgniter\Database\Exceptions\DatabaseException: Unknown column 'payments.months_covered' in 'field list'
in SYSTEMPATH\Database\MySQLi\Connection.php on line 310.
 1 SYSTEMPATH\Database\BaseConnection.php(910): CodeIgniter\Database\MySQLi\Connection->execute('SELECT 
            payments.payment_id, payments.plan_id, payments.amount, payments.months_covered, payments.payment_date, 
            payments.payment_method, payments.reference_number, payments.official_receipt_number, 
            payments.status, payments.remarks, payments.received_by, payments.verified_at, 
            payments.verified_by, users.first_name, users.last_name, plan_holders.unique_identifier, 
            plan_holders.plan_holder_id FROM payments
            INNER JOIN plans ON plans.plan_id = payments.plan_id
            INNER JOIN plan_holders ON plan_holders.plan_holder_id = plans.plan_holder_id
            INNER JOIN users ON users.user_id = plan_holders.user_id
            WHERE payments.branch_id = 1
            ORDER BY payments.payment_id DESC')
 2 SYSTEMPATH\Database\BaseConnection.php(827): CodeIgniter\Database\BaseConnection->simpleQuery('SELECT 
            payments.payment_id, payments.plan_id, payments.amount, payments.months_covered, payments.payment_date, 
            payments.payment_method, payments.reference_number, payments.official_receipt_number, 
            payments.status, payments.remarks, payments.received_by, payments.verified_at, 
            payments.verified_by, users.first_name, users.last_name, plan_holders.unique_identifier, 
            plan_holders.plan_holder_id FROM payments
            INNER JOIN plans ON plans.plan_id = payments.plan_id
            INNER JOIN plan_holders ON plan_holders.plan_holder_id = plans.plan_holder_id
            INNER JOIN users ON users.user_id = plan_holders.user_id
            WHERE payments.branch_id = 1
            ORDER BY payments.payment_id DESC')
 3 APPPATH\Controllers\PaymentTracking.php(583): CodeIgniter\Database\BaseConnection->query('SELECT 
            payments.payment_id, payments.plan_id, payments.amount, payments.months_covered, payments.payment_date, 
            payments.payment_method, payments.reference_number, payments.official_receipt_number, 
            payments.status, payments.remarks, payments.received_by, payments.verified_at, 
            payments.verified_by, users.first_name, users.last_name, plan_holders.unique_identifier, 
            plan_holders.plan_holder_id FROM payments
            INNER JOIN plans ON plans.plan_id = payments.plan_id
            INNER JOIN plan_holders ON plan_holders.plan_holder_id = plans.plan_holder_id
            INNER JOIN users ON users.user_id = plan_holders.user_id
            WHERE payments.branch_id = ?
            ORDER BY payments.payment_id DESC', [...])
 4 APPPATH\Controllers\PaymentTracking.php(99): App\Controllers\PaymentTracking->paymentRows(1)
 5 SYSTEMPATH\CodeIgniter.php(951): App\Controllers\PaymentTracking->branchAdmin()
 6 SYSTEMPATH\CodeIgniter.php(497): CodeIgniter\CodeIgniter->runController(Object(App\Controllers\PaymentTracking))
 7 SYSTEMPATH\CodeIgniter.php(340): CodeIgniter\CodeIgniter->handleRequest(null, Object(Config\Cache), false)
 8 SYSTEMPATH\Boot.php(417): CodeIgniter\CodeIgniter->run()
 9 SYSTEMPATH\Boot.php(68): CodeIgniter\Boot::runCodeIgniter(Object(CodeIgniter\CodeIgniter))
10 FCPATH\index.php(59): CodeIgniter\Boot::bootWeb(Object(Config\Paths))
CRITICAL - 2026-05-11 11:50:03 --> [Caused by] mysqli_sql_exception: Unknown column 'payments.months_covered' in 'field list'
in SYSTEMPATH\Database\MySQLi\Connection.php on line 300.
 1 SYSTEMPATH\Database\MySQLi\Connection.php(300): mysqli->query('SELECT 
            payments.payment_id, payments.plan_id, payments.amount, payments.months_covered, payments.payment_date, 
            payments.payment_method, payments.reference_number, payments.official_receipt_number, 
            payments.status, payments.remarks, payments.received_by, payments.verified_at, 
            payments.verified_by, users.first_name, users.last_name, plan_holders.unique_identifier, 
            plan_holders.plan_holder_id FROM payments
            INNER JOIN plans ON plans.plan_id = payments.plan_id
            INNER JOIN plan_holders ON plan_holders.plan_holder_id = plans.plan_holder_id
            INNER JOIN users ON users.user_id = plan_holders.user_id
            WHERE payments.branch_id = 1
            ORDER BY payments.payment_id DESC', 0)
 2 SYSTEMPATH\Database\BaseConnection.php(910): CodeIgniter\Database\MySQLi\Connection->execute('SELECT 
            payments.payment_id, payments.plan_id, payments.amount, payments.months_covered, payments.payment_date, 
            payments.payment_method, payments.reference_number, payments.official_receipt_number, 
            payments.status, payments.remarks, payments.received_by, payments.verified_at, 
            payments.verified_by, users.first_name, users.last_name, plan_holders.unique_identifier, 
            plan_holders.plan_holder_id FROM payments
            INNER JOIN plans ON plans.plan_id = payments.plan_id
            INNER JOIN plan_holders ON plan_holders.plan_holder_id = plans.plan_holder_id
            INNER JOIN users ON users.user_id = plan_holders.user_id
            WHERE payments.branch_id = 1
            ORDER BY payments.payment_id DESC')
 3 SYSTEMPATH\Database\BaseConnection.php(827): CodeIgniter\Database\BaseConnection->simpleQuery('SELECT 
            payments.payment_id, payments.plan_id, payments.amount, payments.months_covered, payments.payment_date, 
            payments.payment_method, payments.reference_number, payments.official_receipt_number, 
            payments.status, payments.remarks, payments.received_by, payments.verified_at, 
            payments.verified_by, users.first_name, users.last_name, plan_holders.unique_identifier, 
            plan_holders.plan_holder_id FROM payments
            INNER JOIN plans ON plans.plan_id = payments.plan_id
            INNER JOIN plan_holders ON plan_holders.plan_holder_id = plans.plan_holder_id
            INNER JOIN users ON users.user_id = plan_holders.user_id
            WHERE payments.branch_id = 1
            ORDER BY payments.payment_id DESC')
 4 APPPATH\Controllers\PaymentTracking.php(583): CodeIgniter\Database\BaseConnection->query('SELECT 
            payments.payment_id, payments.plan_id, payments.amount, payments.months_covered, payments.payment_date, 
            payments.payment_method, payments.reference_number, payments.official_receipt_number, 
            payments.status, payments.remarks, payments.received_by, payments.verified_at, 
            payments.verified_by, users.first_name, users.last_name, plan_holders.unique_identifier, 
            plan_holders.plan_holder_id FROM payments
            INNER JOIN plans ON plans.plan_id = payments.plan_id
            INNER JOIN plan_holders ON plan_holders.plan_holder_id = plans.plan_holder_id
            INNER JOIN users ON users.user_id = plan_holders.user_id
            WHERE payments.branch_id = ?
            ORDER BY payments.payment_id DESC', [...])
 5 APPPATH\Controllers\PaymentTracking.php(99): App\Controllers\PaymentTracking->paymentRows(1)
 6 SYSTEMPATH\CodeIgniter.php(951): App\Controllers\PaymentTracking->branchAdmin()
 7 SYSTEMPATH\CodeIgniter.php(497): CodeIgniter\CodeIgniter->runController(Object(App\Controllers\PaymentTracking))
 8 SYSTEMPATH\CodeIgniter.php(340): CodeIgniter\CodeIgniter->handleRequest(null, Object(Config\Cache), false)
 9 SYSTEMPATH\Boot.php(417): CodeIgniter\CodeIgniter->run()
10 SYSTEMPATH\Boot.php(68): CodeIgniter\Boot::runCodeIgniter(Object(CodeIgniter\CodeIgniter))
11 FCPATH\index.php(59): CodeIgniter\Boot::bootWeb(Object(Config\Paths))
DEBUG - 2026-05-11 11:51:41 --> Session: Class initialized using 'CodeIgniter\Session\Handlers\FileHandler' driver.
ERROR - 2026-05-11 11:51:41 --> Unknown column 'payments.official_receipt_number' in 'field list'
in SYSTEMPATH\Database\MySQLi\Connection.php on line 300.
 1 SYSTEMPATH\Database\MySQLi\Connection.php(300): mysqli->query('SELECT 
            payments.payment_id, payments.plan_id, payments.amount, payments.payment_date, 
            payments.payment_method, payments.reference_number, payments.official_receipt_number, 
            payments.status, payments.remarks, payments.received_by, payments.verified_at, 
            payments.verified_by, users.first_name, users.last_name, plan_holders.unique_identifier, 
            plan_holders.plan_holder_id FROM payments
            INNER JOIN plans ON plans.plan_id = payments.plan_id
            INNER JOIN plan_holders ON plan_holders.plan_holder_id = plans.plan_holder_id
            INNER JOIN users ON users.user_id = plan_holders.user_id
            WHERE payments.branch_id = 1
            ORDER BY payments.payment_id DESC', 0)
 2 SYSTEMPATH\Database\BaseConnection.php(910): CodeIgniter\Database\MySQLi\Connection->execute('SELECT 
            payments.payment_id, payments.plan_id, payments.amount, payments.payment_date, 
            payments.payment_method, payments.reference_number, payments.official_receipt_number, 
            payments.status, payments.remarks, payments.received_by, payments.verified_at, 
            payments.verified_by, users.first_name, users.last_name, plan_holders.unique_identifier, 
            plan_holders.plan_holder_id FROM payments
            INNER JOIN plans ON plans.plan_id = payments.plan_id
            INNER JOIN plan_holders ON plan_holders.plan_holder_id = plans.plan_holder_id
            INNER JOIN users ON users.user_id = plan_holders.user_id
            WHERE payments.branch_id = 1
            ORDER BY payments.payment_id DESC')
 3 SYSTEMPATH\Database\BaseConnection.php(827): CodeIgniter\Database\BaseConnection->simpleQuery('SELECT 
            payments.payment_id, payments.plan_id, payments.amount, payments.payment_date, 
            payments.payment_method, payments.reference_number, payments.official_receipt_number, 
            payments.status, payments.remarks, payments.received_by, payments.verified_at, 
            payments.verified_by, users.first_name, users.last_name, plan_holders.unique_identifier, 
            plan_holders.plan_holder_id FROM payments
            INNER JOIN plans ON plans.plan_id = payments.plan_id
            INNER JOIN plan_holders ON plan_holders.plan_holder_id = plans.plan_holder_id
            INNER JOIN users ON users.user_id = plan_holders.user_id
            WHERE payments.branch_id = 1
            ORDER BY payments.payment_id DESC')
 4 APPPATH\Controllers\PaymentTracking.php(607): CodeIgniter\Database\BaseConnection->query('SELECT 
            payments.payment_id, payments.plan_id, payments.amount, payments.payment_date, 
            payments.payment_method, payments.reference_number, payments.official_receipt_number, 
            payments.status, payments.remarks, payments.received_by, payments.verified_at, 
            payments.verified_by, users.first_name, users.last_name, plan_holders.unique_identifier, 
            plan_holders.plan_holder_id FROM payments
            INNER JOIN plans ON plans.plan_id = payments.plan_id
            INNER JOIN plan_holders ON plan_holders.plan_holder_id = plans.plan_holder_id
            INNER JOIN users ON users.user_id = plan_holders.user_id
            WHERE payments.branch_id = ?
            ORDER BY payments.payment_id DESC', [...])
 5 APPPATH\Controllers\PaymentTracking.php(100): App\Controllers\PaymentTracking->initialPaymentRows(1)
 6 SYSTEMPATH\CodeIgniter.php(951): App\Controllers\PaymentTracking->branchAdmin()
 7 SYSTEMPATH\CodeIgniter.php(497): CodeIgniter\CodeIgniter->runController(Object(App\Controllers\PaymentTracking))
 8 SYSTEMPATH\CodeIgniter.php(340): CodeIgniter\CodeIgniter->handleRequest(null, Object(Config\Cache), false)
 9 SYSTEMPATH\Boot.php(417): CodeIgniter\CodeIgniter->run()
10 SYSTEMPATH\Boot.php(68): CodeIgniter\Boot::runCodeIgniter(Object(CodeIgniter\CodeIgniter))
11 FCPATH\index.php(59): CodeIgniter\Boot::bootWeb(Object(Config\Paths))
CRITICAL - 2026-05-11 11:51:41 --> CodeIgniter\Database\Exceptions\DatabaseException: Unknown column 'payments.official_receipt_number' in 'field list'
[Method: GET, Route: branch-admin/payment-tracking]
in SYSTEMPATH\Database\BaseConnection.php on line 865.
 1 APPPATH\Controllers\PaymentTracking.php(607): CodeIgniter\Database\BaseConnection->query('SELECT 
            payments.payment_id, payments.plan_id, payments.amount, payments.payment_date, 
            payments.payment_method, payments.reference_number, payments.official_receipt_number, 
            payments.status, payments.remarks, payments.received_by, payments.verified_at, 
            payments.verified_by, users.first_name, users.last_name, plan_holders.unique_identifier, 
            plan_holders.plan_holder_id FROM payments
            INNER JOIN plans ON plans.plan_id = payments.plan_id
            INNER JOIN plan_holders ON plan_holders.plan_holder_id = plans.plan_holder_id
            INNER JOIN users ON users.user_id = plan_holders.user_id
            WHERE payments.branch_id = ?
            ORDER BY payments.payment_id DESC', [...])
 2 APPPATH\Controllers\PaymentTracking.php(100): App\Controllers\PaymentTracking->initialPaymentRows(1)
 3 SYSTEMPATH\CodeIgniter.php(951): App\Controllers\PaymentTracking->branchAdmin()
 4 SYSTEMPATH\CodeIgniter.php(497): CodeIgniter\CodeIgniter->runController(Object(App\Controllers\PaymentTracking))
 5 SYSTEMPATH\CodeIgniter.php(340): CodeIgniter\CodeIgniter->handleRequest(null, Object(Config\Cache), false)
 6 SYSTEMPATH\Boot.php(417): CodeIgniter\CodeIgniter->run()
 7 SYSTEMPATH\Boot.php(68): CodeIgniter\Boot::runCodeIgniter(Object(CodeIgniter\CodeIgniter))
 8 FCPATH\index.php(59): CodeIgniter\Boot::bootWeb(Object(Config\Paths))
CRITICAL - 2026-05-11 11:51:41 --> [Caused by] CodeIgniter\Database\Exceptions\DatabaseException: Unknown column 'payments.official_receipt_number' in 'field list'
in SYSTEMPATH\Database\MySQLi\Connection.php on line 310.
 1 SYSTEMPATH\Database\BaseConnection.php(910): CodeIgniter\Database\MySQLi\Connection->execute('SELECT 
            payments.payment_id, payments.plan_id, payments.amount, payments.payment_date, 
            payments.payment_method, payments.reference_number, payments.official_receipt_number, 
            payments.status, payments.remarks, payments.received_by, payments.verified_at, 
            payments.verified_by, users.first_name, users.last_name, plan_holders.unique_identifier, 
            plan_holders.plan_holder_id FROM payments
            INNER JOIN plans ON plans.plan_id = payments.plan_id
            INNER JOIN plan_holders ON plan_holders.plan_holder_id = plans.plan_holder_id
            INNER JOIN users ON users.user_id = plan_holders.user_id
            WHERE payments.branch_id = 1
            ORDER BY payments.payment_id DESC')
 2 SYSTEMPATH\Database\BaseConnection.php(827): CodeIgniter\Database\BaseConnection->simpleQuery('SELECT 
            payments.payment_id, payments.plan_id, payments.amount, payments.payment_date, 
            payments.payment_method, payments.reference_number, payments.official_receipt_number, 
            payments.status, payments.remarks, payments.received_by, payments.verified_at, 
            payments.verified_by, users.first_name, users.last_name, plan_holders.unique_identifier, 
            plan_holders.plan_holder_id FROM payments
            INNER JOIN plans ON plans.plan_id = payments.plan_id
            INNER JOIN plan_holders ON plan_holders.plan_holder_id = plans.plan_holder_id
            INNER JOIN users ON users.user_id = plan_holders.user_id
            WHERE payments.branch_id = 1
            ORDER BY payments.payment_id DESC')
 3 APPPATH\Controllers\PaymentTracking.php(607): CodeIgniter\Database\BaseConnection->query('SELECT 
            payments.payment_id, payments.plan_id, payments.amount, payments.payment_date, 
            payments.payment_method, payments.reference_number, payments.official_receipt_number, 
            payments.status, payments.remarks, payments.received_by, payments.verified_at, 
            payments.verified_by, users.first_name, users.last_name, plan_holders.unique_identifier, 
            plan_holders.plan_holder_id FROM payments
            INNER JOIN plans ON plans.plan_id = payments.plan_id
            INNER JOIN plan_holders ON plan_holders.plan_holder_id = plans.plan_holder_id
            INNER JOIN users ON users.user_id = plan_holders.user_id
            WHERE payments.branch_id = ?
            ORDER BY payments.payment_id DESC', [...])
 4 APPPATH\Controllers\PaymentTracking.php(100): App\Controllers\PaymentTracking->initialPaymentRows(1)
 5 SYSTEMPATH\CodeIgniter.php(951): App\Controllers\PaymentTracking->branchAdmin()
 6 SYSTEMPATH\CodeIgniter.php(497): CodeIgniter\CodeIgniter->runController(Object(App\Controllers\PaymentTracking))
 7 SYSTEMPATH\CodeIgniter.php(340): CodeIgniter\CodeIgniter->handleRequest(null, Object(Config\Cache), false)
 8 SYSTEMPATH\Boot.php(417): CodeIgniter\CodeIgniter->run()
 9 SYSTEMPATH\Boot.php(68): CodeIgniter\Boot::runCodeIgniter(Object(CodeIgniter\CodeIgniter))
10 FCPATH\index.php(59): CodeIgniter\Boot::bootWeb(Object(Config\Paths))
CRITICAL - 2026-05-11 11:51:41 --> [Caused by] mysqli_sql_exception: Unknown column 'payments.official_receipt_number' in 'field list'
in SYSTEMPATH\Database\MySQLi\Connection.php on line 300.
 1 SYSTEMPATH\Database\MySQLi\Connection.php(300): mysqli->query('SELECT 
            payments.payment_id, payments.plan_id, payments.amount, payments.payment_date, 
            payments.payment_method, payments.reference_number, payments.official_receipt_number, 
            payments.status, payments.remarks, payments.received_by, payments.verified_at, 
            payments.verified_by, users.first_name, users.last_name, plan_holders.unique_identifier, 
            plan_holders.plan_holder_id FROM payments
            INNER JOIN plans ON plans.plan_id = payments.plan_id
            INNER JOIN plan_holders ON plan_holders.plan_holder_id = plans.plan_holder_id
            INNER JOIN users ON users.user_id = plan_holders.user_id
            WHERE payments.branch_id = 1
            ORDER BY payments.payment_id DESC', 0)
 2 SYSTEMPATH\Database\BaseConnection.php(910): CodeIgniter\Database\MySQLi\Connection->execute('SELECT 
            payments.payment_id, payments.plan_id, payments.amount, payments.payment_date, 
            payments.payment_method, payments.reference_number, payments.official_receipt_number, 
            payments.status, payments.remarks, payments.received_by, payments.verified_at, 
            payments.verified_by, users.first_name, users.last_name, plan_holders.unique_identifier, 
            plan_holders.plan_holder_id FROM payments
            INNER JOIN plans ON plans.plan_id = payments.plan_id
            INNER JOIN plan_holders ON plan_holders.plan_holder_id = plans.plan_holder_id
            INNER JOIN users ON users.user_id = plan_holders.user_id
            WHERE payments.branch_id = 1
            ORDER BY payments.payment_id DESC')
 3 SYSTEMPATH\Database\BaseConnection.php(827): CodeIgniter\Database\BaseConnection->simpleQuery('SELECT 
            payments.payment_id, payments.plan_id, payments.amount, payments.payment_date, 
            payments.payment_method, payments.reference_number, payments.official_receipt_number, 
            payments.status, payments.remarks, payments.received_by, payments.verified_at, 
            payments.verified_by, users.first_name, users.last_name, plan_holders.unique_identifier, 
            plan_holders.plan_holder_id FROM payments
            INNER JOIN plans ON plans.plan_id = payments.plan_id
            INNER JOIN plan_holders ON plan_holders.plan_holder_id = plans.plan_holder_id
            INNER JOIN users ON users.user_id = plan_holders.user_id
            WHERE payments.branch_id = 1
            ORDER BY payments.payment_id DESC')
 4 APPPATH\Controllers\PaymentTracking.php(607): CodeIgniter\Database\BaseConnection->query('SELECT 
            payments.payment_id, payments.plan_id, payments.amount, payments.payment_date, 
            payments.payment_method, payments.reference_number, payments.official_receipt_number, 
            payments.status, payments.remarks, payments.received_by, payments.verified_at, 
            payments.verified_by, users.first_name, users.last_name, plan_holders.unique_identifier, 
            plan_holders.plan_holder_id FROM payments
            INNER JOIN plans ON plans.plan_id = payments.plan_id
            INNER JOIN plan_holders ON plan_holders.plan_holder_id = plans.plan_holder_id
            INNER JOIN users ON users.user_id = plan_holders.user_id
            WHERE payments.branch_id = ?
            ORDER BY payments.payment_id DESC', [...])
 5 APPPATH\Controllers\PaymentTracking.php(100): App\Controllers\PaymentTracking->initialPaymentRows(1)
 6 SYSTEMPATH\CodeIgniter.php(951): App\Controllers\PaymentTracking->branchAdmin()
 7 SYSTEMPATH\CodeIgniter.php(497): CodeIgniter\CodeIgniter->runController(Object(App\Controllers\PaymentTracking))
 8 SYSTEMPATH\CodeIgniter.php(340): CodeIgniter\CodeIgniter->handleRequest(null, Object(Config\Cache), false)
 9 SYSTEMPATH\Boot.php(417): CodeIgniter\CodeIgniter->run()
10 SYSTEMPATH\Boot.php(68): CodeIgniter\Boot::runCodeIgniter(Object(CodeIgniter\CodeIgniter))
11 FCPATH\index.php(59): CodeIgniter\Boot::bootWeb(Object(Config\Paths))
DEBUG - 2026-05-11 11:54:09 --> Session: Class initialized using 'CodeIgniter\Session\Handlers\FileHandler' driver.
DEBUG - 2026-05-11 11:54:23 --> Session: Class initialized using 'CodeIgniter\Session\Handlers\FileHandler' driver.
ERROR - 2026-05-11 11:54:24 --> Unknown column 'next_due_date' in 'field list'
in SYSTEMPATH\Database\MySQLi\Connection.php on line 300.
 1 SYSTEMPATH\Database\MySQLi\Connection.php(300): mysqli->query('UPDATE `plans` SET `package_id` = 1, `monthly_fee` = 240, `start_date` = \'2026-05-11\', `status` = \'active\', `remaining_balance` = 0, `version_id` = 1, `next_due_date` = \'2026-07-11\', `payment_coverage_until` = \'2026-06-11\', `overdue_months` = 0, `membership_state` = \'active\', `months_paid` = 1
WHERE `plans`.`plan_id` IN (2)', 0)
 2 SYSTEMPATH\Database\BaseConnection.php(910): CodeIgniter\Database\MySQLi\Connection->execute('UPDATE `plans` SET `package_id` = 1, `monthly_fee` = 240, `start_date` = \'2026-05-11\', `status` = \'active\', `remaining_balance` = 0, `version_id` = 1, `next_due_date` = \'2026-07-11\', `payment_coverage_until` = \'2026-06-11\', `overdue_months` = 0, `membership_state` = \'active\', `months_paid` = 1
WHERE `plans`.`plan_id` IN (2)')
 3 SYSTEMPATH\Database\BaseConnection.php(827): CodeIgniter\Database\BaseConnection->simpleQuery('UPDATE `plans` SET `package_id` = 1, `monthly_fee` = 240, `start_date` = \'2026-05-11\', `status` = \'active\', `remaining_balance` = 0, `version_id` = 1, `next_due_date` = \'2026-07-11\', `payment_coverage_until` = \'2026-06-11\', `overdue_months` = 0, `membership_state` = \'active\', `months_paid` = 1
WHERE `plans`.`plan_id` IN (2)')
 4 SYSTEMPATH\Database\BaseBuilder.php(2521): CodeIgniter\Database\BaseConnection->query('UPDATE `plans` SET `package_id` = :package_id:, `monthly_fee` = :monthly_fee:, `start_date` = :start_date:, `status` = :status:, `remaining_balance` = :remaining_balance:, `version_id` = :version_id:, `next_due_date` = :next_due_date:, `payment_coverage_until` = :payment_coverage_until:, `overdue_months` = :overdue_months:, `membership_state` = :membership_state:, `months_paid` = :months_paid:
WHERE `plans`.`plan_id` IN :plans.plan_id:', [...], false)
 5 SYSTEMPATH\Model.php(406): CodeIgniter\Database\BaseBuilder->update()
 6 SYSTEMPATH\BaseModel.php(1074): CodeIgniter\Model->doUpdate([...], [...])
 7 SYSTEMPATH\Model.php(709): CodeIgniter\BaseModel->update([...], [...])
 8 APPPATH\Controllers\PaymentTracking.php(402): CodeIgniter\Model->update(2, [...])
 9 APPPATH\Controllers\PaymentTracking.php(204): App\Controllers\PaymentTracking->autoApprovePlanHolderFromInitialPayment([...], 1)
10 SYSTEMPATH\CodeIgniter.php(951): App\Controllers\PaymentTracking->recordCash()
11 SYSTEMPATH\CodeIgniter.php(497): CodeIgniter\CodeIgniter->runController(Object(App\Controllers\PaymentTracking))
12 SYSTEMPATH\CodeIgniter.php(340): CodeIgniter\CodeIgniter->handleRequest(null, Object(Config\Cache), false)
13 SYSTEMPATH\Boot.php(417): CodeIgniter\CodeIgniter->run()
14 SYSTEMPATH\Boot.php(68): CodeIgniter\Boot::runCodeIgniter(Object(CodeIgniter\CodeIgniter))
15 FCPATH\index.php(59): CodeIgniter\Boot::bootWeb(Object(Config\Paths))
ERROR - 2026-05-11 11:54:24 --> Unknown column 'type' in 'field list'
in SYSTEMPATH\Database\MySQLi\Connection.php on line 300.
 1 SYSTEMPATH\Database\MySQLi\Connection.php(300): mysqli->query('INSERT INTO `notifications` (`user_id`, `message`, `type`, `status`, `created_at`) VALUES (13, \'Your registration has been approved. Your plan is now active.\', \'registration_pending\', \'unread\', \'2026-05-11 11:54:24\')', 0)
 2 SYSTEMPATH\Database\BaseConnection.php(910): CodeIgniter\Database\MySQLi\Connection->execute('INSERT INTO `notifications` (`user_id`, `message`, `type`, `status`, `created_at`) VALUES (13, \'Your registration has been approved. Your plan is now active.\', \'registration_pending\', \'unread\', \'2026-05-11 11:54:24\')')
 3 SYSTEMPATH\Database\BaseConnection.php(827): CodeIgniter\Database\BaseConnection->simpleQuery('INSERT INTO `notifications` (`user_id`, `message`, `type`, `status`, `created_at`) VALUES (13, \'Your registration has been approved. Your plan is now active.\', \'registration_pending\', \'unread\', \'2026-05-11 11:54:24\')')
 4 SYSTEMPATH\Database\BaseBuilder.php(2345): CodeIgniter\Database\BaseConnection->query('INSERT INTO `notifications` (`user_id`, `message`, `type`, `status`, `created_at`) VALUES (:user_id:, :message:, :type:, :status:, :created_at:)', [...], false)
 5 APPPATH\Services\NotificationService.php(35): CodeIgniter\Database\BaseBuilder->insert([...])
 6 APPPATH\Controllers\PaymentTracking.php(453): App\Services\NotificationService->notify(13, 'Your registration has been approved. Your plan is now active.', 'registration_pending')
 7 APPPATH\Controllers\PaymentTracking.php(204): App\Controllers\PaymentTracking->autoApprovePlanHolderFromInitialPayment([...], 1)
 8 SYSTEMPATH\CodeIgniter.php(951): App\Controllers\PaymentTracking->recordCash()
 9 SYSTEMPATH\CodeIgniter.php(497): CodeIgniter\CodeIgniter->runController(Object(App\Controllers\PaymentTracking))
10 SYSTEMPATH\CodeIgniter.php(340): CodeIgniter\CodeIgniter->handleRequest(null, Object(Config\Cache), false)
11 SYSTEMPATH\Boot.php(417): CodeIgniter\CodeIgniter->run()
12 SYSTEMPATH\Boot.php(68): CodeIgniter\Boot::runCodeIgniter(Object(CodeIgniter\CodeIgniter))
13 FCPATH\index.php(59): CodeIgniter\Boot::bootWeb(Object(Config\Paths))
ERROR - 2026-05-11 11:54:24 --> Table 'kaagapay_db.activity_logs' doesn't exist
in SYSTEMPATH\Database\MySQLi\Connection.php on line 300.
 1 SYSTEMPATH\Database\MySQLi\Connection.php(300): mysqli->query('INSERT INTO `activity_logs` (`user_id`, `action`, `module`, `target_id`, `description`, `old_values`, `new_values`, `ip_address`, `created_at`) VALUES (6, \'approved\', \'plan_holder\', 7, \'Auto-approved plan holder after initial payment verification\', \'{\\"status\\":\\"inactive\\"}\', \'{\\"status\\":\\"active\\"}\', \'::1\', \'2026-05-11 11:54:24\')', 0)
 2 SYSTEMPATH\Database\BaseConnection.php(910): CodeIgniter\Database\MySQLi\Connection->execute('INSERT INTO `activity_logs` (`user_id`, `action`, `module`, `target_id`, `description`, `old_values`, `new_values`, `ip_address`, `created_at`) VALUES (6, \'approved\', \'plan_holder\', 7, \'Auto-approved plan holder after initial payment verification\', \'{\\"status\\":\\"inactive\\"}\', \'{\\"status\\":\\"active\\"}\', \'::1\', \'2026-05-11 11:54:24\')')
 3 SYSTEMPATH\Database\BaseConnection.php(827): CodeIgniter\Database\BaseConnection->simpleQuery('INSERT INTO `activity_logs` (`user_id`, `action`, `module`, `target_id`, `description`, `old_values`, `new_values`, `ip_address`, `created_at`) VALUES (6, \'approved\', \'plan_holder\', 7, \'Auto-approved plan holder after initial payment verification\', \'{\\"status\\":\\"inactive\\"}\', \'{\\"status\\":\\"active\\"}\', \'::1\', \'2026-05-11 11:54:24\')')
 4 SYSTEMPATH\Database\BaseBuilder.php(2345): CodeIgniter\Database\BaseConnection->query('INSERT INTO `activity_logs` (`user_id`, `action`, `module`, `target_id`, `description`, `old_values`, `new_values`, `ip_address`, `created_at`) VALUES (:user_id:, :action:, :module:, :target_id:, :description:, :old_values:, :new_values:, :ip_address:, :created_at:)', [...], false)
 5 APPPATH\Services\ActivityLogService.php(52): CodeIgniter\Database\BaseBuilder->insert([...])
 6 APPPATH\Controllers\PaymentTracking.php(454): App\Services\ActivityLogService->log(6, 'approved', 'plan_holder', 7, 'Auto-approved plan holder after initial payment verification', [...], [...])
 7 APPPATH\Controllers\PaymentTracking.php(204): App\Controllers\PaymentTracking->autoApprovePlanHolderFromInitialPayment([...], 1)
 8 SYSTEMPATH\CodeIgniter.php(951): App\Controllers\PaymentTracking->recordCash()
 9 SYSTEMPATH\CodeIgniter.php(497): CodeIgniter\CodeIgniter->runController(Object(App\Controllers\PaymentTracking))
10 SYSTEMPATH\CodeIgniter.php(340): CodeIgniter\CodeIgniter->handleRequest(null, Object(Config\Cache), false)
11 SYSTEMPATH\Boot.php(417): CodeIgniter\CodeIgniter->run()
12 SYSTEMPATH\Boot.php(68): CodeIgniter\Boot::runCodeIgniter(Object(CodeIgniter\CodeIgniter))
13 FCPATH\index.php(59): CodeIgniter\Boot::bootWeb(Object(Config\Paths))
ERROR - 2026-05-11 11:54:24 --> Unknown column 'type' in 'field list'
in SYSTEMPATH\Database\MySQLi\Connection.php on line 300.
 1 SYSTEMPATH\Database\MySQLi\Connection.php(300): mysqli->query('INSERT INTO `notifications` (`user_id`, `message`, `type`, `status`, `created_at`) VALUES (13, \'Your advance payment covering 1 month has been approved.\', \'payment_approved\', \'unread\', \'2026-05-11 11:54:24\')', 0)
 2 SYSTEMPATH\Database\BaseConnection.php(910): CodeIgniter\Database\MySQLi\Connection->execute('INSERT INTO `notifications` (`user_id`, `message`, `type`, `status`, `created_at`) VALUES (13, \'Your advance payment covering 1 month has been approved.\', \'payment_approved\', \'unread\', \'2026-05-11 11:54:24\')')
 3 SYSTEMPATH\Database\BaseConnection.php(827): CodeIgniter\Database\BaseConnection->simpleQuery('INSERT INTO `notifications` (`user_id`, `message`, `type`, `status`, `created_at`) VALUES (13, \'Your advance payment covering 1 month has been approved.\', \'payment_approved\', \'unread\', \'2026-05-11 11:54:24\')')
 4 SYSTEMPATH\Database\BaseBuilder.php(2345): CodeIgniter\Database\BaseConnection->query('INSERT INTO `notifications` (`user_id`, `message`, `type`, `status`, `created_at`) VALUES (:user_id:, :message:, :type:, :status:, :created_at:)', [...], false)
 5 APPPATH\Services\NotificationService.php(35): CodeIgniter\Database\BaseBuilder->insert([...])
 6 APPPATH\Controllers\PaymentTracking.php(216): App\Services\NotificationService->notify(13, 'Your advance payment covering 1 month has been approved.', 'payment_approved')
 7 SYSTEMPATH\CodeIgniter.php(951): App\Controllers\PaymentTracking->recordCash()
 8 SYSTEMPATH\CodeIgniter.php(497): CodeIgniter\CodeIgniter->runController(Object(App\Controllers\PaymentTracking))
 9 SYSTEMPATH\CodeIgniter.php(340): CodeIgniter\CodeIgniter->handleRequest(null, Object(Config\Cache), false)
10 SYSTEMPATH\Boot.php(417): CodeIgniter\CodeIgniter->run()
11 SYSTEMPATH\Boot.php(68): CodeIgniter\Boot::runCodeIgniter(Object(CodeIgniter\CodeIgniter))
12 FCPATH\index.php(59): CodeIgniter\Boot::bootWeb(Object(Config\Paths))
ERROR - 2026-05-11 11:54:24 --> NotificationService::notify - Unknown column 'type' in 'field list'
ERROR - 2026-05-11 11:54:24 --> Table 'kaagapay_db.activity_logs' doesn't exist
in SYSTEMPATH\Database\MySQLi\Connection.php on line 300.
 1 SYSTEMPATH\Database\MySQLi\Connection.php(300): mysqli->query('INSERT INTO `activity_logs` (`user_id`, `action`, `module`, `target_id`, `description`, `old_values`, `new_values`, `ip_address`, `created_at`) VALUES (6, \'created\', \'payment\', 2, \'Recorded cash payment for plan #2\', NULL, \'{\\"plan_id\\":2,\\"amount\\":240,\\"payment_method\\":\\"cash\\",\\"status\\":\\"paid\\"}\', \'::1\', \'2026-05-11 11:54:24\')', 0)
 2 SYSTEMPATH\Database\BaseConnection.php(910): CodeIgniter\Database\MySQLi\Connection->execute('INSERT INTO `activity_logs` (`user_id`, `action`, `module`, `target_id`, `description`, `old_values`, `new_values`, `ip_address`, `created_at`) VALUES (6, \'created\', \'payment\', 2, \'Recorded cash payment for plan #2\', NULL, \'{\\"plan_id\\":2,\\"amount\\":240,\\"payment_method\\":\\"cash\\",\\"status\\":\\"paid\\"}\', \'::1\', \'2026-05-11 11:54:24\')')
 3 SYSTEMPATH\Database\BaseConnection.php(827): CodeIgniter\Database\BaseConnection->simpleQuery('INSERT INTO `activity_logs` (`user_id`, `action`, `module`, `target_id`, `description`, `old_values`, `new_values`, `ip_address`, `created_at`) VALUES (6, \'created\', \'payment\', 2, \'Recorded cash payment for plan #2\', NULL, \'{\\"plan_id\\":2,\\"amount\\":240,\\"payment_method\\":\\"cash\\",\\"status\\":\\"paid\\"}\', \'::1\', \'2026-05-11 11:54:24\')')
 4 SYSTEMPATH\Database\BaseBuilder.php(2345): CodeIgniter\Database\BaseConnection->query('INSERT INTO `activity_logs` (`user_id`, `action`, `module`, `target_id`, `description`, `old_values`, `new_values`, `ip_address`, `created_at`) VALUES (:user_id:, :action:, :module:, :target_id:, :description:, :old_values:, :new_values:, :ip_address:, :created_at:)', [...], false)
 5 APPPATH\Services\ActivityLogService.php(52): CodeIgniter\Database\BaseBuilder->insert([...])
 6 APPPATH\Controllers\PaymentTracking.php(222): App\Services\ActivityLogService->log(6, 'created', 'payment', 2, 'Recorded cash payment for plan #2', null, [...])
 7 SYSTEMPATH\CodeIgniter.php(951): App\Controllers\PaymentTracking->recordCash()
 8 SYSTEMPATH\CodeIgniter.php(497): CodeIgniter\CodeIgniter->runController(Object(App\Controllers\PaymentTracking))
 9 SYSTEMPATH\CodeIgniter.php(340): CodeIgniter\CodeIgniter->handleRequest(null, Object(Config\Cache), false)
10 SYSTEMPATH\Boot.php(417): CodeIgniter\CodeIgniter->run()
11 SYSTEMPATH\Boot.php(68): CodeIgniter\Boot::runCodeIgniter(Object(CodeIgniter\CodeIgniter))
12 FCPATH\index.php(59): CodeIgniter\Boot::bootWeb(Object(Config\Paths))
ERROR - 2026-05-11 11:54:24 --> ActivityLogService::log - Table 'kaagapay_db.activity_logs' doesn't exist
DEBUG - 2026-05-11 11:54:24 --> Session: Class initialized using 'CodeIgniter\Session\Handlers\FileHandler' driver.
DEBUG - 2026-05-11 11:54:56 --> Session: Class initialized using 'CodeIgniter\Session\Handlers\FileHandler' driver.
DEBUG - 2026-05-11 11:54:56 --> Session: Class initialized using 'CodeIgniter\Session\Handlers\FileHandler' driver.
DEBUG - 2026-05-11 11:55:10 --> Session: Class initialized using 'CodeIgniter\Session\Handlers\FileHandler' driver.
DEBUG - 2026-05-11 11:55:10 --> Session: Class initialized using 'CodeIgniter\Session\Handlers\FileHandler' driver.
DEBUG - 2026-05-11 11:55:34 --> Session: Class initialized using 'CodeIgniter\Session\Handlers\FileHandler' driver.
DEBUG - 2026-05-11 11:58:33 --> Session: Class initialized using 'CodeIgniter\Session\Handlers\FileHandler' driver.
DEBUG - 2026-05-11 11:58:40 --> Session: Class initialized using 'CodeIgniter\Session\Handlers\FileHandler' driver.
DEBUG - 2026-05-11 11:59:20 --> Session: Class initialized using 'CodeIgniter\Session\Handlers\FileHandler' driver.
DEBUG - 2026-05-11 12:00:20 --> Session: Class initialized using 'CodeIgniter\Session\Handlers\FileHandler' driver.
DEBUG - 2026-05-11 12:01:05 --> Session: Class initialized using 'CodeIgniter\Session\Handlers\FileHandler' driver.
DEBUG - 2026-05-11 12:02:10 --> Session: Class initialized using 'CodeIgniter\Session\Handlers\FileHandler' driver.
DEBUG - 2026-05-11 12:02:41 --> Session: Class initialized using 'CodeIgniter\Session\Handlers\FileHandler' driver.
DEBUG - 2026-05-11 12:06:21 --> Session: Class initialized using 'CodeIgniter\Session\Handlers\FileHandler' driver.
DEBUG - 2026-05-11 12:07:44 --> Session: Class initialized using 'CodeIgniter\Session\Handlers\FileHandler' driver.
DEBUG - 2026-05-11 12:09:54 --> Session: Class initialized using 'CodeIgniter\Session\Handlers\FileHandler' driver.
ERROR - 2026-05-11 12:09:54 --> Unknown column 'next_due_date' in 'field list'
in SYSTEMPATH\Database\MySQLi\Connection.php on line 300.
 1 SYSTEMPATH\Database\MySQLi\Connection.php(300): mysqli->query('UPDATE `plans` SET `package_id` = 1, `monthly_fee` = 240, `start_date` = \'2026-05-11\', `status` = \'active\', `remaining_balance` = 0, `version_id` = 1, `next_due_date` = \'2026-07-11\', `payment_coverage_until` = \'2026-06-11\', `overdue_months` = 0, `membership_state` = \'active\', `months_paid` = 1
WHERE `plans`.`plan_id` IN (2)', 0)
 2 SYSTEMPATH\Database\BaseConnection.php(910): CodeIgniter\Database\MySQLi\Connection->execute('UPDATE `plans` SET `package_id` = 1, `monthly_fee` = 240, `start_date` = \'2026-05-11\', `status` = \'active\', `remaining_balance` = 0, `version_id` = 1, `next_due_date` = \'2026-07-11\', `payment_coverage_until` = \'2026-06-11\', `overdue_months` = 0, `membership_state` = \'active\', `months_paid` = 1
WHERE `plans`.`plan_id` IN (2)')
 3 SYSTEMPATH\Database\BaseConnection.php(827): CodeIgniter\Database\BaseConnection->simpleQuery('UPDATE `plans` SET `package_id` = 1, `monthly_fee` = 240, `start_date` = \'2026-05-11\', `status` = \'active\', `remaining_balance` = 0, `version_id` = 1, `next_due_date` = \'2026-07-11\', `payment_coverage_until` = \'2026-06-11\', `overdue_months` = 0, `membership_state` = \'active\', `months_paid` = 1
WHERE `plans`.`plan_id` IN (2)')
 4 SYSTEMPATH\Database\BaseBuilder.php(2521): CodeIgniter\Database\BaseConnection->query('UPDATE `plans` SET `package_id` = :package_id:, `monthly_fee` = :monthly_fee:, `start_date` = :start_date:, `status` = :status:, `remaining_balance` = :remaining_balance:, `version_id` = :version_id:, `next_due_date` = :next_due_date:, `payment_coverage_until` = :payment_coverage_until:, `overdue_months` = :overdue_months:, `membership_state` = :membership_state:, `months_paid` = :months_paid:
WHERE `plans`.`plan_id` IN :plans.plan_id:', [...], false)
 5 SYSTEMPATH\Model.php(406): CodeIgniter\Database\BaseBuilder->update()
 6 SYSTEMPATH\BaseModel.php(1074): CodeIgniter\Model->doUpdate([...], [...])
 7 SYSTEMPATH\Model.php(709): CodeIgniter\BaseModel->update([...], [...])
 8 APPPATH\Controllers\PaymentTracking.php(419): CodeIgniter\Model->update(2, [...])
 9 APPPATH\Controllers\PaymentTracking.php(206): App\Controllers\PaymentTracking->autoApprovePlanHolderFromInitialPayment([...], 1)
10 SYSTEMPATH\CodeIgniter.php(951): App\Controllers\PaymentTracking->recordCash()
11 SYSTEMPATH\CodeIgniter.php(497): CodeIgniter\CodeIgniter->runController(Object(App\Controllers\PaymentTracking))
12 SYSTEMPATH\CodeIgniter.php(340): CodeIgniter\CodeIgniter->handleRequest(null, Object(Config\Cache), false)
13 SYSTEMPATH\Boot.php(417): CodeIgniter\CodeIgniter->run()
14 SYSTEMPATH\Boot.php(68): CodeIgniter\Boot::runCodeIgniter(Object(CodeIgniter\CodeIgniter))
15 FCPATH\index.php(59): CodeIgniter\Boot::bootWeb(Object(Config\Paths))
ERROR - 2026-05-11 12:09:54 --> Unknown column 'type' in 'field list'
in SYSTEMPATH\Database\MySQLi\Connection.php on line 300.
 1 SYSTEMPATH\Database\MySQLi\Connection.php(300): mysqli->query('INSERT INTO `notifications` (`user_id`, `message`, `type`, `status`, `created_at`) VALUES (13, \'Your registration has been approved. Your plan is now active.\', \'registration_pending\', \'unread\', \'2026-05-11 12:09:54\')', 0)
 2 SYSTEMPATH\Database\BaseConnection.php(910): CodeIgniter\Database\MySQLi\Connection->execute('INSERT INTO `notifications` (`user_id`, `message`, `type`, `status`, `created_at`) VALUES (13, \'Your registration has been approved. Your plan is now active.\', \'registration_pending\', \'unread\', \'2026-05-11 12:09:54\')')
 3 SYSTEMPATH\Database\BaseConnection.php(827): CodeIgniter\Database\BaseConnection->simpleQuery('INSERT INTO `notifications` (`user_id`, `message`, `type`, `status`, `created_at`) VALUES (13, \'Your registration has been approved. Your plan is now active.\', \'registration_pending\', \'unread\', \'2026-05-11 12:09:54\')')
 4 SYSTEMPATH\Database\BaseBuilder.php(2345): CodeIgniter\Database\BaseConnection->query('INSERT INTO `notifications` (`user_id`, `message`, `type`, `status`, `created_at`) VALUES (:user_id:, :message:, :type:, :status:, :created_at:)', [...], false)
 5 APPPATH\Services\NotificationService.php(35): CodeIgniter\Database\BaseBuilder->insert([...])
 6 APPPATH\Controllers\PaymentTracking.php(476): App\Services\NotificationService->notify(13, 'Your registration has been approved. Your plan is now active.', 'registration_pending')
 7 APPPATH\Controllers\PaymentTracking.php(206): App\Controllers\PaymentTracking->autoApprovePlanHolderFromInitialPayment([...], 1)
 8 SYSTEMPATH\CodeIgniter.php(951): App\Controllers\PaymentTracking->recordCash()
 9 SYSTEMPATH\CodeIgniter.php(497): CodeIgniter\CodeIgniter->runController(Object(App\Controllers\PaymentTracking))
10 SYSTEMPATH\CodeIgniter.php(340): CodeIgniter\CodeIgniter->handleRequest(null, Object(Config\Cache), false)
11 SYSTEMPATH\Boot.php(417): CodeIgniter\CodeIgniter->run()
12 SYSTEMPATH\Boot.php(68): CodeIgniter\Boot::runCodeIgniter(Object(CodeIgniter\CodeIgniter))
13 FCPATH\index.php(59): CodeIgniter\Boot::bootWeb(Object(Config\Paths))
ERROR - 2026-05-11 12:09:54 --> Table 'kaagapay_db.activity_logs' doesn't exist
in SYSTEMPATH\Database\MySQLi\Connection.php on line 300.
 1 SYSTEMPATH\Database\MySQLi\Connection.php(300): mysqli->query('INSERT INTO `activity_logs` (`user_id`, `action`, `module`, `target_id`, `description`, `old_values`, `new_values`, `ip_address`, `created_at`) VALUES (6, \'approved\', \'plan_holder\', 7, \'Auto-approved plan holder after initial payment verification\', \'{\\"status\\":\\"inactive\\"}\', \'{\\"status\\":\\"active\\"}\', \'::1\', \'2026-05-11 12:09:54\')', 0)
 2 SYSTEMPATH\Database\BaseConnection.php(910): CodeIgniter\Database\MySQLi\Connection->execute('INSERT INTO `activity_logs` (`user_id`, `action`, `module`, `target_id`, `description`, `old_values`, `new_values`, `ip_address`, `created_at`) VALUES (6, \'approved\', \'plan_holder\', 7, \'Auto-approved plan holder after initial payment verification\', \'{\\"status\\":\\"inactive\\"}\', \'{\\"status\\":\\"active\\"}\', \'::1\', \'2026-05-11 12:09:54\')')
 3 SYSTEMPATH\Database\BaseConnection.php(827): CodeIgniter\Database\BaseConnection->simpleQuery('INSERT INTO `activity_logs` (`user_id`, `action`, `module`, `target_id`, `description`, `old_values`, `new_values`, `ip_address`, `created_at`) VALUES (6, \'approved\', \'plan_holder\', 7, \'Auto-approved plan holder after initial payment verification\', \'{\\"status\\":\\"inactive\\"}\', \'{\\"status\\":\\"active\\"}\', \'::1\', \'2026-05-11 12:09:54\')')
 4 SYSTEMPATH\Database\BaseBuilder.php(2345): CodeIgniter\Database\BaseConnection->query('INSERT INTO `activity_logs` (`user_id`, `action`, `module`, `target_id`, `description`, `old_values`, `new_values`, `ip_address`, `created_at`) VALUES (:user_id:, :action:, :module:, :target_id:, :description:, :old_values:, :new_values:, :ip_address:, :created_at:)', [...], false)
 5 APPPATH\Services\ActivityLogService.php(52): CodeIgniter\Database\BaseBuilder->insert([...])
 6 APPPATH\Controllers\PaymentTracking.php(477): App\Services\ActivityLogService->log(6, 'approved', 'plan_holder', 7, 'Auto-approved plan holder after initial payment verification', [...], [...])
 7 APPPATH\Controllers\PaymentTracking.php(206): App\Controllers\PaymentTracking->autoApprovePlanHolderFromInitialPayment([...], 1)
 8 SYSTEMPATH\CodeIgniter.php(951): App\Controllers\PaymentTracking->recordCash()
 9 SYSTEMPATH\CodeIgniter.php(497): CodeIgniter\CodeIgniter->runController(Object(App\Controllers\PaymentTracking))
10 SYSTEMPATH\CodeIgniter.php(340): CodeIgniter\CodeIgniter->handleRequest(null, Object(Config\Cache), false)
11 SYSTEMPATH\Boot.php(417): CodeIgniter\CodeIgniter->run()
12 SYSTEMPATH\Boot.php(68): CodeIgniter\Boot::runCodeIgniter(Object(CodeIgniter\CodeIgniter))
13 FCPATH\index.php(59): CodeIgniter\Boot::bootWeb(Object(Config\Paths))
ERROR - 2026-05-11 12:09:54 --> Unknown column 'type' in 'field list'
in SYSTEMPATH\Database\MySQLi\Connection.php on line 300.
 1 SYSTEMPATH\Database\MySQLi\Connection.php(300): mysqli->query('INSERT INTO `notifications` (`user_id`, `message`, `type`, `status`, `created_at`) VALUES (13, \'Your advance payment covering 1 month has been approved.\', \'payment_approved\', \'unread\', \'2026-05-11 12:09:54\')', 0)
 2 SYSTEMPATH\Database\BaseConnection.php(910): CodeIgniter\Database\MySQLi\Connection->execute('INSERT INTO `notifications` (`user_id`, `message`, `type`, `status`, `created_at`) VALUES (13, \'Your advance payment covering 1 month has been approved.\', \'payment_approved\', \'unread\', \'2026-05-11 12:09:54\')')
 3 SYSTEMPATH\Database\BaseConnection.php(827): CodeIgniter\Database\BaseConnection->simpleQuery('INSERT INTO `notifications` (`user_id`, `message`, `type`, `status`, `created_at`) VALUES (13, \'Your advance payment covering 1 month has been approved.\', \'payment_approved\', \'unread\', \'2026-05-11 12:09:54\')')
 4 SYSTEMPATH\Database\BaseBuilder.php(2345): CodeIgniter\Database\BaseConnection->query('INSERT INTO `notifications` (`user_id`, `message`, `type`, `status`, `created_at`) VALUES (:user_id:, :message:, :type:, :status:, :created_at:)', [...], false)
 5 APPPATH\Services\NotificationService.php(35): CodeIgniter\Database\BaseBuilder->insert([...])
 6 APPPATH\Controllers\PaymentTracking.php(220): App\Services\NotificationService->notify(13, 'Your advance payment covering 1 month has been approved.', 'payment_approved')
 7 SYSTEMPATH\CodeIgniter.php(951): App\Controllers\PaymentTracking->recordCash()
 8 SYSTEMPATH\CodeIgniter.php(497): CodeIgniter\CodeIgniter->runController(Object(App\Controllers\PaymentTracking))
 9 SYSTEMPATH\CodeIgniter.php(340): CodeIgniter\CodeIgniter->handleRequest(null, Object(Config\Cache), false)
10 SYSTEMPATH\Boot.php(417): CodeIgniter\CodeIgniter->run()
11 SYSTEMPATH\Boot.php(68): CodeIgniter\Boot::runCodeIgniter(Object(CodeIgniter\CodeIgniter))
12 FCPATH\index.php(59): CodeIgniter\Boot::bootWeb(Object(Config\Paths))
ERROR - 2026-05-11 12:09:54 --> NotificationService::notify - Unknown column 'type' in 'field list'
ERROR - 2026-05-11 12:09:54 --> Table 'kaagapay_db.activity_logs' doesn't exist
in SYSTEMPATH\Database\MySQLi\Connection.php on line 300.
 1 SYSTEMPATH\Database\MySQLi\Connection.php(300): mysqli->query('INSERT INTO `activity_logs` (`user_id`, `action`, `module`, `target_id`, `description`, `old_values`, `new_values`, `ip_address`, `created_at`) VALUES (6, \'created\', \'payment\', 3, \'Recorded cash payment for plan #2\', NULL, \'{\\"plan_id\\":2,\\"amount\\":240,\\"payment_method\\":\\"cash\\",\\"status\\":\\"paid\\"}\', \'::1\', \'2026-05-11 12:09:54\')', 0)
 2 SYSTEMPATH\Database\BaseConnection.php(910): CodeIgniter\Database\MySQLi\Connection->execute('INSERT INTO `activity_logs` (`user_id`, `action`, `module`, `target_id`, `description`, `old_values`, `new_values`, `ip_address`, `created_at`) VALUES (6, \'created\', \'payment\', 3, \'Recorded cash payment for plan #2\', NULL, \'{\\"plan_id\\":2,\\"amount\\":240,\\"payment_method\\":\\"cash\\",\\"status\\":\\"paid\\"}\', \'::1\', \'2026-05-11 12:09:54\')')
 3 SYSTEMPATH\Database\BaseConnection.php(827): CodeIgniter\Database\BaseConnection->simpleQuery('INSERT INTO `activity_logs` (`user_id`, `action`, `module`, `target_id`, `description`, `old_values`, `new_values`, `ip_address`, `created_at`) VALUES (6, \'created\', \'payment\', 3, \'Recorded cash payment for plan #2\', NULL, \'{\\"plan_id\\":2,\\"amount\\":240,\\"payment_method\\":\\"cash\\",\\"status\\":\\"paid\\"}\', \'::1\', \'2026-05-11 12:09:54\')')
 4 SYSTEMPATH\Database\BaseBuilder.php(2345): CodeIgniter\Database\BaseConnection->query('INSERT INTO `activity_logs` (`user_id`, `action`, `module`, `target_id`, `description`, `old_values`, `new_values`, `ip_address`, `created_at`) VALUES (:user_id:, :action:, :module:, :target_id:, :description:, :old_values:, :new_values:, :ip_address:, :created_at:)', [...], false)
 5 APPPATH\Services\ActivityLogService.php(52): CodeIgniter\Database\BaseBuilder->insert([...])
 6 APPPATH\Controllers\PaymentTracking.php(226): App\Services\ActivityLogService->log(6, 'created', 'payment', 3, 'Recorded cash payment for plan #2', null, [...])
 7 SYSTEMPATH\CodeIgniter.php(951): App\Controllers\PaymentTracking->recordCash()
 8 SYSTEMPATH\CodeIgniter.php(497): CodeIgniter\CodeIgniter->runController(Object(App\Controllers\PaymentTracking))
 9 SYSTEMPATH\CodeIgniter.php(340): CodeIgniter\CodeIgniter->handleRequest(null, Object(Config\Cache), false)
10 SYSTEMPATH\Boot.php(417): CodeIgniter\CodeIgniter->run()
11 SYSTEMPATH\Boot.php(68): CodeIgniter\Boot::runCodeIgniter(Object(CodeIgniter\CodeIgniter))
12 FCPATH\index.php(59): CodeIgniter\Boot::bootWeb(Object(Config\Paths))
ERROR - 2026-05-11 12:09:54 --> ActivityLogService::log - Table 'kaagapay_db.activity_logs' doesn't exist
DEBUG - 2026-05-11 12:09:55 --> Session: Class initialized using 'CodeIgniter\Session\Handlers\FileHandler' driver.
DEBUG - 2026-05-11 12:10:03 --> Session: Class initialized using 'CodeIgniter\Session\Handlers\FileHandler' driver.
DEBUG - 2026-05-11 12:10:07 --> Session: Class initialized using 'CodeIgniter\Session\Handlers\FileHandler' driver.
DEBUG - 2026-05-11 12:10:12 --> Session: Class initialized using 'CodeIgniter\Session\Handlers\FileHandler' driver.
DEBUG - 2026-05-11 12:10:13 --> Session: Class initialized using 'CodeIgniter\Session\Handlers\FileHandler' driver.
ERROR - 2026-05-11 12:12:28 --> Can't create table `kaagapay_db`.`package_services` (errno: 150 "Foreign key constraint is incorrectly formed")
in SYSTEMPATH\Database\MySQLi\Connection.php on line 300.
 1 SYSTEMPATH\Database\MySQLi\Connection.php(300): mysqli->query('CREATE TABLE `package_services` (
	`id` INT(11) UNSIGNED NOT NULL AUTO_INCREMENT,
	`package_id` INT(11) UNSIGNED NOT NULL,
	`service_list_id` INT(11) UNSIGNED NOT NULL,
	CONSTRAINT `pk_package_services` PRIMARY KEY(`id`),
	CONSTRAINT `package_services_package_id_foreign` FOREIGN KEY (`package_id`) REFERENCES `packages`(`package_id`) ON DELETE CASCADE ON UPDATE CASCADE,
	CONSTRAINT `package_services_service_list_id_foreign` FOREIGN KEY (`service_list_id`) REFERENCES `service_list`(`service_list_id`) ON DELETE CASCADE ON UPDATE CASCADE,
	KEY `package_id` (`package_id`),
	KEY `service_list_id` (`service_list_id`)
) DEFAULT CHARACTER SET = utf8mb4 COLLATE = utf8mb4_general_ci', 0)
 2 SYSTEMPATH\Database\BaseConnection.php(910): CodeIgniter\Database\MySQLi\Connection->execute('CREATE TABLE `package_services` (
	`id` INT(11) UNSIGNED NOT NULL AUTO_INCREMENT,
	`package_id` INT(11) UNSIGNED NOT NULL,
	`service_list_id` INT(11) UNSIGNED NOT NULL,
	CONSTRAINT `pk_package_services` PRIMARY KEY(`id`),
	CONSTRAINT `package_services_package_id_foreign` FOREIGN KEY (`package_id`) REFERENCES `packages`(`package_id`) ON DELETE CASCADE ON UPDATE CASCADE,
	CONSTRAINT `package_services_service_list_id_foreign` FOREIGN KEY (`service_list_id`) REFERENCES `service_list`(`service_list_id`) ON DELETE CASCADE ON UPDATE CASCADE,
	KEY `package_id` (`package_id`),
	KEY `service_list_id` (`service_list_id`)
) DEFAULT CHARACTER SET = utf8mb4 COLLATE = utf8mb4_general_ci')
 3 SYSTEMPATH\Database\BaseConnection.php(827): CodeIgniter\Database\BaseConnection->simpleQuery('CREATE TABLE `package_services` (
	`id` INT(11) UNSIGNED NOT NULL AUTO_INCREMENT,
	`package_id` INT(11) UNSIGNED NOT NULL,
	`service_list_id` INT(11) UNSIGNED NOT NULL,
	CONSTRAINT `pk_package_services` PRIMARY KEY(`id`),
	CONSTRAINT `package_services_package_id_foreign` FOREIGN KEY (`package_id`) REFERENCES `packages`(`package_id`) ON DELETE CASCADE ON UPDATE CASCADE,
	CONSTRAINT `package_services_service_list_id_foreign` FOREIGN KEY (`service_list_id`) REFERENCES `service_list`(`service_list_id`) ON DELETE CASCADE ON UPDATE CASCADE,
	KEY `package_id` (`package_id`),
	KEY `service_list_id` (`service_list_id`)
) DEFAULT CHARACTER SET = utf8mb4 COLLATE = utf8mb4_general_ci')
 4 SYSTEMPATH\Database\Forge.php(570): CodeIgniter\Database\BaseConnection->query('CREATE TABLE `package_services` (
	`id` INT(11) UNSIGNED NOT NULL AUTO_INCREMENT,
	`package_id` INT(11) UNSIGNED NOT NULL,
	`service_list_id` INT(11) UNSIGNED NOT NULL,
	CONSTRAINT `pk_package_services` PRIMARY KEY(`id`),
	CONSTRAINT `package_services_package_id_foreign` FOREIGN KEY (`package_id`) REFERENCES `packages`(`package_id`) ON DELETE CASCADE ON UPDATE CASCADE,
	CONSTRAINT `package_services_service_list_id_foreign` FOREIGN KEY (`service_list_id`) REFERENCES `service_list`(`service_list_id`) ON DELETE CASCADE ON UPDATE CASCADE,
	KEY `package_id` (`package_id`),
	KEY `service_list_id` (`service_list_id`)
) DEFAULT CHARACTER SET = utf8mb4 COLLATE = utf8mb4_general_ci')
 5 APPPATH\Database\Migrations\2026-04-17-120000_CreatePackageServicesTable.php(35): CodeIgniter\Database\Forge->createTable('package_services', true)
 6 SYSTEMPATH\Database\MigrationRunner.php(1014): App\Database\Migrations\CreatePackageServicesTable->up()
 7 SYSTEMPATH\Database\MigrationRunner.php(202): CodeIgniter\Database\MigrationRunner->migrate('up', Object(stdClass))
 8 SYSTEMPATH\Commands\Database\Migrate.php(89): CodeIgniter\Database\MigrationRunner->latest(null)
 9 SYSTEMPATH\CLI\SignalTrait.php(245): CodeIgniter\Commands\Database\Migrate::CodeIgniter\Commands\Database\{closure}()
10 SYSTEMPATH\Commands\Database\Migrate.php(88): CodeIgniter\Commands\Database\Migrate->withSignalsBlocked(Object(Closure))
11 SYSTEMPATH\CLI\Commands.php(74): CodeIgniter\Commands\Database\Migrate->run([])
12 SYSTEMPATH\CLI\Console.php(47): CodeIgniter\CLI\Commands->run('migrate', [])
13 SYSTEMPATH\Boot.php(442): CodeIgniter\CLI\Console->run()
14 SYSTEMPATH\Boot.php(166): CodeIgniter\Boot::runCommand(Object(CodeIgniter\CLI\Console))
15 ROOTPATH\spark(87): CodeIgniter\Boot::bootSpark(Object(Config\Paths))
DEBUG - 2026-05-11 12:13:03 --> Session: Class initialized using 'CodeIgniter\Session\Handlers\FileHandler' driver.
DEBUG - 2026-05-11 12:13:54 --> Session: Class initialized using 'CodeIgniter\Session\Handlers\FileHandler' driver.
DEBUG - 2026-05-11 12:38:03 --> Session: Class initialized using 'CodeIgniter\Session\Handlers\FileHandler' driver.
DEBUG - 2026-05-11 12:42:54 --> Session: Class initialized using 'CodeIgniter\Session\Handlers\FileHandler' driver.
