DEBUG - 2026-04-17 07:13:32 --> Session: Class initialized using 'CodeIgniter\Session\Handlers\FileHandler' driver.
DEBUG - 2026-04-17 07:13:58 --> Session: Class initialized using 'CodeIgniter\Session\Handlers\FileHandler' driver.
DEBUG - 2026-04-17 07:13:58 --> Session: Class initialized using 'CodeIgniter\Session\Handlers\FileHandler' driver.
DEBUG - 2026-04-17 07:14:15 --> Session: Class initialized using 'CodeIgniter\Session\Handlers\FileHandler' driver.
DEBUG - 2026-04-17 07:14:46 --> Session: Class initialized using 'CodeIgniter\Session\Handlers\FileHandler' driver.
DEBUG - 2026-04-17 07:14:47 --> Session: Class initialized using 'CodeIgniter\Session\Handlers\FileHandler' driver.
DEBUG - 2026-04-17 07:15:05 --> Session: Class initialized using 'CodeIgniter\Session\Handlers\FileHandler' driver.
DEBUG - 2026-04-17 07:15:05 --> Session: Class initialized using 'CodeIgniter\Session\Handlers\FileHandler' driver.
DEBUG - 2026-04-17 07:15:14 --> Session: Class initialized using 'CodeIgniter\Session\Handlers\FileHandler' driver.
DEBUG - 2026-04-17 07:16:18 --> Session: Class initialized using 'CodeIgniter\Session\Handlers\FileHandler' driver.
DEBUG - 2026-04-17 07:17:46 --> Session: Class initialized using 'CodeIgniter\Session\Handlers\FileHandler' driver.
DEBUG - 2026-04-17 07:18:06 --> Session: Class initialized using 'CodeIgniter\Session\Handlers\FileHandler' driver.
DEBUG - 2026-04-17 07:18:10 --> Session: Class initialized using 'CodeIgniter\Session\Handlers\FileHandler' driver.
DEBUG - 2026-04-17 07:18:13 --> Session: Class initialized using 'CodeIgniter\Session\Handlers\FileHandler' driver.
DEBUG - 2026-04-17 07:18:17 --> Session: Class initialized using 'CodeIgniter\Session\Handlers\FileHandler' driver.
DEBUG - 2026-04-17 07:18:30 --> Session: Class initialized using 'CodeIgniter\Session\Handlers\FileHandler' driver.
DEBUG - 2026-04-17 07:18:35 --> Session: Class initialized using 'CodeIgniter\Session\Handlers\FileHandler' driver.
DEBUG - 2026-04-17 07:18:40 --> Session: Class initialized using 'CodeIgniter\Session\Handlers\FileHandler' driver.
DEBUG - 2026-04-17 07:18:43 --> Session: Class initialized using 'CodeIgniter\Session\Handlers\FileHandler' driver.
DEBUG - 2026-04-17 07:18:46 --> Session: Class initialized using 'CodeIgniter\Session\Handlers\FileHandler' driver.
DEBUG - 2026-04-17 07:18:56 --> Session: Class initialized using 'CodeIgniter\Session\Handlers\FileHandler' driver.
DEBUG - 2026-04-17 07:19:01 --> Session: Class initialized using 'CodeIgniter\Session\Handlers\FileHandler' driver.
DEBUG - 2026-04-17 07:19:08 --> Session: Class initialized using 'CodeIgniter\Session\Handlers\FileHandler' driver.
DEBUG - 2026-04-17 07:19:18 --> Session: Class initialized using 'CodeIgniter\Session\Handlers\FileHandler' driver.
DEBUG - 2026-04-17 07:19:20 --> Session: Class initialized using 'CodeIgniter\Session\Handlers\FileHandler' driver.
DEBUG - 2026-04-17 07:19:21 --> Session: Class initialized using 'CodeIgniter\Session\Handlers\FileHandler' driver.
DEBUG - 2026-04-17 07:19:27 --> Session: Class initialized using 'CodeIgniter\Session\Handlers\FileHandler' driver.
DEBUG - 2026-04-17 07:19:32 --> Session: Class initialized using 'CodeIgniter\Session\Handlers\FileHandler' driver.
DEBUG - 2026-04-17 07:19:38 --> Session: Class initialized using 'CodeIgniter\Session\Handlers\FileHandler' driver.
DEBUG - 2026-04-17 07:19:43 --> Session: Class initialized using 'CodeIgniter\Session\Handlers\FileHandler' driver.
DEBUG - 2026-04-17 07:20:03 --> Session: Class initialized using 'CodeIgniter\Session\Handlers\FileHandler' driver.
DEBUG - 2026-04-17 07:20:08 --> Session: Class initialized using 'CodeIgniter\Session\Handlers\FileHandler' driver.
DEBUG - 2026-04-17 07:20:58 --> Session: Class initialized using 'CodeIgniter\Session\Handlers\FileHandler' driver.
DEBUG - 2026-04-17 07:20:58 --> Session: Class initialized using 'CodeIgniter\Session\Handlers\FileHandler' driver.
DEBUG - 2026-04-17 07:21:06 --> Session: Class initialized using 'CodeIgniter\Session\Handlers\FileHandler' driver.
DEBUG - 2026-04-17 07:21:10 --> Session: Class initialized using 'CodeIgniter\Session\Handlers\FileHandler' driver.
DEBUG - 2026-04-17 07:21:15 --> Session: Class initialized using 'CodeIgniter\Session\Handlers\FileHandler' driver.
DEBUG - 2026-04-17 07:21:15 --> Session: Class initialized using 'CodeIgniter\Session\Handlers\FileHandler' driver.
DEBUG - 2026-04-17 07:21:23 --> Session: Class initialized using 'CodeIgniter\Session\Handlers\FileHandler' driver.
DEBUG - 2026-04-17 07:22:06 --> Session: Class initialized using 'CodeIgniter\Session\Handlers\FileHandler' driver.
DEBUG - 2026-04-17 07:22:15 --> Session: Class initialized using 'CodeIgniter\Session\Handlers\FileHandler' driver.
DEBUG - 2026-04-17 07:22:16 --> Session: Class initialized using 'CodeIgniter\Session\Handlers\FileHandler' driver.
DEBUG - 2026-04-17 07:22:20 --> Session: Class initialized using 'CodeIgniter\Session\Handlers\FileHandler' driver.
DEBUG - 2026-04-17 07:22:39 --> Session: Class initialized using 'CodeIgniter\Session\Handlers\FileHandler' driver.
DEBUG - 2026-04-17 07:22:42 --> Session: Class initialized using 'CodeIgniter\Session\Handlers\FileHandler' driver.
DEBUG - 2026-04-17 07:22:51 --> Session: Class initialized using 'CodeIgniter\Session\Handlers\FileHandler' driver.
DEBUG - 2026-04-17 07:22:51 --> Session: Class initialized using 'CodeIgniter\Session\Handlers\FileHandler' driver.
DEBUG - 2026-04-17 07:23:05 --> Session: Class initialized using 'CodeIgniter\Session\Handlers\FileHandler' driver.
DEBUG - 2026-04-17 07:23:05 --> Session: Class initialized using 'CodeIgniter\Session\Handlers\FileHandler' driver.
DEBUG - 2026-04-17 07:23:11 --> Session: Class initialized using 'CodeIgniter\Session\Handlers\FileHandler' driver.
DEBUG - 2026-04-17 07:23:12 --> Session: Class initialized using 'CodeIgniter\Session\Handlers\FileHandler' driver.
DEBUG - 2026-04-17 07:23:23 --> Session: Class initialized using 'CodeIgniter\Session\Handlers\FileHandler' driver.
DEBUG - 2026-04-17 07:23:26 --> Session: Class initialized using 'CodeIgniter\Session\Handlers\FileHandler' driver.
DEBUG - 2026-04-17 07:23:29 --> Session: Class initialized using 'CodeIgniter\Session\Handlers\FileHandler' driver.
DEBUG - 2026-04-17 07:23:31 --> Session: Class initialized using 'CodeIgniter\Session\Handlers\FileHandler' driver.
DEBUG - 2026-04-17 07:23:33 --> Session: Class initialized using 'CodeIgniter\Session\Handlers\FileHandler' driver.
DEBUG - 2026-04-17 07:23:34 --> Session: Class initialized using 'CodeIgniter\Session\Handlers\FileHandler' driver.
DEBUG - 2026-04-17 07:23:47 --> Session: Class initialized using 'CodeIgniter\Session\Handlers\FileHandler' driver.
DEBUG - 2026-04-17 07:24:13 --> Session: Class initialized using 'CodeIgniter\Session\Handlers\FileHandler' driver.
DEBUG - 2026-04-17 07:24:15 --> Session: Class initialized using 'CodeIgniter\Session\Handlers\FileHandler' driver.
DEBUG - 2026-04-17 07:24:43 --> Session: Class initialized using 'CodeIgniter\Session\Handlers\FileHandler' driver.
DEBUG - 2026-04-17 07:24:56 --> Session: Class initialized using 'CodeIgniter\Session\Handlers\FileHandler' driver.
DEBUG - 2026-04-17 07:25:07 --> Session: Class initialized using 'CodeIgniter\Session\Handlers\FileHandler' driver.
DEBUG - 2026-04-17 07:25:28 --> Session: Class initialized using 'CodeIgniter\Session\Handlers\FileHandler' driver.
DEBUG - 2026-04-17 07:25:48 --> Session: Class initialized using 'CodeIgniter\Session\Handlers\FileHandler' driver.
DEBUG - 2026-04-17 07:25:51 --> Session: Class initialized using 'CodeIgniter\Session\Handlers\FileHandler' driver.
DEBUG - 2026-04-17 07:25:53 --> Session: Class initialized using 'CodeIgniter\Session\Handlers\FileHandler' driver.
DEBUG - 2026-04-17 07:25:58 --> Session: Class initialized using 'CodeIgniter\Session\Handlers\FileHandler' driver.
DEBUG - 2026-04-17 07:26:17 --> Session: Class initialized using 'CodeIgniter\Session\Handlers\FileHandler' driver.
DEBUG - 2026-04-17 07:26:21 --> Session: Class initialized using 'CodeIgniter\Session\Handlers\FileHandler' driver.
DEBUG - 2026-04-17 07:26:22 --> Session: Class initialized using 'CodeIgniter\Session\Handlers\FileHandler' driver.
DEBUG - 2026-04-17 07:26:57 --> Session: Class initialized using 'CodeIgniter\Session\Handlers\FileHandler' driver.
DEBUG - 2026-04-17 07:29:12 --> Session: Class initialized using 'CodeIgniter\Session\Handlers\FileHandler' driver.
DEBUG - 2026-04-17 07:30:10 --> Session: Class initialized using 'CodeIgniter\Session\Handlers\FileHandler' driver.
DEBUG - 2026-04-17 07:30:12 --> Session: Class initialized using 'CodeIgniter\Session\Handlers\FileHandler' driver.
DEBUG - 2026-04-17 07:30:13 --> Session: Class initialized using 'CodeIgniter\Session\Handlers\FileHandler' driver.
DEBUG - 2026-04-17 07:30:50 --> Session: Class initialized using 'CodeIgniter\Session\Handlers\FileHandler' driver.
DEBUG - 2026-04-17 07:30:52 --> Session: Class initialized using 'CodeIgniter\Session\Handlers\FileHandler' driver.
DEBUG - 2026-04-17 07:31:02 --> Session: Class initialized using 'CodeIgniter\Session\Handlers\FileHandler' driver.
DEBUG - 2026-04-17 07:31:57 --> Session: Class initialized using 'CodeIgniter\Session\Handlers\FileHandler' driver.
DEBUG - 2026-04-17 07:57:09 --> Session: Class initialized using 'CodeIgniter\Session\Handlers\FileHandler' driver.
DEBUG - 2026-04-17 07:57:12 --> Session: Class initialized using 'CodeIgniter\Session\Handlers\FileHandler' driver.
DEBUG - 2026-04-17 07:57:12 --> Session: Class initialized using 'CodeIgniter\Session\Handlers\FileHandler' driver.
DEBUG - 2026-04-17 07:57:52 --> Session: Class initialized using 'CodeIgniter\Session\Handlers\FileHandler' driver.
DEBUG - 2026-04-17 07:57:57 --> Session: Class initialized using 'CodeIgniter\Session\Handlers\FileHandler' driver.
DEBUG - 2026-04-17 07:58:00 --> Session: Class initialized using 'CodeIgniter\Session\Handlers\FileHandler' driver.
DEBUG - 2026-04-17 07:58:04 --> Session: Class initialized using 'CodeIgniter\Session\Handlers\FileHandler' driver.
DEBUG - 2026-04-17 07:58:05 --> Session: Class initialized using 'CodeIgniter\Session\Handlers\FileHandler' driver.
DEBUG - 2026-04-17 07:58:09 --> Session: Class initialized using 'CodeIgniter\Session\Handlers\FileHandler' driver.
DEBUG - 2026-04-17 07:58:12 --> Session: Class initialized using 'CodeIgniter\Session\Handlers\FileHandler' driver.
DEBUG - 2026-04-17 07:58:14 --> Session: Class initialized using 'CodeIgniter\Session\Handlers\FileHandler' driver.
DEBUG - 2026-04-17 08:00:08 --> Session: Class initialized using 'CodeIgniter\Session\Handlers\FileHandler' driver.
DEBUG - 2026-04-17 08:00:17 --> Session: Class initialized using 'CodeIgniter\Session\Handlers\FileHandler' driver.
DEBUG - 2026-04-17 08:00:21 --> Session: Class initialized using 'CodeIgniter\Session\Handlers\FileHandler' driver.
DEBUG - 2026-04-17 08:00:23 --> Session: Class initialized using 'CodeIgniter\Session\Handlers\FileHandler' driver.
DEBUG - 2026-04-17 08:00:25 --> Session: Class initialized using 'CodeIgniter\Session\Handlers\FileHandler' driver.
DEBUG - 2026-04-17 08:00:27 --> Session: Class initialized using 'CodeIgniter\Session\Handlers\FileHandler' driver.
DEBUG - 2026-04-17 08:00:33 --> Session: Class initialized using 'CodeIgniter\Session\Handlers\FileHandler' driver.
DEBUG - 2026-04-17 08:01:53 --> Session: Class initialized using 'CodeIgniter\Session\Handlers\FileHandler' driver.
DEBUG - 2026-04-17 08:01:57 --> Session: Class initialized using 'CodeIgniter\Session\Handlers\FileHandler' driver.
DEBUG - 2026-04-17 08:01:59 --> Session: Class initialized using 'CodeIgniter\Session\Handlers\FileHandler' driver.
DEBUG - 2026-04-17 08:02:01 --> Session: Class initialized using 'CodeIgniter\Session\Handlers\FileHandler' driver.
DEBUG - 2026-04-17 08:04:09 --> Session: Class initialized using 'CodeIgniter\Session\Handlers\FileHandler' driver.
DEBUG - 2026-04-17 08:04:24 --> Session: Class initialized using 'CodeIgniter\Session\Handlers\FileHandler' driver.
DEBUG - 2026-04-17 08:05:16 --> Session: Class initialized using 'CodeIgniter\Session\Handlers\FileHandler' driver.
DEBUG - 2026-04-17 08:05:32 --> Session: Class initialized using 'CodeIgniter\Session\Handlers\FileHandler' driver.
DEBUG - 2026-04-17 08:05:49 --> Session: Class initialized using 'CodeIgniter\Session\Handlers\FileHandler' driver.
DEBUG - 2026-04-17 08:05:54 --> Session: Class initialized using 'CodeIgniter\Session\Handlers\FileHandler' driver.
DEBUG - 2026-04-17 08:07:37 --> Session: Class initialized using 'CodeIgniter\Session\Handlers\FileHandler' driver.
DEBUG - 2026-04-17 08:07:39 --> Session: Class initialized using 'CodeIgniter\Session\Handlers\FileHandler' driver.
DEBUG - 2026-04-17 08:07:52 --> Session: Class initialized using 'CodeIgniter\Session\Handlers\FileHandler' driver.
DEBUG - 2026-04-17 08:07:54 --> Session: Class initialized using 'CodeIgniter\Session\Handlers\FileHandler' driver.
DEBUG - 2026-04-17 08:08:19 --> Session: Class initialized using 'CodeIgniter\Session\Handlers\FileHandler' driver.
DEBUG - 2026-04-17 08:08:21 --> Session: Class initialized using 'CodeIgniter\Session\Handlers\FileHandler' driver.
DEBUG - 2026-04-17 08:14:14 --> Session: Class initialized using 'CodeIgniter\Session\Handlers\FileHandler' driver.
DEBUG - 2026-04-17 08:14:30 --> Session: Class initialized using 'CodeIgniter\Session\Handlers\FileHandler' driver.
DEBUG - 2026-04-17 08:14:36 --> Session: Class initialized using 'CodeIgniter\Session\Handlers\FileHandler' driver.
DEBUG - 2026-04-17 08:16:45 --> Session: Class initialized using 'CodeIgniter\Session\Handlers\FileHandler' driver.
DEBUG - 2026-04-17 08:16:47 --> Session: Class initialized using 'CodeIgniter\Session\Handlers\FileHandler' driver.
DEBUG - 2026-04-17 08:16:48 --> Session: Class initialized using 'CodeIgniter\Session\Handlers\FileHandler' driver.
DEBUG - 2026-04-17 08:16:50 --> Session: Class initialized using 'CodeIgniter\Session\Handlers\FileHandler' driver.
DEBUG - 2026-04-17 08:16:53 --> Session: Class initialized using 'CodeIgniter\Session\Handlers\FileHandler' driver.
DEBUG - 2026-04-17 08:16:55 --> Session: Class initialized using 'CodeIgniter\Session\Handlers\FileHandler' driver.
DEBUG - 2026-04-17 08:24:31 --> Session: Class initialized using 'CodeIgniter\Session\Handlers\FileHandler' driver.
DEBUG - 2026-04-17 08:24:38 --> Session: Class initialized using 'CodeIgniter\Session\Handlers\FileHandler' driver.
DEBUG - 2026-04-17 08:24:41 --> Session: Class initialized using 'CodeIgniter\Session\Handlers\FileHandler' driver.
DEBUG - 2026-04-17 08:24:45 --> Session: Class initialized using 'CodeIgniter\Session\Handlers\FileHandler' driver.
DEBUG - 2026-04-17 09:14:20 --> Session: Class initialized using 'CodeIgniter\Session\Handlers\FileHandler' driver.
DEBUG - 2026-04-17 09:14:23 --> Session: Class initialized using 'CodeIgniter\Session\Handlers\FileHandler' driver.
DEBUG - 2026-04-17 09:14:29 --> Session: Class initialized using 'CodeIgniter\Session\Handlers\FileHandler' driver.
DEBUG - 2026-04-17 09:14:30 --> Session: Class initialized using 'CodeIgniter\Session\Handlers\FileHandler' driver.
DEBUG - 2026-04-17 09:14:32 --> Session: Class initialized using 'CodeIgniter\Session\Handlers\FileHandler' driver.
DEBUG - 2026-04-17 09:14:32 --> Session: Class initialized using 'CodeIgniter\Session\Handlers\FileHandler' driver.
DEBUG - 2026-04-17 09:14:35 --> Session: Class initialized using 'CodeIgniter\Session\Handlers\FileHandler' driver.
DEBUG - 2026-04-17 09:14:39 --> Session: Class initialized using 'CodeIgniter\Session\Handlers\FileHandler' driver.
DEBUG - 2026-04-17 09:38:28 --> Session: Class initialized using 'CodeIgniter\Session\Handlers\FileHandler' driver.
DEBUG - 2026-04-17 09:38:28 --> Session: Class initialized using 'CodeIgniter\Session\Handlers\FileHandler' driver.
DEBUG - 2026-04-17 09:38:35 --> Session: Class initialized using 'CodeIgniter\Session\Handlers\FileHandler' driver.
DEBUG - 2026-04-17 09:38:43 --> Session: Class initialized using 'CodeIgniter\Session\Handlers\FileHandler' driver.
DEBUG - 2026-04-17 09:45:36 --> Session: Class initialized using 'CodeIgniter\Session\Handlers\FileHandler' driver.
DEBUG - 2026-04-17 09:45:40 --> Session: Class initialized using 'CodeIgniter\Session\Handlers\FileHandler' driver.
DEBUG - 2026-04-17 09:46:01 --> Session: Class initialized using 'CodeIgniter\Session\Handlers\FileHandler' driver.
DEBUG - 2026-04-17 09:47:06 --> Session: Class initialized using 'CodeIgniter\Session\Handlers\FileHandler' driver.
DEBUG - 2026-04-17 09:47:12 --> Session: Class initialized using 'CodeIgniter\Session\Handlers\FileHandler' driver.
DEBUG - 2026-04-17 09:47:21 --> Session: Class initialized using 'CodeIgniter\Session\Handlers\FileHandler' driver.
DEBUG - 2026-04-17 09:47:25 --> Session: Class initialized using 'CodeIgniter\Session\Handlers\FileHandler' driver.
DEBUG - 2026-04-17 09:59:03 --> Session: Class initialized using 'CodeIgniter\Session\Handlers\FileHandler' driver.
DEBUG - 2026-04-17 09:59:13 --> Session: Class initialized using 'CodeIgniter\Session\Handlers\FileHandler' driver.
DEBUG - 2026-04-17 09:59:16 --> Session: Class initialized using 'CodeIgniter\Session\Handlers\FileHandler' driver.
DEBUG - 2026-04-17 09:59:18 --> Session: Class initialized using 'CodeIgniter\Session\Handlers\FileHandler' driver.
DEBUG - 2026-04-17 10:00:13 --> Session: Class initialized using 'CodeIgniter\Session\Handlers\FileHandler' driver.
ERROR - 2026-04-17 10:00:13 --> Table 'kaagapay_db.package_services' doesn't exist
in SYSTEMPATH\Database\MySQLi\Connection.php on line 300.
 1 SYSTEMPATH\Database\MySQLi\Connection.php(300): mysqli->query('INSERT INTO `package_services` (`package_id`, `service_list_id`) VALUES (2, 6)', 0)
 2 SYSTEMPATH\Database\BaseConnection.php(910): CodeIgniter\Database\MySQLi\Connection->execute('INSERT INTO `package_services` (`package_id`, `service_list_id`) VALUES (2, 6)')
 3 SYSTEMPATH\Database\BaseConnection.php(827): CodeIgniter\Database\BaseConnection->simpleQuery('INSERT INTO `package_services` (`package_id`, `service_list_id`) VALUES (2, 6)')
 4 SYSTEMPATH\Database\BaseBuilder.php(2345): CodeIgniter\Database\BaseConnection->query('INSERT INTO `package_services` (`package_id`, `service_list_id`) VALUES (:package_id:, :service_list_id:)', [...], false)
 5 SYSTEMPATH\Model.php(355): CodeIgniter\Database\BaseBuilder->insert()
 6 SYSTEMPATH\BaseModel.php(899): CodeIgniter\Model->doInsert([...])
 7 SYSTEMPATH\Model.php(668): CodeIgniter\BaseModel->insert([...], true)
 8 APPPATH\Controllers\BranchAdmin\PackageController.php(95): CodeIgniter\Model->insert([...])
 9 SYSTEMPATH\CodeIgniter.php(951): App\Controllers\BranchAdmin\PackageController->store()
10 SYSTEMPATH\CodeIgniter.php(497): CodeIgniter\CodeIgniter->runController(Object(App\Controllers\BranchAdmin\PackageController))
11 SYSTEMPATH\CodeIgniter.php(340): CodeIgniter\CodeIgniter->handleRequest(null, Object(Config\Cache), false)
12 SYSTEMPATH\Boot.php(417): CodeIgniter\CodeIgniter->run()
13 SYSTEMPATH\Boot.php(68): CodeIgniter\Boot::runCodeIgniter(Object(CodeIgniter\CodeIgniter))
14 FCPATH\index.php(59): CodeIgniter\Boot::bootWeb(Object(Config\Paths))
ERROR - 2026-04-17 10:00:13 --> Table 'kaagapay_db.package_services' doesn't exist
in SYSTEMPATH\Database\MySQLi\Connection.php on line 300.
 1 SYSTEMPATH\Database\MySQLi\Connection.php(300): mysqli->query('INSERT INTO `package_services` (`package_id`, `service_list_id`) VALUES (2, 1)', 0)
 2 SYSTEMPATH\Database\BaseConnection.php(910): CodeIgniter\Database\MySQLi\Connection->execute('INSERT INTO `package_services` (`package_id`, `service_list_id`) VALUES (2, 1)')
 3 SYSTEMPATH\Database\BaseConnection.php(827): CodeIgniter\Database\BaseConnection->simpleQuery('INSERT INTO `package_services` (`package_id`, `service_list_id`) VALUES (2, 1)')
 4 SYSTEMPATH\Database\BaseBuilder.php(2345): CodeIgniter\Database\BaseConnection->query('INSERT INTO `package_services` (`package_id`, `service_list_id`) VALUES (:package_id:, :service_list_id:)', [...], false)
 5 SYSTEMPATH\Model.php(355): CodeIgniter\Database\BaseBuilder->insert()
 6 SYSTEMPATH\BaseModel.php(899): CodeIgniter\Model->doInsert([...])
 7 SYSTEMPATH\Model.php(668): CodeIgniter\BaseModel->insert([...], true)
 8 APPPATH\Controllers\BranchAdmin\PackageController.php(95): CodeIgniter\Model->insert([...])
 9 SYSTEMPATH\CodeIgniter.php(951): App\Controllers\BranchAdmin\PackageController->store()
10 SYSTEMPATH\CodeIgniter.php(497): CodeIgniter\CodeIgniter->runController(Object(App\Controllers\BranchAdmin\PackageController))
11 SYSTEMPATH\CodeIgniter.php(340): CodeIgniter\CodeIgniter->handleRequest(null, Object(Config\Cache), false)
12 SYSTEMPATH\Boot.php(417): CodeIgniter\CodeIgniter->run()
13 SYSTEMPATH\Boot.php(68): CodeIgniter\Boot::runCodeIgniter(Object(CodeIgniter\CodeIgniter))
14 FCPATH\index.php(59): CodeIgniter\Boot::bootWeb(Object(Config\Paths))
ERROR - 2026-04-17 10:00:13 --> Table 'kaagapay_db.package_services' doesn't exist
in SYSTEMPATH\Database\MySQLi\Connection.php on line 300.
 1 SYSTEMPATH\Database\MySQLi\Connection.php(300): mysqli->query('INSERT INTO `package_services` (`package_id`, `service_list_id`) VALUES (2, 5)', 0)
 2 SYSTEMPATH\Database\BaseConnection.php(910): CodeIgniter\Database\MySQLi\Connection->execute('INSERT INTO `package_services` (`package_id`, `service_list_id`) VALUES (2, 5)')
 3 SYSTEMPATH\Database\BaseConnection.php(827): CodeIgniter\Database\BaseConnection->simpleQuery('INSERT INTO `package_services` (`package_id`, `service_list_id`) VALUES (2, 5)')
 4 SYSTEMPATH\Database\BaseBuilder.php(2345): CodeIgniter\Database\BaseConnection->query('INSERT INTO `package_services` (`package_id`, `service_list_id`) VALUES (:package_id:, :service_list_id:)', [...], false)
 5 SYSTEMPATH\Model.php(355): CodeIgniter\Database\BaseBuilder->insert()
 6 SYSTEMPATH\BaseModel.php(899): CodeIgniter\Model->doInsert([...])
 7 SYSTEMPATH\Model.php(668): CodeIgniter\BaseModel->insert([...], true)
 8 APPPATH\Controllers\BranchAdmin\PackageController.php(95): CodeIgniter\Model->insert([...])
 9 SYSTEMPATH\CodeIgniter.php(951): App\Controllers\BranchAdmin\PackageController->store()
10 SYSTEMPATH\CodeIgniter.php(497): CodeIgniter\CodeIgniter->runController(Object(App\Controllers\BranchAdmin\PackageController))
11 SYSTEMPATH\CodeIgniter.php(340): CodeIgniter\CodeIgniter->handleRequest(null, Object(Config\Cache), false)
12 SYSTEMPATH\Boot.php(417): CodeIgniter\CodeIgniter->run()
13 SYSTEMPATH\Boot.php(68): CodeIgniter\Boot::runCodeIgniter(Object(CodeIgniter\CodeIgniter))
14 FCPATH\index.php(59): CodeIgniter\Boot::bootWeb(Object(Config\Paths))
ERROR - 2026-04-17 10:00:13 --> Table 'kaagapay_db.package_services' doesn't exist
in SYSTEMPATH\Database\MySQLi\Connection.php on line 300.
 1 SYSTEMPATH\Database\MySQLi\Connection.php(300): mysqli->query('INSERT INTO `package_services` (`package_id`, `service_list_id`) VALUES (2, 2)', 0)
 2 SYSTEMPATH\Database\BaseConnection.php(910): CodeIgniter\Database\MySQLi\Connection->execute('INSERT INTO `package_services` (`package_id`, `service_list_id`) VALUES (2, 2)')
 3 SYSTEMPATH\Database\BaseConnection.php(827): CodeIgniter\Database\BaseConnection->simpleQuery('INSERT INTO `package_services` (`package_id`, `service_list_id`) VALUES (2, 2)')
 4 SYSTEMPATH\Database\BaseBuilder.php(2345): CodeIgniter\Database\BaseConnection->query('INSERT INTO `package_services` (`package_id`, `service_list_id`) VALUES (:package_id:, :service_list_id:)', [...], false)
 5 SYSTEMPATH\Model.php(355): CodeIgniter\Database\BaseBuilder->insert()
 6 SYSTEMPATH\BaseModel.php(899): CodeIgniter\Model->doInsert([...])
 7 SYSTEMPATH\Model.php(668): CodeIgniter\BaseModel->insert([...], true)
 8 APPPATH\Controllers\BranchAdmin\PackageController.php(95): CodeIgniter\Model->insert([...])
 9 SYSTEMPATH\CodeIgniter.php(951): App\Controllers\BranchAdmin\PackageController->store()
10 SYSTEMPATH\CodeIgniter.php(497): CodeIgniter\CodeIgniter->runController(Object(App\Controllers\BranchAdmin\PackageController))
11 SYSTEMPATH\CodeIgniter.php(340): CodeIgniter\CodeIgniter->handleRequest(null, Object(Config\Cache), false)
12 SYSTEMPATH\Boot.php(417): CodeIgniter\CodeIgniter->run()
13 SYSTEMPATH\Boot.php(68): CodeIgniter\Boot::runCodeIgniter(Object(CodeIgniter\CodeIgniter))
14 FCPATH\index.php(59): CodeIgniter\Boot::bootWeb(Object(Config\Paths))
ERROR - 2026-04-17 10:00:13 --> Table 'kaagapay_db.package_services' doesn't exist
in SYSTEMPATH\Database\MySQLi\Connection.php on line 300.
 1 SYSTEMPATH\Database\MySQLi\Connection.php(300): mysqli->query('INSERT INTO `package_services` (`package_id`, `service_list_id`) VALUES (2, 4)', 0)
 2 SYSTEMPATH\Database\BaseConnection.php(910): CodeIgniter\Database\MySQLi\Connection->execute('INSERT INTO `package_services` (`package_id`, `service_list_id`) VALUES (2, 4)')
 3 SYSTEMPATH\Database\BaseConnection.php(827): CodeIgniter\Database\BaseConnection->simpleQuery('INSERT INTO `package_services` (`package_id`, `service_list_id`) VALUES (2, 4)')
 4 SYSTEMPATH\Database\BaseBuilder.php(2345): CodeIgniter\Database\BaseConnection->query('INSERT INTO `package_services` (`package_id`, `service_list_id`) VALUES (:package_id:, :service_list_id:)', [...], false)
 5 SYSTEMPATH\Model.php(355): CodeIgniter\Database\BaseBuilder->insert()
 6 SYSTEMPATH\BaseModel.php(899): CodeIgniter\Model->doInsert([...])
 7 SYSTEMPATH\Model.php(668): CodeIgniter\BaseModel->insert([...], true)
 8 APPPATH\Controllers\BranchAdmin\PackageController.php(95): CodeIgniter\Model->insert([...])
 9 SYSTEMPATH\CodeIgniter.php(951): App\Controllers\BranchAdmin\PackageController->store()
10 SYSTEMPATH\CodeIgniter.php(497): CodeIgniter\CodeIgniter->runController(Object(App\Controllers\BranchAdmin\PackageController))
11 SYSTEMPATH\CodeIgniter.php(340): CodeIgniter\CodeIgniter->handleRequest(null, Object(Config\Cache), false)
12 SYSTEMPATH\Boot.php(417): CodeIgniter\CodeIgniter->run()
13 SYSTEMPATH\Boot.php(68): CodeIgniter\Boot::runCodeIgniter(Object(CodeIgniter\CodeIgniter))
14 FCPATH\index.php(59): CodeIgniter\Boot::bootWeb(Object(Config\Paths))
ERROR - 2026-04-17 10:00:13 --> Table 'kaagapay_db.package_services' doesn't exist
in SYSTEMPATH\Database\MySQLi\Connection.php on line 300.
 1 SYSTEMPATH\Database\MySQLi\Connection.php(300): mysqli->query('INSERT INTO `package_services` (`package_id`, `service_list_id`) VALUES (2, 3)', 0)
 2 SYSTEMPATH\Database\BaseConnection.php(910): CodeIgniter\Database\MySQLi\Connection->execute('INSERT INTO `package_services` (`package_id`, `service_list_id`) VALUES (2, 3)')
 3 SYSTEMPATH\Database\BaseConnection.php(827): CodeIgniter\Database\BaseConnection->simpleQuery('INSERT INTO `package_services` (`package_id`, `service_list_id`) VALUES (2, 3)')
 4 SYSTEMPATH\Database\BaseBuilder.php(2345): CodeIgniter\Database\BaseConnection->query('INSERT INTO `package_services` (`package_id`, `service_list_id`) VALUES (:package_id:, :service_list_id:)', [...], false)
 5 SYSTEMPATH\Model.php(355): CodeIgniter\Database\BaseBuilder->insert()
 6 SYSTEMPATH\BaseModel.php(899): CodeIgniter\Model->doInsert([...])
 7 SYSTEMPATH\Model.php(668): CodeIgniter\BaseModel->insert([...], true)
 8 APPPATH\Controllers\BranchAdmin\PackageController.php(95): CodeIgniter\Model->insert([...])
 9 SYSTEMPATH\CodeIgniter.php(951): App\Controllers\BranchAdmin\PackageController->store()
10 SYSTEMPATH\CodeIgniter.php(497): CodeIgniter\CodeIgniter->runController(Object(App\Controllers\BranchAdmin\PackageController))
11 SYSTEMPATH\CodeIgniter.php(340): CodeIgniter\CodeIgniter->handleRequest(null, Object(Config\Cache), false)
12 SYSTEMPATH\Boot.php(417): CodeIgniter\CodeIgniter->run()
13 SYSTEMPATH\Boot.php(68): CodeIgniter\Boot::runCodeIgniter(Object(CodeIgniter\CodeIgniter))
14 FCPATH\index.php(59): CodeIgniter\Boot::bootWeb(Object(Config\Paths))
DEBUG - 2026-04-17 10:00:14 --> Session: Class initialized using 'CodeIgniter\Session\Handlers\FileHandler' driver.
DEBUG - 2026-04-17 10:01:07 --> Session: Class initialized using 'CodeIgniter\Session\Handlers\FileHandler' driver.
DEBUG - 2026-04-17 10:01:23 --> Session: Class initialized using 'CodeIgniter\Session\Handlers\FileHandler' driver.
ERROR - 2026-04-17 10:01:23 --> Table 'kaagapay_db.package_services' doesn't exist
in SYSTEMPATH\Database\MySQLi\Connection.php on line 300.
 1 SYSTEMPATH\Database\MySQLi\Connection.php(300): mysqli->query('INSERT INTO `package_services` (`package_id`, `service_list_id`) VALUES (3, 6)', 0)
 2 SYSTEMPATH\Database\BaseConnection.php(910): CodeIgniter\Database\MySQLi\Connection->execute('INSERT INTO `package_services` (`package_id`, `service_list_id`) VALUES (3, 6)')
 3 SYSTEMPATH\Database\BaseConnection.php(827): CodeIgniter\Database\BaseConnection->simpleQuery('INSERT INTO `package_services` (`package_id`, `service_list_id`) VALUES (3, 6)')
 4 SYSTEMPATH\Database\BaseBuilder.php(2345): CodeIgniter\Database\BaseConnection->query('INSERT INTO `package_services` (`package_id`, `service_list_id`) VALUES (:package_id:, :service_list_id:)', [...], false)
 5 SYSTEMPATH\Model.php(355): CodeIgniter\Database\BaseBuilder->insert()
 6 SYSTEMPATH\BaseModel.php(899): CodeIgniter\Model->doInsert([...])
 7 SYSTEMPATH\Model.php(668): CodeIgniter\BaseModel->insert([...], true)
 8 APPPATH\Controllers\BranchAdmin\PackageController.php(95): CodeIgniter\Model->insert([...])
 9 SYSTEMPATH\CodeIgniter.php(951): App\Controllers\BranchAdmin\PackageController->store()
10 SYSTEMPATH\CodeIgniter.php(497): CodeIgniter\CodeIgniter->runController(Object(App\Controllers\BranchAdmin\PackageController))
11 SYSTEMPATH\CodeIgniter.php(340): CodeIgniter\CodeIgniter->handleRequest(null, Object(Config\Cache), false)
12 SYSTEMPATH\Boot.php(417): CodeIgniter\CodeIgniter->run()
13 SYSTEMPATH\Boot.php(68): CodeIgniter\Boot::runCodeIgniter(Object(CodeIgniter\CodeIgniter))
14 FCPATH\index.php(59): CodeIgniter\Boot::bootWeb(Object(Config\Paths))
ERROR - 2026-04-17 10:01:23 --> Table 'kaagapay_db.package_services' doesn't exist
in SYSTEMPATH\Database\MySQLi\Connection.php on line 300.
 1 SYSTEMPATH\Database\MySQLi\Connection.php(300): mysqli->query('INSERT INTO `package_services` (`package_id`, `service_list_id`) VALUES (3, 1)', 0)
 2 SYSTEMPATH\Database\BaseConnection.php(910): CodeIgniter\Database\MySQLi\Connection->execute('INSERT INTO `package_services` (`package_id`, `service_list_id`) VALUES (3, 1)')
 3 SYSTEMPATH\Database\BaseConnection.php(827): CodeIgniter\Database\BaseConnection->simpleQuery('INSERT INTO `package_services` (`package_id`, `service_list_id`) VALUES (3, 1)')
 4 SYSTEMPATH\Database\BaseBuilder.php(2345): CodeIgniter\Database\BaseConnection->query('INSERT INTO `package_services` (`package_id`, `service_list_id`) VALUES (:package_id:, :service_list_id:)', [...], false)
 5 SYSTEMPATH\Model.php(355): CodeIgniter\Database\BaseBuilder->insert()
 6 SYSTEMPATH\BaseModel.php(899): CodeIgniter\Model->doInsert([...])
 7 SYSTEMPATH\Model.php(668): CodeIgniter\BaseModel->insert([...], true)
 8 APPPATH\Controllers\BranchAdmin\PackageController.php(95): CodeIgniter\Model->insert([...])
 9 SYSTEMPATH\CodeIgniter.php(951): App\Controllers\BranchAdmin\PackageController->store()
10 SYSTEMPATH\CodeIgniter.php(497): CodeIgniter\CodeIgniter->runController(Object(App\Controllers\BranchAdmin\PackageController))
11 SYSTEMPATH\CodeIgniter.php(340): CodeIgniter\CodeIgniter->handleRequest(null, Object(Config\Cache), false)
12 SYSTEMPATH\Boot.php(417): CodeIgniter\CodeIgniter->run()
13 SYSTEMPATH\Boot.php(68): CodeIgniter\Boot::runCodeIgniter(Object(CodeIgniter\CodeIgniter))
14 FCPATH\index.php(59): CodeIgniter\Boot::bootWeb(Object(Config\Paths))
ERROR - 2026-04-17 10:01:23 --> Table 'kaagapay_db.package_services' doesn't exist
in SYSTEMPATH\Database\MySQLi\Connection.php on line 300.
 1 SYSTEMPATH\Database\MySQLi\Connection.php(300): mysqli->query('INSERT INTO `package_services` (`package_id`, `service_list_id`) VALUES (3, 5)', 0)
 2 SYSTEMPATH\Database\BaseConnection.php(910): CodeIgniter\Database\MySQLi\Connection->execute('INSERT INTO `package_services` (`package_id`, `service_list_id`) VALUES (3, 5)')
 3 SYSTEMPATH\Database\BaseConnection.php(827): CodeIgniter\Database\BaseConnection->simpleQuery('INSERT INTO `package_services` (`package_id`, `service_list_id`) VALUES (3, 5)')
 4 SYSTEMPATH\Database\BaseBuilder.php(2345): CodeIgniter\Database\BaseConnection->query('INSERT INTO `package_services` (`package_id`, `service_list_id`) VALUES (:package_id:, :service_list_id:)', [...], false)
 5 SYSTEMPATH\Model.php(355): CodeIgniter\Database\BaseBuilder->insert()
 6 SYSTEMPATH\BaseModel.php(899): CodeIgniter\Model->doInsert([...])
 7 SYSTEMPATH\Model.php(668): CodeIgniter\BaseModel->insert([...], true)
 8 APPPATH\Controllers\BranchAdmin\PackageController.php(95): CodeIgniter\Model->insert([...])
 9 SYSTEMPATH\CodeIgniter.php(951): App\Controllers\BranchAdmin\PackageController->store()
10 SYSTEMPATH\CodeIgniter.php(497): CodeIgniter\CodeIgniter->runController(Object(App\Controllers\BranchAdmin\PackageController))
11 SYSTEMPATH\CodeIgniter.php(340): CodeIgniter\CodeIgniter->handleRequest(null, Object(Config\Cache), false)
12 SYSTEMPATH\Boot.php(417): CodeIgniter\CodeIgniter->run()
13 SYSTEMPATH\Boot.php(68): CodeIgniter\Boot::runCodeIgniter(Object(CodeIgniter\CodeIgniter))
14 FCPATH\index.php(59): CodeIgniter\Boot::bootWeb(Object(Config\Paths))
ERROR - 2026-04-17 10:01:23 --> Table 'kaagapay_db.package_services' doesn't exist
in SYSTEMPATH\Database\MySQLi\Connection.php on line 300.
 1 SYSTEMPATH\Database\MySQLi\Connection.php(300): mysqli->query('INSERT INTO `package_services` (`package_id`, `service_list_id`) VALUES (3, 2)', 0)
 2 SYSTEMPATH\Database\BaseConnection.php(910): CodeIgniter\Database\MySQLi\Connection->execute('INSERT INTO `package_services` (`package_id`, `service_list_id`) VALUES (3, 2)')
 3 SYSTEMPATH\Database\BaseConnection.php(827): CodeIgniter\Database\BaseConnection->simpleQuery('INSERT INTO `package_services` (`package_id`, `service_list_id`) VALUES (3, 2)')
 4 SYSTEMPATH\Database\BaseBuilder.php(2345): CodeIgniter\Database\BaseConnection->query('INSERT INTO `package_services` (`package_id`, `service_list_id`) VALUES (:package_id:, :service_list_id:)', [...], false)
 5 SYSTEMPATH\Model.php(355): CodeIgniter\Database\BaseBuilder->insert()
 6 SYSTEMPATH\BaseModel.php(899): CodeIgniter\Model->doInsert([...])
 7 SYSTEMPATH\Model.php(668): CodeIgniter\BaseModel->insert([...], true)
 8 APPPATH\Controllers\BranchAdmin\PackageController.php(95): CodeIgniter\Model->insert([...])
 9 SYSTEMPATH\CodeIgniter.php(951): App\Controllers\BranchAdmin\PackageController->store()
10 SYSTEMPATH\CodeIgniter.php(497): CodeIgniter\CodeIgniter->runController(Object(App\Controllers\BranchAdmin\PackageController))
11 SYSTEMPATH\CodeIgniter.php(340): CodeIgniter\CodeIgniter->handleRequest(null, Object(Config\Cache), false)
12 SYSTEMPATH\Boot.php(417): CodeIgniter\CodeIgniter->run()
13 SYSTEMPATH\Boot.php(68): CodeIgniter\Boot::runCodeIgniter(Object(CodeIgniter\CodeIgniter))
14 FCPATH\index.php(59): CodeIgniter\Boot::bootWeb(Object(Config\Paths))
ERROR - 2026-04-17 10:01:23 --> Table 'kaagapay_db.package_services' doesn't exist
in SYSTEMPATH\Database\MySQLi\Connection.php on line 300.
 1 SYSTEMPATH\Database\MySQLi\Connection.php(300): mysqli->query('INSERT INTO `package_services` (`package_id`, `service_list_id`) VALUES (3, 4)', 0)
 2 SYSTEMPATH\Database\BaseConnection.php(910): CodeIgniter\Database\MySQLi\Connection->execute('INSERT INTO `package_services` (`package_id`, `service_list_id`) VALUES (3, 4)')
 3 SYSTEMPATH\Database\BaseConnection.php(827): CodeIgniter\Database\BaseConnection->simpleQuery('INSERT INTO `package_services` (`package_id`, `service_list_id`) VALUES (3, 4)')
 4 SYSTEMPATH\Database\BaseBuilder.php(2345): CodeIgniter\Database\BaseConnection->query('INSERT INTO `package_services` (`package_id`, `service_list_id`) VALUES (:package_id:, :service_list_id:)', [...], false)
 5 SYSTEMPATH\Model.php(355): CodeIgniter\Database\BaseBuilder->insert()
 6 SYSTEMPATH\BaseModel.php(899): CodeIgniter\Model->doInsert([...])
 7 SYSTEMPATH\Model.php(668): CodeIgniter\BaseModel->insert([...], true)
 8 APPPATH\Controllers\BranchAdmin\PackageController.php(95): CodeIgniter\Model->insert([...])
 9 SYSTEMPATH\CodeIgniter.php(951): App\Controllers\BranchAdmin\PackageController->store()
10 SYSTEMPATH\CodeIgniter.php(497): CodeIgniter\CodeIgniter->runController(Object(App\Controllers\BranchAdmin\PackageController))
11 SYSTEMPATH\CodeIgniter.php(340): CodeIgniter\CodeIgniter->handleRequest(null, Object(Config\Cache), false)
12 SYSTEMPATH\Boot.php(417): CodeIgniter\CodeIgniter->run()
13 SYSTEMPATH\Boot.php(68): CodeIgniter\Boot::runCodeIgniter(Object(CodeIgniter\CodeIgniter))
14 FCPATH\index.php(59): CodeIgniter\Boot::bootWeb(Object(Config\Paths))
ERROR - 2026-04-17 10:01:23 --> Table 'kaagapay_db.package_services' doesn't exist
in SYSTEMPATH\Database\MySQLi\Connection.php on line 300.
 1 SYSTEMPATH\Database\MySQLi\Connection.php(300): mysqli->query('INSERT INTO `package_services` (`package_id`, `service_list_id`) VALUES (3, 3)', 0)
 2 SYSTEMPATH\Database\BaseConnection.php(910): CodeIgniter\Database\MySQLi\Connection->execute('INSERT INTO `package_services` (`package_id`, `service_list_id`) VALUES (3, 3)')
 3 SYSTEMPATH\Database\BaseConnection.php(827): CodeIgniter\Database\BaseConnection->simpleQuery('INSERT INTO `package_services` (`package_id`, `service_list_id`) VALUES (3, 3)')
 4 SYSTEMPATH\Database\BaseBuilder.php(2345): CodeIgniter\Database\BaseConnection->query('INSERT INTO `package_services` (`package_id`, `service_list_id`) VALUES (:package_id:, :service_list_id:)', [...], false)
 5 SYSTEMPATH\Model.php(355): CodeIgniter\Database\BaseBuilder->insert()
 6 SYSTEMPATH\BaseModel.php(899): CodeIgniter\Model->doInsert([...])
 7 SYSTEMPATH\Model.php(668): CodeIgniter\BaseModel->insert([...], true)
 8 APPPATH\Controllers\BranchAdmin\PackageController.php(95): CodeIgniter\Model->insert([...])
 9 SYSTEMPATH\CodeIgniter.php(951): App\Controllers\BranchAdmin\PackageController->store()
10 SYSTEMPATH\CodeIgniter.php(497): CodeIgniter\CodeIgniter->runController(Object(App\Controllers\BranchAdmin\PackageController))
11 SYSTEMPATH\CodeIgniter.php(340): CodeIgniter\CodeIgniter->handleRequest(null, Object(Config\Cache), false)
12 SYSTEMPATH\Boot.php(417): CodeIgniter\CodeIgniter->run()
13 SYSTEMPATH\Boot.php(68): CodeIgniter\Boot::runCodeIgniter(Object(CodeIgniter\CodeIgniter))
14 FCPATH\index.php(59): CodeIgniter\Boot::bootWeb(Object(Config\Paths))
DEBUG - 2026-04-17 10:01:24 --> Session: Class initialized using 'CodeIgniter\Session\Handlers\FileHandler' driver.
DEBUG - 2026-04-17 10:04:01 --> Session: Class initialized using 'CodeIgniter\Session\Handlers\FileHandler' driver.
DEBUG - 2026-04-17 10:04:09 --> Session: Class initialized using 'CodeIgniter\Session\Handlers\FileHandler' driver.
DEBUG - 2026-04-17 10:04:17 --> Session: Class initialized using 'CodeIgniter\Session\Handlers\FileHandler' driver.
DEBUG - 2026-04-17 10:04:25 --> Session: Class initialized using 'CodeIgniter\Session\Handlers\FileHandler' driver.
DEBUG - 2026-04-17 10:05:25 --> Session: Class initialized using 'CodeIgniter\Session\Handlers\FileHandler' driver.
DEBUG - 2026-04-17 10:05:37 --> Session: Class initialized using 'CodeIgniter\Session\Handlers\FileHandler' driver.
DEBUG - 2026-04-17 10:05:40 --> Session: Class initialized using 'CodeIgniter\Session\Handlers\FileHandler' driver.
DEBUG - 2026-04-17 10:05:43 --> Session: Class initialized using 'CodeIgniter\Session\Handlers\FileHandler' driver.
DEBUG - 2026-04-17 10:05:44 --> Session: Class initialized using 'CodeIgniter\Session\Handlers\FileHandler' driver.
DEBUG - 2026-04-17 10:05:54 --> Session: Class initialized using 'CodeIgniter\Session\Handlers\FileHandler' driver.
DEBUG - 2026-04-17 10:05:54 --> Session: Class initialized using 'CodeIgniter\Session\Handlers\FileHandler' driver.
DEBUG - 2026-04-17 10:11:59 --> Session: Class initialized using 'CodeIgniter\Session\Handlers\FileHandler' driver.
DEBUG - 2026-04-17 10:13:58 --> Session: Class initialized using 'CodeIgniter\Session\Handlers\FileHandler' driver.
ERROR - 2026-04-17 10:13:58 --> Unknown column 'service_list_id' in 'field list'
in SYSTEMPATH\Database\MySQLi\Connection.php on line 300.
 1 SYSTEMPATH\Database\MySQLi\Connection.php(300): mysqli->query('INSERT INTO `package_services` (`package_id`, `service_list_id`) VALUES (4, 5)', 0)
 2 SYSTEMPATH\Database\BaseConnection.php(910): CodeIgniter\Database\MySQLi\Connection->execute('INSERT INTO `package_services` (`package_id`, `service_list_id`) VALUES (4, 5)')
 3 SYSTEMPATH\Database\BaseConnection.php(827): CodeIgniter\Database\BaseConnection->simpleQuery('INSERT INTO `package_services` (`package_id`, `service_list_id`) VALUES (4, 5)')
 4 SYSTEMPATH\Database\BaseBuilder.php(2345): CodeIgniter\Database\BaseConnection->query('INSERT INTO `package_services` (`package_id`, `service_list_id`) VALUES (:package_id:, :service_list_id:)', [...], false)
 5 SYSTEMPATH\Model.php(355): CodeIgniter\Database\BaseBuilder->insert()
 6 SYSTEMPATH\BaseModel.php(899): CodeIgniter\Model->doInsert([...])
 7 SYSTEMPATH\Model.php(668): CodeIgniter\BaseModel->insert([...], true)
 8 APPPATH\Controllers\BranchAdmin\PackageController.php(98): CodeIgniter\Model->insert([...])
 9 SYSTEMPATH\CodeIgniter.php(951): App\Controllers\BranchAdmin\PackageController->store()
10 SYSTEMPATH\CodeIgniter.php(497): CodeIgniter\CodeIgniter->runController(Object(App\Controllers\BranchAdmin\PackageController))
11 SYSTEMPATH\CodeIgniter.php(340): CodeIgniter\CodeIgniter->handleRequest(null, Object(Config\Cache), false)
12 SYSTEMPATH\Boot.php(417): CodeIgniter\CodeIgniter->run()
13 SYSTEMPATH\Boot.php(68): CodeIgniter\Boot::runCodeIgniter(Object(CodeIgniter\CodeIgniter))
14 FCPATH\index.php(59): CodeIgniter\Boot::bootWeb(Object(Config\Paths))
ERROR - 2026-04-17 10:13:58 --> Unknown column 'service_list_id' in 'field list'
in SYSTEMPATH\Database\MySQLi\Connection.php on line 300.
 1 SYSTEMPATH\Database\MySQLi\Connection.php(300): mysqli->query('INSERT INTO `package_services` (`package_id`, `service_list_id`) VALUES (4, 4)', 0)
 2 SYSTEMPATH\Database\BaseConnection.php(910): CodeIgniter\Database\MySQLi\Connection->execute('INSERT INTO `package_services` (`package_id`, `service_list_id`) VALUES (4, 4)')
 3 SYSTEMPATH\Database\BaseConnection.php(827): CodeIgniter\Database\BaseConnection->simpleQuery('INSERT INTO `package_services` (`package_id`, `service_list_id`) VALUES (4, 4)')
 4 SYSTEMPATH\Database\BaseBuilder.php(2345): CodeIgniter\Database\BaseConnection->query('INSERT INTO `package_services` (`package_id`, `service_list_id`) VALUES (:package_id:, :service_list_id:)', [...], false)
 5 SYSTEMPATH\Model.php(355): CodeIgniter\Database\BaseBuilder->insert()
 6 SYSTEMPATH\BaseModel.php(899): CodeIgniter\Model->doInsert([...])
 7 SYSTEMPATH\Model.php(668): CodeIgniter\BaseModel->insert([...], true)
 8 APPPATH\Controllers\BranchAdmin\PackageController.php(98): CodeIgniter\Model->insert([...])
 9 SYSTEMPATH\CodeIgniter.php(951): App\Controllers\BranchAdmin\PackageController->store()
10 SYSTEMPATH\CodeIgniter.php(497): CodeIgniter\CodeIgniter->runController(Object(App\Controllers\BranchAdmin\PackageController))
11 SYSTEMPATH\CodeIgniter.php(340): CodeIgniter\CodeIgniter->handleRequest(null, Object(Config\Cache), false)
12 SYSTEMPATH\Boot.php(417): CodeIgniter\CodeIgniter->run()
13 SYSTEMPATH\Boot.php(68): CodeIgniter\Boot::runCodeIgniter(Object(CodeIgniter\CodeIgniter))
14 FCPATH\index.php(59): CodeIgniter\Boot::bootWeb(Object(Config\Paths))
DEBUG - 2026-04-17 10:13:59 --> Session: Class initialized using 'CodeIgniter\Session\Handlers\FileHandler' driver.
DEBUG - 2026-04-17 10:15:18 --> Session: Class initialized using 'CodeIgniter\Session\Handlers\FileHandler' driver.
ERROR - 2026-04-17 10:15:18 --> Unknown column 'service_list_id' in 'field list'
in SYSTEMPATH\Database\MySQLi\Connection.php on line 300.
 1 SYSTEMPATH\Database\MySQLi\Connection.php(300): mysqli->query('INSERT INTO `package_services` (`package_id`, `service_list_id`) VALUES (5, 5)', 0)
 2 SYSTEMPATH\Database\BaseConnection.php(910): CodeIgniter\Database\MySQLi\Connection->execute('INSERT INTO `package_services` (`package_id`, `service_list_id`) VALUES (5, 5)')
 3 SYSTEMPATH\Database\BaseConnection.php(827): CodeIgniter\Database\BaseConnection->simpleQuery('INSERT INTO `package_services` (`package_id`, `service_list_id`) VALUES (5, 5)')
 4 SYSTEMPATH\Database\BaseBuilder.php(2345): CodeIgniter\Database\BaseConnection->query('INSERT INTO `package_services` (`package_id`, `service_list_id`) VALUES (:package_id:, :service_list_id:)', [...], false)
 5 SYSTEMPATH\Model.php(355): CodeIgniter\Database\BaseBuilder->insert()
 6 SYSTEMPATH\BaseModel.php(899): CodeIgniter\Model->doInsert([...])
 7 SYSTEMPATH\Model.php(668): CodeIgniter\BaseModel->insert([...], true)
 8 APPPATH\Controllers\BranchAdmin\PackageController.php(98): CodeIgniter\Model->insert([...])
 9 SYSTEMPATH\CodeIgniter.php(951): App\Controllers\BranchAdmin\PackageController->store()
10 SYSTEMPATH\CodeIgniter.php(497): CodeIgniter\CodeIgniter->runController(Object(App\Controllers\BranchAdmin\PackageController))
11 SYSTEMPATH\CodeIgniter.php(340): CodeIgniter\CodeIgniter->handleRequest(null, Object(Config\Cache), false)
12 SYSTEMPATH\Boot.php(417): CodeIgniter\CodeIgniter->run()
13 SYSTEMPATH\Boot.php(68): CodeIgniter\Boot::runCodeIgniter(Object(CodeIgniter\CodeIgniter))
14 FCPATH\index.php(59): CodeIgniter\Boot::bootWeb(Object(Config\Paths))
ERROR - 2026-04-17 10:15:18 --> Unknown column 'service_list_id' in 'field list'
in SYSTEMPATH\Database\MySQLi\Connection.php on line 300.
 1 SYSTEMPATH\Database\MySQLi\Connection.php(300): mysqli->query('INSERT INTO `package_services` (`package_id`, `service_list_id`) VALUES (5, 4)', 0)
 2 SYSTEMPATH\Database\BaseConnection.php(910): CodeIgniter\Database\MySQLi\Connection->execute('INSERT INTO `package_services` (`package_id`, `service_list_id`) VALUES (5, 4)')
 3 SYSTEMPATH\Database\BaseConnection.php(827): CodeIgniter\Database\BaseConnection->simpleQuery('INSERT INTO `package_services` (`package_id`, `service_list_id`) VALUES (5, 4)')
 4 SYSTEMPATH\Database\BaseBuilder.php(2345): CodeIgniter\Database\BaseConnection->query('INSERT INTO `package_services` (`package_id`, `service_list_id`) VALUES (:package_id:, :service_list_id:)', [...], false)
 5 SYSTEMPATH\Model.php(355): CodeIgniter\Database\BaseBuilder->insert()
 6 SYSTEMPATH\BaseModel.php(899): CodeIgniter\Model->doInsert([...])
 7 SYSTEMPATH\Model.php(668): CodeIgniter\BaseModel->insert([...], true)
 8 APPPATH\Controllers\BranchAdmin\PackageController.php(98): CodeIgniter\Model->insert([...])
 9 SYSTEMPATH\CodeIgniter.php(951): App\Controllers\BranchAdmin\PackageController->store()
10 SYSTEMPATH\CodeIgniter.php(497): CodeIgniter\CodeIgniter->runController(Object(App\Controllers\BranchAdmin\PackageController))
11 SYSTEMPATH\CodeIgniter.php(340): CodeIgniter\CodeIgniter->handleRequest(null, Object(Config\Cache), false)
12 SYSTEMPATH\Boot.php(417): CodeIgniter\CodeIgniter->run()
13 SYSTEMPATH\Boot.php(68): CodeIgniter\Boot::runCodeIgniter(Object(CodeIgniter\CodeIgniter))
14 FCPATH\index.php(59): CodeIgniter\Boot::bootWeb(Object(Config\Paths))
DEBUG - 2026-04-17 10:15:18 --> Session: Class initialized using 'CodeIgniter\Session\Handlers\FileHandler' driver.
DEBUG - 2026-04-17 10:29:56 --> Session: Class initialized using 'CodeIgniter\Session\Handlers\FileHandler' driver.
DEBUG - 2026-04-17 10:30:08 --> Session: Class initialized using 'CodeIgniter\Session\Handlers\FileHandler' driver.
DEBUG - 2026-04-17 10:30:09 --> Session: Class initialized using 'CodeIgniter\Session\Handlers\FileHandler' driver.
DEBUG - 2026-04-17 10:30:40 --> Session: Class initialized using 'CodeIgniter\Session\Handlers\FileHandler' driver.
DEBUG - 2026-04-17 10:30:42 --> Session: Class initialized using 'CodeIgniter\Session\Handlers\FileHandler' driver.
DEBUG - 2026-04-17 10:41:35 --> Session: Class initialized using 'CodeIgniter\Session\Handlers\FileHandler' driver.
DEBUG - 2026-04-17 10:42:08 --> Session: Class initialized using 'CodeIgniter\Session\Handlers\FileHandler' driver.
DEBUG - 2026-04-17 10:42:08 --> Session: Class initialized using 'CodeIgniter\Session\Handlers\FileHandler' driver.
DEBUG - 2026-04-17 10:42:12 --> Session: Class initialized using 'CodeIgniter\Session\Handlers\FileHandler' driver.
DEBUG - 2026-04-17 10:42:14 --> Session: Class initialized using 'CodeIgniter\Session\Handlers\FileHandler' driver.
DEBUG - 2026-04-17 10:42:20 --> Session: Class initialized using 'CodeIgniter\Session\Handlers\FileHandler' driver.
DEBUG - 2026-04-17 10:42:22 --> Session: Class initialized using 'CodeIgniter\Session\Handlers\FileHandler' driver.
DEBUG - 2026-04-17 10:42:25 --> Session: Class initialized using 'CodeIgniter\Session\Handlers\FileHandler' driver.
DEBUG - 2026-04-17 10:45:12 --> Session: Class initialized using 'CodeIgniter\Session\Handlers\FileHandler' driver.
DEBUG - 2026-04-17 10:53:55 --> Session: Class initialized using 'CodeIgniter\Session\Handlers\FileHandler' driver.
DEBUG - 2026-04-17 10:53:59 --> Session: Class initialized using 'CodeIgniter\Session\Handlers\FileHandler' driver.
DEBUG - 2026-04-17 10:54:08 --> Session: Class initialized using 'CodeIgniter\Session\Handlers\FileHandler' driver.
DEBUG - 2026-04-17 10:54:10 --> Session: Class initialized using 'CodeIgniter\Session\Handlers\FileHandler' driver.
DEBUG - 2026-04-17 10:54:14 --> Session: Class initialized using 'CodeIgniter\Session\Handlers\FileHandler' driver.
DEBUG - 2026-04-17 10:54:18 --> Session: Class initialized using 'CodeIgniter\Session\Handlers\FileHandler' driver.
DEBUG - 2026-04-17 10:54:19 --> Session: Class initialized using 'CodeIgniter\Session\Handlers\FileHandler' driver.
DEBUG - 2026-04-17 10:54:24 --> Session: Class initialized using 'CodeIgniter\Session\Handlers\FileHandler' driver.
DEBUG - 2026-04-17 10:54:32 --> Session: Class initialized using 'CodeIgniter\Session\Handlers\FileHandler' driver.
DEBUG - 2026-04-17 10:54:34 --> Session: Class initialized using 'CodeIgniter\Session\Handlers\FileHandler' driver.
DEBUG - 2026-04-17 10:54:35 --> Session: Class initialized using 'CodeIgniter\Session\Handlers\FileHandler' driver.
DEBUG - 2026-04-17 11:26:42 --> Session: Class initialized using 'CodeIgniter\Session\Handlers\FileHandler' driver.
DEBUG - 2026-04-17 11:26:45 --> Session: Class initialized using 'CodeIgniter\Session\Handlers\FileHandler' driver.
DEBUG - 2026-04-17 11:26:48 --> Session: Class initialized using 'CodeIgniter\Session\Handlers\FileHandler' driver.
DEBUG - 2026-04-17 11:26:57 --> Session: Class initialized using 'CodeIgniter\Session\Handlers\FileHandler' driver.
ERROR - 2026-04-17 11:26:57 --> Unknown column 'ps.service_list_id' in 'on clause'
in SYSTEMPATH\Database\MySQLi\Connection.php on line 300.
 1 SYSTEMPATH\Database\MySQLi\Connection.php(300): mysqli->query('SELECT `ps`.`package_id`, `sl`.`service_list_id`, `sl`.`service_name`, `sl`.`base_price`
FROM `package_services` `ps`
INNER JOIN `service_list` `sl` ON `sl`.`service_list_id` = `ps`.`service_list_id`
WHERE `sl`.`status` = \'active\'
ORDER BY `sl`.`service_name` ASC', 0)
 2 SYSTEMPATH\Database\BaseConnection.php(910): CodeIgniter\Database\MySQLi\Connection->execute('SELECT `ps`.`package_id`, `sl`.`service_list_id`, `sl`.`service_name`, `sl`.`base_price`
FROM `package_services` `ps`
INNER JOIN `service_list` `sl` ON `sl`.`service_list_id` = `ps`.`service_list_id`
WHERE `sl`.`status` = \'active\'
ORDER BY `sl`.`service_name` ASC')
 3 SYSTEMPATH\Database\BaseConnection.php(827): CodeIgniter\Database\BaseConnection->simpleQuery('SELECT `ps`.`package_id`, `sl`.`service_list_id`, `sl`.`service_name`, `sl`.`base_price`
FROM `package_services` `ps`
INNER JOIN `service_list` `sl` ON `sl`.`service_list_id` = `ps`.`service_list_id`
WHERE `sl`.`status` = \'active\'
ORDER BY `sl`.`service_name` ASC')
 4 SYSTEMPATH\Database\BaseBuilder.php(1649): CodeIgniter\Database\BaseConnection->query('SELECT `ps`.`package_id`, `sl`.`service_list_id`, `sl`.`service_name`, `sl`.`base_price`
FROM `package_services` `ps`
INNER JOIN `service_list` `sl` ON `sl`.`service_list_id` = `ps`.`service_list_id`
WHERE `sl`.`status` = :sl.status:
ORDER BY `sl`.`service_name` ASC', [...], false)
 5 APPPATH\Controllers\BranchAdmin\ServiceController.php(94): CodeIgniter\Database\BaseBuilder->get()
 6 SYSTEMPATH\CodeIgniter.php(951): App\Controllers\BranchAdmin\ServiceController->create()
 7 SYSTEMPATH\CodeIgniter.php(497): CodeIgniter\CodeIgniter->runController(Object(App\Controllers\BranchAdmin\ServiceController))
 8 SYSTEMPATH\CodeIgniter.php(340): CodeIgniter\CodeIgniter->handleRequest(null, Object(Config\Cache), false)
 9 SYSTEMPATH\Boot.php(417): CodeIgniter\CodeIgniter->run()
10 SYSTEMPATH\Boot.php(68): CodeIgniter\Boot::runCodeIgniter(Object(CodeIgniter\CodeIgniter))
11 FCPATH\index.php(59): CodeIgniter\Boot::bootWeb(Object(Config\Paths))
CRITICAL - 2026-04-17 11:26:57 --> CodeIgniter\Database\Exceptions\DatabaseException: Unknown column 'ps.service_list_id' in 'on clause'
[Method: GET, Route: branch-admin/service-package/schedule]
in SYSTEMPATH\Database\BaseConnection.php on line 865.
 1 SYSTEMPATH\Database\BaseBuilder.php(1649): CodeIgniter\Database\BaseConnection->query('SELECT `ps`.`package_id`, `sl`.`service_list_id`, `sl`.`service_name`, `sl`.`base_price`
FROM `package_services` `ps`
INNER JOIN `service_list` `sl` ON `sl`.`service_list_id` = `ps`.`service_list_id`
WHERE `sl`.`status` = :sl.status:
ORDER BY `sl`.`service_name` ASC', [...], false)
 2 APPPATH\Controllers\BranchAdmin\ServiceController.php(94): CodeIgniter\Database\BaseBuilder->get()
 3 SYSTEMPATH\CodeIgniter.php(951): App\Controllers\BranchAdmin\ServiceController->create()
 4 SYSTEMPATH\CodeIgniter.php(497): CodeIgniter\CodeIgniter->runController(Object(App\Controllers\BranchAdmin\ServiceController))
 5 SYSTEMPATH\CodeIgniter.php(340): CodeIgniter\CodeIgniter->handleRequest(null, Object(Config\Cache), false)
 6 SYSTEMPATH\Boot.php(417): CodeIgniter\CodeIgniter->run()
 7 SYSTEMPATH\Boot.php(68): CodeIgniter\Boot::runCodeIgniter(Object(CodeIgniter\CodeIgniter))
 8 FCPATH\index.php(59): CodeIgniter\Boot::bootWeb(Object(Config\Paths))
CRITICAL - 2026-04-17 11:26:57 --> [Caused by] CodeIgniter\Database\Exceptions\DatabaseException: Unknown column 'ps.service_list_id' in 'on clause'
in SYSTEMPATH\Database\MySQLi\Connection.php on line 310.
 1 SYSTEMPATH\Database\BaseConnection.php(910): CodeIgniter\Database\MySQLi\Connection->execute('SELECT `ps`.`package_id`, `sl`.`service_list_id`, `sl`.`service_name`, `sl`.`base_price`
FROM `package_services` `ps`
INNER JOIN `service_list` `sl` ON `sl`.`service_list_id` = `ps`.`service_list_id`
WHERE `sl`.`status` = \'active\'
ORDER BY `sl`.`service_name` ASC')
 2 SYSTEMPATH\Database\BaseConnection.php(827): CodeIgniter\Database\BaseConnection->simpleQuery('SELECT `ps`.`package_id`, `sl`.`service_list_id`, `sl`.`service_name`, `sl`.`base_price`
FROM `package_services` `ps`
INNER JOIN `service_list` `sl` ON `sl`.`service_list_id` = `ps`.`service_list_id`
WHERE `sl`.`status` = \'active\'
ORDER BY `sl`.`service_name` ASC')
 3 SYSTEMPATH\Database\BaseBuilder.php(1649): CodeIgniter\Database\BaseConnection->query('SELECT `ps`.`package_id`, `sl`.`service_list_id`, `sl`.`service_name`, `sl`.`base_price`
FROM `package_services` `ps`
INNER JOIN `service_list` `sl` ON `sl`.`service_list_id` = `ps`.`service_list_id`
WHERE `sl`.`status` = :sl.status:
ORDER BY `sl`.`service_name` ASC', [...], false)
 4 APPPATH\Controllers\BranchAdmin\ServiceController.php(94): CodeIgniter\Database\BaseBuilder->get()
 5 SYSTEMPATH\CodeIgniter.php(951): App\Controllers\BranchAdmin\ServiceController->create()
 6 SYSTEMPATH\CodeIgniter.php(497): CodeIgniter\CodeIgniter->runController(Object(App\Controllers\BranchAdmin\ServiceController))
 7 SYSTEMPATH\CodeIgniter.php(340): CodeIgniter\CodeIgniter->handleRequest(null, Object(Config\Cache), false)
 8 SYSTEMPATH\Boot.php(417): CodeIgniter\CodeIgniter->run()
 9 SYSTEMPATH\Boot.php(68): CodeIgniter\Boot::runCodeIgniter(Object(CodeIgniter\CodeIgniter))
10 FCPATH\index.php(59): CodeIgniter\Boot::bootWeb(Object(Config\Paths))
CRITICAL - 2026-04-17 11:26:57 --> [Caused by] mysqli_sql_exception: Unknown column 'ps.service_list_id' in 'on clause'
in SYSTEMPATH\Database\MySQLi\Connection.php on line 300.
 1 SYSTEMPATH\Database\MySQLi\Connection.php(300): mysqli->query('SELECT `ps`.`package_id`, `sl`.`service_list_id`, `sl`.`service_name`, `sl`.`base_price`
FROM `package_services` `ps`
INNER JOIN `service_list` `sl` ON `sl`.`service_list_id` = `ps`.`service_list_id`
WHERE `sl`.`status` = \'active\'
ORDER BY `sl`.`service_name` ASC', 0)
 2 SYSTEMPATH\Database\BaseConnection.php(910): CodeIgniter\Database\MySQLi\Connection->execute('SELECT `ps`.`package_id`, `sl`.`service_list_id`, `sl`.`service_name`, `sl`.`base_price`
FROM `package_services` `ps`
INNER JOIN `service_list` `sl` ON `sl`.`service_list_id` = `ps`.`service_list_id`
WHERE `sl`.`status` = \'active\'
ORDER BY `sl`.`service_name` ASC')
 3 SYSTEMPATH\Database\BaseConnection.php(827): CodeIgniter\Database\BaseConnection->simpleQuery('SELECT `ps`.`package_id`, `sl`.`service_list_id`, `sl`.`service_name`, `sl`.`base_price`
FROM `package_services` `ps`
INNER JOIN `service_list` `sl` ON `sl`.`service_list_id` = `ps`.`service_list_id`
WHERE `sl`.`status` = \'active\'
ORDER BY `sl`.`service_name` ASC')
 4 SYSTEMPATH\Database\BaseBuilder.php(1649): CodeIgniter\Database\BaseConnection->query('SELECT `ps`.`package_id`, `sl`.`service_list_id`, `sl`.`service_name`, `sl`.`base_price`
FROM `package_services` `ps`
INNER JOIN `service_list` `sl` ON `sl`.`service_list_id` = `ps`.`service_list_id`
WHERE `sl`.`status` = :sl.status:
ORDER BY `sl`.`service_name` ASC', [...], false)
 5 APPPATH\Controllers\BranchAdmin\ServiceController.php(94): CodeIgniter\Database\BaseBuilder->get()
 6 SYSTEMPATH\CodeIgniter.php(951): App\Controllers\BranchAdmin\ServiceController->create()
 7 SYSTEMPATH\CodeIgniter.php(497): CodeIgniter\CodeIgniter->runController(Object(App\Controllers\BranchAdmin\ServiceController))
 8 SYSTEMPATH\CodeIgniter.php(340): CodeIgniter\CodeIgniter->handleRequest(null, Object(Config\Cache), false)
 9 SYSTEMPATH\Boot.php(417): CodeIgniter\CodeIgniter->run()
10 SYSTEMPATH\Boot.php(68): CodeIgniter\Boot::runCodeIgniter(Object(CodeIgniter\CodeIgniter))
11 FCPATH\index.php(59): CodeIgniter\Boot::bootWeb(Object(Config\Paths))
DEBUG - 2026-04-17 11:27:59 --> Session: Class initialized using 'CodeIgniter\Session\Handlers\FileHandler' driver.
DEBUG - 2026-04-17 11:28:19 --> Session: Class initialized using 'CodeIgniter\Session\Handlers\FileHandler' driver.
DEBUG - 2026-04-17 12:03:33 --> Session: Class initialized using 'CodeIgniter\Session\Handlers\FileHandler' driver.
DEBUG - 2026-04-17 12:42:21 --> Session: Class initialized using 'CodeIgniter\Session\Handlers\FileHandler' driver.
DEBUG - 2026-04-17 16:53:58 --> Session: Class initialized using 'CodeIgniter\Session\Handlers\FileHandler' driver.
DEBUG - 2026-04-17 16:54:03 --> Session: Class initialized using 'CodeIgniter\Session\Handlers\FileHandler' driver.
DEBUG - 2026-04-17 16:54:03 --> Session: Class initialized using 'CodeIgniter\Session\Handlers\FileHandler' driver.
DEBUG - 2026-04-17 16:56:43 --> Session: Class initialized using 'CodeIgniter\Session\Handlers\FileHandler' driver.
DEBUG - 2026-04-17 17:00:45 --> Session: Class initialized using 'CodeIgniter\Session\Handlers\FileHandler' driver.
DEBUG - 2026-04-17 17:00:52 --> Session: Class initialized using 'CodeIgniter\Session\Handlers\FileHandler' driver.
DEBUG - 2026-04-17 17:03:41 --> Session: Class initialized using 'CodeIgniter\Session\Handlers\FileHandler' driver.
DEBUG - 2026-04-17 17:03:45 --> Session: Class initialized using 'CodeIgniter\Session\Handlers\FileHandler' driver.
DEBUG - 2026-04-17 17:03:46 --> Session: Class initialized using 'CodeIgniter\Session\Handlers\FileHandler' driver.
DEBUG - 2026-04-17 17:03:48 --> Session: Class initialized using 'CodeIgniter\Session\Handlers\FileHandler' driver.
DEBUG - 2026-04-17 17:04:08 --> Session: Class initialized using 'CodeIgniter\Session\Handlers\FileHandler' driver.
DEBUG - 2026-04-17 17:04:11 --> Session: Class initialized using 'CodeIgniter\Session\Handlers\FileHandler' driver.
DEBUG - 2026-04-17 17:04:12 --> Session: Class initialized using 'CodeIgniter\Session\Handlers\FileHandler' driver.
DEBUG - 2026-04-17 17:04:17 --> Session: Class initialized using 'CodeIgniter\Session\Handlers\FileHandler' driver.
DEBUG - 2026-04-17 17:04:18 --> Session: Class initialized using 'CodeIgniter\Session\Handlers\FileHandler' driver.
DEBUG - 2026-04-17 17:04:19 --> Session: Class initialized using 'CodeIgniter\Session\Handlers\FileHandler' driver.
DEBUG - 2026-04-17 17:04:20 --> Session: Class initialized using 'CodeIgniter\Session\Handlers\FileHandler' driver.
DEBUG - 2026-04-17 17:04:26 --> Session: Class initialized using 'CodeIgniter\Session\Handlers\FileHandler' driver.
DEBUG - 2026-04-17 17:04:26 --> Session: Class initialized using 'CodeIgniter\Session\Handlers\FileHandler' driver.
DEBUG - 2026-04-17 17:04:31 --> Session: Class initialized using 'CodeIgniter\Session\Handlers\FileHandler' driver.
DEBUG - 2026-04-17 17:04:44 --> Session: Class initialized using 'CodeIgniter\Session\Handlers\FileHandler' driver.
DEBUG - 2026-04-17 17:11:21 --> Session: Class initialized using 'CodeIgniter\Session\Handlers\FileHandler' driver.
DEBUG - 2026-04-17 17:11:22 --> Session: Class initialized using 'CodeIgniter\Session\Handlers\FileHandler' driver.
DEBUG - 2026-04-17 17:11:24 --> Session: Class initialized using 'CodeIgniter\Session\Handlers\FileHandler' driver.
DEBUG - 2026-04-17 17:11:25 --> Session: Class initialized using 'CodeIgniter\Session\Handlers\FileHandler' driver.
DEBUG - 2026-04-17 17:15:48 --> Session: Class initialized using 'CodeIgniter\Session\Handlers\FileHandler' driver.
DEBUG - 2026-04-17 17:17:00 --> Session: Class initialized using 'CodeIgniter\Session\Handlers\FileHandler' driver.
DEBUG - 2026-04-17 17:17:09 --> Session: Class initialized using 'CodeIgniter\Session\Handlers\FileHandler' driver.
DEBUG - 2026-04-17 17:17:15 --> Session: Class initialized using 'CodeIgniter\Session\Handlers\FileHandler' driver.
DEBUG - 2026-04-17 17:17:23 --> Session: Class initialized using 'CodeIgniter\Session\Handlers\FileHandler' driver.
DEBUG - 2026-04-17 17:17:30 --> Session: Class initialized using 'CodeIgniter\Session\Handlers\FileHandler' driver.
DEBUG - 2026-04-17 17:17:33 --> Session: Class initialized using 'CodeIgniter\Session\Handlers\FileHandler' driver.
DEBUG - 2026-04-17 17:17:33 --> Session: Class initialized using 'CodeIgniter\Session\Handlers\FileHandler' driver.
DEBUG - 2026-04-17 17:17:42 --> Session: Class initialized using 'CodeIgniter\Session\Handlers\FileHandler' driver.
DEBUG - 2026-04-17 17:17:42 --> Session: Class initialized using 'CodeIgniter\Session\Handlers\FileHandler' driver.
DEBUG - 2026-04-17 17:17:45 --> Session: Class initialized using 'CodeIgniter\Session\Handlers\FileHandler' driver.
DEBUG - 2026-04-17 17:17:46 --> Session: Class initialized using 'CodeIgniter\Session\Handlers\FileHandler' driver.
DEBUG - 2026-04-17 17:17:47 --> Session: Class initialized using 'CodeIgniter\Session\Handlers\FileHandler' driver.
DEBUG - 2026-04-17 17:17:54 --> Session: Class initialized using 'CodeIgniter\Session\Handlers\FileHandler' driver.
DEBUG - 2026-04-17 17:17:55 --> Session: Class initialized using 'CodeIgniter\Session\Handlers\FileHandler' driver.
DEBUG - 2026-04-17 17:18:00 --> Session: Class initialized using 'CodeIgniter\Session\Handlers\FileHandler' driver.
DEBUG - 2026-04-17 17:18:00 --> Session: Class initialized using 'CodeIgniter\Session\Handlers\FileHandler' driver.
DEBUG - 2026-04-17 17:18:03 --> Session: Class initialized using 'CodeIgniter\Session\Handlers\FileHandler' driver.
DEBUG - 2026-04-17 17:18:13 --> Session: Class initialized using 'CodeIgniter\Session\Handlers\FileHandler' driver.
DEBUG - 2026-04-17 17:20:57 --> Session: Class initialized using 'CodeIgniter\Session\Handlers\FileHandler' driver.
DEBUG - 2026-04-17 17:21:17 --> Session: Class initialized using 'CodeIgniter\Session\Handlers\FileHandler' driver.
DEBUG - 2026-04-17 17:21:19 --> Session: Class initialized using 'CodeIgniter\Session\Handlers\FileHandler' driver.
DEBUG - 2026-04-17 17:22:52 --> Session: Class initialized using 'CodeIgniter\Session\Handlers\FileHandler' driver.
DEBUG - 2026-04-17 17:22:55 --> Session: Class initialized using 'CodeIgniter\Session\Handlers\FileHandler' driver.
DEBUG - 2026-04-17 17:23:40 --> Session: Class initialized using 'CodeIgniter\Session\Handlers\FileHandler' driver.
DEBUG - 2026-04-17 17:25:29 --> Session: Class initialized using 'CodeIgniter\Session\Handlers\FileHandler' driver.
CRITICAL - 2026-04-17 17:25:29 --> CodeIgniter\View\Exceptions\ViewException: Invalid file: "dashboards/plan_holder.php"
[Method: GET, Route: dashboard/plan-holder]
in SYSTEMPATH\Exceptions\FrameworkException.php on line 39.
 1 SYSTEMPATH\View\View.php(228): CodeIgniter\Exceptions\FrameworkException::forInvalidFile('dashboards/plan_holder.php')
 2 SYSTEMPATH\Common.php(1250): CodeIgniter\View\View->render('dashboards/plan_holder', [], true)
 3 APPPATH\Controllers\Dashboard.php(88): view('dashboards/plan_holder', [...])
 4 SYSTEMPATH\CodeIgniter.php(951): App\Controllers\Dashboard->planHolder()
 5 SYSTEMPATH\CodeIgniter.php(497): CodeIgniter\CodeIgniter->runController(Object(App\Controllers\Dashboard))
 6 SYSTEMPATH\CodeIgniter.php(340): CodeIgniter\CodeIgniter->handleRequest(null, Object(Config\Cache), false)
 7 SYSTEMPATH\Boot.php(417): CodeIgniter\CodeIgniter->run()
 8 SYSTEMPATH\Boot.php(68): CodeIgniter\Boot::runCodeIgniter(Object(CodeIgniter\CodeIgniter))
 9 FCPATH\index.php(59): CodeIgniter\Boot::bootWeb(Object(Config\Paths))
DEBUG - 2026-04-17 17:26:39 --> Session: Class initialized using 'CodeIgniter\Session\Handlers\FileHandler' driver.
DEBUG - 2026-04-17 17:26:43 --> Session: Class initialized using 'CodeIgniter\Session\Handlers\FileHandler' driver.
DEBUG - 2026-04-17 17:31:06 --> Session: Class initialized using 'CodeIgniter\Session\Handlers\FileHandler' driver.
DEBUG - 2026-04-17 17:31:10 --> Session: Class initialized using 'CodeIgniter\Session\Handlers\FileHandler' driver.
ERROR - 2026-04-17 17:31:10 --> Unknown column 'ps.service_list_id' in 'where clause'
in SYSTEMPATH\Database\MySQLi\Connection.php on line 300.
 1 SYSTEMPATH\Database\MySQLi\Connection.php(300): mysqli->query('SELECT `ps`.`package_id`, `p`.`package_name`, `p`.`base_price`
FROM `package_services` `ps`
INNER JOIN `packages` `p` ON `p`.`package_id` = `ps`.`package_id`
WHERE `ps`.`service_list_id` = 6
ORDER BY `p`.`base_price` ASC
 LIMIT 1', 0)
 2 SYSTEMPATH\Database\BaseConnection.php(910): CodeIgniter\Database\MySQLi\Connection->execute('SELECT `ps`.`package_id`, `p`.`package_name`, `p`.`base_price`
FROM `package_services` `ps`
INNER JOIN `packages` `p` ON `p`.`package_id` = `ps`.`package_id`
WHERE `ps`.`service_list_id` = 6
ORDER BY `p`.`base_price` ASC
 LIMIT 1')
 3 SYSTEMPATH\Database\BaseConnection.php(827): CodeIgniter\Database\BaseConnection->simpleQuery('SELECT `ps`.`package_id`, `p`.`package_name`, `p`.`base_price`
FROM `package_services` `ps`
INNER JOIN `packages` `p` ON `p`.`package_id` = `ps`.`package_id`
WHERE `ps`.`service_list_id` = 6
ORDER BY `p`.`base_price` ASC
 LIMIT 1')
 4 SYSTEMPATH\Database\BaseBuilder.php(1649): CodeIgniter\Database\BaseConnection->query('SELECT `ps`.`package_id`, `p`.`package_name`, `p`.`base_price`
FROM `package_services` `ps`
INNER JOIN `packages` `p` ON `p`.`package_id` = `ps`.`package_id`
WHERE `ps`.`service_list_id` = :ps.service_list_id:
ORDER BY `p`.`base_price` ASC
 LIMIT 1', [...], false)
 5 APPPATH\Controllers\ServiceApplications.php(84): CodeIgniter\Database\BaseBuilder->get()
 6 SYSTEMPATH\CodeIgniter.php(951): App\Controllers\ServiceApplications->store()
 7 SYSTEMPATH\CodeIgniter.php(497): CodeIgniter\CodeIgniter->runController(Object(App\Controllers\ServiceApplications))
 8 SYSTEMPATH\CodeIgniter.php(340): CodeIgniter\CodeIgniter->handleRequest(null, Object(Config\Cache), false)
 9 SYSTEMPATH\Boot.php(417): CodeIgniter\CodeIgniter->run()
10 SYSTEMPATH\Boot.php(68): CodeIgniter\Boot::runCodeIgniter(Object(CodeIgniter\CodeIgniter))
11 FCPATH\index.php(59): CodeIgniter\Boot::bootWeb(Object(Config\Paths))
CRITICAL - 2026-04-17 17:31:10 --> CodeIgniter\Database\Exceptions\DatabaseException: Unknown column 'ps.service_list_id' in 'where clause'
[Method: POST, Route: service-applications/request]
in SYSTEMPATH\Database\BaseConnection.php on line 865.
 1 SYSTEMPATH\Database\BaseBuilder.php(1649): CodeIgniter\Database\BaseConnection->query('SELECT `ps`.`package_id`, `p`.`package_name`, `p`.`base_price`
FROM `package_services` `ps`
INNER JOIN `packages` `p` ON `p`.`package_id` = `ps`.`package_id`
WHERE `ps`.`service_list_id` = :ps.service_list_id:
ORDER BY `p`.`base_price` ASC
 LIMIT 1', [...], false)
 2 APPPATH\Controllers\ServiceApplications.php(84): CodeIgniter\Database\BaseBuilder->get()
 3 SYSTEMPATH\CodeIgniter.php(951): App\Controllers\ServiceApplications->store()
 4 SYSTEMPATH\CodeIgniter.php(497): CodeIgniter\CodeIgniter->runController(Object(App\Controllers\ServiceApplications))
 5 SYSTEMPATH\CodeIgniter.php(340): CodeIgniter\CodeIgniter->handleRequest(null, Object(Config\Cache), false)
 6 SYSTEMPATH\Boot.php(417): CodeIgniter\CodeIgniter->run()
 7 SYSTEMPATH\Boot.php(68): CodeIgniter\Boot::runCodeIgniter(Object(CodeIgniter\CodeIgniter))
 8 FCPATH\index.php(59): CodeIgniter\Boot::bootWeb(Object(Config\Paths))
CRITICAL - 2026-04-17 17:31:10 --> [Caused by] CodeIgniter\Database\Exceptions\DatabaseException: Unknown column 'ps.service_list_id' in 'where clause'
in SYSTEMPATH\Database\MySQLi\Connection.php on line 310.
 1 SYSTEMPATH\Database\BaseConnection.php(910): CodeIgniter\Database\MySQLi\Connection->execute('SELECT `ps`.`package_id`, `p`.`package_name`, `p`.`base_price`
FROM `package_services` `ps`
INNER JOIN `packages` `p` ON `p`.`package_id` = `ps`.`package_id`
WHERE `ps`.`service_list_id` = 6
ORDER BY `p`.`base_price` ASC
 LIMIT 1')
 2 SYSTEMPATH\Database\BaseConnection.php(827): CodeIgniter\Database\BaseConnection->simpleQuery('SELECT `ps`.`package_id`, `p`.`package_name`, `p`.`base_price`
FROM `package_services` `ps`
INNER JOIN `packages` `p` ON `p`.`package_id` = `ps`.`package_id`
WHERE `ps`.`service_list_id` = 6
ORDER BY `p`.`base_price` ASC
 LIMIT 1')
 3 SYSTEMPATH\Database\BaseBuilder.php(1649): CodeIgniter\Database\BaseConnection->query('SELECT `ps`.`package_id`, `p`.`package_name`, `p`.`base_price`
FROM `package_services` `ps`
INNER JOIN `packages` `p` ON `p`.`package_id` = `ps`.`package_id`
WHERE `ps`.`service_list_id` = :ps.service_list_id:
ORDER BY `p`.`base_price` ASC
 LIMIT 1', [...], false)
 4 APPPATH\Controllers\ServiceApplications.php(84): CodeIgniter\Database\BaseBuilder->get()
 5 SYSTEMPATH\CodeIgniter.php(951): App\Controllers\ServiceApplications->store()
 6 SYSTEMPATH\CodeIgniter.php(497): CodeIgniter\CodeIgniter->runController(Object(App\Controllers\ServiceApplications))
 7 SYSTEMPATH\CodeIgniter.php(340): CodeIgniter\CodeIgniter->handleRequest(null, Object(Config\Cache), false)
 8 SYSTEMPATH\Boot.php(417): CodeIgniter\CodeIgniter->run()
 9 SYSTEMPATH\Boot.php(68): CodeIgniter\Boot::runCodeIgniter(Object(CodeIgniter\CodeIgniter))
10 FCPATH\index.php(59): CodeIgniter\Boot::bootWeb(Object(Config\Paths))
CRITICAL - 2026-04-17 17:31:10 --> [Caused by] mysqli_sql_exception: Unknown column 'ps.service_list_id' in 'where clause'
in SYSTEMPATH\Database\MySQLi\Connection.php on line 300.
 1 SYSTEMPATH\Database\MySQLi\Connection.php(300): mysqli->query('SELECT `ps`.`package_id`, `p`.`package_name`, `p`.`base_price`
FROM `package_services` `ps`
INNER JOIN `packages` `p` ON `p`.`package_id` = `ps`.`package_id`
WHERE `ps`.`service_list_id` = 6
ORDER BY `p`.`base_price` ASC
 LIMIT 1', 0)
 2 SYSTEMPATH\Database\BaseConnection.php(910): CodeIgniter\Database\MySQLi\Connection->execute('SELECT `ps`.`package_id`, `p`.`package_name`, `p`.`base_price`
FROM `package_services` `ps`
INNER JOIN `packages` `p` ON `p`.`package_id` = `ps`.`package_id`
WHERE `ps`.`service_list_id` = 6
ORDER BY `p`.`base_price` ASC
 LIMIT 1')
 3 SYSTEMPATH\Database\BaseConnection.php(827): CodeIgniter\Database\BaseConnection->simpleQuery('SELECT `ps`.`package_id`, `p`.`package_name`, `p`.`base_price`
FROM `package_services` `ps`
INNER JOIN `packages` `p` ON `p`.`package_id` = `ps`.`package_id`
WHERE `ps`.`service_list_id` = 6
ORDER BY `p`.`base_price` ASC
 LIMIT 1')
 4 SYSTEMPATH\Database\BaseBuilder.php(1649): CodeIgniter\Database\BaseConnection->query('SELECT `ps`.`package_id`, `p`.`package_name`, `p`.`base_price`
FROM `package_services` `ps`
INNER JOIN `packages` `p` ON `p`.`package_id` = `ps`.`package_id`
WHERE `ps`.`service_list_id` = :ps.service_list_id:
ORDER BY `p`.`base_price` ASC
 LIMIT 1', [...], false)
 5 APPPATH\Controllers\ServiceApplications.php(84): CodeIgniter\Database\BaseBuilder->get()
 6 SYSTEMPATH\CodeIgniter.php(951): App\Controllers\ServiceApplications->store()
 7 SYSTEMPATH\CodeIgniter.php(497): CodeIgniter\CodeIgniter->runController(Object(App\Controllers\ServiceApplications))
 8 SYSTEMPATH\CodeIgniter.php(340): CodeIgniter\CodeIgniter->handleRequest(null, Object(Config\Cache), false)
 9 SYSTEMPATH\Boot.php(417): CodeIgniter\CodeIgniter->run()
10 SYSTEMPATH\Boot.php(68): CodeIgniter\Boot::runCodeIgniter(Object(CodeIgniter\CodeIgniter))
11 FCPATH\index.php(59): CodeIgniter\Boot::bootWeb(Object(Config\Paths))
DEBUG - 2026-04-17 17:31:12 --> Session: Class initialized using 'CodeIgniter\Session\Handlers\FileHandler' driver.
DEBUG - 2026-04-17 17:31:16 --> Session: Class initialized using 'CodeIgniter\Session\Handlers\FileHandler' driver.
ERROR - 2026-04-17 17:31:16 --> Unknown column 'ps.service_list_id' in 'where clause'
in SYSTEMPATH\Database\MySQLi\Connection.php on line 300.
 1 SYSTEMPATH\Database\MySQLi\Connection.php(300): mysqli->query('SELECT `ps`.`package_id`, `p`.`package_name`, `p`.`base_price`
FROM `package_services` `ps`
INNER JOIN `packages` `p` ON `p`.`package_id` = `ps`.`package_id`
WHERE `ps`.`service_list_id` = 6
ORDER BY `p`.`base_price` ASC
 LIMIT 1', 0)
 2 SYSTEMPATH\Database\BaseConnection.php(910): CodeIgniter\Database\MySQLi\Connection->execute('SELECT `ps`.`package_id`, `p`.`package_name`, `p`.`base_price`
FROM `package_services` `ps`
INNER JOIN `packages` `p` ON `p`.`package_id` = `ps`.`package_id`
WHERE `ps`.`service_list_id` = 6
ORDER BY `p`.`base_price` ASC
 LIMIT 1')
 3 SYSTEMPATH\Database\BaseConnection.php(827): CodeIgniter\Database\BaseConnection->simpleQuery('SELECT `ps`.`package_id`, `p`.`package_name`, `p`.`base_price`
FROM `package_services` `ps`
INNER JOIN `packages` `p` ON `p`.`package_id` = `ps`.`package_id`
WHERE `ps`.`service_list_id` = 6
ORDER BY `p`.`base_price` ASC
 LIMIT 1')
 4 SYSTEMPATH\Database\BaseBuilder.php(1649): CodeIgniter\Database\BaseConnection->query('SELECT `ps`.`package_id`, `p`.`package_name`, `p`.`base_price`
FROM `package_services` `ps`
INNER JOIN `packages` `p` ON `p`.`package_id` = `ps`.`package_id`
WHERE `ps`.`service_list_id` = :ps.service_list_id:
ORDER BY `p`.`base_price` ASC
 LIMIT 1', [...], false)
 5 APPPATH\Controllers\ServiceApplications.php(84): CodeIgniter\Database\BaseBuilder->get()
 6 SYSTEMPATH\CodeIgniter.php(951): App\Controllers\ServiceApplications->store()
 7 SYSTEMPATH\CodeIgniter.php(497): CodeIgniter\CodeIgniter->runController(Object(App\Controllers\ServiceApplications))
 8 SYSTEMPATH\CodeIgniter.php(340): CodeIgniter\CodeIgniter->handleRequest(null, Object(Config\Cache), false)
 9 SYSTEMPATH\Boot.php(417): CodeIgniter\CodeIgniter->run()
10 SYSTEMPATH\Boot.php(68): CodeIgniter\Boot::runCodeIgniter(Object(CodeIgniter\CodeIgniter))
11 FCPATH\index.php(59): CodeIgniter\Boot::bootWeb(Object(Config\Paths))
CRITICAL - 2026-04-17 17:31:16 --> CodeIgniter\Database\Exceptions\DatabaseException: Unknown column 'ps.service_list_id' in 'where clause'
[Method: POST, Route: service-applications/request]
in SYSTEMPATH\Database\BaseConnection.php on line 865.
 1 SYSTEMPATH\Database\BaseBuilder.php(1649): CodeIgniter\Database\BaseConnection->query('SELECT `ps`.`package_id`, `p`.`package_name`, `p`.`base_price`
FROM `package_services` `ps`
INNER JOIN `packages` `p` ON `p`.`package_id` = `ps`.`package_id`
WHERE `ps`.`service_list_id` = :ps.service_list_id:
ORDER BY `p`.`base_price` ASC
 LIMIT 1', [...], false)
 2 APPPATH\Controllers\ServiceApplications.php(84): CodeIgniter\Database\BaseBuilder->get()
 3 SYSTEMPATH\CodeIgniter.php(951): App\Controllers\ServiceApplications->store()
 4 SYSTEMPATH\CodeIgniter.php(497): CodeIgniter\CodeIgniter->runController(Object(App\Controllers\ServiceApplications))
 5 SYSTEMPATH\CodeIgniter.php(340): CodeIgniter\CodeIgniter->handleRequest(null, Object(Config\Cache), false)
 6 SYSTEMPATH\Boot.php(417): CodeIgniter\CodeIgniter->run()
 7 SYSTEMPATH\Boot.php(68): CodeIgniter\Boot::runCodeIgniter(Object(CodeIgniter\CodeIgniter))
 8 FCPATH\index.php(59): CodeIgniter\Boot::bootWeb(Object(Config\Paths))
CRITICAL - 2026-04-17 17:31:16 --> [Caused by] CodeIgniter\Database\Exceptions\DatabaseException: Unknown column 'ps.service_list_id' in 'where clause'
in SYSTEMPATH\Database\MySQLi\Connection.php on line 310.
 1 SYSTEMPATH\Database\BaseConnection.php(910): CodeIgniter\Database\MySQLi\Connection->execute('SELECT `ps`.`package_id`, `p`.`package_name`, `p`.`base_price`
FROM `package_services` `ps`
INNER JOIN `packages` `p` ON `p`.`package_id` = `ps`.`package_id`
WHERE `ps`.`service_list_id` = 6
ORDER BY `p`.`base_price` ASC
 LIMIT 1')
 2 SYSTEMPATH\Database\BaseConnection.php(827): CodeIgniter\Database\BaseConnection->simpleQuery('SELECT `ps`.`package_id`, `p`.`package_name`, `p`.`base_price`
FROM `package_services` `ps`
INNER JOIN `packages` `p` ON `p`.`package_id` = `ps`.`package_id`
WHERE `ps`.`service_list_id` = 6
ORDER BY `p`.`base_price` ASC
 LIMIT 1')
 3 SYSTEMPATH\Database\BaseBuilder.php(1649): CodeIgniter\Database\BaseConnection->query('SELECT `ps`.`package_id`, `p`.`package_name`, `p`.`base_price`
FROM `package_services` `ps`
INNER JOIN `packages` `p` ON `p`.`package_id` = `ps`.`package_id`
WHERE `ps`.`service_list_id` = :ps.service_list_id:
ORDER BY `p`.`base_price` ASC
 LIMIT 1', [...], false)
 4 APPPATH\Controllers\ServiceApplications.php(84): CodeIgniter\Database\BaseBuilder->get()
 5 SYSTEMPATH\CodeIgniter.php(951): App\Controllers\ServiceApplications->store()
 6 SYSTEMPATH\CodeIgniter.php(497): CodeIgniter\CodeIgniter->runController(Object(App\Controllers\ServiceApplications))
 7 SYSTEMPATH\CodeIgniter.php(340): CodeIgniter\CodeIgniter->handleRequest(null, Object(Config\Cache), false)
 8 SYSTEMPATH\Boot.php(417): CodeIgniter\CodeIgniter->run()
 9 SYSTEMPATH\Boot.php(68): CodeIgniter\Boot::runCodeIgniter(Object(CodeIgniter\CodeIgniter))
10 FCPATH\index.php(59): CodeIgniter\Boot::bootWeb(Object(Config\Paths))
CRITICAL - 2026-04-17 17:31:16 --> [Caused by] mysqli_sql_exception: Unknown column 'ps.service_list_id' in 'where clause'
in SYSTEMPATH\Database\MySQLi\Connection.php on line 300.
 1 SYSTEMPATH\Database\MySQLi\Connection.php(300): mysqli->query('SELECT `ps`.`package_id`, `p`.`package_name`, `p`.`base_price`
FROM `package_services` `ps`
INNER JOIN `packages` `p` ON `p`.`package_id` = `ps`.`package_id`
WHERE `ps`.`service_list_id` = 6
ORDER BY `p`.`base_price` ASC
 LIMIT 1', 0)
 2 SYSTEMPATH\Database\BaseConnection.php(910): CodeIgniter\Database\MySQLi\Connection->execute('SELECT `ps`.`package_id`, `p`.`package_name`, `p`.`base_price`
FROM `package_services` `ps`
INNER JOIN `packages` `p` ON `p`.`package_id` = `ps`.`package_id`
WHERE `ps`.`service_list_id` = 6
ORDER BY `p`.`base_price` ASC
 LIMIT 1')
 3 SYSTEMPATH\Database\BaseConnection.php(827): CodeIgniter\Database\BaseConnection->simpleQuery('SELECT `ps`.`package_id`, `p`.`package_name`, `p`.`base_price`
FROM `package_services` `ps`
INNER JOIN `packages` `p` ON `p`.`package_id` = `ps`.`package_id`
WHERE `ps`.`service_list_id` = 6
ORDER BY `p`.`base_price` ASC
 LIMIT 1')
 4 SYSTEMPATH\Database\BaseBuilder.php(1649): CodeIgniter\Database\BaseConnection->query('SELECT `ps`.`package_id`, `p`.`package_name`, `p`.`base_price`
FROM `package_services` `ps`
INNER JOIN `packages` `p` ON `p`.`package_id` = `ps`.`package_id`
WHERE `ps`.`service_list_id` = :ps.service_list_id:
ORDER BY `p`.`base_price` ASC
 LIMIT 1', [...], false)
 5 APPPATH\Controllers\ServiceApplications.php(84): CodeIgniter\Database\BaseBuilder->get()
 6 SYSTEMPATH\CodeIgniter.php(951): App\Controllers\ServiceApplications->store()
 7 SYSTEMPATH\CodeIgniter.php(497): CodeIgniter\CodeIgniter->runController(Object(App\Controllers\ServiceApplications))
 8 SYSTEMPATH\CodeIgniter.php(340): CodeIgniter\CodeIgniter->handleRequest(null, Object(Config\Cache), false)
 9 SYSTEMPATH\Boot.php(417): CodeIgniter\CodeIgniter->run()
10 SYSTEMPATH\Boot.php(68): CodeIgniter\Boot::runCodeIgniter(Object(CodeIgniter\CodeIgniter))
11 FCPATH\index.php(59): CodeIgniter\Boot::bootWeb(Object(Config\Paths))
DEBUG - 2026-04-17 17:32:58 --> Session: Class initialized using 'CodeIgniter\Session\Handlers\FileHandler' driver.
DEBUG - 2026-04-17 17:33:03 --> Session: Class initialized using 'CodeIgniter\Session\Handlers\FileHandler' driver.
ERROR - 2026-04-17 17:33:03 --> Unknown column 'ps.service_list_id' in 'where clause'
in SYSTEMPATH\Database\MySQLi\Connection.php on line 300.
 1 SYSTEMPATH\Database\MySQLi\Connection.php(300): mysqli->query('SELECT `ps`.`package_id`, `p`.`package_name`, `p`.`base_price`
FROM `package_services` `ps`
INNER JOIN `packages` `p` ON `p`.`package_id` = `ps`.`package_id`
WHERE `ps`.`service_list_id` = 6
ORDER BY `p`.`base_price` ASC
 LIMIT 1', 0)
 2 SYSTEMPATH\Database\BaseConnection.php(910): CodeIgniter\Database\MySQLi\Connection->execute('SELECT `ps`.`package_id`, `p`.`package_name`, `p`.`base_price`
FROM `package_services` `ps`
INNER JOIN `packages` `p` ON `p`.`package_id` = `ps`.`package_id`
WHERE `ps`.`service_list_id` = 6
ORDER BY `p`.`base_price` ASC
 LIMIT 1')
 3 SYSTEMPATH\Database\BaseConnection.php(827): CodeIgniter\Database\BaseConnection->simpleQuery('SELECT `ps`.`package_id`, `p`.`package_name`, `p`.`base_price`
FROM `package_services` `ps`
INNER JOIN `packages` `p` ON `p`.`package_id` = `ps`.`package_id`
WHERE `ps`.`service_list_id` = 6
ORDER BY `p`.`base_price` ASC
 LIMIT 1')
 4 SYSTEMPATH\Database\BaseBuilder.php(1649): CodeIgniter\Database\BaseConnection->query('SELECT `ps`.`package_id`, `p`.`package_name`, `p`.`base_price`
FROM `package_services` `ps`
INNER JOIN `packages` `p` ON `p`.`package_id` = `ps`.`package_id`
WHERE `ps`.`service_list_id` = :ps.service_list_id:
ORDER BY `p`.`base_price` ASC
 LIMIT 1', [...], false)
 5 APPPATH\Controllers\ServiceApplications.php(84): CodeIgniter\Database\BaseBuilder->get()
 6 SYSTEMPATH\CodeIgniter.php(951): App\Controllers\ServiceApplications->store()
 7 SYSTEMPATH\CodeIgniter.php(497): CodeIgniter\CodeIgniter->runController(Object(App\Controllers\ServiceApplications))
 8 SYSTEMPATH\CodeIgniter.php(340): CodeIgniter\CodeIgniter->handleRequest(null, Object(Config\Cache), false)
 9 SYSTEMPATH\Boot.php(417): CodeIgniter\CodeIgniter->run()
10 SYSTEMPATH\Boot.php(68): CodeIgniter\Boot::runCodeIgniter(Object(CodeIgniter\CodeIgniter))
11 FCPATH\index.php(59): CodeIgniter\Boot::bootWeb(Object(Config\Paths))
CRITICAL - 2026-04-17 17:33:03 --> CodeIgniter\Database\Exceptions\DatabaseException: Unknown column 'ps.service_list_id' in 'where clause'
[Method: POST, Route: service-applications/request]
in SYSTEMPATH\Database\BaseConnection.php on line 865.
 1 SYSTEMPATH\Database\BaseBuilder.php(1649): CodeIgniter\Database\BaseConnection->query('SELECT `ps`.`package_id`, `p`.`package_name`, `p`.`base_price`
FROM `package_services` `ps`
INNER JOIN `packages` `p` ON `p`.`package_id` = `ps`.`package_id`
WHERE `ps`.`service_list_id` = :ps.service_list_id:
ORDER BY `p`.`base_price` ASC
 LIMIT 1', [...], false)
 2 APPPATH\Controllers\ServiceApplications.php(84): CodeIgniter\Database\BaseBuilder->get()
 3 SYSTEMPATH\CodeIgniter.php(951): App\Controllers\ServiceApplications->store()
 4 SYSTEMPATH\CodeIgniter.php(497): CodeIgniter\CodeIgniter->runController(Object(App\Controllers\ServiceApplications))
 5 SYSTEMPATH\CodeIgniter.php(340): CodeIgniter\CodeIgniter->handleRequest(null, Object(Config\Cache), false)
 6 SYSTEMPATH\Boot.php(417): CodeIgniter\CodeIgniter->run()
 7 SYSTEMPATH\Boot.php(68): CodeIgniter\Boot::runCodeIgniter(Object(CodeIgniter\CodeIgniter))
 8 FCPATH\index.php(59): CodeIgniter\Boot::bootWeb(Object(Config\Paths))
CRITICAL - 2026-04-17 17:33:03 --> [Caused by] CodeIgniter\Database\Exceptions\DatabaseException: Unknown column 'ps.service_list_id' in 'where clause'
in SYSTEMPATH\Database\MySQLi\Connection.php on line 310.
 1 SYSTEMPATH\Database\BaseConnection.php(910): CodeIgniter\Database\MySQLi\Connection->execute('SELECT `ps`.`package_id`, `p`.`package_name`, `p`.`base_price`
FROM `package_services` `ps`
INNER JOIN `packages` `p` ON `p`.`package_id` = `ps`.`package_id`
WHERE `ps`.`service_list_id` = 6
ORDER BY `p`.`base_price` ASC
 LIMIT 1')
 2 SYSTEMPATH\Database\BaseConnection.php(827): CodeIgniter\Database\BaseConnection->simpleQuery('SELECT `ps`.`package_id`, `p`.`package_name`, `p`.`base_price`
FROM `package_services` `ps`
INNER JOIN `packages` `p` ON `p`.`package_id` = `ps`.`package_id`
WHERE `ps`.`service_list_id` = 6
ORDER BY `p`.`base_price` ASC
 LIMIT 1')
 3 SYSTEMPATH\Database\BaseBuilder.php(1649): CodeIgniter\Database\BaseConnection->query('SELECT `ps`.`package_id`, `p`.`package_name`, `p`.`base_price`
FROM `package_services` `ps`
INNER JOIN `packages` `p` ON `p`.`package_id` = `ps`.`package_id`
WHERE `ps`.`service_list_id` = :ps.service_list_id:
ORDER BY `p`.`base_price` ASC
 LIMIT 1', [...], false)
 4 APPPATH\Controllers\ServiceApplications.php(84): CodeIgniter\Database\BaseBuilder->get()
 5 SYSTEMPATH\CodeIgniter.php(951): App\Controllers\ServiceApplications->store()
 6 SYSTEMPATH\CodeIgniter.php(497): CodeIgniter\CodeIgniter->runController(Object(App\Controllers\ServiceApplications))
 7 SYSTEMPATH\CodeIgniter.php(340): CodeIgniter\CodeIgniter->handleRequest(null, Object(Config\Cache), false)
 8 SYSTEMPATH\Boot.php(417): CodeIgniter\CodeIgniter->run()
 9 SYSTEMPATH\Boot.php(68): CodeIgniter\Boot::runCodeIgniter(Object(CodeIgniter\CodeIgniter))
10 FCPATH\index.php(59): CodeIgniter\Boot::bootWeb(Object(Config\Paths))
CRITICAL - 2026-04-17 17:33:03 --> [Caused by] mysqli_sql_exception: Unknown column 'ps.service_list_id' in 'where clause'
in SYSTEMPATH\Database\MySQLi\Connection.php on line 300.
 1 SYSTEMPATH\Database\MySQLi\Connection.php(300): mysqli->query('SELECT `ps`.`package_id`, `p`.`package_name`, `p`.`base_price`
FROM `package_services` `ps`
INNER JOIN `packages` `p` ON `p`.`package_id` = `ps`.`package_id`
WHERE `ps`.`service_list_id` = 6
ORDER BY `p`.`base_price` ASC
 LIMIT 1', 0)
 2 SYSTEMPATH\Database\BaseConnection.php(910): CodeIgniter\Database\MySQLi\Connection->execute('SELECT `ps`.`package_id`, `p`.`package_name`, `p`.`base_price`
FROM `package_services` `ps`
INNER JOIN `packages` `p` ON `p`.`package_id` = `ps`.`package_id`
WHERE `ps`.`service_list_id` = 6
ORDER BY `p`.`base_price` ASC
 LIMIT 1')
 3 SYSTEMPATH\Database\BaseConnection.php(827): CodeIgniter\Database\BaseConnection->simpleQuery('SELECT `ps`.`package_id`, `p`.`package_name`, `p`.`base_price`
FROM `package_services` `ps`
INNER JOIN `packages` `p` ON `p`.`package_id` = `ps`.`package_id`
WHERE `ps`.`service_list_id` = 6
ORDER BY `p`.`base_price` ASC
 LIMIT 1')
 4 SYSTEMPATH\Database\BaseBuilder.php(1649): CodeIgniter\Database\BaseConnection->query('SELECT `ps`.`package_id`, `p`.`package_name`, `p`.`base_price`
FROM `package_services` `ps`
INNER JOIN `packages` `p` ON `p`.`package_id` = `ps`.`package_id`
WHERE `ps`.`service_list_id` = :ps.service_list_id:
ORDER BY `p`.`base_price` ASC
 LIMIT 1', [...], false)
 5 APPPATH\Controllers\ServiceApplications.php(84): CodeIgniter\Database\BaseBuilder->get()
 6 SYSTEMPATH\CodeIgniter.php(951): App\Controllers\ServiceApplications->store()
 7 SYSTEMPATH\CodeIgniter.php(497): CodeIgniter\CodeIgniter->runController(Object(App\Controllers\ServiceApplications))
 8 SYSTEMPATH\CodeIgniter.php(340): CodeIgniter\CodeIgniter->handleRequest(null, Object(Config\Cache), false)
 9 SYSTEMPATH\Boot.php(417): CodeIgniter\CodeIgniter->run()
10 SYSTEMPATH\Boot.php(68): CodeIgniter\Boot::runCodeIgniter(Object(CodeIgniter\CodeIgniter))
11 FCPATH\index.php(59): CodeIgniter\Boot::bootWeb(Object(Config\Paths))
DEBUG - 2026-04-17 17:33:38 --> Session: Class initialized using 'CodeIgniter\Session\Handlers\FileHandler' driver.
DEBUG - 2026-04-17 17:33:41 --> Session: Class initialized using 'CodeIgniter\Session\Handlers\FileHandler' driver.
DEBUG - 2026-04-17 17:33:42 --> Session: Class initialized using 'CodeIgniter\Session\Handlers\FileHandler' driver.
DEBUG - 2026-04-17 17:33:44 --> Session: Class initialized using 'CodeIgniter\Session\Handlers\FileHandler' driver.
DEBUG - 2026-04-17 17:35:00 --> Session: Class initialized using 'CodeIgniter\Session\Handlers\FileHandler' driver.
DEBUG - 2026-04-17 17:35:44 --> Session: Class initialized using 'CodeIgniter\Session\Handlers\FileHandler' driver.
DEBUG - 2026-04-17 17:35:47 --> Session: Class initialized using 'CodeIgniter\Session\Handlers\FileHandler' driver.
DEBUG - 2026-04-17 17:35:47 --> Session: Class initialized using 'CodeIgniter\Session\Handlers\FileHandler' driver.
DEBUG - 2026-04-17 17:35:52 --> Session: Class initialized using 'CodeIgniter\Session\Handlers\FileHandler' driver.
DEBUG - 2026-04-17 17:35:53 --> Session: Class initialized using 'CodeIgniter\Session\Handlers\FileHandler' driver.
DEBUG - 2026-04-17 17:35:58 --> Session: Class initialized using 'CodeIgniter\Session\Handlers\FileHandler' driver.
DEBUG - 2026-04-17 17:35:58 --> Session: Class initialized using 'CodeIgniter\Session\Handlers\FileHandler' driver.
DEBUG - 2026-04-17 19:27:45 --> Session: Class initialized using 'CodeIgniter\Session\Handlers\FileHandler' driver.
ERROR - 2026-04-17 19:27:45 --> Unknown column 'so.service_name' in 'field list'
in SYSTEMPATH\Database\MySQLi\Connection.php on line 300.
 1 SYSTEMPATH\Database\MySQLi\Connection.php(300): mysqli->query('SELECT `sa`.*, COALESCE(p.package_name, `sl`.`service_name`, so.service_name) AS application_name, COALESCE(p.base_price, `sl`.`base_price`, so.base_price) AS application_price, `CASE WHEN sa`.`service_list_id IS NOT NULL THEN "service" ELSE "package" END` AS `application_type`, `ph`.`unique_identifier`, `u`.`first_name`, `u`.`last_name`, `ph`.`branch_id`
FROM `service_applications` `sa`
LEFT JOIN `packages` `p` ON `p`.`package_id` = `sa`.`package_id`
LEFT JOIN `plan_holders` `ph` ON `ph`.`plan_holder_id` = `sa`.`plan_holder_id`
LEFT JOIN `users` `u` ON `u`.`user_id` = `ph`.`user_id`
LEFT JOIN `service_list` `sl` ON `sl`.`service_list_id` = `sa`.`service_list_id`
WHERE `ph`.`user_id` = 8
ORDER BY `sa`.`created_at` DESC', 0)
 2 SYSTEMPATH\Database\BaseConnection.php(910): CodeIgniter\Database\MySQLi\Connection->execute('SELECT `sa`.*, COALESCE(p.package_name, `sl`.`service_name`, so.service_name) AS application_name, COALESCE(p.base_price, `sl`.`base_price`, so.base_price) AS application_price, `CASE WHEN sa`.`service_list_id IS NOT NULL THEN "service" ELSE "package" END` AS `application_type`, `ph`.`unique_identifier`, `u`.`first_name`, `u`.`last_name`, `ph`.`branch_id`
FROM `service_applications` `sa`
LEFT JOIN `packages` `p` ON `p`.`package_id` = `sa`.`package_id`
LEFT JOIN `plan_holders` `ph` ON `ph`.`plan_holder_id` = `sa`.`plan_holder_id`
LEFT JOIN `users` `u` ON `u`.`user_id` = `ph`.`user_id`
LEFT JOIN `service_list` `sl` ON `sl`.`service_list_id` = `sa`.`service_list_id`
WHERE `ph`.`user_id` = 8
ORDER BY `sa`.`created_at` DESC')
 3 SYSTEMPATH\Database\BaseConnection.php(827): CodeIgniter\Database\BaseConnection->simpleQuery('SELECT `sa`.*, COALESCE(p.package_name, `sl`.`service_name`, so.service_name) AS application_name, COALESCE(p.base_price, `sl`.`base_price`, so.base_price) AS application_price, `CASE WHEN sa`.`service_list_id IS NOT NULL THEN "service" ELSE "package" END` AS `application_type`, `ph`.`unique_identifier`, `u`.`first_name`, `u`.`last_name`, `ph`.`branch_id`
FROM `service_applications` `sa`
LEFT JOIN `packages` `p` ON `p`.`package_id` = `sa`.`package_id`
LEFT JOIN `plan_holders` `ph` ON `ph`.`plan_holder_id` = `sa`.`plan_holder_id`
LEFT JOIN `users` `u` ON `u`.`user_id` = `ph`.`user_id`
LEFT JOIN `service_list` `sl` ON `sl`.`service_list_id` = `sa`.`service_list_id`
WHERE `ph`.`user_id` = 8
ORDER BY `sa`.`created_at` DESC')
 4 SYSTEMPATH\Database\BaseBuilder.php(1649): CodeIgniter\Database\BaseConnection->query('SELECT `sa`.*, COALESCE(p.package_name, `sl`.`service_name`, so.service_name) AS application_name, COALESCE(p.base_price, `sl`.`base_price`, so.base_price) AS application_price, `CASE WHEN sa`.`service_list_id IS NOT NULL THEN "service" ELSE "package" END` AS `application_type`, `ph`.`unique_identifier`, `u`.`first_name`, `u`.`last_name`, `ph`.`branch_id`
FROM `service_applications` `sa`
LEFT JOIN `packages` `p` ON `p`.`package_id` = `sa`.`package_id`
LEFT JOIN `plan_holders` `ph` ON `ph`.`plan_holder_id` = `sa`.`plan_holder_id`
LEFT JOIN `users` `u` ON `u`.`user_id` = `ph`.`user_id`
LEFT JOIN `service_list` `sl` ON `sl`.`service_list_id` = `sa`.`service_list_id`
WHERE `ph`.`user_id` = :ph.user_id:
ORDER BY `sa`.`created_at` DESC', [...], false)
 5 APPPATH\Controllers\ServiceApplications.php(53): CodeIgniter\Database\BaseBuilder->get()
 6 SYSTEMPATH\CodeIgniter.php(951): App\Controllers\ServiceApplications->index()
 7 SYSTEMPATH\CodeIgniter.php(497): CodeIgniter\CodeIgniter->runController(Object(App\Controllers\ServiceApplications))
 8 SYSTEMPATH\CodeIgniter.php(340): CodeIgniter\CodeIgniter->handleRequest(null, Object(Config\Cache), false)
 9 SYSTEMPATH\Boot.php(417): CodeIgniter\CodeIgniter->run()
10 SYSTEMPATH\Boot.php(68): CodeIgniter\Boot::runCodeIgniter(Object(CodeIgniter\CodeIgniter))
11 FCPATH\index.php(59): CodeIgniter\Boot::bootWeb(Object(Config\Paths))
CRITICAL - 2026-04-17 19:27:45 --> CodeIgniter\Database\Exceptions\DatabaseException: Unknown column 'so.service_name' in 'field list'
[Method: GET, Route: service-applications]
in SYSTEMPATH\Database\BaseConnection.php on line 865.
 1 SYSTEMPATH\Database\BaseBuilder.php(1649): CodeIgniter\Database\BaseConnection->query('SELECT `sa`.*, COALESCE(p.package_name, `sl`.`service_name`, so.service_name) AS application_name, COALESCE(p.base_price, `sl`.`base_price`, so.base_price) AS application_price, `CASE WHEN sa`.`service_list_id IS NOT NULL THEN "service" ELSE "package" END` AS `application_type`, `ph`.`unique_identifier`, `u`.`first_name`, `u`.`last_name`, `ph`.`branch_id`
FROM `service_applications` `sa`
LEFT JOIN `packages` `p` ON `p`.`package_id` = `sa`.`package_id`
LEFT JOIN `plan_holders` `ph` ON `ph`.`plan_holder_id` = `sa`.`plan_holder_id`
LEFT JOIN `users` `u` ON `u`.`user_id` = `ph`.`user_id`
LEFT JOIN `service_list` `sl` ON `sl`.`service_list_id` = `sa`.`service_list_id`
WHERE `ph`.`user_id` = :ph.user_id:
ORDER BY `sa`.`created_at` DESC', [...], false)
 2 APPPATH\Controllers\ServiceApplications.php(53): CodeIgniter\Database\BaseBuilder->get()
 3 SYSTEMPATH\CodeIgniter.php(951): App\Controllers\ServiceApplications->index()
 4 SYSTEMPATH\CodeIgniter.php(497): CodeIgniter\CodeIgniter->runController(Object(App\Controllers\ServiceApplications))
 5 SYSTEMPATH\CodeIgniter.php(340): CodeIgniter\CodeIgniter->handleRequest(null, Object(Config\Cache), false)
 6 SYSTEMPATH\Boot.php(417): CodeIgniter\CodeIgniter->run()
 7 SYSTEMPATH\Boot.php(68): CodeIgniter\Boot::runCodeIgniter(Object(CodeIgniter\CodeIgniter))
 8 FCPATH\index.php(59): CodeIgniter\Boot::bootWeb(Object(Config\Paths))
CRITICAL - 2026-04-17 19:27:45 --> [Caused by] CodeIgniter\Database\Exceptions\DatabaseException: Unknown column 'so.service_name' in 'field list'
in SYSTEMPATH\Database\MySQLi\Connection.php on line 310.
 1 SYSTEMPATH\Database\BaseConnection.php(910): CodeIgniter\Database\MySQLi\Connection->execute('SELECT `sa`.*, COALESCE(p.package_name, `sl`.`service_name`, so.service_name) AS application_name, COALESCE(p.base_price, `sl`.`base_price`, so.base_price) AS application_price, `CASE WHEN sa`.`service_list_id IS NOT NULL THEN "service" ELSE "package" END` AS `application_type`, `ph`.`unique_identifier`, `u`.`first_name`, `u`.`last_name`, `ph`.`branch_id`
FROM `service_applications` `sa`
LEFT JOIN `packages` `p` ON `p`.`package_id` = `sa`.`package_id`
LEFT JOIN `plan_holders` `ph` ON `ph`.`plan_holder_id` = `sa`.`plan_holder_id`
LEFT JOIN `users` `u` ON `u`.`user_id` = `ph`.`user_id`
LEFT JOIN `service_list` `sl` ON `sl`.`service_list_id` = `sa`.`service_list_id`
WHERE `ph`.`user_id` = 8
ORDER BY `sa`.`created_at` DESC')
 2 SYSTEMPATH\Database\BaseConnection.php(827): CodeIgniter\Database\BaseConnection->simpleQuery('SELECT `sa`.*, COALESCE(p.package_name, `sl`.`service_name`, so.service_name) AS application_name, COALESCE(p.base_price, `sl`.`base_price`, so.base_price) AS application_price, `CASE WHEN sa`.`service_list_id IS NOT NULL THEN "service" ELSE "package" END` AS `application_type`, `ph`.`unique_identifier`, `u`.`first_name`, `u`.`last_name`, `ph`.`branch_id`
FROM `service_applications` `sa`
LEFT JOIN `packages` `p` ON `p`.`package_id` = `sa`.`package_id`
LEFT JOIN `plan_holders` `ph` ON `ph`.`plan_holder_id` = `sa`.`plan_holder_id`
LEFT JOIN `users` `u` ON `u`.`user_id` = `ph`.`user_id`
LEFT JOIN `service_list` `sl` ON `sl`.`service_list_id` = `sa`.`service_list_id`
WHERE `ph`.`user_id` = 8
ORDER BY `sa`.`created_at` DESC')
 3 SYSTEMPATH\Database\BaseBuilder.php(1649): CodeIgniter\Database\BaseConnection->query('SELECT `sa`.*, COALESCE(p.package_name, `sl`.`service_name`, so.service_name) AS application_name, COALESCE(p.base_price, `sl`.`base_price`, so.base_price) AS application_price, `CASE WHEN sa`.`service_list_id IS NOT NULL THEN "service" ELSE "package" END` AS `application_type`, `ph`.`unique_identifier`, `u`.`first_name`, `u`.`last_name`, `ph`.`branch_id`
FROM `service_applications` `sa`
LEFT JOIN `packages` `p` ON `p`.`package_id` = `sa`.`package_id`
LEFT JOIN `plan_holders` `ph` ON `ph`.`plan_holder_id` = `sa`.`plan_holder_id`
LEFT JOIN `users` `u` ON `u`.`user_id` = `ph`.`user_id`
LEFT JOIN `service_list` `sl` ON `sl`.`service_list_id` = `sa`.`service_list_id`
WHERE `ph`.`user_id` = :ph.user_id:
ORDER BY `sa`.`created_at` DESC', [...], false)
 4 APPPATH\Controllers\ServiceApplications.php(53): CodeIgniter\Database\BaseBuilder->get()
 5 SYSTEMPATH\CodeIgniter.php(951): App\Controllers\ServiceApplications->index()
 6 SYSTEMPATH\CodeIgniter.php(497): CodeIgniter\CodeIgniter->runController(Object(App\Controllers\ServiceApplications))
 7 SYSTEMPATH\CodeIgniter.php(340): CodeIgniter\CodeIgniter->handleRequest(null, Object(Config\Cache), false)
 8 SYSTEMPATH\Boot.php(417): CodeIgniter\CodeIgniter->run()
 9 SYSTEMPATH\Boot.php(68): CodeIgniter\Boot::runCodeIgniter(Object(CodeIgniter\CodeIgniter))
10 FCPATH\index.php(59): CodeIgniter\Boot::bootWeb(Object(Config\Paths))
CRITICAL - 2026-04-17 19:27:45 --> [Caused by] mysqli_sql_exception: Unknown column 'so.service_name' in 'field list'
in SYSTEMPATH\Database\MySQLi\Connection.php on line 300.
 1 SYSTEMPATH\Database\MySQLi\Connection.php(300): mysqli->query('SELECT `sa`.*, COALESCE(p.package_name, `sl`.`service_name`, so.service_name) AS application_name, COALESCE(p.base_price, `sl`.`base_price`, so.base_price) AS application_price, `CASE WHEN sa`.`service_list_id IS NOT NULL THEN "service" ELSE "package" END` AS `application_type`, `ph`.`unique_identifier`, `u`.`first_name`, `u`.`last_name`, `ph`.`branch_id`
FROM `service_applications` `sa`
LEFT JOIN `packages` `p` ON `p`.`package_id` = `sa`.`package_id`
LEFT JOIN `plan_holders` `ph` ON `ph`.`plan_holder_id` = `sa`.`plan_holder_id`
LEFT JOIN `users` `u` ON `u`.`user_id` = `ph`.`user_id`
LEFT JOIN `service_list` `sl` ON `sl`.`service_list_id` = `sa`.`service_list_id`
WHERE `ph`.`user_id` = 8
ORDER BY `sa`.`created_at` DESC', 0)
 2 SYSTEMPATH\Database\BaseConnection.php(910): CodeIgniter\Database\MySQLi\Connection->execute('SELECT `sa`.*, COALESCE(p.package_name, `sl`.`service_name`, so.service_name) AS application_name, COALESCE(p.base_price, `sl`.`base_price`, so.base_price) AS application_price, `CASE WHEN sa`.`service_list_id IS NOT NULL THEN "service" ELSE "package" END` AS `application_type`, `ph`.`unique_identifier`, `u`.`first_name`, `u`.`last_name`, `ph`.`branch_id`
FROM `service_applications` `sa`
LEFT JOIN `packages` `p` ON `p`.`package_id` = `sa`.`package_id`
LEFT JOIN `plan_holders` `ph` ON `ph`.`plan_holder_id` = `sa`.`plan_holder_id`
LEFT JOIN `users` `u` ON `u`.`user_id` = `ph`.`user_id`
LEFT JOIN `service_list` `sl` ON `sl`.`service_list_id` = `sa`.`service_list_id`
WHERE `ph`.`user_id` = 8
ORDER BY `sa`.`created_at` DESC')
 3 SYSTEMPATH\Database\BaseConnection.php(827): CodeIgniter\Database\BaseConnection->simpleQuery('SELECT `sa`.*, COALESCE(p.package_name, `sl`.`service_name`, so.service_name) AS application_name, COALESCE(p.base_price, `sl`.`base_price`, so.base_price) AS application_price, `CASE WHEN sa`.`service_list_id IS NOT NULL THEN "service" ELSE "package" END` AS `application_type`, `ph`.`unique_identifier`, `u`.`first_name`, `u`.`last_name`, `ph`.`branch_id`
FROM `service_applications` `sa`
LEFT JOIN `packages` `p` ON `p`.`package_id` = `sa`.`package_id`
LEFT JOIN `plan_holders` `ph` ON `ph`.`plan_holder_id` = `sa`.`plan_holder_id`
LEFT JOIN `users` `u` ON `u`.`user_id` = `ph`.`user_id`
LEFT JOIN `service_list` `sl` ON `sl`.`service_list_id` = `sa`.`service_list_id`
WHERE `ph`.`user_id` = 8
ORDER BY `sa`.`created_at` DESC')
 4 SYSTEMPATH\Database\BaseBuilder.php(1649): CodeIgniter\Database\BaseConnection->query('SELECT `sa`.*, COALESCE(p.package_name, `sl`.`service_name`, so.service_name) AS application_name, COALESCE(p.base_price, `sl`.`base_price`, so.base_price) AS application_price, `CASE WHEN sa`.`service_list_id IS NOT NULL THEN "service" ELSE "package" END` AS `application_type`, `ph`.`unique_identifier`, `u`.`first_name`, `u`.`last_name`, `ph`.`branch_id`
FROM `service_applications` `sa`
LEFT JOIN `packages` `p` ON `p`.`package_id` = `sa`.`package_id`
LEFT JOIN `plan_holders` `ph` ON `ph`.`plan_holder_id` = `sa`.`plan_holder_id`
LEFT JOIN `users` `u` ON `u`.`user_id` = `ph`.`user_id`
LEFT JOIN `service_list` `sl` ON `sl`.`service_list_id` = `sa`.`service_list_id`
WHERE `ph`.`user_id` = :ph.user_id:
ORDER BY `sa`.`created_at` DESC', [...], false)
 5 APPPATH\Controllers\ServiceApplications.php(53): CodeIgniter\Database\BaseBuilder->get()
 6 SYSTEMPATH\CodeIgniter.php(951): App\Controllers\ServiceApplications->index()
 7 SYSTEMPATH\CodeIgniter.php(497): CodeIgniter\CodeIgniter->runController(Object(App\Controllers\ServiceApplications))
 8 SYSTEMPATH\CodeIgniter.php(340): CodeIgniter\CodeIgniter->handleRequest(null, Object(Config\Cache), false)
 9 SYSTEMPATH\Boot.php(417): CodeIgniter\CodeIgniter->run()
10 SYSTEMPATH\Boot.php(68): CodeIgniter\Boot::runCodeIgniter(Object(CodeIgniter\CodeIgniter))
11 FCPATH\index.php(59): CodeIgniter\Boot::bootWeb(Object(Config\Paths))
DEBUG - 2026-04-17 19:29:01 --> Session: Class initialized using 'CodeIgniter\Session\Handlers\FileHandler' driver.
ERROR - 2026-04-17 19:29:01 --> Unknown column 'sa.service_list_id' in 'field list'
in SYSTEMPATH\Database\MySQLi\Connection.php on line 300.
 1 SYSTEMPATH\Database\MySQLi\Connection.php(300): mysqli->query('SELECT sa.*, COALESCE(p.package_name, sl.service_name) AS application_name, COALESCE(p.base_price, sl.base_price) AS application_price, CASE WHEN sa.service_list_id IS NOT NULL THEN "service" ELSE "package" END AS application_type, ph.unique_identifier, u.first_name, u.last_name, ph.branch_id
FROM `service_applications` `sa`
LEFT JOIN `packages` `p` ON `p`.`package_id` = `sa`.`package_id`
LEFT JOIN `plan_holders` `ph` ON `ph`.`plan_holder_id` = `sa`.`plan_holder_id`
LEFT JOIN `users` `u` ON `u`.`user_id` = `ph`.`user_id`
LEFT JOIN `service_list` `sl` ON `sl`.`service_list_id` = `sa`.`service_list_id`
WHERE `ph`.`user_id` = 8
ORDER BY `sa`.`created_at` DESC', 0)
 2 SYSTEMPATH\Database\BaseConnection.php(910): CodeIgniter\Database\MySQLi\Connection->execute('SELECT sa.*, COALESCE(p.package_name, sl.service_name) AS application_name, COALESCE(p.base_price, sl.base_price) AS application_price, CASE WHEN sa.service_list_id IS NOT NULL THEN "service" ELSE "package" END AS application_type, ph.unique_identifier, u.first_name, u.last_name, ph.branch_id
FROM `service_applications` `sa`
LEFT JOIN `packages` `p` ON `p`.`package_id` = `sa`.`package_id`
LEFT JOIN `plan_holders` `ph` ON `ph`.`plan_holder_id` = `sa`.`plan_holder_id`
LEFT JOIN `users` `u` ON `u`.`user_id` = `ph`.`user_id`
LEFT JOIN `service_list` `sl` ON `sl`.`service_list_id` = `sa`.`service_list_id`
WHERE `ph`.`user_id` = 8
ORDER BY `sa`.`created_at` DESC')
 3 SYSTEMPATH\Database\BaseConnection.php(827): CodeIgniter\Database\BaseConnection->simpleQuery('SELECT sa.*, COALESCE(p.package_name, sl.service_name) AS application_name, COALESCE(p.base_price, sl.base_price) AS application_price, CASE WHEN sa.service_list_id IS NOT NULL THEN "service" ELSE "package" END AS application_type, ph.unique_identifier, u.first_name, u.last_name, ph.branch_id
FROM `service_applications` `sa`
LEFT JOIN `packages` `p` ON `p`.`package_id` = `sa`.`package_id`
LEFT JOIN `plan_holders` `ph` ON `ph`.`plan_holder_id` = `sa`.`plan_holder_id`
LEFT JOIN `users` `u` ON `u`.`user_id` = `ph`.`user_id`
LEFT JOIN `service_list` `sl` ON `sl`.`service_list_id` = `sa`.`service_list_id`
WHERE `ph`.`user_id` = 8
ORDER BY `sa`.`created_at` DESC')
 4 SYSTEMPATH\Database\BaseBuilder.php(1649): CodeIgniter\Database\BaseConnection->query('SELECT sa.*, COALESCE(p.package_name, sl.service_name) AS application_name, COALESCE(p.base_price, sl.base_price) AS application_price, CASE WHEN sa.service_list_id IS NOT NULL THEN "service" ELSE "package" END AS application_type, ph.unique_identifier, u.first_name, u.last_name, ph.branch_id
FROM `service_applications` `sa`
LEFT JOIN `packages` `p` ON `p`.`package_id` = `sa`.`package_id`
LEFT JOIN `plan_holders` `ph` ON `ph`.`plan_holder_id` = `sa`.`plan_holder_id`
LEFT JOIN `users` `u` ON `u`.`user_id` = `ph`.`user_id`
LEFT JOIN `service_list` `sl` ON `sl`.`service_list_id` = `sa`.`service_list_id`
WHERE `ph`.`user_id` = :ph.user_id:
ORDER BY `sa`.`created_at` DESC', [...], false)
 5 APPPATH\Controllers\ServiceApplications.php(63): CodeIgniter\Database\BaseBuilder->get()
 6 SYSTEMPATH\CodeIgniter.php(951): App\Controllers\ServiceApplications->index()
 7 SYSTEMPATH\CodeIgniter.php(497): CodeIgniter\CodeIgniter->runController(Object(App\Controllers\ServiceApplications))
 8 SYSTEMPATH\CodeIgniter.php(340): CodeIgniter\CodeIgniter->handleRequest(null, Object(Config\Cache), false)
 9 SYSTEMPATH\Boot.php(417): CodeIgniter\CodeIgniter->run()
10 SYSTEMPATH\Boot.php(68): CodeIgniter\Boot::runCodeIgniter(Object(CodeIgniter\CodeIgniter))
11 FCPATH\index.php(59): CodeIgniter\Boot::bootWeb(Object(Config\Paths))
CRITICAL - 2026-04-17 19:29:01 --> CodeIgniter\Database\Exceptions\DatabaseException: Unknown column 'sa.service_list_id' in 'field list'
[Method: GET, Route: service-applications]
in SYSTEMPATH\Database\BaseConnection.php on line 865.
 1 SYSTEMPATH\Database\BaseBuilder.php(1649): CodeIgniter\Database\BaseConnection->query('SELECT sa.*, COALESCE(p.package_name, sl.service_name) AS application_name, COALESCE(p.base_price, sl.base_price) AS application_price, CASE WHEN sa.service_list_id IS NOT NULL THEN "service" ELSE "package" END AS application_type, ph.unique_identifier, u.first_name, u.last_name, ph.branch_id
FROM `service_applications` `sa`
LEFT JOIN `packages` `p` ON `p`.`package_id` = `sa`.`package_id`
LEFT JOIN `plan_holders` `ph` ON `ph`.`plan_holder_id` = `sa`.`plan_holder_id`
LEFT JOIN `users` `u` ON `u`.`user_id` = `ph`.`user_id`
LEFT JOIN `service_list` `sl` ON `sl`.`service_list_id` = `sa`.`service_list_id`
WHERE `ph`.`user_id` = :ph.user_id:
ORDER BY `sa`.`created_at` DESC', [...], false)
 2 APPPATH\Controllers\ServiceApplications.php(63): CodeIgniter\Database\BaseBuilder->get()
 3 SYSTEMPATH\CodeIgniter.php(951): App\Controllers\ServiceApplications->index()
 4 SYSTEMPATH\CodeIgniter.php(497): CodeIgniter\CodeIgniter->runController(Object(App\Controllers\ServiceApplications))
 5 SYSTEMPATH\CodeIgniter.php(340): CodeIgniter\CodeIgniter->handleRequest(null, Object(Config\Cache), false)
 6 SYSTEMPATH\Boot.php(417): CodeIgniter\CodeIgniter->run()
 7 SYSTEMPATH\Boot.php(68): CodeIgniter\Boot::runCodeIgniter(Object(CodeIgniter\CodeIgniter))
 8 FCPATH\index.php(59): CodeIgniter\Boot::bootWeb(Object(Config\Paths))
CRITICAL - 2026-04-17 19:29:01 --> [Caused by] CodeIgniter\Database\Exceptions\DatabaseException: Unknown column 'sa.service_list_id' in 'field list'
in SYSTEMPATH\Database\MySQLi\Connection.php on line 310.
 1 SYSTEMPATH\Database\BaseConnection.php(910): CodeIgniter\Database\MySQLi\Connection->execute('SELECT sa.*, COALESCE(p.package_name, sl.service_name) AS application_name, COALESCE(p.base_price, sl.base_price) AS application_price, CASE WHEN sa.service_list_id IS NOT NULL THEN "service" ELSE "package" END AS application_type, ph.unique_identifier, u.first_name, u.last_name, ph.branch_id
FROM `service_applications` `sa`
LEFT JOIN `packages` `p` ON `p`.`package_id` = `sa`.`package_id`
LEFT JOIN `plan_holders` `ph` ON `ph`.`plan_holder_id` = `sa`.`plan_holder_id`
LEFT JOIN `users` `u` ON `u`.`user_id` = `ph`.`user_id`
LEFT JOIN `service_list` `sl` ON `sl`.`service_list_id` = `sa`.`service_list_id`
WHERE `ph`.`user_id` = 8
ORDER BY `sa`.`created_at` DESC')
 2 SYSTEMPATH\Database\BaseConnection.php(827): CodeIgniter\Database\BaseConnection->simpleQuery('SELECT sa.*, COALESCE(p.package_name, sl.service_name) AS application_name, COALESCE(p.base_price, sl.base_price) AS application_price, CASE WHEN sa.service_list_id IS NOT NULL THEN "service" ELSE "package" END AS application_type, ph.unique_identifier, u.first_name, u.last_name, ph.branch_id
FROM `service_applications` `sa`
LEFT JOIN `packages` `p` ON `p`.`package_id` = `sa`.`package_id`
LEFT JOIN `plan_holders` `ph` ON `ph`.`plan_holder_id` = `sa`.`plan_holder_id`
LEFT JOIN `users` `u` ON `u`.`user_id` = `ph`.`user_id`
LEFT JOIN `service_list` `sl` ON `sl`.`service_list_id` = `sa`.`service_list_id`
WHERE `ph`.`user_id` = 8
ORDER BY `sa`.`created_at` DESC')
 3 SYSTEMPATH\Database\BaseBuilder.php(1649): CodeIgniter\Database\BaseConnection->query('SELECT sa.*, COALESCE(p.package_name, sl.service_name) AS application_name, COALESCE(p.base_price, sl.base_price) AS application_price, CASE WHEN sa.service_list_id IS NOT NULL THEN "service" ELSE "package" END AS application_type, ph.unique_identifier, u.first_name, u.last_name, ph.branch_id
FROM `service_applications` `sa`
LEFT JOIN `packages` `p` ON `p`.`package_id` = `sa`.`package_id`
LEFT JOIN `plan_holders` `ph` ON `ph`.`plan_holder_id` = `sa`.`plan_holder_id`
LEFT JOIN `users` `u` ON `u`.`user_id` = `ph`.`user_id`
LEFT JOIN `service_list` `sl` ON `sl`.`service_list_id` = `sa`.`service_list_id`
WHERE `ph`.`user_id` = :ph.user_id:
ORDER BY `sa`.`created_at` DESC', [...], false)
 4 APPPATH\Controllers\ServiceApplications.php(63): CodeIgniter\Database\BaseBuilder->get()
 5 SYSTEMPATH\CodeIgniter.php(951): App\Controllers\ServiceApplications->index()
 6 SYSTEMPATH\CodeIgniter.php(497): CodeIgniter\CodeIgniter->runController(Object(App\Controllers\ServiceApplications))
 7 SYSTEMPATH\CodeIgniter.php(340): CodeIgniter\CodeIgniter->handleRequest(null, Object(Config\Cache), false)
 8 SYSTEMPATH\Boot.php(417): CodeIgniter\CodeIgniter->run()
 9 SYSTEMPATH\Boot.php(68): CodeIgniter\Boot::runCodeIgniter(Object(CodeIgniter\CodeIgniter))
10 FCPATH\index.php(59): CodeIgniter\Boot::bootWeb(Object(Config\Paths))
CRITICAL - 2026-04-17 19:29:01 --> [Caused by] mysqli_sql_exception: Unknown column 'sa.service_list_id' in 'field list'
in SYSTEMPATH\Database\MySQLi\Connection.php on line 300.
 1 SYSTEMPATH\Database\MySQLi\Connection.php(300): mysqli->query('SELECT sa.*, COALESCE(p.package_name, sl.service_name) AS application_name, COALESCE(p.base_price, sl.base_price) AS application_price, CASE WHEN sa.service_list_id IS NOT NULL THEN "service" ELSE "package" END AS application_type, ph.unique_identifier, u.first_name, u.last_name, ph.branch_id
FROM `service_applications` `sa`
LEFT JOIN `packages` `p` ON `p`.`package_id` = `sa`.`package_id`
LEFT JOIN `plan_holders` `ph` ON `ph`.`plan_holder_id` = `sa`.`plan_holder_id`
LEFT JOIN `users` `u` ON `u`.`user_id` = `ph`.`user_id`
LEFT JOIN `service_list` `sl` ON `sl`.`service_list_id` = `sa`.`service_list_id`
WHERE `ph`.`user_id` = 8
ORDER BY `sa`.`created_at` DESC', 0)
 2 SYSTEMPATH\Database\BaseConnection.php(910): CodeIgniter\Database\MySQLi\Connection->execute('SELECT sa.*, COALESCE(p.package_name, sl.service_name) AS application_name, COALESCE(p.base_price, sl.base_price) AS application_price, CASE WHEN sa.service_list_id IS NOT NULL THEN "service" ELSE "package" END AS application_type, ph.unique_identifier, u.first_name, u.last_name, ph.branch_id
FROM `service_applications` `sa`
LEFT JOIN `packages` `p` ON `p`.`package_id` = `sa`.`package_id`
LEFT JOIN `plan_holders` `ph` ON `ph`.`plan_holder_id` = `sa`.`plan_holder_id`
LEFT JOIN `users` `u` ON `u`.`user_id` = `ph`.`user_id`
LEFT JOIN `service_list` `sl` ON `sl`.`service_list_id` = `sa`.`service_list_id`
WHERE `ph`.`user_id` = 8
ORDER BY `sa`.`created_at` DESC')
 3 SYSTEMPATH\Database\BaseConnection.php(827): CodeIgniter\Database\BaseConnection->simpleQuery('SELECT sa.*, COALESCE(p.package_name, sl.service_name) AS application_name, COALESCE(p.base_price, sl.base_price) AS application_price, CASE WHEN sa.service_list_id IS NOT NULL THEN "service" ELSE "package" END AS application_type, ph.unique_identifier, u.first_name, u.last_name, ph.branch_id
FROM `service_applications` `sa`
LEFT JOIN `packages` `p` ON `p`.`package_id` = `sa`.`package_id`
LEFT JOIN `plan_holders` `ph` ON `ph`.`plan_holder_id` = `sa`.`plan_holder_id`
LEFT JOIN `users` `u` ON `u`.`user_id` = `ph`.`user_id`
LEFT JOIN `service_list` `sl` ON `sl`.`service_list_id` = `sa`.`service_list_id`
WHERE `ph`.`user_id` = 8
ORDER BY `sa`.`created_at` DESC')
 4 SYSTEMPATH\Database\BaseBuilder.php(1649): CodeIgniter\Database\BaseConnection->query('SELECT sa.*, COALESCE(p.package_name, sl.service_name) AS application_name, COALESCE(p.base_price, sl.base_price) AS application_price, CASE WHEN sa.service_list_id IS NOT NULL THEN "service" ELSE "package" END AS application_type, ph.unique_identifier, u.first_name, u.last_name, ph.branch_id
FROM `service_applications` `sa`
LEFT JOIN `packages` `p` ON `p`.`package_id` = `sa`.`package_id`
LEFT JOIN `plan_holders` `ph` ON `ph`.`plan_holder_id` = `sa`.`plan_holder_id`
LEFT JOIN `users` `u` ON `u`.`user_id` = `ph`.`user_id`
LEFT JOIN `service_list` `sl` ON `sl`.`service_list_id` = `sa`.`service_list_id`
WHERE `ph`.`user_id` = :ph.user_id:
ORDER BY `sa`.`created_at` DESC', [...], false)
 5 APPPATH\Controllers\ServiceApplications.php(63): CodeIgniter\Database\BaseBuilder->get()
 6 SYSTEMPATH\CodeIgniter.php(951): App\Controllers\ServiceApplications->index()
 7 SYSTEMPATH\CodeIgniter.php(497): CodeIgniter\CodeIgniter->runController(Object(App\Controllers\ServiceApplications))
 8 SYSTEMPATH\CodeIgniter.php(340): CodeIgniter\CodeIgniter->handleRequest(null, Object(Config\Cache), false)
 9 SYSTEMPATH\Boot.php(417): CodeIgniter\CodeIgniter->run()
10 SYSTEMPATH\Boot.php(68): CodeIgniter\Boot::runCodeIgniter(Object(CodeIgniter\CodeIgniter))
11 FCPATH\index.php(59): CodeIgniter\Boot::bootWeb(Object(Config\Paths))
DEBUG - 2026-04-17 19:29:05 --> Session: Class initialized using 'CodeIgniter\Session\Handlers\FileHandler' driver.
ERROR - 2026-04-17 19:29:05 --> Unknown column 'sa.service_list_id' in 'field list'
in SYSTEMPATH\Database\MySQLi\Connection.php on line 300.
 1 SYSTEMPATH\Database\MySQLi\Connection.php(300): mysqli->query('SELECT sa.*, COALESCE(p.package_name, sl.service_name) AS application_name, COALESCE(p.base_price, sl.base_price) AS application_price, CASE WHEN sa.service_list_id IS NOT NULL THEN "service" ELSE "package" END AS application_type, ph.unique_identifier, u.first_name, u.last_name, ph.branch_id
FROM `service_applications` `sa`
LEFT JOIN `packages` `p` ON `p`.`package_id` = `sa`.`package_id`
LEFT JOIN `plan_holders` `ph` ON `ph`.`plan_holder_id` = `sa`.`plan_holder_id`
LEFT JOIN `users` `u` ON `u`.`user_id` = `ph`.`user_id`
LEFT JOIN `service_list` `sl` ON `sl`.`service_list_id` = `sa`.`service_list_id`
WHERE `ph`.`user_id` = 8
ORDER BY `sa`.`created_at` DESC', 0)
 2 SYSTEMPATH\Database\BaseConnection.php(910): CodeIgniter\Database\MySQLi\Connection->execute('SELECT sa.*, COALESCE(p.package_name, sl.service_name) AS application_name, COALESCE(p.base_price, sl.base_price) AS application_price, CASE WHEN sa.service_list_id IS NOT NULL THEN "service" ELSE "package" END AS application_type, ph.unique_identifier, u.first_name, u.last_name, ph.branch_id
FROM `service_applications` `sa`
LEFT JOIN `packages` `p` ON `p`.`package_id` = `sa`.`package_id`
LEFT JOIN `plan_holders` `ph` ON `ph`.`plan_holder_id` = `sa`.`plan_holder_id`
LEFT JOIN `users` `u` ON `u`.`user_id` = `ph`.`user_id`
LEFT JOIN `service_list` `sl` ON `sl`.`service_list_id` = `sa`.`service_list_id`
WHERE `ph`.`user_id` = 8
ORDER BY `sa`.`created_at` DESC')
 3 SYSTEMPATH\Database\BaseConnection.php(827): CodeIgniter\Database\BaseConnection->simpleQuery('SELECT sa.*, COALESCE(p.package_name, sl.service_name) AS application_name, COALESCE(p.base_price, sl.base_price) AS application_price, CASE WHEN sa.service_list_id IS NOT NULL THEN "service" ELSE "package" END AS application_type, ph.unique_identifier, u.first_name, u.last_name, ph.branch_id
FROM `service_applications` `sa`
LEFT JOIN `packages` `p` ON `p`.`package_id` = `sa`.`package_id`
LEFT JOIN `plan_holders` `ph` ON `ph`.`plan_holder_id` = `sa`.`plan_holder_id`
LEFT JOIN `users` `u` ON `u`.`user_id` = `ph`.`user_id`
LEFT JOIN `service_list` `sl` ON `sl`.`service_list_id` = `sa`.`service_list_id`
WHERE `ph`.`user_id` = 8
ORDER BY `sa`.`created_at` DESC')
 4 SYSTEMPATH\Database\BaseBuilder.php(1649): CodeIgniter\Database\BaseConnection->query('SELECT sa.*, COALESCE(p.package_name, sl.service_name) AS application_name, COALESCE(p.base_price, sl.base_price) AS application_price, CASE WHEN sa.service_list_id IS NOT NULL THEN "service" ELSE "package" END AS application_type, ph.unique_identifier, u.first_name, u.last_name, ph.branch_id
FROM `service_applications` `sa`
LEFT JOIN `packages` `p` ON `p`.`package_id` = `sa`.`package_id`
LEFT JOIN `plan_holders` `ph` ON `ph`.`plan_holder_id` = `sa`.`plan_holder_id`
LEFT JOIN `users` `u` ON `u`.`user_id` = `ph`.`user_id`
LEFT JOIN `service_list` `sl` ON `sl`.`service_list_id` = `sa`.`service_list_id`
WHERE `ph`.`user_id` = :ph.user_id:
ORDER BY `sa`.`created_at` DESC', [...], false)
 5 APPPATH\Controllers\ServiceApplications.php(63): CodeIgniter\Database\BaseBuilder->get()
 6 SYSTEMPATH\CodeIgniter.php(951): App\Controllers\ServiceApplications->index()
 7 SYSTEMPATH\CodeIgniter.php(497): CodeIgniter\CodeIgniter->runController(Object(App\Controllers\ServiceApplications))
 8 SYSTEMPATH\CodeIgniter.php(340): CodeIgniter\CodeIgniter->handleRequest(null, Object(Config\Cache), false)
 9 SYSTEMPATH\Boot.php(417): CodeIgniter\CodeIgniter->run()
10 SYSTEMPATH\Boot.php(68): CodeIgniter\Boot::runCodeIgniter(Object(CodeIgniter\CodeIgniter))
11 FCPATH\index.php(59): CodeIgniter\Boot::bootWeb(Object(Config\Paths))
CRITICAL - 2026-04-17 19:29:05 --> CodeIgniter\Database\Exceptions\DatabaseException: Unknown column 'sa.service_list_id' in 'field list'
[Method: GET, Route: service-applications]
in SYSTEMPATH\Database\BaseConnection.php on line 865.
 1 SYSTEMPATH\Database\BaseBuilder.php(1649): CodeIgniter\Database\BaseConnection->query('SELECT sa.*, COALESCE(p.package_name, sl.service_name) AS application_name, COALESCE(p.base_price, sl.base_price) AS application_price, CASE WHEN sa.service_list_id IS NOT NULL THEN "service" ELSE "package" END AS application_type, ph.unique_identifier, u.first_name, u.last_name, ph.branch_id
FROM `service_applications` `sa`
LEFT JOIN `packages` `p` ON `p`.`package_id` = `sa`.`package_id`
LEFT JOIN `plan_holders` `ph` ON `ph`.`plan_holder_id` = `sa`.`plan_holder_id`
LEFT JOIN `users` `u` ON `u`.`user_id` = `ph`.`user_id`
LEFT JOIN `service_list` `sl` ON `sl`.`service_list_id` = `sa`.`service_list_id`
WHERE `ph`.`user_id` = :ph.user_id:
ORDER BY `sa`.`created_at` DESC', [...], false)
 2 APPPATH\Controllers\ServiceApplications.php(63): CodeIgniter\Database\BaseBuilder->get()
 3 SYSTEMPATH\CodeIgniter.php(951): App\Controllers\ServiceApplications->index()
 4 SYSTEMPATH\CodeIgniter.php(497): CodeIgniter\CodeIgniter->runController(Object(App\Controllers\ServiceApplications))
 5 SYSTEMPATH\CodeIgniter.php(340): CodeIgniter\CodeIgniter->handleRequest(null, Object(Config\Cache), false)
 6 SYSTEMPATH\Boot.php(417): CodeIgniter\CodeIgniter->run()
 7 SYSTEMPATH\Boot.php(68): CodeIgniter\Boot::runCodeIgniter(Object(CodeIgniter\CodeIgniter))
 8 FCPATH\index.php(59): CodeIgniter\Boot::bootWeb(Object(Config\Paths))
CRITICAL - 2026-04-17 19:29:05 --> [Caused by] CodeIgniter\Database\Exceptions\DatabaseException: Unknown column 'sa.service_list_id' in 'field list'
in SYSTEMPATH\Database\MySQLi\Connection.php on line 310.
 1 SYSTEMPATH\Database\BaseConnection.php(910): CodeIgniter\Database\MySQLi\Connection->execute('SELECT sa.*, COALESCE(p.package_name, sl.service_name) AS application_name, COALESCE(p.base_price, sl.base_price) AS application_price, CASE WHEN sa.service_list_id IS NOT NULL THEN "service" ELSE "package" END AS application_type, ph.unique_identifier, u.first_name, u.last_name, ph.branch_id
FROM `service_applications` `sa`
LEFT JOIN `packages` `p` ON `p`.`package_id` = `sa`.`package_id`
LEFT JOIN `plan_holders` `ph` ON `ph`.`plan_holder_id` = `sa`.`plan_holder_id`
LEFT JOIN `users` `u` ON `u`.`user_id` = `ph`.`user_id`
LEFT JOIN `service_list` `sl` ON `sl`.`service_list_id` = `sa`.`service_list_id`
WHERE `ph`.`user_id` = 8
ORDER BY `sa`.`created_at` DESC')
 2 SYSTEMPATH\Database\BaseConnection.php(827): CodeIgniter\Database\BaseConnection->simpleQuery('SELECT sa.*, COALESCE(p.package_name, sl.service_name) AS application_name, COALESCE(p.base_price, sl.base_price) AS application_price, CASE WHEN sa.service_list_id IS NOT NULL THEN "service" ELSE "package" END AS application_type, ph.unique_identifier, u.first_name, u.last_name, ph.branch_id
FROM `service_applications` `sa`
LEFT JOIN `packages` `p` ON `p`.`package_id` = `sa`.`package_id`
LEFT JOIN `plan_holders` `ph` ON `ph`.`plan_holder_id` = `sa`.`plan_holder_id`
LEFT JOIN `users` `u` ON `u`.`user_id` = `ph`.`user_id`
LEFT JOIN `service_list` `sl` ON `sl`.`service_list_id` = `sa`.`service_list_id`
WHERE `ph`.`user_id` = 8
ORDER BY `sa`.`created_at` DESC')
 3 SYSTEMPATH\Database\BaseBuilder.php(1649): CodeIgniter\Database\BaseConnection->query('SELECT sa.*, COALESCE(p.package_name, sl.service_name) AS application_name, COALESCE(p.base_price, sl.base_price) AS application_price, CASE WHEN sa.service_list_id IS NOT NULL THEN "service" ELSE "package" END AS application_type, ph.unique_identifier, u.first_name, u.last_name, ph.branch_id
FROM `service_applications` `sa`
LEFT JOIN `packages` `p` ON `p`.`package_id` = `sa`.`package_id`
LEFT JOIN `plan_holders` `ph` ON `ph`.`plan_holder_id` = `sa`.`plan_holder_id`
LEFT JOIN `users` `u` ON `u`.`user_id` = `ph`.`user_id`
LEFT JOIN `service_list` `sl` ON `sl`.`service_list_id` = `sa`.`service_list_id`
WHERE `ph`.`user_id` = :ph.user_id:
ORDER BY `sa`.`created_at` DESC', [...], false)
 4 APPPATH\Controllers\ServiceApplications.php(63): CodeIgniter\Database\BaseBuilder->get()
 5 SYSTEMPATH\CodeIgniter.php(951): App\Controllers\ServiceApplications->index()
 6 SYSTEMPATH\CodeIgniter.php(497): CodeIgniter\CodeIgniter->runController(Object(App\Controllers\ServiceApplications))
 7 SYSTEMPATH\CodeIgniter.php(340): CodeIgniter\CodeIgniter->handleRequest(null, Object(Config\Cache), false)
 8 SYSTEMPATH\Boot.php(417): CodeIgniter\CodeIgniter->run()
 9 SYSTEMPATH\Boot.php(68): CodeIgniter\Boot::runCodeIgniter(Object(CodeIgniter\CodeIgniter))
10 FCPATH\index.php(59): CodeIgniter\Boot::bootWeb(Object(Config\Paths))
CRITICAL - 2026-04-17 19:29:05 --> [Caused by] mysqli_sql_exception: Unknown column 'sa.service_list_id' in 'field list'
in SYSTEMPATH\Database\MySQLi\Connection.php on line 300.
 1 SYSTEMPATH\Database\MySQLi\Connection.php(300): mysqli->query('SELECT sa.*, COALESCE(p.package_name, sl.service_name) AS application_name, COALESCE(p.base_price, sl.base_price) AS application_price, CASE WHEN sa.service_list_id IS NOT NULL THEN "service" ELSE "package" END AS application_type, ph.unique_identifier, u.first_name, u.last_name, ph.branch_id
FROM `service_applications` `sa`
LEFT JOIN `packages` `p` ON `p`.`package_id` = `sa`.`package_id`
LEFT JOIN `plan_holders` `ph` ON `ph`.`plan_holder_id` = `sa`.`plan_holder_id`
LEFT JOIN `users` `u` ON `u`.`user_id` = `ph`.`user_id`
LEFT JOIN `service_list` `sl` ON `sl`.`service_list_id` = `sa`.`service_list_id`
WHERE `ph`.`user_id` = 8
ORDER BY `sa`.`created_at` DESC', 0)
 2 SYSTEMPATH\Database\BaseConnection.php(910): CodeIgniter\Database\MySQLi\Connection->execute('SELECT sa.*, COALESCE(p.package_name, sl.service_name) AS application_name, COALESCE(p.base_price, sl.base_price) AS application_price, CASE WHEN sa.service_list_id IS NOT NULL THEN "service" ELSE "package" END AS application_type, ph.unique_identifier, u.first_name, u.last_name, ph.branch_id
FROM `service_applications` `sa`
LEFT JOIN `packages` `p` ON `p`.`package_id` = `sa`.`package_id`
LEFT JOIN `plan_holders` `ph` ON `ph`.`plan_holder_id` = `sa`.`plan_holder_id`
LEFT JOIN `users` `u` ON `u`.`user_id` = `ph`.`user_id`
LEFT JOIN `service_list` `sl` ON `sl`.`service_list_id` = `sa`.`service_list_id`
WHERE `ph`.`user_id` = 8
ORDER BY `sa`.`created_at` DESC')
 3 SYSTEMPATH\Database\BaseConnection.php(827): CodeIgniter\Database\BaseConnection->simpleQuery('SELECT sa.*, COALESCE(p.package_name, sl.service_name) AS application_name, COALESCE(p.base_price, sl.base_price) AS application_price, CASE WHEN sa.service_list_id IS NOT NULL THEN "service" ELSE "package" END AS application_type, ph.unique_identifier, u.first_name, u.last_name, ph.branch_id
FROM `service_applications` `sa`
LEFT JOIN `packages` `p` ON `p`.`package_id` = `sa`.`package_id`
LEFT JOIN `plan_holders` `ph` ON `ph`.`plan_holder_id` = `sa`.`plan_holder_id`
LEFT JOIN `users` `u` ON `u`.`user_id` = `ph`.`user_id`
LEFT JOIN `service_list` `sl` ON `sl`.`service_list_id` = `sa`.`service_list_id`
WHERE `ph`.`user_id` = 8
ORDER BY `sa`.`created_at` DESC')
 4 SYSTEMPATH\Database\BaseBuilder.php(1649): CodeIgniter\Database\BaseConnection->query('SELECT sa.*, COALESCE(p.package_name, sl.service_name) AS application_name, COALESCE(p.base_price, sl.base_price) AS application_price, CASE WHEN sa.service_list_id IS NOT NULL THEN "service" ELSE "package" END AS application_type, ph.unique_identifier, u.first_name, u.last_name, ph.branch_id
FROM `service_applications` `sa`
LEFT JOIN `packages` `p` ON `p`.`package_id` = `sa`.`package_id`
LEFT JOIN `plan_holders` `ph` ON `ph`.`plan_holder_id` = `sa`.`plan_holder_id`
LEFT JOIN `users` `u` ON `u`.`user_id` = `ph`.`user_id`
LEFT JOIN `service_list` `sl` ON `sl`.`service_list_id` = `sa`.`service_list_id`
WHERE `ph`.`user_id` = :ph.user_id:
ORDER BY `sa`.`created_at` DESC', [...], false)
 5 APPPATH\Controllers\ServiceApplications.php(63): CodeIgniter\Database\BaseBuilder->get()
 6 SYSTEMPATH\CodeIgniter.php(951): App\Controllers\ServiceApplications->index()
 7 SYSTEMPATH\CodeIgniter.php(497): CodeIgniter\CodeIgniter->runController(Object(App\Controllers\ServiceApplications))
 8 SYSTEMPATH\CodeIgniter.php(340): CodeIgniter\CodeIgniter->handleRequest(null, Object(Config\Cache), false)
 9 SYSTEMPATH\Boot.php(417): CodeIgniter\CodeIgniter->run()
10 SYSTEMPATH\Boot.php(68): CodeIgniter\Boot::runCodeIgniter(Object(CodeIgniter\CodeIgniter))
11 FCPATH\index.php(59): CodeIgniter\Boot::bootWeb(Object(Config\Paths))
DEBUG - 2026-04-17 19:29:09 --> Session: Class initialized using 'CodeIgniter\Session\Handlers\FileHandler' driver.
ERROR - 2026-04-17 19:29:09 --> Unknown column 'sa.service_list_id' in 'field list'
in SYSTEMPATH\Database\MySQLi\Connection.php on line 300.
 1 SYSTEMPATH\Database\MySQLi\Connection.php(300): mysqli->query('SELECT sa.*, COALESCE(p.package_name, sl.service_name) AS application_name, COALESCE(p.base_price, sl.base_price) AS application_price, CASE WHEN sa.service_list_id IS NOT NULL THEN "service" ELSE "package" END AS application_type, ph.unique_identifier, u.first_name, u.last_name, ph.branch_id
FROM `service_applications` `sa`
LEFT JOIN `packages` `p` ON `p`.`package_id` = `sa`.`package_id`
LEFT JOIN `plan_holders` `ph` ON `ph`.`plan_holder_id` = `sa`.`plan_holder_id`
LEFT JOIN `users` `u` ON `u`.`user_id` = `ph`.`user_id`
LEFT JOIN `service_list` `sl` ON `sl`.`service_list_id` = `sa`.`service_list_id`
WHERE `ph`.`user_id` = 8
ORDER BY `sa`.`created_at` DESC', 0)
 2 SYSTEMPATH\Database\BaseConnection.php(910): CodeIgniter\Database\MySQLi\Connection->execute('SELECT sa.*, COALESCE(p.package_name, sl.service_name) AS application_name, COALESCE(p.base_price, sl.base_price) AS application_price, CASE WHEN sa.service_list_id IS NOT NULL THEN "service" ELSE "package" END AS application_type, ph.unique_identifier, u.first_name, u.last_name, ph.branch_id
FROM `service_applications` `sa`
LEFT JOIN `packages` `p` ON `p`.`package_id` = `sa`.`package_id`
LEFT JOIN `plan_holders` `ph` ON `ph`.`plan_holder_id` = `sa`.`plan_holder_id`
LEFT JOIN `users` `u` ON `u`.`user_id` = `ph`.`user_id`
LEFT JOIN `service_list` `sl` ON `sl`.`service_list_id` = `sa`.`service_list_id`
WHERE `ph`.`user_id` = 8
ORDER BY `sa`.`created_at` DESC')
 3 SYSTEMPATH\Database\BaseConnection.php(827): CodeIgniter\Database\BaseConnection->simpleQuery('SELECT sa.*, COALESCE(p.package_name, sl.service_name) AS application_name, COALESCE(p.base_price, sl.base_price) AS application_price, CASE WHEN sa.service_list_id IS NOT NULL THEN "service" ELSE "package" END AS application_type, ph.unique_identifier, u.first_name, u.last_name, ph.branch_id
FROM `service_applications` `sa`
LEFT JOIN `packages` `p` ON `p`.`package_id` = `sa`.`package_id`
LEFT JOIN `plan_holders` `ph` ON `ph`.`plan_holder_id` = `sa`.`plan_holder_id`
LEFT JOIN `users` `u` ON `u`.`user_id` = `ph`.`user_id`
LEFT JOIN `service_list` `sl` ON `sl`.`service_list_id` = `sa`.`service_list_id`
WHERE `ph`.`user_id` = 8
ORDER BY `sa`.`created_at` DESC')
 4 SYSTEMPATH\Database\BaseBuilder.php(1649): CodeIgniter\Database\BaseConnection->query('SELECT sa.*, COALESCE(p.package_name, sl.service_name) AS application_name, COALESCE(p.base_price, sl.base_price) AS application_price, CASE WHEN sa.service_list_id IS NOT NULL THEN "service" ELSE "package" END AS application_type, ph.unique_identifier, u.first_name, u.last_name, ph.branch_id
FROM `service_applications` `sa`
LEFT JOIN `packages` `p` ON `p`.`package_id` = `sa`.`package_id`
LEFT JOIN `plan_holders` `ph` ON `ph`.`plan_holder_id` = `sa`.`plan_holder_id`
LEFT JOIN `users` `u` ON `u`.`user_id` = `ph`.`user_id`
LEFT JOIN `service_list` `sl` ON `sl`.`service_list_id` = `sa`.`service_list_id`
WHERE `ph`.`user_id` = :ph.user_id:
ORDER BY `sa`.`created_at` DESC', [...], false)
 5 APPPATH\Controllers\ServiceApplications.php(63): CodeIgniter\Database\BaseBuilder->get()
 6 SYSTEMPATH\CodeIgniter.php(951): App\Controllers\ServiceApplications->index()
 7 SYSTEMPATH\CodeIgniter.php(497): CodeIgniter\CodeIgniter->runController(Object(App\Controllers\ServiceApplications))
 8 SYSTEMPATH\CodeIgniter.php(340): CodeIgniter\CodeIgniter->handleRequest(null, Object(Config\Cache), false)
 9 SYSTEMPATH\Boot.php(417): CodeIgniter\CodeIgniter->run()
10 SYSTEMPATH\Boot.php(68): CodeIgniter\Boot::runCodeIgniter(Object(CodeIgniter\CodeIgniter))
11 FCPATH\index.php(59): CodeIgniter\Boot::bootWeb(Object(Config\Paths))
CRITICAL - 2026-04-17 19:29:09 --> CodeIgniter\Database\Exceptions\DatabaseException: Unknown column 'sa.service_list_id' in 'field list'
[Method: GET, Route: service-applications]
in SYSTEMPATH\Database\BaseConnection.php on line 865.
 1 SYSTEMPATH\Database\BaseBuilder.php(1649): CodeIgniter\Database\BaseConnection->query('SELECT sa.*, COALESCE(p.package_name, sl.service_name) AS application_name, COALESCE(p.base_price, sl.base_price) AS application_price, CASE WHEN sa.service_list_id IS NOT NULL THEN "service" ELSE "package" END AS application_type, ph.unique_identifier, u.first_name, u.last_name, ph.branch_id
FROM `service_applications` `sa`
LEFT JOIN `packages` `p` ON `p`.`package_id` = `sa`.`package_id`
LEFT JOIN `plan_holders` `ph` ON `ph`.`plan_holder_id` = `sa`.`plan_holder_id`
LEFT JOIN `users` `u` ON `u`.`user_id` = `ph`.`user_id`
LEFT JOIN `service_list` `sl` ON `sl`.`service_list_id` = `sa`.`service_list_id`
WHERE `ph`.`user_id` = :ph.user_id:
ORDER BY `sa`.`created_at` DESC', [...], false)
 2 APPPATH\Controllers\ServiceApplications.php(63): CodeIgniter\Database\BaseBuilder->get()
 3 SYSTEMPATH\CodeIgniter.php(951): App\Controllers\ServiceApplications->index()
 4 SYSTEMPATH\CodeIgniter.php(497): CodeIgniter\CodeIgniter->runController(Object(App\Controllers\ServiceApplications))
 5 SYSTEMPATH\CodeIgniter.php(340): CodeIgniter\CodeIgniter->handleRequest(null, Object(Config\Cache), false)
 6 SYSTEMPATH\Boot.php(417): CodeIgniter\CodeIgniter->run()
 7 SYSTEMPATH\Boot.php(68): CodeIgniter\Boot::runCodeIgniter(Object(CodeIgniter\CodeIgniter))
 8 FCPATH\index.php(59): CodeIgniter\Boot::bootWeb(Object(Config\Paths))
CRITICAL - 2026-04-17 19:29:09 --> [Caused by] CodeIgniter\Database\Exceptions\DatabaseException: Unknown column 'sa.service_list_id' in 'field list'
in SYSTEMPATH\Database\MySQLi\Connection.php on line 310.
 1 SYSTEMPATH\Database\BaseConnection.php(910): CodeIgniter\Database\MySQLi\Connection->execute('SELECT sa.*, COALESCE(p.package_name, sl.service_name) AS application_name, COALESCE(p.base_price, sl.base_price) AS application_price, CASE WHEN sa.service_list_id IS NOT NULL THEN "service" ELSE "package" END AS application_type, ph.unique_identifier, u.first_name, u.last_name, ph.branch_id
FROM `service_applications` `sa`
LEFT JOIN `packages` `p` ON `p`.`package_id` = `sa`.`package_id`
LEFT JOIN `plan_holders` `ph` ON `ph`.`plan_holder_id` = `sa`.`plan_holder_id`
LEFT JOIN `users` `u` ON `u`.`user_id` = `ph`.`user_id`
LEFT JOIN `service_list` `sl` ON `sl`.`service_list_id` = `sa`.`service_list_id`
WHERE `ph`.`user_id` = 8
ORDER BY `sa`.`created_at` DESC')
 2 SYSTEMPATH\Database\BaseConnection.php(827): CodeIgniter\Database\BaseConnection->simpleQuery('SELECT sa.*, COALESCE(p.package_name, sl.service_name) AS application_name, COALESCE(p.base_price, sl.base_price) AS application_price, CASE WHEN sa.service_list_id IS NOT NULL THEN "service" ELSE "package" END AS application_type, ph.unique_identifier, u.first_name, u.last_name, ph.branch_id
FROM `service_applications` `sa`
LEFT JOIN `packages` `p` ON `p`.`package_id` = `sa`.`package_id`
LEFT JOIN `plan_holders` `ph` ON `ph`.`plan_holder_id` = `sa`.`plan_holder_id`
LEFT JOIN `users` `u` ON `u`.`user_id` = `ph`.`user_id`
LEFT JOIN `service_list` `sl` ON `sl`.`service_list_id` = `sa`.`service_list_id`
WHERE `ph`.`user_id` = 8
ORDER BY `sa`.`created_at` DESC')
 3 SYSTEMPATH\Database\BaseBuilder.php(1649): CodeIgniter\Database\BaseConnection->query('SELECT sa.*, COALESCE(p.package_name, sl.service_name) AS application_name, COALESCE(p.base_price, sl.base_price) AS application_price, CASE WHEN sa.service_list_id IS NOT NULL THEN "service" ELSE "package" END AS application_type, ph.unique_identifier, u.first_name, u.last_name, ph.branch_id
FROM `service_applications` `sa`
LEFT JOIN `packages` `p` ON `p`.`package_id` = `sa`.`package_id`
LEFT JOIN `plan_holders` `ph` ON `ph`.`plan_holder_id` = `sa`.`plan_holder_id`
LEFT JOIN `users` `u` ON `u`.`user_id` = `ph`.`user_id`
LEFT JOIN `service_list` `sl` ON `sl`.`service_list_id` = `sa`.`service_list_id`
WHERE `ph`.`user_id` = :ph.user_id:
ORDER BY `sa`.`created_at` DESC', [...], false)
 4 APPPATH\Controllers\ServiceApplications.php(63): CodeIgniter\Database\BaseBuilder->get()
 5 SYSTEMPATH\CodeIgniter.php(951): App\Controllers\ServiceApplications->index()
 6 SYSTEMPATH\CodeIgniter.php(497): CodeIgniter\CodeIgniter->runController(Object(App\Controllers\ServiceApplications))
 7 SYSTEMPATH\CodeIgniter.php(340): CodeIgniter\CodeIgniter->handleRequest(null, Object(Config\Cache), false)
 8 SYSTEMPATH\Boot.php(417): CodeIgniter\CodeIgniter->run()
 9 SYSTEMPATH\Boot.php(68): CodeIgniter\Boot::runCodeIgniter(Object(CodeIgniter\CodeIgniter))
10 FCPATH\index.php(59): CodeIgniter\Boot::bootWeb(Object(Config\Paths))
CRITICAL - 2026-04-17 19:29:09 --> [Caused by] mysqli_sql_exception: Unknown column 'sa.service_list_id' in 'field list'
in SYSTEMPATH\Database\MySQLi\Connection.php on line 300.
 1 SYSTEMPATH\Database\MySQLi\Connection.php(300): mysqli->query('SELECT sa.*, COALESCE(p.package_name, sl.service_name) AS application_name, COALESCE(p.base_price, sl.base_price) AS application_price, CASE WHEN sa.service_list_id IS NOT NULL THEN "service" ELSE "package" END AS application_type, ph.unique_identifier, u.first_name, u.last_name, ph.branch_id
FROM `service_applications` `sa`
LEFT JOIN `packages` `p` ON `p`.`package_id` = `sa`.`package_id`
LEFT JOIN `plan_holders` `ph` ON `ph`.`plan_holder_id` = `sa`.`plan_holder_id`
LEFT JOIN `users` `u` ON `u`.`user_id` = `ph`.`user_id`
LEFT JOIN `service_list` `sl` ON `sl`.`service_list_id` = `sa`.`service_list_id`
WHERE `ph`.`user_id` = 8
ORDER BY `sa`.`created_at` DESC', 0)
 2 SYSTEMPATH\Database\BaseConnection.php(910): CodeIgniter\Database\MySQLi\Connection->execute('SELECT sa.*, COALESCE(p.package_name, sl.service_name) AS application_name, COALESCE(p.base_price, sl.base_price) AS application_price, CASE WHEN sa.service_list_id IS NOT NULL THEN "service" ELSE "package" END AS application_type, ph.unique_identifier, u.first_name, u.last_name, ph.branch_id
FROM `service_applications` `sa`
LEFT JOIN `packages` `p` ON `p`.`package_id` = `sa`.`package_id`
LEFT JOIN `plan_holders` `ph` ON `ph`.`plan_holder_id` = `sa`.`plan_holder_id`
LEFT JOIN `users` `u` ON `u`.`user_id` = `ph`.`user_id`
LEFT JOIN `service_list` `sl` ON `sl`.`service_list_id` = `sa`.`service_list_id`
WHERE `ph`.`user_id` = 8
ORDER BY `sa`.`created_at` DESC')
 3 SYSTEMPATH\Database\BaseConnection.php(827): CodeIgniter\Database\BaseConnection->simpleQuery('SELECT sa.*, COALESCE(p.package_name, sl.service_name) AS application_name, COALESCE(p.base_price, sl.base_price) AS application_price, CASE WHEN sa.service_list_id IS NOT NULL THEN "service" ELSE "package" END AS application_type, ph.unique_identifier, u.first_name, u.last_name, ph.branch_id
FROM `service_applications` `sa`
LEFT JOIN `packages` `p` ON `p`.`package_id` = `sa`.`package_id`
LEFT JOIN `plan_holders` `ph` ON `ph`.`plan_holder_id` = `sa`.`plan_holder_id`
LEFT JOIN `users` `u` ON `u`.`user_id` = `ph`.`user_id`
LEFT JOIN `service_list` `sl` ON `sl`.`service_list_id` = `sa`.`service_list_id`
WHERE `ph`.`user_id` = 8
ORDER BY `sa`.`created_at` DESC')
 4 SYSTEMPATH\Database\BaseBuilder.php(1649): CodeIgniter\Database\BaseConnection->query('SELECT sa.*, COALESCE(p.package_name, sl.service_name) AS application_name, COALESCE(p.base_price, sl.base_price) AS application_price, CASE WHEN sa.service_list_id IS NOT NULL THEN "service" ELSE "package" END AS application_type, ph.unique_identifier, u.first_name, u.last_name, ph.branch_id
FROM `service_applications` `sa`
LEFT JOIN `packages` `p` ON `p`.`package_id` = `sa`.`package_id`
LEFT JOIN `plan_holders` `ph` ON `ph`.`plan_holder_id` = `sa`.`plan_holder_id`
LEFT JOIN `users` `u` ON `u`.`user_id` = `ph`.`user_id`
LEFT JOIN `service_list` `sl` ON `sl`.`service_list_id` = `sa`.`service_list_id`
WHERE `ph`.`user_id` = :ph.user_id:
ORDER BY `sa`.`created_at` DESC', [...], false)
 5 APPPATH\Controllers\ServiceApplications.php(63): CodeIgniter\Database\BaseBuilder->get()
 6 SYSTEMPATH\CodeIgniter.php(951): App\Controllers\ServiceApplications->index()
 7 SYSTEMPATH\CodeIgniter.php(497): CodeIgniter\CodeIgniter->runController(Object(App\Controllers\ServiceApplications))
 8 SYSTEMPATH\CodeIgniter.php(340): CodeIgniter\CodeIgniter->handleRequest(null, Object(Config\Cache), false)
 9 SYSTEMPATH\Boot.php(417): CodeIgniter\CodeIgniter->run()
10 SYSTEMPATH\Boot.php(68): CodeIgniter\Boot::runCodeIgniter(Object(CodeIgniter\CodeIgniter))
11 FCPATH\index.php(59): CodeIgniter\Boot::bootWeb(Object(Config\Paths))
DEBUG - 2026-04-17 19:30:16 --> Session: Class initialized using 'CodeIgniter\Session\Handlers\FileHandler' driver.
ERROR - 2026-04-17 19:30:16 --> Unknown column 'sl.service_name' in 'field list'
in SYSTEMPATH\Database\MySQLi\Connection.php on line 300.
 1 SYSTEMPATH\Database\MySQLi\Connection.php(300): mysqli->query('SELECT sa.*, COALESCE(p.package_name, sl.service_name) AS application_name, COALESCE(p.base_price, sl.base_price) AS application_price, "package" AS application_type, ph.unique_identifier, u.first_name, u.last_name, ph.branch_id
FROM `service_applications` `sa`
LEFT JOIN `packages` `p` ON `p`.`package_id` = `sa`.`package_id`
LEFT JOIN `plan_holders` `ph` ON `ph`.`plan_holder_id` = `sa`.`plan_holder_id`
LEFT JOIN `users` `u` ON `u`.`user_id` = `ph`.`user_id`
WHERE `ph`.`user_id` = 8
ORDER BY `sa`.`created_at` DESC', 0)
 2 SYSTEMPATH\Database\BaseConnection.php(910): CodeIgniter\Database\MySQLi\Connection->execute('SELECT sa.*, COALESCE(p.package_name, sl.service_name) AS application_name, COALESCE(p.base_price, sl.base_price) AS application_price, "package" AS application_type, ph.unique_identifier, u.first_name, u.last_name, ph.branch_id
FROM `service_applications` `sa`
LEFT JOIN `packages` `p` ON `p`.`package_id` = `sa`.`package_id`
LEFT JOIN `plan_holders` `ph` ON `ph`.`plan_holder_id` = `sa`.`plan_holder_id`
LEFT JOIN `users` `u` ON `u`.`user_id` = `ph`.`user_id`
WHERE `ph`.`user_id` = 8
ORDER BY `sa`.`created_at` DESC')
 3 SYSTEMPATH\Database\BaseConnection.php(827): CodeIgniter\Database\BaseConnection->simpleQuery('SELECT sa.*, COALESCE(p.package_name, sl.service_name) AS application_name, COALESCE(p.base_price, sl.base_price) AS application_price, "package" AS application_type, ph.unique_identifier, u.first_name, u.last_name, ph.branch_id
FROM `service_applications` `sa`
LEFT JOIN `packages` `p` ON `p`.`package_id` = `sa`.`package_id`
LEFT JOIN `plan_holders` `ph` ON `ph`.`plan_holder_id` = `sa`.`plan_holder_id`
LEFT JOIN `users` `u` ON `u`.`user_id` = `ph`.`user_id`
WHERE `ph`.`user_id` = 8
ORDER BY `sa`.`created_at` DESC')
 4 SYSTEMPATH\Database\BaseBuilder.php(1649): CodeIgniter\Database\BaseConnection->query('SELECT sa.*, COALESCE(p.package_name, sl.service_name) AS application_name, COALESCE(p.base_price, sl.base_price) AS application_price, "package" AS application_type, ph.unique_identifier, u.first_name, u.last_name, ph.branch_id
FROM `service_applications` `sa`
LEFT JOIN `packages` `p` ON `p`.`package_id` = `sa`.`package_id`
LEFT JOIN `plan_holders` `ph` ON `ph`.`plan_holder_id` = `sa`.`plan_holder_id`
LEFT JOIN `users` `u` ON `u`.`user_id` = `ph`.`user_id`
WHERE `ph`.`user_id` = :ph.user_id:
ORDER BY `sa`.`created_at` DESC', [...], false)
 5 APPPATH\Controllers\ServiceApplications.php(68): CodeIgniter\Database\BaseBuilder->get()
 6 SYSTEMPATH\CodeIgniter.php(951): App\Controllers\ServiceApplications->index()
 7 SYSTEMPATH\CodeIgniter.php(497): CodeIgniter\CodeIgniter->runController(Object(App\Controllers\ServiceApplications))
 8 SYSTEMPATH\CodeIgniter.php(340): CodeIgniter\CodeIgniter->handleRequest(null, Object(Config\Cache), false)
 9 SYSTEMPATH\Boot.php(417): CodeIgniter\CodeIgniter->run()
10 SYSTEMPATH\Boot.php(68): CodeIgniter\Boot::runCodeIgniter(Object(CodeIgniter\CodeIgniter))
11 FCPATH\index.php(59): CodeIgniter\Boot::bootWeb(Object(Config\Paths))
CRITICAL - 2026-04-17 19:30:16 --> CodeIgniter\Database\Exceptions\DatabaseException: Unknown column 'sl.service_name' in 'field list'
[Method: GET, Route: service-applications]
in SYSTEMPATH\Database\BaseConnection.php on line 865.
 1 SYSTEMPATH\Database\BaseBuilder.php(1649): CodeIgniter\Database\BaseConnection->query('SELECT sa.*, COALESCE(p.package_name, sl.service_name) AS application_name, COALESCE(p.base_price, sl.base_price) AS application_price, "package" AS application_type, ph.unique_identifier, u.first_name, u.last_name, ph.branch_id
FROM `service_applications` `sa`
LEFT JOIN `packages` `p` ON `p`.`package_id` = `sa`.`package_id`
LEFT JOIN `plan_holders` `ph` ON `ph`.`plan_holder_id` = `sa`.`plan_holder_id`
LEFT JOIN `users` `u` ON `u`.`user_id` = `ph`.`user_id`
WHERE `ph`.`user_id` = :ph.user_id:
ORDER BY `sa`.`created_at` DESC', [...], false)
 2 APPPATH\Controllers\ServiceApplications.php(68): CodeIgniter\Database\BaseBuilder->get()
 3 SYSTEMPATH\CodeIgniter.php(951): App\Controllers\ServiceApplications->index()
 4 SYSTEMPATH\CodeIgniter.php(497): CodeIgniter\CodeIgniter->runController(Object(App\Controllers\ServiceApplications))
 5 SYSTEMPATH\CodeIgniter.php(340): CodeIgniter\CodeIgniter->handleRequest(null, Object(Config\Cache), false)
 6 SYSTEMPATH\Boot.php(417): CodeIgniter\CodeIgniter->run()
 7 SYSTEMPATH\Boot.php(68): CodeIgniter\Boot::runCodeIgniter(Object(CodeIgniter\CodeIgniter))
 8 FCPATH\index.php(59): CodeIgniter\Boot::bootWeb(Object(Config\Paths))
CRITICAL - 2026-04-17 19:30:16 --> [Caused by] CodeIgniter\Database\Exceptions\DatabaseException: Unknown column 'sl.service_name' in 'field list'
in SYSTEMPATH\Database\MySQLi\Connection.php on line 310.
 1 SYSTEMPATH\Database\BaseConnection.php(910): CodeIgniter\Database\MySQLi\Connection->execute('SELECT sa.*, COALESCE(p.package_name, sl.service_name) AS application_name, COALESCE(p.base_price, sl.base_price) AS application_price, "package" AS application_type, ph.unique_identifier, u.first_name, u.last_name, ph.branch_id
FROM `service_applications` `sa`
LEFT JOIN `packages` `p` ON `p`.`package_id` = `sa`.`package_id`
LEFT JOIN `plan_holders` `ph` ON `ph`.`plan_holder_id` = `sa`.`plan_holder_id`
LEFT JOIN `users` `u` ON `u`.`user_id` = `ph`.`user_id`
WHERE `ph`.`user_id` = 8
ORDER BY `sa`.`created_at` DESC')
 2 SYSTEMPATH\Database\BaseConnection.php(827): CodeIgniter\Database\BaseConnection->simpleQuery('SELECT sa.*, COALESCE(p.package_name, sl.service_name) AS application_name, COALESCE(p.base_price, sl.base_price) AS application_price, "package" AS application_type, ph.unique_identifier, u.first_name, u.last_name, ph.branch_id
FROM `service_applications` `sa`
LEFT JOIN `packages` `p` ON `p`.`package_id` = `sa`.`package_id`
LEFT JOIN `plan_holders` `ph` ON `ph`.`plan_holder_id` = `sa`.`plan_holder_id`
LEFT JOIN `users` `u` ON `u`.`user_id` = `ph`.`user_id`
WHERE `ph`.`user_id` = 8
ORDER BY `sa`.`created_at` DESC')
 3 SYSTEMPATH\Database\BaseBuilder.php(1649): CodeIgniter\Database\BaseConnection->query('SELECT sa.*, COALESCE(p.package_name, sl.service_name) AS application_name, COALESCE(p.base_price, sl.base_price) AS application_price, "package" AS application_type, ph.unique_identifier, u.first_name, u.last_name, ph.branch_id
FROM `service_applications` `sa`
LEFT JOIN `packages` `p` ON `p`.`package_id` = `sa`.`package_id`
LEFT JOIN `plan_holders` `ph` ON `ph`.`plan_holder_id` = `sa`.`plan_holder_id`
LEFT JOIN `users` `u` ON `u`.`user_id` = `ph`.`user_id`
WHERE `ph`.`user_id` = :ph.user_id:
ORDER BY `sa`.`created_at` DESC', [...], false)
 4 APPPATH\Controllers\ServiceApplications.php(68): CodeIgniter\Database\BaseBuilder->get()
 5 SYSTEMPATH\CodeIgniter.php(951): App\Controllers\ServiceApplications->index()
 6 SYSTEMPATH\CodeIgniter.php(497): CodeIgniter\CodeIgniter->runController(Object(App\Controllers\ServiceApplications))
 7 SYSTEMPATH\CodeIgniter.php(340): CodeIgniter\CodeIgniter->handleRequest(null, Object(Config\Cache), false)
 8 SYSTEMPATH\Boot.php(417): CodeIgniter\CodeIgniter->run()
 9 SYSTEMPATH\Boot.php(68): CodeIgniter\Boot::runCodeIgniter(Object(CodeIgniter\CodeIgniter))
10 FCPATH\index.php(59): CodeIgniter\Boot::bootWeb(Object(Config\Paths))
CRITICAL - 2026-04-17 19:30:16 --> [Caused by] mysqli_sql_exception: Unknown column 'sl.service_name' in 'field list'
in SYSTEMPATH\Database\MySQLi\Connection.php on line 300.
 1 SYSTEMPATH\Database\MySQLi\Connection.php(300): mysqli->query('SELECT sa.*, COALESCE(p.package_name, sl.service_name) AS application_name, COALESCE(p.base_price, sl.base_price) AS application_price, "package" AS application_type, ph.unique_identifier, u.first_name, u.last_name, ph.branch_id
FROM `service_applications` `sa`
LEFT JOIN `packages` `p` ON `p`.`package_id` = `sa`.`package_id`
LEFT JOIN `plan_holders` `ph` ON `ph`.`plan_holder_id` = `sa`.`plan_holder_id`
LEFT JOIN `users` `u` ON `u`.`user_id` = `ph`.`user_id`
WHERE `ph`.`user_id` = 8
ORDER BY `sa`.`created_at` DESC', 0)
 2 SYSTEMPATH\Database\BaseConnection.php(910): CodeIgniter\Database\MySQLi\Connection->execute('SELECT sa.*, COALESCE(p.package_name, sl.service_name) AS application_name, COALESCE(p.base_price, sl.base_price) AS application_price, "package" AS application_type, ph.unique_identifier, u.first_name, u.last_name, ph.branch_id
FROM `service_applications` `sa`
LEFT JOIN `packages` `p` ON `p`.`package_id` = `sa`.`package_id`
LEFT JOIN `plan_holders` `ph` ON `ph`.`plan_holder_id` = `sa`.`plan_holder_id`
LEFT JOIN `users` `u` ON `u`.`user_id` = `ph`.`user_id`
WHERE `ph`.`user_id` = 8
ORDER BY `sa`.`created_at` DESC')
 3 SYSTEMPATH\Database\BaseConnection.php(827): CodeIgniter\Database\BaseConnection->simpleQuery('SELECT sa.*, COALESCE(p.package_name, sl.service_name) AS application_name, COALESCE(p.base_price, sl.base_price) AS application_price, "package" AS application_type, ph.unique_identifier, u.first_name, u.last_name, ph.branch_id
FROM `service_applications` `sa`
LEFT JOIN `packages` `p` ON `p`.`package_id` = `sa`.`package_id`
LEFT JOIN `plan_holders` `ph` ON `ph`.`plan_holder_id` = `sa`.`plan_holder_id`
LEFT JOIN `users` `u` ON `u`.`user_id` = `ph`.`user_id`
WHERE `ph`.`user_id` = 8
ORDER BY `sa`.`created_at` DESC')
 4 SYSTEMPATH\Database\BaseBuilder.php(1649): CodeIgniter\Database\BaseConnection->query('SELECT sa.*, COALESCE(p.package_name, sl.service_name) AS application_name, COALESCE(p.base_price, sl.base_price) AS application_price, "package" AS application_type, ph.unique_identifier, u.first_name, u.last_name, ph.branch_id
FROM `service_applications` `sa`
LEFT JOIN `packages` `p` ON `p`.`package_id` = `sa`.`package_id`
LEFT JOIN `plan_holders` `ph` ON `ph`.`plan_holder_id` = `sa`.`plan_holder_id`
LEFT JOIN `users` `u` ON `u`.`user_id` = `ph`.`user_id`
WHERE `ph`.`user_id` = :ph.user_id:
ORDER BY `sa`.`created_at` DESC', [...], false)
 5 APPPATH\Controllers\ServiceApplications.php(68): CodeIgniter\Database\BaseBuilder->get()
 6 SYSTEMPATH\CodeIgniter.php(951): App\Controllers\ServiceApplications->index()
 7 SYSTEMPATH\CodeIgniter.php(497): CodeIgniter\CodeIgniter->runController(Object(App\Controllers\ServiceApplications))
 8 SYSTEMPATH\CodeIgniter.php(340): CodeIgniter\CodeIgniter->handleRequest(null, Object(Config\Cache), false)
 9 SYSTEMPATH\Boot.php(417): CodeIgniter\CodeIgniter->run()
10 SYSTEMPATH\Boot.php(68): CodeIgniter\Boot::runCodeIgniter(Object(CodeIgniter\CodeIgniter))
11 FCPATH\index.php(59): CodeIgniter\Boot::bootWeb(Object(Config\Paths))
DEBUG - 2026-04-17 19:30:32 --> Session: Class initialized using 'CodeIgniter\Session\Handlers\FileHandler' driver.
ERROR - 2026-04-17 19:30:32 --> Unknown column 'sl.service_name' in 'field list'
in SYSTEMPATH\Database\MySQLi\Connection.php on line 300.
 1 SYSTEMPATH\Database\MySQLi\Connection.php(300): mysqli->query('SELECT sa.*, COALESCE(p.package_name, sl.service_name) AS application_name, COALESCE(p.base_price, sl.base_price) AS application_price, "package" AS application_type, ph.unique_identifier, u.first_name, u.last_name, ph.branch_id
FROM `service_applications` `sa`
LEFT JOIN `packages` `p` ON `p`.`package_id` = `sa`.`package_id`
LEFT JOIN `plan_holders` `ph` ON `ph`.`plan_holder_id` = `sa`.`plan_holder_id`
LEFT JOIN `users` `u` ON `u`.`user_id` = `ph`.`user_id`
WHERE `ph`.`user_id` = 8
ORDER BY `sa`.`created_at` DESC', 0)
 2 SYSTEMPATH\Database\BaseConnection.php(910): CodeIgniter\Database\MySQLi\Connection->execute('SELECT sa.*, COALESCE(p.package_name, sl.service_name) AS application_name, COALESCE(p.base_price, sl.base_price) AS application_price, "package" AS application_type, ph.unique_identifier, u.first_name, u.last_name, ph.branch_id
FROM `service_applications` `sa`
LEFT JOIN `packages` `p` ON `p`.`package_id` = `sa`.`package_id`
LEFT JOIN `plan_holders` `ph` ON `ph`.`plan_holder_id` = `sa`.`plan_holder_id`
LEFT JOIN `users` `u` ON `u`.`user_id` = `ph`.`user_id`
WHERE `ph`.`user_id` = 8
ORDER BY `sa`.`created_at` DESC')
 3 SYSTEMPATH\Database\BaseConnection.php(827): CodeIgniter\Database\BaseConnection->simpleQuery('SELECT sa.*, COALESCE(p.package_name, sl.service_name) AS application_name, COALESCE(p.base_price, sl.base_price) AS application_price, "package" AS application_type, ph.unique_identifier, u.first_name, u.last_name, ph.branch_id
FROM `service_applications` `sa`
LEFT JOIN `packages` `p` ON `p`.`package_id` = `sa`.`package_id`
LEFT JOIN `plan_holders` `ph` ON `ph`.`plan_holder_id` = `sa`.`plan_holder_id`
LEFT JOIN `users` `u` ON `u`.`user_id` = `ph`.`user_id`
WHERE `ph`.`user_id` = 8
ORDER BY `sa`.`created_at` DESC')
 4 SYSTEMPATH\Database\BaseBuilder.php(1649): CodeIgniter\Database\BaseConnection->query('SELECT sa.*, COALESCE(p.package_name, sl.service_name) AS application_name, COALESCE(p.base_price, sl.base_price) AS application_price, "package" AS application_type, ph.unique_identifier, u.first_name, u.last_name, ph.branch_id
FROM `service_applications` `sa`
LEFT JOIN `packages` `p` ON `p`.`package_id` = `sa`.`package_id`
LEFT JOIN `plan_holders` `ph` ON `ph`.`plan_holder_id` = `sa`.`plan_holder_id`
LEFT JOIN `users` `u` ON `u`.`user_id` = `ph`.`user_id`
WHERE `ph`.`user_id` = :ph.user_id:
ORDER BY `sa`.`created_at` DESC', [...], false)
 5 APPPATH\Controllers\ServiceApplications.php(68): CodeIgniter\Database\BaseBuilder->get()
 6 SYSTEMPATH\CodeIgniter.php(951): App\Controllers\ServiceApplications->index()
 7 SYSTEMPATH\CodeIgniter.php(497): CodeIgniter\CodeIgniter->runController(Object(App\Controllers\ServiceApplications))
 8 SYSTEMPATH\CodeIgniter.php(340): CodeIgniter\CodeIgniter->handleRequest(null, Object(Config\Cache), false)
 9 SYSTEMPATH\Boot.php(417): CodeIgniter\CodeIgniter->run()
10 SYSTEMPATH\Boot.php(68): CodeIgniter\Boot::runCodeIgniter(Object(CodeIgniter\CodeIgniter))
11 FCPATH\index.php(59): CodeIgniter\Boot::bootWeb(Object(Config\Paths))
CRITICAL - 2026-04-17 19:30:32 --> CodeIgniter\Database\Exceptions\DatabaseException: Unknown column 'sl.service_name' in 'field list'
[Method: GET, Route: service-applications]
in SYSTEMPATH\Database\BaseConnection.php on line 865.
 1 SYSTEMPATH\Database\BaseBuilder.php(1649): CodeIgniter\Database\BaseConnection->query('SELECT sa.*, COALESCE(p.package_name, sl.service_name) AS application_name, COALESCE(p.base_price, sl.base_price) AS application_price, "package" AS application_type, ph.unique_identifier, u.first_name, u.last_name, ph.branch_id
FROM `service_applications` `sa`
LEFT JOIN `packages` `p` ON `p`.`package_id` = `sa`.`package_id`
LEFT JOIN `plan_holders` `ph` ON `ph`.`plan_holder_id` = `sa`.`plan_holder_id`
LEFT JOIN `users` `u` ON `u`.`user_id` = `ph`.`user_id`
WHERE `ph`.`user_id` = :ph.user_id:
ORDER BY `sa`.`created_at` DESC', [...], false)
 2 APPPATH\Controllers\ServiceApplications.php(68): CodeIgniter\Database\BaseBuilder->get()
 3 SYSTEMPATH\CodeIgniter.php(951): App\Controllers\ServiceApplications->index()
 4 SYSTEMPATH\CodeIgniter.php(497): CodeIgniter\CodeIgniter->runController(Object(App\Controllers\ServiceApplications))
 5 SYSTEMPATH\CodeIgniter.php(340): CodeIgniter\CodeIgniter->handleRequest(null, Object(Config\Cache), false)
 6 SYSTEMPATH\Boot.php(417): CodeIgniter\CodeIgniter->run()
 7 SYSTEMPATH\Boot.php(68): CodeIgniter\Boot::runCodeIgniter(Object(CodeIgniter\CodeIgniter))
 8 FCPATH\index.php(59): CodeIgniter\Boot::bootWeb(Object(Config\Paths))
CRITICAL - 2026-04-17 19:30:32 --> [Caused by] CodeIgniter\Database\Exceptions\DatabaseException: Unknown column 'sl.service_name' in 'field list'
in SYSTEMPATH\Database\MySQLi\Connection.php on line 310.
 1 SYSTEMPATH\Database\BaseConnection.php(910): CodeIgniter\Database\MySQLi\Connection->execute('SELECT sa.*, COALESCE(p.package_name, sl.service_name) AS application_name, COALESCE(p.base_price, sl.base_price) AS application_price, "package" AS application_type, ph.unique_identifier, u.first_name, u.last_name, ph.branch_id
FROM `service_applications` `sa`
LEFT JOIN `packages` `p` ON `p`.`package_id` = `sa`.`package_id`
LEFT JOIN `plan_holders` `ph` ON `ph`.`plan_holder_id` = `sa`.`plan_holder_id`
LEFT JOIN `users` `u` ON `u`.`user_id` = `ph`.`user_id`
WHERE `ph`.`user_id` = 8
ORDER BY `sa`.`created_at` DESC')
 2 SYSTEMPATH\Database\BaseConnection.php(827): CodeIgniter\Database\BaseConnection->simpleQuery('SELECT sa.*, COALESCE(p.package_name, sl.service_name) AS application_name, COALESCE(p.base_price, sl.base_price) AS application_price, "package" AS application_type, ph.unique_identifier, u.first_name, u.last_name, ph.branch_id
FROM `service_applications` `sa`
LEFT JOIN `packages` `p` ON `p`.`package_id` = `sa`.`package_id`
LEFT JOIN `plan_holders` `ph` ON `ph`.`plan_holder_id` = `sa`.`plan_holder_id`
LEFT JOIN `users` `u` ON `u`.`user_id` = `ph`.`user_id`
WHERE `ph`.`user_id` = 8
ORDER BY `sa`.`created_at` DESC')
 3 SYSTEMPATH\Database\BaseBuilder.php(1649): CodeIgniter\Database\BaseConnection->query('SELECT sa.*, COALESCE(p.package_name, sl.service_name) AS application_name, COALESCE(p.base_price, sl.base_price) AS application_price, "package" AS application_type, ph.unique_identifier, u.first_name, u.last_name, ph.branch_id
FROM `service_applications` `sa`
LEFT JOIN `packages` `p` ON `p`.`package_id` = `sa`.`package_id`
LEFT JOIN `plan_holders` `ph` ON `ph`.`plan_holder_id` = `sa`.`plan_holder_id`
LEFT JOIN `users` `u` ON `u`.`user_id` = `ph`.`user_id`
WHERE `ph`.`user_id` = :ph.user_id:
ORDER BY `sa`.`created_at` DESC', [...], false)
 4 APPPATH\Controllers\ServiceApplications.php(68): CodeIgniter\Database\BaseBuilder->get()
 5 SYSTEMPATH\CodeIgniter.php(951): App\Controllers\ServiceApplications->index()
 6 SYSTEMPATH\CodeIgniter.php(497): CodeIgniter\CodeIgniter->runController(Object(App\Controllers\ServiceApplications))
 7 SYSTEMPATH\CodeIgniter.php(340): CodeIgniter\CodeIgniter->handleRequest(null, Object(Config\Cache), false)
 8 SYSTEMPATH\Boot.php(417): CodeIgniter\CodeIgniter->run()
 9 SYSTEMPATH\Boot.php(68): CodeIgniter\Boot::runCodeIgniter(Object(CodeIgniter\CodeIgniter))
10 FCPATH\index.php(59): CodeIgniter\Boot::bootWeb(Object(Config\Paths))
CRITICAL - 2026-04-17 19:30:32 --> [Caused by] mysqli_sql_exception: Unknown column 'sl.service_name' in 'field list'
in SYSTEMPATH\Database\MySQLi\Connection.php on line 300.
 1 SYSTEMPATH\Database\MySQLi\Connection.php(300): mysqli->query('SELECT sa.*, COALESCE(p.package_name, sl.service_name) AS application_name, COALESCE(p.base_price, sl.base_price) AS application_price, "package" AS application_type, ph.unique_identifier, u.first_name, u.last_name, ph.branch_id
FROM `service_applications` `sa`
LEFT JOIN `packages` `p` ON `p`.`package_id` = `sa`.`package_id`
LEFT JOIN `plan_holders` `ph` ON `ph`.`plan_holder_id` = `sa`.`plan_holder_id`
LEFT JOIN `users` `u` ON `u`.`user_id` = `ph`.`user_id`
WHERE `ph`.`user_id` = 8
ORDER BY `sa`.`created_at` DESC', 0)
 2 SYSTEMPATH\Database\BaseConnection.php(910): CodeIgniter\Database\MySQLi\Connection->execute('SELECT sa.*, COALESCE(p.package_name, sl.service_name) AS application_name, COALESCE(p.base_price, sl.base_price) AS application_price, "package" AS application_type, ph.unique_identifier, u.first_name, u.last_name, ph.branch_id
FROM `service_applications` `sa`
LEFT JOIN `packages` `p` ON `p`.`package_id` = `sa`.`package_id`
LEFT JOIN `plan_holders` `ph` ON `ph`.`plan_holder_id` = `sa`.`plan_holder_id`
LEFT JOIN `users` `u` ON `u`.`user_id` = `ph`.`user_id`
WHERE `ph`.`user_id` = 8
ORDER BY `sa`.`created_at` DESC')
 3 SYSTEMPATH\Database\BaseConnection.php(827): CodeIgniter\Database\BaseConnection->simpleQuery('SELECT sa.*, COALESCE(p.package_name, sl.service_name) AS application_name, COALESCE(p.base_price, sl.base_price) AS application_price, "package" AS application_type, ph.unique_identifier, u.first_name, u.last_name, ph.branch_id
FROM `service_applications` `sa`
LEFT JOIN `packages` `p` ON `p`.`package_id` = `sa`.`package_id`
LEFT JOIN `plan_holders` `ph` ON `ph`.`plan_holder_id` = `sa`.`plan_holder_id`
LEFT JOIN `users` `u` ON `u`.`user_id` = `ph`.`user_id`
WHERE `ph`.`user_id` = 8
ORDER BY `sa`.`created_at` DESC')
 4 SYSTEMPATH\Database\BaseBuilder.php(1649): CodeIgniter\Database\BaseConnection->query('SELECT sa.*, COALESCE(p.package_name, sl.service_name) AS application_name, COALESCE(p.base_price, sl.base_price) AS application_price, "package" AS application_type, ph.unique_identifier, u.first_name, u.last_name, ph.branch_id
FROM `service_applications` `sa`
LEFT JOIN `packages` `p` ON `p`.`package_id` = `sa`.`package_id`
LEFT JOIN `plan_holders` `ph` ON `ph`.`plan_holder_id` = `sa`.`plan_holder_id`
LEFT JOIN `users` `u` ON `u`.`user_id` = `ph`.`user_id`
WHERE `ph`.`user_id` = :ph.user_id:
ORDER BY `sa`.`created_at` DESC', [...], false)
 5 APPPATH\Controllers\ServiceApplications.php(68): CodeIgniter\Database\BaseBuilder->get()
 6 SYSTEMPATH\CodeIgniter.php(951): App\Controllers\ServiceApplications->index()
 7 SYSTEMPATH\CodeIgniter.php(497): CodeIgniter\CodeIgniter->runController(Object(App\Controllers\ServiceApplications))
 8 SYSTEMPATH\CodeIgniter.php(340): CodeIgniter\CodeIgniter->handleRequest(null, Object(Config\Cache), false)
 9 SYSTEMPATH\Boot.php(417): CodeIgniter\CodeIgniter->run()
10 SYSTEMPATH\Boot.php(68): CodeIgniter\Boot::runCodeIgniter(Object(CodeIgniter\CodeIgniter))
11 FCPATH\index.php(59): CodeIgniter\Boot::bootWeb(Object(Config\Paths))
DEBUG - 2026-04-17 19:31:28 --> Session: Class initialized using 'CodeIgniter\Session\Handlers\FileHandler' driver.
DEBUG - 2026-04-17 19:31:39 --> Session: Class initialized using 'CodeIgniter\Session\Handlers\FileHandler' driver.
DEBUG - 2026-04-17 19:32:02 --> Session: Class initialized using 'CodeIgniter\Session\Handlers\FileHandler' driver.
DEBUG - 2026-04-17 19:32:09 --> Session: Class initialized using 'CodeIgniter\Session\Handlers\FileHandler' driver.
DEBUG - 2026-04-17 19:32:25 --> Session: Class initialized using 'CodeIgniter\Session\Handlers\FileHandler' driver.
DEBUG - 2026-04-17 19:32:26 --> Session: Class initialized using 'CodeIgniter\Session\Handlers\FileHandler' driver.
DEBUG - 2026-04-17 19:51:32 --> Session: Class initialized using 'CodeIgniter\Session\Handlers\FileHandler' driver.
DEBUG - 2026-04-17 19:51:34 --> Session: Class initialized using 'CodeIgniter\Session\Handlers\FileHandler' driver.
DEBUG - 2026-04-17 19:51:42 --> Session: Class initialized using 'CodeIgniter\Session\Handlers\FileHandler' driver.
DEBUG - 2026-04-17 19:52:03 --> Session: Class initialized using 'CodeIgniter\Session\Handlers\FileHandler' driver.
DEBUG - 2026-04-17 19:52:10 --> Session: Class initialized using 'CodeIgniter\Session\Handlers\FileHandler' driver.
DEBUG - 2026-04-17 19:52:51 --> Session: Class initialized using 'CodeIgniter\Session\Handlers\FileHandler' driver.
DEBUG - 2026-04-17 19:53:16 --> Session: Class initialized using 'CodeIgniter\Session\Handlers\FileHandler' driver.
DEBUG - 2026-04-17 19:53:16 --> Session: Class initialized using 'CodeIgniter\Session\Handlers\FileHandler' driver.
DEBUG - 2026-04-17 19:53:22 --> Session: Class initialized using 'CodeIgniter\Session\Handlers\FileHandler' driver.
DEBUG - 2026-04-17 19:53:23 --> Session: Class initialized using 'CodeIgniter\Session\Handlers\FileHandler' driver.
DEBUG - 2026-04-17 20:06:19 --> Session: Class initialized using 'CodeIgniter\Session\Handlers\FileHandler' driver.
DEBUG - 2026-04-17 20:06:26 --> Session: Class initialized using 'CodeIgniter\Session\Handlers\FileHandler' driver.
DEBUG - 2026-04-17 20:06:30 --> Session: Class initialized using 'CodeIgniter\Session\Handlers\FileHandler' driver.
DEBUG - 2026-04-17 20:06:34 --> Session: Class initialized using 'CodeIgniter\Session\Handlers\FileHandler' driver.
DEBUG - 2026-04-17 20:06:42 --> Session: Class initialized using 'CodeIgniter\Session\Handlers\FileHandler' driver.
DEBUG - 2026-04-17 20:06:45 --> Session: Class initialized using 'CodeIgniter\Session\Handlers\FileHandler' driver.
DEBUG - 2026-04-17 20:09:26 --> Session: Class initialized using 'CodeIgniter\Session\Handlers\FileHandler' driver.
DEBUG - 2026-04-17 20:09:31 --> Session: Class initialized using 'CodeIgniter\Session\Handlers\FileHandler' driver.
DEBUG - 2026-04-17 23:59:02 --> Session: Class initialized using 'CodeIgniter\Session\Handlers\FileHandler' driver.
DEBUG - 2026-04-17 23:59:05 --> Session: Class initialized using 'CodeIgniter\Session\Handlers\FileHandler' driver.
DEBUG - 2026-04-17 23:59:20 --> Session: Class initialized using 'CodeIgniter\Session\Handlers\FileHandler' driver.
DEBUG - 2026-04-17 23:59:20 --> Session: Class initialized using 'CodeIgniter\Session\Handlers\FileHandler' driver.
DEBUG - 2026-04-17 23:59:28 --> Session: Class initialized using 'CodeIgniter\Session\Handlers\FileHandler' driver.
DEBUG - 2026-04-17 23:59:30 --> Session: Class initialized using 'CodeIgniter\Session\Handlers\FileHandler' driver.
