DEBUG - 2026-04-18 03:41:27 --> Session: Class initialized using 'CodeIgniter\Session\Handlers\FileHandler' driver.
DEBUG - 2026-04-18 03:41:32 --> Session: Class initialized using 'CodeIgniter\Session\Handlers\FileHandler' driver.
DEBUG - 2026-04-18 03:41:33 --> Session: Class initialized using 'CodeIgniter\Session\Handlers\FileHandler' driver.
DEBUG - 2026-04-18 03:41:50 --> Session: Class initialized using 'CodeIgniter\Session\Handlers\FileHandler' driver.
ERROR - 2026-04-18 03:41:50 --> Unknown column 'is_available' in 'field list'
in SYSTEMPATH\Database\MySQLi\Connection.php on line 300.
 1 SYSTEMPATH\Database\MySQLi\Connection.php(300): mysqli->query('SELECT `service_list_id`, `service_name`, `description`, `is_available`, `status`
FROM `service_list`
ORDER BY `service_name` ASC', 0)
 2 SYSTEMPATH\Database\BaseConnection.php(910): CodeIgniter\Database\MySQLi\Connection->execute('SELECT `service_list_id`, `service_name`, `description`, `is_available`, `status`
FROM `service_list`
ORDER BY `service_name` ASC')
 3 SYSTEMPATH\Database\BaseConnection.php(827): CodeIgniter\Database\BaseConnection->simpleQuery('SELECT `service_list_id`, `service_name`, `description`, `is_available`, `status`
FROM `service_list`
ORDER BY `service_name` ASC')
 4 SYSTEMPATH\Database\BaseBuilder.php(1649): CodeIgniter\Database\BaseConnection->query('SELECT `service_list_id`, `service_name`, `description`, `is_available`, `status`
FROM `service_list`
ORDER BY `service_name` ASC', [], false)
 5 SYSTEMPATH\Model.php(253): CodeIgniter\Database\BaseBuilder->get()
 6 SYSTEMPATH\BaseModel.php(676): CodeIgniter\Model->doFindAll(0, 0)
 7 APPPATH\Controllers\Admin\BranchManagementController.php(40): CodeIgniter\BaseModel->findAll()
 8 SYSTEMPATH\CodeIgniter.php(951): App\Controllers\Admin\BranchManagementController->index()
 9 SYSTEMPATH\CodeIgniter.php(497): CodeIgniter\CodeIgniter->runController(Object(App\Controllers\Admin\BranchManagementController))
10 SYSTEMPATH\CodeIgniter.php(340): CodeIgniter\CodeIgniter->handleRequest(null, Object(Config\Cache), false)
11 SYSTEMPATH\Boot.php(417): CodeIgniter\CodeIgniter->run()
12 SYSTEMPATH\Boot.php(68): CodeIgniter\Boot::runCodeIgniter(Object(CodeIgniter\CodeIgniter))
13 FCPATH\index.php(59): CodeIgniter\Boot::bootWeb(Object(Config\Paths))
CRITICAL - 2026-04-18 03:41:51 --> CodeIgniter\Database\Exceptions\DatabaseException: Unknown column 'is_available' in 'field list'
[Method: GET, Route: admin/branch-management]
in SYSTEMPATH\Database\BaseConnection.php on line 865.
 1 SYSTEMPATH\Database\BaseBuilder.php(1649): CodeIgniter\Database\BaseConnection->query('SELECT `service_list_id`, `service_name`, `description`, `is_available`, `status`
FROM `service_list`
ORDER BY `service_name` ASC', [], false)
 2 SYSTEMPATH\Model.php(253): CodeIgniter\Database\BaseBuilder->get()
 3 SYSTEMPATH\BaseModel.php(676): CodeIgniter\Model->doFindAll(0, 0)
 4 APPPATH\Controllers\Admin\BranchManagementController.php(40): CodeIgniter\BaseModel->findAll()
 5 SYSTEMPATH\CodeIgniter.php(951): App\Controllers\Admin\BranchManagementController->index()
 6 SYSTEMPATH\CodeIgniter.php(497): CodeIgniter\CodeIgniter->runController(Object(App\Controllers\Admin\BranchManagementController))
 7 SYSTEMPATH\CodeIgniter.php(340): CodeIgniter\CodeIgniter->handleRequest(null, Object(Config\Cache), false)
 8 SYSTEMPATH\Boot.php(417): CodeIgniter\CodeIgniter->run()
 9 SYSTEMPATH\Boot.php(68): CodeIgniter\Boot::runCodeIgniter(Object(CodeIgniter\CodeIgniter))
10 FCPATH\index.php(59): CodeIgniter\Boot::bootWeb(Object(Config\Paths))
CRITICAL - 2026-04-18 03:41:51 --> [Caused by] CodeIgniter\Database\Exceptions\DatabaseException: Unknown column 'is_available' in 'field list'
in SYSTEMPATH\Database\MySQLi\Connection.php on line 310.
 1 SYSTEMPATH\Database\BaseConnection.php(910): CodeIgniter\Database\MySQLi\Connection->execute('SELECT `service_list_id`, `service_name`, `description`, `is_available`, `status`
FROM `service_list`
ORDER BY `service_name` ASC')
 2 SYSTEMPATH\Database\BaseConnection.php(827): CodeIgniter\Database\BaseConnection->simpleQuery('SELECT `service_list_id`, `service_name`, `description`, `is_available`, `status`
FROM `service_list`
ORDER BY `service_name` ASC')
 3 SYSTEMPATH\Database\BaseBuilder.php(1649): CodeIgniter\Database\BaseConnection->query('SELECT `service_list_id`, `service_name`, `description`, `is_available`, `status`
FROM `service_list`
ORDER BY `service_name` ASC', [], false)
 4 SYSTEMPATH\Model.php(253): CodeIgniter\Database\BaseBuilder->get()
 5 SYSTEMPATH\BaseModel.php(676): CodeIgniter\Model->doFindAll(0, 0)
 6 APPPATH\Controllers\Admin\BranchManagementController.php(40): CodeIgniter\BaseModel->findAll()
 7 SYSTEMPATH\CodeIgniter.php(951): App\Controllers\Admin\BranchManagementController->index()
 8 SYSTEMPATH\CodeIgniter.php(497): CodeIgniter\CodeIgniter->runController(Object(App\Controllers\Admin\BranchManagementController))
 9 SYSTEMPATH\CodeIgniter.php(340): CodeIgniter\CodeIgniter->handleRequest(null, Object(Config\Cache), false)
10 SYSTEMPATH\Boot.php(417): CodeIgniter\CodeIgniter->run()
11 SYSTEMPATH\Boot.php(68): CodeIgniter\Boot::runCodeIgniter(Object(CodeIgniter\CodeIgniter))
12 FCPATH\index.php(59): CodeIgniter\Boot::bootWeb(Object(Config\Paths))
CRITICAL - 2026-04-18 03:41:51 --> [Caused by] mysqli_sql_exception: Unknown column 'is_available' in 'field list'
in SYSTEMPATH\Database\MySQLi\Connection.php on line 300.
 1 SYSTEMPATH\Database\MySQLi\Connection.php(300): mysqli->query('SELECT `service_list_id`, `service_name`, `description`, `is_available`, `status`
FROM `service_list`
ORDER BY `service_name` ASC', 0)
 2 SYSTEMPATH\Database\BaseConnection.php(910): CodeIgniter\Database\MySQLi\Connection->execute('SELECT `service_list_id`, `service_name`, `description`, `is_available`, `status`
FROM `service_list`
ORDER BY `service_name` ASC')
 3 SYSTEMPATH\Database\BaseConnection.php(827): CodeIgniter\Database\BaseConnection->simpleQuery('SELECT `service_list_id`, `service_name`, `description`, `is_available`, `status`
FROM `service_list`
ORDER BY `service_name` ASC')
 4 SYSTEMPATH\Database\BaseBuilder.php(1649): CodeIgniter\Database\BaseConnection->query('SELECT `service_list_id`, `service_name`, `description`, `is_available`, `status`
FROM `service_list`
ORDER BY `service_name` ASC', [], false)
 5 SYSTEMPATH\Model.php(253): CodeIgniter\Database\BaseBuilder->get()
 6 SYSTEMPATH\BaseModel.php(676): CodeIgniter\Model->doFindAll(0, 0)
 7 APPPATH\Controllers\Admin\BranchManagementController.php(40): CodeIgniter\BaseModel->findAll()
 8 SYSTEMPATH\CodeIgniter.php(951): App\Controllers\Admin\BranchManagementController->index()
 9 SYSTEMPATH\CodeIgniter.php(497): CodeIgniter\CodeIgniter->runController(Object(App\Controllers\Admin\BranchManagementController))
10 SYSTEMPATH\CodeIgniter.php(340): CodeIgniter\CodeIgniter->handleRequest(null, Object(Config\Cache), false)
11 SYSTEMPATH\Boot.php(417): CodeIgniter\CodeIgniter->run()
12 SYSTEMPATH\Boot.php(68): CodeIgniter\Boot::runCodeIgniter(Object(CodeIgniter\CodeIgniter))
13 FCPATH\index.php(59): CodeIgniter\Boot::bootWeb(Object(Config\Paths))
DEBUG - 2026-04-18 03:41:56 --> Session: Class initialized using 'CodeIgniter\Session\Handlers\FileHandler' driver.
DEBUG - 2026-04-18 03:42:01 --> Session: Class initialized using 'CodeIgniter\Session\Handlers\FileHandler' driver.
DEBUG - 2026-04-18 03:42:15 --> Session: Class initialized using 'CodeIgniter\Session\Handlers\FileHandler' driver.
ERROR - 2026-04-18 03:42:15 --> Unknown column 'is_available' in 'field list'
in SYSTEMPATH\Database\MySQLi\Connection.php on line 300.
 1 SYSTEMPATH\Database\MySQLi\Connection.php(300): mysqli->query('SELECT `service_list_id`, `service_name`, `description`, `is_available`, `status`
FROM `service_list`
ORDER BY `service_name` ASC', 0)
 2 SYSTEMPATH\Database\BaseConnection.php(910): CodeIgniter\Database\MySQLi\Connection->execute('SELECT `service_list_id`, `service_name`, `description`, `is_available`, `status`
FROM `service_list`
ORDER BY `service_name` ASC')
 3 SYSTEMPATH\Database\BaseConnection.php(827): CodeIgniter\Database\BaseConnection->simpleQuery('SELECT `service_list_id`, `service_name`, `description`, `is_available`, `status`
FROM `service_list`
ORDER BY `service_name` ASC')
 4 SYSTEMPATH\Database\BaseBuilder.php(1649): CodeIgniter\Database\BaseConnection->query('SELECT `service_list_id`, `service_name`, `description`, `is_available`, `status`
FROM `service_list`
ORDER BY `service_name` ASC', [], false)
 5 SYSTEMPATH\Model.php(253): CodeIgniter\Database\BaseBuilder->get()
 6 SYSTEMPATH\BaseModel.php(676): CodeIgniter\Model->doFindAll(0, 0)
 7 APPPATH\Controllers\Admin\BranchManagementController.php(40): CodeIgniter\BaseModel->findAll()
 8 SYSTEMPATH\CodeIgniter.php(951): App\Controllers\Admin\BranchManagementController->index()
 9 SYSTEMPATH\CodeIgniter.php(497): CodeIgniter\CodeIgniter->runController(Object(App\Controllers\Admin\BranchManagementController))
10 SYSTEMPATH\CodeIgniter.php(340): CodeIgniter\CodeIgniter->handleRequest(null, Object(Config\Cache), false)
11 SYSTEMPATH\Boot.php(417): CodeIgniter\CodeIgniter->run()
12 SYSTEMPATH\Boot.php(68): CodeIgniter\Boot::runCodeIgniter(Object(CodeIgniter\CodeIgniter))
13 FCPATH\index.php(59): CodeIgniter\Boot::bootWeb(Object(Config\Paths))
CRITICAL - 2026-04-18 03:42:15 --> CodeIgniter\Database\Exceptions\DatabaseException: Unknown column 'is_available' in 'field list'
[Method: GET, Route: admin/branch-management]
in SYSTEMPATH\Database\BaseConnection.php on line 865.
 1 SYSTEMPATH\Database\BaseBuilder.php(1649): CodeIgniter\Database\BaseConnection->query('SELECT `service_list_id`, `service_name`, `description`, `is_available`, `status`
FROM `service_list`
ORDER BY `service_name` ASC', [], false)
 2 SYSTEMPATH\Model.php(253): CodeIgniter\Database\BaseBuilder->get()
 3 SYSTEMPATH\BaseModel.php(676): CodeIgniter\Model->doFindAll(0, 0)
 4 APPPATH\Controllers\Admin\BranchManagementController.php(40): CodeIgniter\BaseModel->findAll()
 5 SYSTEMPATH\CodeIgniter.php(951): App\Controllers\Admin\BranchManagementController->index()
 6 SYSTEMPATH\CodeIgniter.php(497): CodeIgniter\CodeIgniter->runController(Object(App\Controllers\Admin\BranchManagementController))
 7 SYSTEMPATH\CodeIgniter.php(340): CodeIgniter\CodeIgniter->handleRequest(null, Object(Config\Cache), false)
 8 SYSTEMPATH\Boot.php(417): CodeIgniter\CodeIgniter->run()
 9 SYSTEMPATH\Boot.php(68): CodeIgniter\Boot::runCodeIgniter(Object(CodeIgniter\CodeIgniter))
10 FCPATH\index.php(59): CodeIgniter\Boot::bootWeb(Object(Config\Paths))
CRITICAL - 2026-04-18 03:42:15 --> [Caused by] CodeIgniter\Database\Exceptions\DatabaseException: Unknown column 'is_available' in 'field list'
in SYSTEMPATH\Database\MySQLi\Connection.php on line 310.
 1 SYSTEMPATH\Database\BaseConnection.php(910): CodeIgniter\Database\MySQLi\Connection->execute('SELECT `service_list_id`, `service_name`, `description`, `is_available`, `status`
FROM `service_list`
ORDER BY `service_name` ASC')
 2 SYSTEMPATH\Database\BaseConnection.php(827): CodeIgniter\Database\BaseConnection->simpleQuery('SELECT `service_list_id`, `service_name`, `description`, `is_available`, `status`
FROM `service_list`
ORDER BY `service_name` ASC')
 3 SYSTEMPATH\Database\BaseBuilder.php(1649): CodeIgniter\Database\BaseConnection->query('SELECT `service_list_id`, `service_name`, `description`, `is_available`, `status`
FROM `service_list`
ORDER BY `service_name` ASC', [], false)
 4 SYSTEMPATH\Model.php(253): CodeIgniter\Database\BaseBuilder->get()
 5 SYSTEMPATH\BaseModel.php(676): CodeIgniter\Model->doFindAll(0, 0)
 6 APPPATH\Controllers\Admin\BranchManagementController.php(40): CodeIgniter\BaseModel->findAll()
 7 SYSTEMPATH\CodeIgniter.php(951): App\Controllers\Admin\BranchManagementController->index()
 8 SYSTEMPATH\CodeIgniter.php(497): CodeIgniter\CodeIgniter->runController(Object(App\Controllers\Admin\BranchManagementController))
 9 SYSTEMPATH\CodeIgniter.php(340): CodeIgniter\CodeIgniter->handleRequest(null, Object(Config\Cache), false)
10 SYSTEMPATH\Boot.php(417): CodeIgniter\CodeIgniter->run()
11 SYSTEMPATH\Boot.php(68): CodeIgniter\Boot::runCodeIgniter(Object(CodeIgniter\CodeIgniter))
12 FCPATH\index.php(59): CodeIgniter\Boot::bootWeb(Object(Config\Paths))
CRITICAL - 2026-04-18 03:42:15 --> [Caused by] mysqli_sql_exception: Unknown column 'is_available' in 'field list'
in SYSTEMPATH\Database\MySQLi\Connection.php on line 300.
 1 SYSTEMPATH\Database\MySQLi\Connection.php(300): mysqli->query('SELECT `service_list_id`, `service_name`, `description`, `is_available`, `status`
FROM `service_list`
ORDER BY `service_name` ASC', 0)
 2 SYSTEMPATH\Database\BaseConnection.php(910): CodeIgniter\Database\MySQLi\Connection->execute('SELECT `service_list_id`, `service_name`, `description`, `is_available`, `status`
FROM `service_list`
ORDER BY `service_name` ASC')
 3 SYSTEMPATH\Database\BaseConnection.php(827): CodeIgniter\Database\BaseConnection->simpleQuery('SELECT `service_list_id`, `service_name`, `description`, `is_available`, `status`
FROM `service_list`
ORDER BY `service_name` ASC')
 4 SYSTEMPATH\Database\BaseBuilder.php(1649): CodeIgniter\Database\BaseConnection->query('SELECT `service_list_id`, `service_name`, `description`, `is_available`, `status`
FROM `service_list`
ORDER BY `service_name` ASC', [], false)
 5 SYSTEMPATH\Model.php(253): CodeIgniter\Database\BaseBuilder->get()
 6 SYSTEMPATH\BaseModel.php(676): CodeIgniter\Model->doFindAll(0, 0)
 7 APPPATH\Controllers\Admin\BranchManagementController.php(40): CodeIgniter\BaseModel->findAll()
 8 SYSTEMPATH\CodeIgniter.php(951): App\Controllers\Admin\BranchManagementController->index()
 9 SYSTEMPATH\CodeIgniter.php(497): CodeIgniter\CodeIgniter->runController(Object(App\Controllers\Admin\BranchManagementController))
10 SYSTEMPATH\CodeIgniter.php(340): CodeIgniter\CodeIgniter->handleRequest(null, Object(Config\Cache), false)
11 SYSTEMPATH\Boot.php(417): CodeIgniter\CodeIgniter->run()
12 SYSTEMPATH\Boot.php(68): CodeIgniter\Boot::runCodeIgniter(Object(CodeIgniter\CodeIgniter))
13 FCPATH\index.php(59): CodeIgniter\Boot::bootWeb(Object(Config\Paths))
DEBUG - 2026-04-18 03:42:41 --> Session: Class initialized using 'CodeIgniter\Session\Handlers\FileHandler' driver.
DEBUG - 2026-04-18 03:42:45 --> Session: Class initialized using 'CodeIgniter\Session\Handlers\FileHandler' driver.
ERROR - 2026-04-18 03:42:45 --> Unknown column 'is_available' in 'field list'
in SYSTEMPATH\Database\MySQLi\Connection.php on line 300.
 1 SYSTEMPATH\Database\MySQLi\Connection.php(300): mysqli->query('SELECT `service_list_id`, `service_name`, `description`, `is_available`, `status`
FROM `service_list`
ORDER BY `service_name` ASC', 0)
 2 SYSTEMPATH\Database\BaseConnection.php(910): CodeIgniter\Database\MySQLi\Connection->execute('SELECT `service_list_id`, `service_name`, `description`, `is_available`, `status`
FROM `service_list`
ORDER BY `service_name` ASC')
 3 SYSTEMPATH\Database\BaseConnection.php(827): CodeIgniter\Database\BaseConnection->simpleQuery('SELECT `service_list_id`, `service_name`, `description`, `is_available`, `status`
FROM `service_list`
ORDER BY `service_name` ASC')
 4 SYSTEMPATH\Database\BaseBuilder.php(1649): CodeIgniter\Database\BaseConnection->query('SELECT `service_list_id`, `service_name`, `description`, `is_available`, `status`
FROM `service_list`
ORDER BY `service_name` ASC', [], false)
 5 SYSTEMPATH\Model.php(253): CodeIgniter\Database\BaseBuilder->get()
 6 SYSTEMPATH\BaseModel.php(676): CodeIgniter\Model->doFindAll(0, 0)
 7 APPPATH\Controllers\Admin\BranchManagementController.php(40): CodeIgniter\BaseModel->findAll()
 8 SYSTEMPATH\CodeIgniter.php(951): App\Controllers\Admin\BranchManagementController->index()
 9 SYSTEMPATH\CodeIgniter.php(497): CodeIgniter\CodeIgniter->runController(Object(App\Controllers\Admin\BranchManagementController))
10 SYSTEMPATH\CodeIgniter.php(340): CodeIgniter\CodeIgniter->handleRequest(null, Object(Config\Cache), false)
11 SYSTEMPATH\Boot.php(417): CodeIgniter\CodeIgniter->run()
12 SYSTEMPATH\Boot.php(68): CodeIgniter\Boot::runCodeIgniter(Object(CodeIgniter\CodeIgniter))
13 FCPATH\index.php(59): CodeIgniter\Boot::bootWeb(Object(Config\Paths))
CRITICAL - 2026-04-18 03:42:45 --> CodeIgniter\Database\Exceptions\DatabaseException: Unknown column 'is_available' in 'field list'
[Method: GET, Route: admin/branch-management]
in SYSTEMPATH\Database\BaseConnection.php on line 865.
 1 SYSTEMPATH\Database\BaseBuilder.php(1649): CodeIgniter\Database\BaseConnection->query('SELECT `service_list_id`, `service_name`, `description`, `is_available`, `status`
FROM `service_list`
ORDER BY `service_name` ASC', [], false)
 2 SYSTEMPATH\Model.php(253): CodeIgniter\Database\BaseBuilder->get()
 3 SYSTEMPATH\BaseModel.php(676): CodeIgniter\Model->doFindAll(0, 0)
 4 APPPATH\Controllers\Admin\BranchManagementController.php(40): CodeIgniter\BaseModel->findAll()
 5 SYSTEMPATH\CodeIgniter.php(951): App\Controllers\Admin\BranchManagementController->index()
 6 SYSTEMPATH\CodeIgniter.php(497): CodeIgniter\CodeIgniter->runController(Object(App\Controllers\Admin\BranchManagementController))
 7 SYSTEMPATH\CodeIgniter.php(340): CodeIgniter\CodeIgniter->handleRequest(null, Object(Config\Cache), false)
 8 SYSTEMPATH\Boot.php(417): CodeIgniter\CodeIgniter->run()
 9 SYSTEMPATH\Boot.php(68): CodeIgniter\Boot::runCodeIgniter(Object(CodeIgniter\CodeIgniter))
10 FCPATH\index.php(59): CodeIgniter\Boot::bootWeb(Object(Config\Paths))
CRITICAL - 2026-04-18 03:42:45 --> [Caused by] CodeIgniter\Database\Exceptions\DatabaseException: Unknown column 'is_available' in 'field list'
in SYSTEMPATH\Database\MySQLi\Connection.php on line 310.
 1 SYSTEMPATH\Database\BaseConnection.php(910): CodeIgniter\Database\MySQLi\Connection->execute('SELECT `service_list_id`, `service_name`, `description`, `is_available`, `status`
FROM `service_list`
ORDER BY `service_name` ASC')
 2 SYSTEMPATH\Database\BaseConnection.php(827): CodeIgniter\Database\BaseConnection->simpleQuery('SELECT `service_list_id`, `service_name`, `description`, `is_available`, `status`
FROM `service_list`
ORDER BY `service_name` ASC')
 3 SYSTEMPATH\Database\BaseBuilder.php(1649): CodeIgniter\Database\BaseConnection->query('SELECT `service_list_id`, `service_name`, `description`, `is_available`, `status`
FROM `service_list`
ORDER BY `service_name` ASC', [], false)
 4 SYSTEMPATH\Model.php(253): CodeIgniter\Database\BaseBuilder->get()
 5 SYSTEMPATH\BaseModel.php(676): CodeIgniter\Model->doFindAll(0, 0)
 6 APPPATH\Controllers\Admin\BranchManagementController.php(40): CodeIgniter\BaseModel->findAll()
 7 SYSTEMPATH\CodeIgniter.php(951): App\Controllers\Admin\BranchManagementController->index()
 8 SYSTEMPATH\CodeIgniter.php(497): CodeIgniter\CodeIgniter->runController(Object(App\Controllers\Admin\BranchManagementController))
 9 SYSTEMPATH\CodeIgniter.php(340): CodeIgniter\CodeIgniter->handleRequest(null, Object(Config\Cache), false)
10 SYSTEMPATH\Boot.php(417): CodeIgniter\CodeIgniter->run()
11 SYSTEMPATH\Boot.php(68): CodeIgniter\Boot::runCodeIgniter(Object(CodeIgniter\CodeIgniter))
12 FCPATH\index.php(59): CodeIgniter\Boot::bootWeb(Object(Config\Paths))
CRITICAL - 2026-04-18 03:42:45 --> [Caused by] mysqli_sql_exception: Unknown column 'is_available' in 'field list'
in SYSTEMPATH\Database\MySQLi\Connection.php on line 300.
 1 SYSTEMPATH\Database\MySQLi\Connection.php(300): mysqli->query('SELECT `service_list_id`, `service_name`, `description`, `is_available`, `status`
FROM `service_list`
ORDER BY `service_name` ASC', 0)
 2 SYSTEMPATH\Database\BaseConnection.php(910): CodeIgniter\Database\MySQLi\Connection->execute('SELECT `service_list_id`, `service_name`, `description`, `is_available`, `status`
FROM `service_list`
ORDER BY `service_name` ASC')
 3 SYSTEMPATH\Database\BaseConnection.php(827): CodeIgniter\Database\BaseConnection->simpleQuery('SELECT `service_list_id`, `service_name`, `description`, `is_available`, `status`
FROM `service_list`
ORDER BY `service_name` ASC')
 4 SYSTEMPATH\Database\BaseBuilder.php(1649): CodeIgniter\Database\BaseConnection->query('SELECT `service_list_id`, `service_name`, `description`, `is_available`, `status`
FROM `service_list`
ORDER BY `service_name` ASC', [], false)
 5 SYSTEMPATH\Model.php(253): CodeIgniter\Database\BaseBuilder->get()
 6 SYSTEMPATH\BaseModel.php(676): CodeIgniter\Model->doFindAll(0, 0)
 7 APPPATH\Controllers\Admin\BranchManagementController.php(40): CodeIgniter\BaseModel->findAll()
 8 SYSTEMPATH\CodeIgniter.php(951): App\Controllers\Admin\BranchManagementController->index()
 9 SYSTEMPATH\CodeIgniter.php(497): CodeIgniter\CodeIgniter->runController(Object(App\Controllers\Admin\BranchManagementController))
10 SYSTEMPATH\CodeIgniter.php(340): CodeIgniter\CodeIgniter->handleRequest(null, Object(Config\Cache), false)
11 SYSTEMPATH\Boot.php(417): CodeIgniter\CodeIgniter->run()
12 SYSTEMPATH\Boot.php(68): CodeIgniter\Boot::runCodeIgniter(Object(CodeIgniter\CodeIgniter))
13 FCPATH\index.php(59): CodeIgniter\Boot::bootWeb(Object(Config\Paths))
DEBUG - 2026-04-18 03:43:17 --> Session: Class initialized using 'CodeIgniter\Session\Handlers\FileHandler' driver.
DEBUG - 2026-04-18 03:43:17 --> Session: Class initialized using 'CodeIgniter\Session\Handlers\FileHandler' driver.
DEBUG - 2026-04-18 03:43:21 --> Session: Class initialized using 'CodeIgniter\Session\Handlers\FileHandler' driver.
DEBUG - 2026-04-18 03:43:22 --> Session: Class initialized using 'CodeIgniter\Session\Handlers\FileHandler' driver.
DEBUG - 2026-04-18 03:43:23 --> Session: Class initialized using 'CodeIgniter\Session\Handlers\FileHandler' driver.
DEBUG - 2026-04-18 03:43:24 --> Session: Class initialized using 'CodeIgniter\Session\Handlers\FileHandler' driver.
DEBUG - 2026-04-18 03:43:28 --> Session: Class initialized using 'CodeIgniter\Session\Handlers\FileHandler' driver.
DEBUG - 2026-04-18 03:43:29 --> Session: Class initialized using 'CodeIgniter\Session\Handlers\FileHandler' driver.
DEBUG - 2026-04-18 03:43:37 --> Session: Class initialized using 'CodeIgniter\Session\Handlers\FileHandler' driver.
DEBUG - 2026-04-18 03:43:37 --> Session: Class initialized using 'CodeIgniter\Session\Handlers\FileHandler' driver.
ERROR - 2026-04-18 03:43:37 --> Unknown column 'is_available' in 'where clause'
in SYSTEMPATH\Database\MySQLi\Connection.php on line 300.
 1 SYSTEMPATH\Database\MySQLi\Connection.php(300): mysqli->query('SELECT service_list_id AS service_id, service_name, description, base_price, status FROM service_list WHERE status = \'active\' AND is_available = 1 ORDER BY service_name ASC', 0)
 2 SYSTEMPATH\Database\BaseConnection.php(910): CodeIgniter\Database\MySQLi\Connection->execute('SELECT service_list_id AS service_id, service_name, description, base_price, status FROM service_list WHERE status = \'active\' AND is_available = 1 ORDER BY service_name ASC')
 3 SYSTEMPATH\Database\BaseConnection.php(827): CodeIgniter\Database\BaseConnection->simpleQuery('SELECT service_list_id AS service_id, service_name, description, base_price, status FROM service_list WHERE status = \'active\' AND is_available = 1 ORDER BY service_name ASC')
 4 APPPATH\Controllers\Dashboard.php(83): CodeIgniter\Database\BaseConnection->query('SELECT service_list_id AS service_id, service_name, description, base_price, status FROM service_list WHERE status = \'active\' AND is_available = 1 ORDER BY service_name ASC')
 5 SYSTEMPATH\CodeIgniter.php(951): App\Controllers\Dashboard->planHolder()
 6 SYSTEMPATH\CodeIgniter.php(497): CodeIgniter\CodeIgniter->runController(Object(App\Controllers\Dashboard))
 7 SYSTEMPATH\CodeIgniter.php(340): CodeIgniter\CodeIgniter->handleRequest(null, Object(Config\Cache), false)
 8 SYSTEMPATH\Boot.php(417): CodeIgniter\CodeIgniter->run()
 9 SYSTEMPATH\Boot.php(68): CodeIgniter\Boot::runCodeIgniter(Object(CodeIgniter\CodeIgniter))
10 FCPATH\index.php(59): CodeIgniter\Boot::bootWeb(Object(Config\Paths))
CRITICAL - 2026-04-18 03:43:37 --> CodeIgniter\Database\Exceptions\DatabaseException: Unknown column 'is_available' in 'where clause'
[Method: GET, Route: dashboard/plan-holder]
in SYSTEMPATH\Database\BaseConnection.php on line 865.
 1 APPPATH\Controllers\Dashboard.php(83): CodeIgniter\Database\BaseConnection->query('SELECT service_list_id AS service_id, service_name, description, base_price, status FROM service_list WHERE status = \'active\' AND is_available = 1 ORDER BY service_name ASC')
 2 SYSTEMPATH\CodeIgniter.php(951): App\Controllers\Dashboard->planHolder()
 3 SYSTEMPATH\CodeIgniter.php(497): CodeIgniter\CodeIgniter->runController(Object(App\Controllers\Dashboard))
 4 SYSTEMPATH\CodeIgniter.php(340): CodeIgniter\CodeIgniter->handleRequest(null, Object(Config\Cache), false)
 5 SYSTEMPATH\Boot.php(417): CodeIgniter\CodeIgniter->run()
 6 SYSTEMPATH\Boot.php(68): CodeIgniter\Boot::runCodeIgniter(Object(CodeIgniter\CodeIgniter))
 7 FCPATH\index.php(59): CodeIgniter\Boot::bootWeb(Object(Config\Paths))
CRITICAL - 2026-04-18 03:43:37 --> [Caused by] CodeIgniter\Database\Exceptions\DatabaseException: Unknown column 'is_available' in 'where clause'
in SYSTEMPATH\Database\MySQLi\Connection.php on line 310.
 1 SYSTEMPATH\Database\BaseConnection.php(910): CodeIgniter\Database\MySQLi\Connection->execute('SELECT service_list_id AS service_id, service_name, description, base_price, status FROM service_list WHERE status = \'active\' AND is_available = 1 ORDER BY service_name ASC')
 2 SYSTEMPATH\Database\BaseConnection.php(827): CodeIgniter\Database\BaseConnection->simpleQuery('SELECT service_list_id AS service_id, service_name, description, base_price, status FROM service_list WHERE status = \'active\' AND is_available = 1 ORDER BY service_name ASC')
 3 APPPATH\Controllers\Dashboard.php(83): CodeIgniter\Database\BaseConnection->query('SELECT service_list_id AS service_id, service_name, description, base_price, status FROM service_list WHERE status = \'active\' AND is_available = 1 ORDER BY service_name ASC')
 4 SYSTEMPATH\CodeIgniter.php(951): App\Controllers\Dashboard->planHolder()
 5 SYSTEMPATH\CodeIgniter.php(497): CodeIgniter\CodeIgniter->runController(Object(App\Controllers\Dashboard))
 6 SYSTEMPATH\CodeIgniter.php(340): CodeIgniter\CodeIgniter->handleRequest(null, Object(Config\Cache), false)
 7 SYSTEMPATH\Boot.php(417): CodeIgniter\CodeIgniter->run()
 8 SYSTEMPATH\Boot.php(68): CodeIgniter\Boot::runCodeIgniter(Object(CodeIgniter\CodeIgniter))
 9 FCPATH\index.php(59): CodeIgniter\Boot::bootWeb(Object(Config\Paths))
CRITICAL - 2026-04-18 03:43:37 --> [Caused by] mysqli_sql_exception: Unknown column 'is_available' in 'where clause'
in SYSTEMPATH\Database\MySQLi\Connection.php on line 300.
 1 SYSTEMPATH\Database\MySQLi\Connection.php(300): mysqli->query('SELECT service_list_id AS service_id, service_name, description, base_price, status FROM service_list WHERE status = \'active\' AND is_available = 1 ORDER BY service_name ASC', 0)
 2 SYSTEMPATH\Database\BaseConnection.php(910): CodeIgniter\Database\MySQLi\Connection->execute('SELECT service_list_id AS service_id, service_name, description, base_price, status FROM service_list WHERE status = \'active\' AND is_available = 1 ORDER BY service_name ASC')
 3 SYSTEMPATH\Database\BaseConnection.php(827): CodeIgniter\Database\BaseConnection->simpleQuery('SELECT service_list_id AS service_id, service_name, description, base_price, status FROM service_list WHERE status = \'active\' AND is_available = 1 ORDER BY service_name ASC')
 4 APPPATH\Controllers\Dashboard.php(83): CodeIgniter\Database\BaseConnection->query('SELECT service_list_id AS service_id, service_name, description, base_price, status FROM service_list WHERE status = \'active\' AND is_available = 1 ORDER BY service_name ASC')
 5 SYSTEMPATH\CodeIgniter.php(951): App\Controllers\Dashboard->planHolder()
 6 SYSTEMPATH\CodeIgniter.php(497): CodeIgniter\CodeIgniter->runController(Object(App\Controllers\Dashboard))
 7 SYSTEMPATH\CodeIgniter.php(340): CodeIgniter\CodeIgniter->handleRequest(null, Object(Config\Cache), false)
 8 SYSTEMPATH\Boot.php(417): CodeIgniter\CodeIgniter->run()
 9 SYSTEMPATH\Boot.php(68): CodeIgniter\Boot::runCodeIgniter(Object(CodeIgniter\CodeIgniter))
10 FCPATH\index.php(59): CodeIgniter\Boot::bootWeb(Object(Config\Paths))
DEBUG - 2026-04-18 03:43:42 --> Session: Class initialized using 'CodeIgniter\Session\Handlers\FileHandler' driver.
DEBUG - 2026-04-18 03:43:42 --> Session: Class initialized using 'CodeIgniter\Session\Handlers\FileHandler' driver.
ERROR - 2026-04-18 03:43:42 --> Unknown column 'is_available' in 'where clause'
in SYSTEMPATH\Database\MySQLi\Connection.php on line 300.
 1 SYSTEMPATH\Database\MySQLi\Connection.php(300): mysqli->query('SELECT service_list_id AS service_id, service_name, description, base_price, status FROM service_list WHERE status = \'active\' AND is_available = 1 ORDER BY service_name ASC', 0)
 2 SYSTEMPATH\Database\BaseConnection.php(910): CodeIgniter\Database\MySQLi\Connection->execute('SELECT service_list_id AS service_id, service_name, description, base_price, status FROM service_list WHERE status = \'active\' AND is_available = 1 ORDER BY service_name ASC')
 3 SYSTEMPATH\Database\BaseConnection.php(827): CodeIgniter\Database\BaseConnection->simpleQuery('SELECT service_list_id AS service_id, service_name, description, base_price, status FROM service_list WHERE status = \'active\' AND is_available = 1 ORDER BY service_name ASC')
 4 APPPATH\Controllers\Dashboard.php(83): CodeIgniter\Database\BaseConnection->query('SELECT service_list_id AS service_id, service_name, description, base_price, status FROM service_list WHERE status = \'active\' AND is_available = 1 ORDER BY service_name ASC')
 5 SYSTEMPATH\CodeIgniter.php(951): App\Controllers\Dashboard->planHolder()
 6 SYSTEMPATH\CodeIgniter.php(497): CodeIgniter\CodeIgniter->runController(Object(App\Controllers\Dashboard))
 7 SYSTEMPATH\CodeIgniter.php(340): CodeIgniter\CodeIgniter->handleRequest(null, Object(Config\Cache), false)
 8 SYSTEMPATH\Boot.php(417): CodeIgniter\CodeIgniter->run()
 9 SYSTEMPATH\Boot.php(68): CodeIgniter\Boot::runCodeIgniter(Object(CodeIgniter\CodeIgniter))
10 FCPATH\index.php(59): CodeIgniter\Boot::bootWeb(Object(Config\Paths))
CRITICAL - 2026-04-18 03:43:42 --> CodeIgniter\Database\Exceptions\DatabaseException: Unknown column 'is_available' in 'where clause'
[Method: GET, Route: dashboard/plan-holder]
in SYSTEMPATH\Database\BaseConnection.php on line 865.
 1 APPPATH\Controllers\Dashboard.php(83): CodeIgniter\Database\BaseConnection->query('SELECT service_list_id AS service_id, service_name, description, base_price, status FROM service_list WHERE status = \'active\' AND is_available = 1 ORDER BY service_name ASC')
 2 SYSTEMPATH\CodeIgniter.php(951): App\Controllers\Dashboard->planHolder()
 3 SYSTEMPATH\CodeIgniter.php(497): CodeIgniter\CodeIgniter->runController(Object(App\Controllers\Dashboard))
 4 SYSTEMPATH\CodeIgniter.php(340): CodeIgniter\CodeIgniter->handleRequest(null, Object(Config\Cache), false)
 5 SYSTEMPATH\Boot.php(417): CodeIgniter\CodeIgniter->run()
 6 SYSTEMPATH\Boot.php(68): CodeIgniter\Boot::runCodeIgniter(Object(CodeIgniter\CodeIgniter))
 7 FCPATH\index.php(59): CodeIgniter\Boot::bootWeb(Object(Config\Paths))
CRITICAL - 2026-04-18 03:43:42 --> [Caused by] CodeIgniter\Database\Exceptions\DatabaseException: Unknown column 'is_available' in 'where clause'
in SYSTEMPATH\Database\MySQLi\Connection.php on line 310.
 1 SYSTEMPATH\Database\BaseConnection.php(910): CodeIgniter\Database\MySQLi\Connection->execute('SELECT service_list_id AS service_id, service_name, description, base_price, status FROM service_list WHERE status = \'active\' AND is_available = 1 ORDER BY service_name ASC')
 2 SYSTEMPATH\Database\BaseConnection.php(827): CodeIgniter\Database\BaseConnection->simpleQuery('SELECT service_list_id AS service_id, service_name, description, base_price, status FROM service_list WHERE status = \'active\' AND is_available = 1 ORDER BY service_name ASC')
 3 APPPATH\Controllers\Dashboard.php(83): CodeIgniter\Database\BaseConnection->query('SELECT service_list_id AS service_id, service_name, description, base_price, status FROM service_list WHERE status = \'active\' AND is_available = 1 ORDER BY service_name ASC')
 4 SYSTEMPATH\CodeIgniter.php(951): App\Controllers\Dashboard->planHolder()
 5 SYSTEMPATH\CodeIgniter.php(497): CodeIgniter\CodeIgniter->runController(Object(App\Controllers\Dashboard))
 6 SYSTEMPATH\CodeIgniter.php(340): CodeIgniter\CodeIgniter->handleRequest(null, Object(Config\Cache), false)
 7 SYSTEMPATH\Boot.php(417): CodeIgniter\CodeIgniter->run()
 8 SYSTEMPATH\Boot.php(68): CodeIgniter\Boot::runCodeIgniter(Object(CodeIgniter\CodeIgniter))
 9 FCPATH\index.php(59): CodeIgniter\Boot::bootWeb(Object(Config\Paths))
CRITICAL - 2026-04-18 03:43:42 --> [Caused by] mysqli_sql_exception: Unknown column 'is_available' in 'where clause'
in SYSTEMPATH\Database\MySQLi\Connection.php on line 300.
 1 SYSTEMPATH\Database\MySQLi\Connection.php(300): mysqli->query('SELECT service_list_id AS service_id, service_name, description, base_price, status FROM service_list WHERE status = \'active\' AND is_available = 1 ORDER BY service_name ASC', 0)
 2 SYSTEMPATH\Database\BaseConnection.php(910): CodeIgniter\Database\MySQLi\Connection->execute('SELECT service_list_id AS service_id, service_name, description, base_price, status FROM service_list WHERE status = \'active\' AND is_available = 1 ORDER BY service_name ASC')
 3 SYSTEMPATH\Database\BaseConnection.php(827): CodeIgniter\Database\BaseConnection->simpleQuery('SELECT service_list_id AS service_id, service_name, description, base_price, status FROM service_list WHERE status = \'active\' AND is_available = 1 ORDER BY service_name ASC')
 4 APPPATH\Controllers\Dashboard.php(83): CodeIgniter\Database\BaseConnection->query('SELECT service_list_id AS service_id, service_name, description, base_price, status FROM service_list WHERE status = \'active\' AND is_available = 1 ORDER BY service_name ASC')
 5 SYSTEMPATH\CodeIgniter.php(951): App\Controllers\Dashboard->planHolder()
 6 SYSTEMPATH\CodeIgniter.php(497): CodeIgniter\CodeIgniter->runController(Object(App\Controllers\Dashboard))
 7 SYSTEMPATH\CodeIgniter.php(340): CodeIgniter\CodeIgniter->handleRequest(null, Object(Config\Cache), false)
 8 SYSTEMPATH\Boot.php(417): CodeIgniter\CodeIgniter->run()
 9 SYSTEMPATH\Boot.php(68): CodeIgniter\Boot::runCodeIgniter(Object(CodeIgniter\CodeIgniter))
10 FCPATH\index.php(59): CodeIgniter\Boot::bootWeb(Object(Config\Paths))
DEBUG - 2026-04-18 03:45:55 --> Session: Class initialized using 'CodeIgniter\Session\Handlers\FileHandler' driver.
DEBUG - 2026-04-18 03:45:56 --> Session: Class initialized using 'CodeIgniter\Session\Handlers\FileHandler' driver.
ERROR - 2026-04-18 03:45:56 --> Unknown column 'is_available' in 'where clause'
in SYSTEMPATH\Database\MySQLi\Connection.php on line 300.
 1 SYSTEMPATH\Database\MySQLi\Connection.php(300): mysqli->query('SELECT service_list_id AS service_id, service_name, description, base_price, status FROM service_list WHERE status = \'active\' AND is_available = 1 ORDER BY service_name ASC', 0)
 2 SYSTEMPATH\Database\BaseConnection.php(910): CodeIgniter\Database\MySQLi\Connection->execute('SELECT service_list_id AS service_id, service_name, description, base_price, status FROM service_list WHERE status = \'active\' AND is_available = 1 ORDER BY service_name ASC')
 3 SYSTEMPATH\Database\BaseConnection.php(827): CodeIgniter\Database\BaseConnection->simpleQuery('SELECT service_list_id AS service_id, service_name, description, base_price, status FROM service_list WHERE status = \'active\' AND is_available = 1 ORDER BY service_name ASC')
 4 APPPATH\Controllers\Dashboard.php(83): CodeIgniter\Database\BaseConnection->query('SELECT service_list_id AS service_id, service_name, description, base_price, status FROM service_list WHERE status = \'active\' AND is_available = 1 ORDER BY service_name ASC')
 5 SYSTEMPATH\CodeIgniter.php(951): App\Controllers\Dashboard->planHolder()
 6 SYSTEMPATH\CodeIgniter.php(497): CodeIgniter\CodeIgniter->runController(Object(App\Controllers\Dashboard))
 7 SYSTEMPATH\CodeIgniter.php(340): CodeIgniter\CodeIgniter->handleRequest(null, Object(Config\Cache), false)
 8 SYSTEMPATH\Boot.php(417): CodeIgniter\CodeIgniter->run()
 9 SYSTEMPATH\Boot.php(68): CodeIgniter\Boot::runCodeIgniter(Object(CodeIgniter\CodeIgniter))
10 FCPATH\index.php(59): CodeIgniter\Boot::bootWeb(Object(Config\Paths))
CRITICAL - 2026-04-18 03:45:56 --> CodeIgniter\Database\Exceptions\DatabaseException: Unknown column 'is_available' in 'where clause'
[Method: GET, Route: dashboard/plan-holder]
in SYSTEMPATH\Database\BaseConnection.php on line 865.
 1 APPPATH\Controllers\Dashboard.php(83): CodeIgniter\Database\BaseConnection->query('SELECT service_list_id AS service_id, service_name, description, base_price, status FROM service_list WHERE status = \'active\' AND is_available = 1 ORDER BY service_name ASC')
 2 SYSTEMPATH\CodeIgniter.php(951): App\Controllers\Dashboard->planHolder()
 3 SYSTEMPATH\CodeIgniter.php(497): CodeIgniter\CodeIgniter->runController(Object(App\Controllers\Dashboard))
 4 SYSTEMPATH\CodeIgniter.php(340): CodeIgniter\CodeIgniter->handleRequest(null, Object(Config\Cache), false)
 5 SYSTEMPATH\Boot.php(417): CodeIgniter\CodeIgniter->run()
 6 SYSTEMPATH\Boot.php(68): CodeIgniter\Boot::runCodeIgniter(Object(CodeIgniter\CodeIgniter))
 7 FCPATH\index.php(59): CodeIgniter\Boot::bootWeb(Object(Config\Paths))
CRITICAL - 2026-04-18 03:45:56 --> [Caused by] CodeIgniter\Database\Exceptions\DatabaseException: Unknown column 'is_available' in 'where clause'
in SYSTEMPATH\Database\MySQLi\Connection.php on line 310.
 1 SYSTEMPATH\Database\BaseConnection.php(910): CodeIgniter\Database\MySQLi\Connection->execute('SELECT service_list_id AS service_id, service_name, description, base_price, status FROM service_list WHERE status = \'active\' AND is_available = 1 ORDER BY service_name ASC')
 2 SYSTEMPATH\Database\BaseConnection.php(827): CodeIgniter\Database\BaseConnection->simpleQuery('SELECT service_list_id AS service_id, service_name, description, base_price, status FROM service_list WHERE status = \'active\' AND is_available = 1 ORDER BY service_name ASC')
 3 APPPATH\Controllers\Dashboard.php(83): CodeIgniter\Database\BaseConnection->query('SELECT service_list_id AS service_id, service_name, description, base_price, status FROM service_list WHERE status = \'active\' AND is_available = 1 ORDER BY service_name ASC')
 4 SYSTEMPATH\CodeIgniter.php(951): App\Controllers\Dashboard->planHolder()
 5 SYSTEMPATH\CodeIgniter.php(497): CodeIgniter\CodeIgniter->runController(Object(App\Controllers\Dashboard))
 6 SYSTEMPATH\CodeIgniter.php(340): CodeIgniter\CodeIgniter->handleRequest(null, Object(Config\Cache), false)
 7 SYSTEMPATH\Boot.php(417): CodeIgniter\CodeIgniter->run()
 8 SYSTEMPATH\Boot.php(68): CodeIgniter\Boot::runCodeIgniter(Object(CodeIgniter\CodeIgniter))
 9 FCPATH\index.php(59): CodeIgniter\Boot::bootWeb(Object(Config\Paths))
CRITICAL - 2026-04-18 03:45:56 --> [Caused by] mysqli_sql_exception: Unknown column 'is_available' in 'where clause'
in SYSTEMPATH\Database\MySQLi\Connection.php on line 300.
 1 SYSTEMPATH\Database\MySQLi\Connection.php(300): mysqli->query('SELECT service_list_id AS service_id, service_name, description, base_price, status FROM service_list WHERE status = \'active\' AND is_available = 1 ORDER BY service_name ASC', 0)
 2 SYSTEMPATH\Database\BaseConnection.php(910): CodeIgniter\Database\MySQLi\Connection->execute('SELECT service_list_id AS service_id, service_name, description, base_price, status FROM service_list WHERE status = \'active\' AND is_available = 1 ORDER BY service_name ASC')
 3 SYSTEMPATH\Database\BaseConnection.php(827): CodeIgniter\Database\BaseConnection->simpleQuery('SELECT service_list_id AS service_id, service_name, description, base_price, status FROM service_list WHERE status = \'active\' AND is_available = 1 ORDER BY service_name ASC')
 4 APPPATH\Controllers\Dashboard.php(83): CodeIgniter\Database\BaseConnection->query('SELECT service_list_id AS service_id, service_name, description, base_price, status FROM service_list WHERE status = \'active\' AND is_available = 1 ORDER BY service_name ASC')
 5 SYSTEMPATH\CodeIgniter.php(951): App\Controllers\Dashboard->planHolder()
 6 SYSTEMPATH\CodeIgniter.php(497): CodeIgniter\CodeIgniter->runController(Object(App\Controllers\Dashboard))
 7 SYSTEMPATH\CodeIgniter.php(340): CodeIgniter\CodeIgniter->handleRequest(null, Object(Config\Cache), false)
 8 SYSTEMPATH\Boot.php(417): CodeIgniter\CodeIgniter->run()
 9 SYSTEMPATH\Boot.php(68): CodeIgniter\Boot::runCodeIgniter(Object(CodeIgniter\CodeIgniter))
10 FCPATH\index.php(59): CodeIgniter\Boot::bootWeb(Object(Config\Paths))
DEBUG - 2026-04-18 03:48:20 --> Session: Class initialized using 'CodeIgniter\Session\Handlers\FileHandler' driver.
DEBUG - 2026-04-18 03:48:20 --> Session: Class initialized using 'CodeIgniter\Session\Handlers\FileHandler' driver.
ERROR - 2026-04-18 03:48:20 --> Unknown column 'is_available' in 'where clause'
in SYSTEMPATH\Database\MySQLi\Connection.php on line 300.
 1 SYSTEMPATH\Database\MySQLi\Connection.php(300): mysqli->query('SELECT service_list_id AS service_id, service_name, description, base_price, status FROM service_list WHERE status = \'active\' AND is_available = 1 ORDER BY service_name ASC', 0)
 2 SYSTEMPATH\Database\BaseConnection.php(910): CodeIgniter\Database\MySQLi\Connection->execute('SELECT service_list_id AS service_id, service_name, description, base_price, status FROM service_list WHERE status = \'active\' AND is_available = 1 ORDER BY service_name ASC')
 3 SYSTEMPATH\Database\BaseConnection.php(827): CodeIgniter\Database\BaseConnection->simpleQuery('SELECT service_list_id AS service_id, service_name, description, base_price, status FROM service_list WHERE status = \'active\' AND is_available = 1 ORDER BY service_name ASC')
 4 APPPATH\Controllers\Dashboard.php(83): CodeIgniter\Database\BaseConnection->query('SELECT service_list_id AS service_id, service_name, description, base_price, status FROM service_list WHERE status = \'active\' AND is_available = 1 ORDER BY service_name ASC')
 5 SYSTEMPATH\CodeIgniter.php(951): App\Controllers\Dashboard->planHolder()
 6 SYSTEMPATH\CodeIgniter.php(497): CodeIgniter\CodeIgniter->runController(Object(App\Controllers\Dashboard))
 7 SYSTEMPATH\CodeIgniter.php(340): CodeIgniter\CodeIgniter->handleRequest(null, Object(Config\Cache), false)
 8 SYSTEMPATH\Boot.php(417): CodeIgniter\CodeIgniter->run()
 9 SYSTEMPATH\Boot.php(68): CodeIgniter\Boot::runCodeIgniter(Object(CodeIgniter\CodeIgniter))
10 FCPATH\index.php(59): CodeIgniter\Boot::bootWeb(Object(Config\Paths))
CRITICAL - 2026-04-18 03:48:20 --> CodeIgniter\Database\Exceptions\DatabaseException: Unknown column 'is_available' in 'where clause'
[Method: GET, Route: dashboard/plan-holder]
in SYSTEMPATH\Database\BaseConnection.php on line 865.
 1 APPPATH\Controllers\Dashboard.php(83): CodeIgniter\Database\BaseConnection->query('SELECT service_list_id AS service_id, service_name, description, base_price, status FROM service_list WHERE status = \'active\' AND is_available = 1 ORDER BY service_name ASC')
 2 SYSTEMPATH\CodeIgniter.php(951): App\Controllers\Dashboard->planHolder()
 3 SYSTEMPATH\CodeIgniter.php(497): CodeIgniter\CodeIgniter->runController(Object(App\Controllers\Dashboard))
 4 SYSTEMPATH\CodeIgniter.php(340): CodeIgniter\CodeIgniter->handleRequest(null, Object(Config\Cache), false)
 5 SYSTEMPATH\Boot.php(417): CodeIgniter\CodeIgniter->run()
 6 SYSTEMPATH\Boot.php(68): CodeIgniter\Boot::runCodeIgniter(Object(CodeIgniter\CodeIgniter))
 7 FCPATH\index.php(59): CodeIgniter\Boot::bootWeb(Object(Config\Paths))
CRITICAL - 2026-04-18 03:48:20 --> [Caused by] CodeIgniter\Database\Exceptions\DatabaseException: Unknown column 'is_available' in 'where clause'
in SYSTEMPATH\Database\MySQLi\Connection.php on line 310.
 1 SYSTEMPATH\Database\BaseConnection.php(910): CodeIgniter\Database\MySQLi\Connection->execute('SELECT service_list_id AS service_id, service_name, description, base_price, status FROM service_list WHERE status = \'active\' AND is_available = 1 ORDER BY service_name ASC')
 2 SYSTEMPATH\Database\BaseConnection.php(827): CodeIgniter\Database\BaseConnection->simpleQuery('SELECT service_list_id AS service_id, service_name, description, base_price, status FROM service_list WHERE status = \'active\' AND is_available = 1 ORDER BY service_name ASC')
 3 APPPATH\Controllers\Dashboard.php(83): CodeIgniter\Database\BaseConnection->query('SELECT service_list_id AS service_id, service_name, description, base_price, status FROM service_list WHERE status = \'active\' AND is_available = 1 ORDER BY service_name ASC')
 4 SYSTEMPATH\CodeIgniter.php(951): App\Controllers\Dashboard->planHolder()
 5 SYSTEMPATH\CodeIgniter.php(497): CodeIgniter\CodeIgniter->runController(Object(App\Controllers\Dashboard))
 6 SYSTEMPATH\CodeIgniter.php(340): CodeIgniter\CodeIgniter->handleRequest(null, Object(Config\Cache), false)
 7 SYSTEMPATH\Boot.php(417): CodeIgniter\CodeIgniter->run()
 8 SYSTEMPATH\Boot.php(68): CodeIgniter\Boot::runCodeIgniter(Object(CodeIgniter\CodeIgniter))
 9 FCPATH\index.php(59): CodeIgniter\Boot::bootWeb(Object(Config\Paths))
CRITICAL - 2026-04-18 03:48:20 --> [Caused by] mysqli_sql_exception: Unknown column 'is_available' in 'where clause'
in SYSTEMPATH\Database\MySQLi\Connection.php on line 300.
 1 SYSTEMPATH\Database\MySQLi\Connection.php(300): mysqli->query('SELECT service_list_id AS service_id, service_name, description, base_price, status FROM service_list WHERE status = \'active\' AND is_available = 1 ORDER BY service_name ASC', 0)
 2 SYSTEMPATH\Database\BaseConnection.php(910): CodeIgniter\Database\MySQLi\Connection->execute('SELECT service_list_id AS service_id, service_name, description, base_price, status FROM service_list WHERE status = \'active\' AND is_available = 1 ORDER BY service_name ASC')
 3 SYSTEMPATH\Database\BaseConnection.php(827): CodeIgniter\Database\BaseConnection->simpleQuery('SELECT service_list_id AS service_id, service_name, description, base_price, status FROM service_list WHERE status = \'active\' AND is_available = 1 ORDER BY service_name ASC')
 4 APPPATH\Controllers\Dashboard.php(83): CodeIgniter\Database\BaseConnection->query('SELECT service_list_id AS service_id, service_name, description, base_price, status FROM service_list WHERE status = \'active\' AND is_available = 1 ORDER BY service_name ASC')
 5 SYSTEMPATH\CodeIgniter.php(951): App\Controllers\Dashboard->planHolder()
 6 SYSTEMPATH\CodeIgniter.php(497): CodeIgniter\CodeIgniter->runController(Object(App\Controllers\Dashboard))
 7 SYSTEMPATH\CodeIgniter.php(340): CodeIgniter\CodeIgniter->handleRequest(null, Object(Config\Cache), false)
 8 SYSTEMPATH\Boot.php(417): CodeIgniter\CodeIgniter->run()
 9 SYSTEMPATH\Boot.php(68): CodeIgniter\Boot::runCodeIgniter(Object(CodeIgniter\CodeIgniter))
10 FCPATH\index.php(59): CodeIgniter\Boot::bootWeb(Object(Config\Paths))
DEBUG - 2026-04-18 03:48:24 --> Session: Class initialized using 'CodeIgniter\Session\Handlers\FileHandler' driver.
DEBUG - 2026-04-18 03:48:25 --> Session: Class initialized using 'CodeIgniter\Session\Handlers\FileHandler' driver.
ERROR - 2026-04-18 03:48:25 --> Unknown column 'is_available' in 'where clause'
in SYSTEMPATH\Database\MySQLi\Connection.php on line 300.
 1 SYSTEMPATH\Database\MySQLi\Connection.php(300): mysqli->query('SELECT service_list_id AS service_id, service_name, description, base_price, status FROM service_list WHERE status = \'active\' AND is_available = 1 ORDER BY service_name ASC', 0)
 2 SYSTEMPATH\Database\BaseConnection.php(910): CodeIgniter\Database\MySQLi\Connection->execute('SELECT service_list_id AS service_id, service_name, description, base_price, status FROM service_list WHERE status = \'active\' AND is_available = 1 ORDER BY service_name ASC')
 3 SYSTEMPATH\Database\BaseConnection.php(827): CodeIgniter\Database\BaseConnection->simpleQuery('SELECT service_list_id AS service_id, service_name, description, base_price, status FROM service_list WHERE status = \'active\' AND is_available = 1 ORDER BY service_name ASC')
 4 APPPATH\Controllers\Dashboard.php(83): CodeIgniter\Database\BaseConnection->query('SELECT service_list_id AS service_id, service_name, description, base_price, status FROM service_list WHERE status = \'active\' AND is_available = 1 ORDER BY service_name ASC')
 5 SYSTEMPATH\CodeIgniter.php(951): App\Controllers\Dashboard->planHolder()
 6 SYSTEMPATH\CodeIgniter.php(497): CodeIgniter\CodeIgniter->runController(Object(App\Controllers\Dashboard))
 7 SYSTEMPATH\CodeIgniter.php(340): CodeIgniter\CodeIgniter->handleRequest(null, Object(Config\Cache), false)
 8 SYSTEMPATH\Boot.php(417): CodeIgniter\CodeIgniter->run()
 9 SYSTEMPATH\Boot.php(68): CodeIgniter\Boot::runCodeIgniter(Object(CodeIgniter\CodeIgniter))
10 FCPATH\index.php(59): CodeIgniter\Boot::bootWeb(Object(Config\Paths))
CRITICAL - 2026-04-18 03:48:25 --> CodeIgniter\Database\Exceptions\DatabaseException: Unknown column 'is_available' in 'where clause'
[Method: GET, Route: dashboard/plan-holder]
in SYSTEMPATH\Database\BaseConnection.php on line 865.
 1 APPPATH\Controllers\Dashboard.php(83): CodeIgniter\Database\BaseConnection->query('SELECT service_list_id AS service_id, service_name, description, base_price, status FROM service_list WHERE status = \'active\' AND is_available = 1 ORDER BY service_name ASC')
 2 SYSTEMPATH\CodeIgniter.php(951): App\Controllers\Dashboard->planHolder()
 3 SYSTEMPATH\CodeIgniter.php(497): CodeIgniter\CodeIgniter->runController(Object(App\Controllers\Dashboard))
 4 SYSTEMPATH\CodeIgniter.php(340): CodeIgniter\CodeIgniter->handleRequest(null, Object(Config\Cache), false)
 5 SYSTEMPATH\Boot.php(417): CodeIgniter\CodeIgniter->run()
 6 SYSTEMPATH\Boot.php(68): CodeIgniter\Boot::runCodeIgniter(Object(CodeIgniter\CodeIgniter))
 7 FCPATH\index.php(59): CodeIgniter\Boot::bootWeb(Object(Config\Paths))
CRITICAL - 2026-04-18 03:48:25 --> [Caused by] CodeIgniter\Database\Exceptions\DatabaseException: Unknown column 'is_available' in 'where clause'
in SYSTEMPATH\Database\MySQLi\Connection.php on line 310.
 1 SYSTEMPATH\Database\BaseConnection.php(910): CodeIgniter\Database\MySQLi\Connection->execute('SELECT service_list_id AS service_id, service_name, description, base_price, status FROM service_list WHERE status = \'active\' AND is_available = 1 ORDER BY service_name ASC')
 2 SYSTEMPATH\Database\BaseConnection.php(827): CodeIgniter\Database\BaseConnection->simpleQuery('SELECT service_list_id AS service_id, service_name, description, base_price, status FROM service_list WHERE status = \'active\' AND is_available = 1 ORDER BY service_name ASC')
 3 APPPATH\Controllers\Dashboard.php(83): CodeIgniter\Database\BaseConnection->query('SELECT service_list_id AS service_id, service_name, description, base_price, status FROM service_list WHERE status = \'active\' AND is_available = 1 ORDER BY service_name ASC')
 4 SYSTEMPATH\CodeIgniter.php(951): App\Controllers\Dashboard->planHolder()
 5 SYSTEMPATH\CodeIgniter.php(497): CodeIgniter\CodeIgniter->runController(Object(App\Controllers\Dashboard))
 6 SYSTEMPATH\CodeIgniter.php(340): CodeIgniter\CodeIgniter->handleRequest(null, Object(Config\Cache), false)
 7 SYSTEMPATH\Boot.php(417): CodeIgniter\CodeIgniter->run()
 8 SYSTEMPATH\Boot.php(68): CodeIgniter\Boot::runCodeIgniter(Object(CodeIgniter\CodeIgniter))
 9 FCPATH\index.php(59): CodeIgniter\Boot::bootWeb(Object(Config\Paths))
CRITICAL - 2026-04-18 03:48:25 --> [Caused by] mysqli_sql_exception: Unknown column 'is_available' in 'where clause'
in SYSTEMPATH\Database\MySQLi\Connection.php on line 300.
 1 SYSTEMPATH\Database\MySQLi\Connection.php(300): mysqli->query('SELECT service_list_id AS service_id, service_name, description, base_price, status FROM service_list WHERE status = \'active\' AND is_available = 1 ORDER BY service_name ASC', 0)
 2 SYSTEMPATH\Database\BaseConnection.php(910): CodeIgniter\Database\MySQLi\Connection->execute('SELECT service_list_id AS service_id, service_name, description, base_price, status FROM service_list WHERE status = \'active\' AND is_available = 1 ORDER BY service_name ASC')
 3 SYSTEMPATH\Database\BaseConnection.php(827): CodeIgniter\Database\BaseConnection->simpleQuery('SELECT service_list_id AS service_id, service_name, description, base_price, status FROM service_list WHERE status = \'active\' AND is_available = 1 ORDER BY service_name ASC')
 4 APPPATH\Controllers\Dashboard.php(83): CodeIgniter\Database\BaseConnection->query('SELECT service_list_id AS service_id, service_name, description, base_price, status FROM service_list WHERE status = \'active\' AND is_available = 1 ORDER BY service_name ASC')
 5 SYSTEMPATH\CodeIgniter.php(951): App\Controllers\Dashboard->planHolder()
 6 SYSTEMPATH\CodeIgniter.php(497): CodeIgniter\CodeIgniter->runController(Object(App\Controllers\Dashboard))
 7 SYSTEMPATH\CodeIgniter.php(340): CodeIgniter\CodeIgniter->handleRequest(null, Object(Config\Cache), false)
 8 SYSTEMPATH\Boot.php(417): CodeIgniter\CodeIgniter->run()
 9 SYSTEMPATH\Boot.php(68): CodeIgniter\Boot::runCodeIgniter(Object(CodeIgniter\CodeIgniter))
10 FCPATH\index.php(59): CodeIgniter\Boot::bootWeb(Object(Config\Paths))
DEBUG - 2026-04-18 03:48:26 --> Session: Class initialized using 'CodeIgniter\Session\Handlers\FileHandler' driver.
DEBUG - 2026-04-18 03:48:26 --> Session: Class initialized using 'CodeIgniter\Session\Handlers\FileHandler' driver.
ERROR - 2026-04-18 03:48:26 --> Unknown column 'is_available' in 'where clause'
in SYSTEMPATH\Database\MySQLi\Connection.php on line 300.
 1 SYSTEMPATH\Database\MySQLi\Connection.php(300): mysqli->query('SELECT service_list_id AS service_id, service_name, description, base_price, status FROM service_list WHERE status = \'active\' AND is_available = 1 ORDER BY service_name ASC', 0)
 2 SYSTEMPATH\Database\BaseConnection.php(910): CodeIgniter\Database\MySQLi\Connection->execute('SELECT service_list_id AS service_id, service_name, description, base_price, status FROM service_list WHERE status = \'active\' AND is_available = 1 ORDER BY service_name ASC')
 3 SYSTEMPATH\Database\BaseConnection.php(827): CodeIgniter\Database\BaseConnection->simpleQuery('SELECT service_list_id AS service_id, service_name, description, base_price, status FROM service_list WHERE status = \'active\' AND is_available = 1 ORDER BY service_name ASC')
 4 APPPATH\Controllers\Dashboard.php(83): CodeIgniter\Database\BaseConnection->query('SELECT service_list_id AS service_id, service_name, description, base_price, status FROM service_list WHERE status = \'active\' AND is_available = 1 ORDER BY service_name ASC')
 5 SYSTEMPATH\CodeIgniter.php(951): App\Controllers\Dashboard->planHolder()
 6 SYSTEMPATH\CodeIgniter.php(497): CodeIgniter\CodeIgniter->runController(Object(App\Controllers\Dashboard))
 7 SYSTEMPATH\CodeIgniter.php(340): CodeIgniter\CodeIgniter->handleRequest(null, Object(Config\Cache), false)
 8 SYSTEMPATH\Boot.php(417): CodeIgniter\CodeIgniter->run()
 9 SYSTEMPATH\Boot.php(68): CodeIgniter\Boot::runCodeIgniter(Object(CodeIgniter\CodeIgniter))
10 FCPATH\index.php(59): CodeIgniter\Boot::bootWeb(Object(Config\Paths))
CRITICAL - 2026-04-18 03:48:26 --> CodeIgniter\Database\Exceptions\DatabaseException: Unknown column 'is_available' in 'where clause'
[Method: GET, Route: dashboard/plan-holder]
in SYSTEMPATH\Database\BaseConnection.php on line 865.
 1 APPPATH\Controllers\Dashboard.php(83): CodeIgniter\Database\BaseConnection->query('SELECT service_list_id AS service_id, service_name, description, base_price, status FROM service_list WHERE status = \'active\' AND is_available = 1 ORDER BY service_name ASC')
 2 SYSTEMPATH\CodeIgniter.php(951): App\Controllers\Dashboard->planHolder()
 3 SYSTEMPATH\CodeIgniter.php(497): CodeIgniter\CodeIgniter->runController(Object(App\Controllers\Dashboard))
 4 SYSTEMPATH\CodeIgniter.php(340): CodeIgniter\CodeIgniter->handleRequest(null, Object(Config\Cache), false)
 5 SYSTEMPATH\Boot.php(417): CodeIgniter\CodeIgniter->run()
 6 SYSTEMPATH\Boot.php(68): CodeIgniter\Boot::runCodeIgniter(Object(CodeIgniter\CodeIgniter))
 7 FCPATH\index.php(59): CodeIgniter\Boot::bootWeb(Object(Config\Paths))
CRITICAL - 2026-04-18 03:48:26 --> [Caused by] CodeIgniter\Database\Exceptions\DatabaseException: Unknown column 'is_available' in 'where clause'
in SYSTEMPATH\Database\MySQLi\Connection.php on line 310.
 1 SYSTEMPATH\Database\BaseConnection.php(910): CodeIgniter\Database\MySQLi\Connection->execute('SELECT service_list_id AS service_id, service_name, description, base_price, status FROM service_list WHERE status = \'active\' AND is_available = 1 ORDER BY service_name ASC')
 2 SYSTEMPATH\Database\BaseConnection.php(827): CodeIgniter\Database\BaseConnection->simpleQuery('SELECT service_list_id AS service_id, service_name, description, base_price, status FROM service_list WHERE status = \'active\' AND is_available = 1 ORDER BY service_name ASC')
 3 APPPATH\Controllers\Dashboard.php(83): CodeIgniter\Database\BaseConnection->query('SELECT service_list_id AS service_id, service_name, description, base_price, status FROM service_list WHERE status = \'active\' AND is_available = 1 ORDER BY service_name ASC')
 4 SYSTEMPATH\CodeIgniter.php(951): App\Controllers\Dashboard->planHolder()
 5 SYSTEMPATH\CodeIgniter.php(497): CodeIgniter\CodeIgniter->runController(Object(App\Controllers\Dashboard))
 6 SYSTEMPATH\CodeIgniter.php(340): CodeIgniter\CodeIgniter->handleRequest(null, Object(Config\Cache), false)
 7 SYSTEMPATH\Boot.php(417): CodeIgniter\CodeIgniter->run()
 8 SYSTEMPATH\Boot.php(68): CodeIgniter\Boot::runCodeIgniter(Object(CodeIgniter\CodeIgniter))
 9 FCPATH\index.php(59): CodeIgniter\Boot::bootWeb(Object(Config\Paths))
CRITICAL - 2026-04-18 03:48:26 --> [Caused by] mysqli_sql_exception: Unknown column 'is_available' in 'where clause'
in SYSTEMPATH\Database\MySQLi\Connection.php on line 300.
 1 SYSTEMPATH\Database\MySQLi\Connection.php(300): mysqli->query('SELECT service_list_id AS service_id, service_name, description, base_price, status FROM service_list WHERE status = \'active\' AND is_available = 1 ORDER BY service_name ASC', 0)
 2 SYSTEMPATH\Database\BaseConnection.php(910): CodeIgniter\Database\MySQLi\Connection->execute('SELECT service_list_id AS service_id, service_name, description, base_price, status FROM service_list WHERE status = \'active\' AND is_available = 1 ORDER BY service_name ASC')
 3 SYSTEMPATH\Database\BaseConnection.php(827): CodeIgniter\Database\BaseConnection->simpleQuery('SELECT service_list_id AS service_id, service_name, description, base_price, status FROM service_list WHERE status = \'active\' AND is_available = 1 ORDER BY service_name ASC')
 4 APPPATH\Controllers\Dashboard.php(83): CodeIgniter\Database\BaseConnection->query('SELECT service_list_id AS service_id, service_name, description, base_price, status FROM service_list WHERE status = \'active\' AND is_available = 1 ORDER BY service_name ASC')
 5 SYSTEMPATH\CodeIgniter.php(951): App\Controllers\Dashboard->planHolder()
 6 SYSTEMPATH\CodeIgniter.php(497): CodeIgniter\CodeIgniter->runController(Object(App\Controllers\Dashboard))
 7 SYSTEMPATH\CodeIgniter.php(340): CodeIgniter\CodeIgniter->handleRequest(null, Object(Config\Cache), false)
 8 SYSTEMPATH\Boot.php(417): CodeIgniter\CodeIgniter->run()
 9 SYSTEMPATH\Boot.php(68): CodeIgniter\Boot::runCodeIgniter(Object(CodeIgniter\CodeIgniter))
10 FCPATH\index.php(59): CodeIgniter\Boot::bootWeb(Object(Config\Paths))
DEBUG - 2026-04-18 04:03:04 --> Session: Class initialized using 'CodeIgniter\Session\Handlers\FileHandler' driver.
ERROR - 2026-04-18 04:03:04 --> Unknown column 'is_available' in 'where clause'
in SYSTEMPATH\Database\MySQLi\Connection.php on line 300.
 1 SYSTEMPATH\Database\MySQLi\Connection.php(300): mysqli->query('SELECT service_list_id AS service_id, service_name, description, base_price, status FROM service_list WHERE status = \'active\' AND is_available = 1 ORDER BY service_name ASC', 0)
 2 SYSTEMPATH\Database\BaseConnection.php(910): CodeIgniter\Database\MySQLi\Connection->execute('SELECT service_list_id AS service_id, service_name, description, base_price, status FROM service_list WHERE status = \'active\' AND is_available = 1 ORDER BY service_name ASC')
 3 SYSTEMPATH\Database\BaseConnection.php(827): CodeIgniter\Database\BaseConnection->simpleQuery('SELECT service_list_id AS service_id, service_name, description, base_price, status FROM service_list WHERE status = \'active\' AND is_available = 1 ORDER BY service_name ASC')
 4 APPPATH\Controllers\Dashboard.php(83): CodeIgniter\Database\BaseConnection->query('SELECT service_list_id AS service_id, service_name, description, base_price, status FROM service_list WHERE status = \'active\' AND is_available = 1 ORDER BY service_name ASC')
 5 SYSTEMPATH\CodeIgniter.php(951): App\Controllers\Dashboard->planHolder()
 6 SYSTEMPATH\CodeIgniter.php(497): CodeIgniter\CodeIgniter->runController(Object(App\Controllers\Dashboard))
 7 SYSTEMPATH\CodeIgniter.php(340): CodeIgniter\CodeIgniter->handleRequest(null, Object(Config\Cache), false)
 8 SYSTEMPATH\Boot.php(417): CodeIgniter\CodeIgniter->run()
 9 SYSTEMPATH\Boot.php(68): CodeIgniter\Boot::runCodeIgniter(Object(CodeIgniter\CodeIgniter))
10 FCPATH\index.php(59): CodeIgniter\Boot::bootWeb(Object(Config\Paths))
CRITICAL - 2026-04-18 04:03:04 --> CodeIgniter\Database\Exceptions\DatabaseException: Unknown column 'is_available' in 'where clause'
[Method: GET, Route: dashboard/plan-holder]
in SYSTEMPATH\Database\BaseConnection.php on line 865.
 1 APPPATH\Controllers\Dashboard.php(83): CodeIgniter\Database\BaseConnection->query('SELECT service_list_id AS service_id, service_name, description, base_price, status FROM service_list WHERE status = \'active\' AND is_available = 1 ORDER BY service_name ASC')
 2 SYSTEMPATH\CodeIgniter.php(951): App\Controllers\Dashboard->planHolder()
 3 SYSTEMPATH\CodeIgniter.php(497): CodeIgniter\CodeIgniter->runController(Object(App\Controllers\Dashboard))
 4 SYSTEMPATH\CodeIgniter.php(340): CodeIgniter\CodeIgniter->handleRequest(null, Object(Config\Cache), false)
 5 SYSTEMPATH\Boot.php(417): CodeIgniter\CodeIgniter->run()
 6 SYSTEMPATH\Boot.php(68): CodeIgniter\Boot::runCodeIgniter(Object(CodeIgniter\CodeIgniter))
 7 FCPATH\index.php(59): CodeIgniter\Boot::bootWeb(Object(Config\Paths))
CRITICAL - 2026-04-18 04:03:04 --> [Caused by] CodeIgniter\Database\Exceptions\DatabaseException: Unknown column 'is_available' in 'where clause'
in SYSTEMPATH\Database\MySQLi\Connection.php on line 310.
 1 SYSTEMPATH\Database\BaseConnection.php(910): CodeIgniter\Database\MySQLi\Connection->execute('SELECT service_list_id AS service_id, service_name, description, base_price, status FROM service_list WHERE status = \'active\' AND is_available = 1 ORDER BY service_name ASC')
 2 SYSTEMPATH\Database\BaseConnection.php(827): CodeIgniter\Database\BaseConnection->simpleQuery('SELECT service_list_id AS service_id, service_name, description, base_price, status FROM service_list WHERE status = \'active\' AND is_available = 1 ORDER BY service_name ASC')
 3 APPPATH\Controllers\Dashboard.php(83): CodeIgniter\Database\BaseConnection->query('SELECT service_list_id AS service_id, service_name, description, base_price, status FROM service_list WHERE status = \'active\' AND is_available = 1 ORDER BY service_name ASC')
 4 SYSTEMPATH\CodeIgniter.php(951): App\Controllers\Dashboard->planHolder()
 5 SYSTEMPATH\CodeIgniter.php(497): CodeIgniter\CodeIgniter->runController(Object(App\Controllers\Dashboard))
 6 SYSTEMPATH\CodeIgniter.php(340): CodeIgniter\CodeIgniter->handleRequest(null, Object(Config\Cache), false)
 7 SYSTEMPATH\Boot.php(417): CodeIgniter\CodeIgniter->run()
 8 SYSTEMPATH\Boot.php(68): CodeIgniter\Boot::runCodeIgniter(Object(CodeIgniter\CodeIgniter))
 9 FCPATH\index.php(59): CodeIgniter\Boot::bootWeb(Object(Config\Paths))
CRITICAL - 2026-04-18 04:03:04 --> [Caused by] mysqli_sql_exception: Unknown column 'is_available' in 'where clause'
in SYSTEMPATH\Database\MySQLi\Connection.php on line 300.
 1 SYSTEMPATH\Database\MySQLi\Connection.php(300): mysqli->query('SELECT service_list_id AS service_id, service_name, description, base_price, status FROM service_list WHERE status = \'active\' AND is_available = 1 ORDER BY service_name ASC', 0)
 2 SYSTEMPATH\Database\BaseConnection.php(910): CodeIgniter\Database\MySQLi\Connection->execute('SELECT service_list_id AS service_id, service_name, description, base_price, status FROM service_list WHERE status = \'active\' AND is_available = 1 ORDER BY service_name ASC')
 3 SYSTEMPATH\Database\BaseConnection.php(827): CodeIgniter\Database\BaseConnection->simpleQuery('SELECT service_list_id AS service_id, service_name, description, base_price, status FROM service_list WHERE status = \'active\' AND is_available = 1 ORDER BY service_name ASC')
 4 APPPATH\Controllers\Dashboard.php(83): CodeIgniter\Database\BaseConnection->query('SELECT service_list_id AS service_id, service_name, description, base_price, status FROM service_list WHERE status = \'active\' AND is_available = 1 ORDER BY service_name ASC')
 5 SYSTEMPATH\CodeIgniter.php(951): App\Controllers\Dashboard->planHolder()
 6 SYSTEMPATH\CodeIgniter.php(497): CodeIgniter\CodeIgniter->runController(Object(App\Controllers\Dashboard))
 7 SYSTEMPATH\CodeIgniter.php(340): CodeIgniter\CodeIgniter->handleRequest(null, Object(Config\Cache), false)
 8 SYSTEMPATH\Boot.php(417): CodeIgniter\CodeIgniter->run()
 9 SYSTEMPATH\Boot.php(68): CodeIgniter\Boot::runCodeIgniter(Object(CodeIgniter\CodeIgniter))
10 FCPATH\index.php(59): CodeIgniter\Boot::bootWeb(Object(Config\Paths))
DEBUG - 2026-04-18 04:03:07 --> Session: Class initialized using 'CodeIgniter\Session\Handlers\FileHandler' driver.
ERROR - 2026-04-18 04:03:07 --> Unknown column 'is_available' in 'where clause'
in SYSTEMPATH\Database\MySQLi\Connection.php on line 300.
 1 SYSTEMPATH\Database\MySQLi\Connection.php(300): mysqli->query('SELECT service_list_id AS service_id, service_name, description, base_price, status FROM service_list WHERE status = \'active\' AND is_available = 1 ORDER BY service_name ASC', 0)
 2 SYSTEMPATH\Database\BaseConnection.php(910): CodeIgniter\Database\MySQLi\Connection->execute('SELECT service_list_id AS service_id, service_name, description, base_price, status FROM service_list WHERE status = \'active\' AND is_available = 1 ORDER BY service_name ASC')
 3 SYSTEMPATH\Database\BaseConnection.php(827): CodeIgniter\Database\BaseConnection->simpleQuery('SELECT service_list_id AS service_id, service_name, description, base_price, status FROM service_list WHERE status = \'active\' AND is_available = 1 ORDER BY service_name ASC')
 4 APPPATH\Controllers\Dashboard.php(83): CodeIgniter\Database\BaseConnection->query('SELECT service_list_id AS service_id, service_name, description, base_price, status FROM service_list WHERE status = \'active\' AND is_available = 1 ORDER BY service_name ASC')
 5 SYSTEMPATH\CodeIgniter.php(951): App\Controllers\Dashboard->planHolder()
 6 SYSTEMPATH\CodeIgniter.php(497): CodeIgniter\CodeIgniter->runController(Object(App\Controllers\Dashboard))
 7 SYSTEMPATH\CodeIgniter.php(340): CodeIgniter\CodeIgniter->handleRequest(null, Object(Config\Cache), false)
 8 SYSTEMPATH\Boot.php(417): CodeIgniter\CodeIgniter->run()
 9 SYSTEMPATH\Boot.php(68): CodeIgniter\Boot::runCodeIgniter(Object(CodeIgniter\CodeIgniter))
10 FCPATH\index.php(59): CodeIgniter\Boot::bootWeb(Object(Config\Paths))
CRITICAL - 2026-04-18 04:03:07 --> CodeIgniter\Database\Exceptions\DatabaseException: Unknown column 'is_available' in 'where clause'
[Method: GET, Route: dashboard/plan-holder]
in SYSTEMPATH\Database\BaseConnection.php on line 865.
 1 APPPATH\Controllers\Dashboard.php(83): CodeIgniter\Database\BaseConnection->query('SELECT service_list_id AS service_id, service_name, description, base_price, status FROM service_list WHERE status = \'active\' AND is_available = 1 ORDER BY service_name ASC')
 2 SYSTEMPATH\CodeIgniter.php(951): App\Controllers\Dashboard->planHolder()
 3 SYSTEMPATH\CodeIgniter.php(497): CodeIgniter\CodeIgniter->runController(Object(App\Controllers\Dashboard))
 4 SYSTEMPATH\CodeIgniter.php(340): CodeIgniter\CodeIgniter->handleRequest(null, Object(Config\Cache), false)
 5 SYSTEMPATH\Boot.php(417): CodeIgniter\CodeIgniter->run()
 6 SYSTEMPATH\Boot.php(68): CodeIgniter\Boot::runCodeIgniter(Object(CodeIgniter\CodeIgniter))
 7 FCPATH\index.php(59): CodeIgniter\Boot::bootWeb(Object(Config\Paths))
CRITICAL - 2026-04-18 04:03:07 --> [Caused by] CodeIgniter\Database\Exceptions\DatabaseException: Unknown column 'is_available' in 'where clause'
in SYSTEMPATH\Database\MySQLi\Connection.php on line 310.
 1 SYSTEMPATH\Database\BaseConnection.php(910): CodeIgniter\Database\MySQLi\Connection->execute('SELECT service_list_id AS service_id, service_name, description, base_price, status FROM service_list WHERE status = \'active\' AND is_available = 1 ORDER BY service_name ASC')
 2 SYSTEMPATH\Database\BaseConnection.php(827): CodeIgniter\Database\BaseConnection->simpleQuery('SELECT service_list_id AS service_id, service_name, description, base_price, status FROM service_list WHERE status = \'active\' AND is_available = 1 ORDER BY service_name ASC')
 3 APPPATH\Controllers\Dashboard.php(83): CodeIgniter\Database\BaseConnection->query('SELECT service_list_id AS service_id, service_name, description, base_price, status FROM service_list WHERE status = \'active\' AND is_available = 1 ORDER BY service_name ASC')
 4 SYSTEMPATH\CodeIgniter.php(951): App\Controllers\Dashboard->planHolder()
 5 SYSTEMPATH\CodeIgniter.php(497): CodeIgniter\CodeIgniter->runController(Object(App\Controllers\Dashboard))
 6 SYSTEMPATH\CodeIgniter.php(340): CodeIgniter\CodeIgniter->handleRequest(null, Object(Config\Cache), false)
 7 SYSTEMPATH\Boot.php(417): CodeIgniter\CodeIgniter->run()
 8 SYSTEMPATH\Boot.php(68): CodeIgniter\Boot::runCodeIgniter(Object(CodeIgniter\CodeIgniter))
 9 FCPATH\index.php(59): CodeIgniter\Boot::bootWeb(Object(Config\Paths))
CRITICAL - 2026-04-18 04:03:07 --> [Caused by] mysqli_sql_exception: Unknown column 'is_available' in 'where clause'
in SYSTEMPATH\Database\MySQLi\Connection.php on line 300.
 1 SYSTEMPATH\Database\MySQLi\Connection.php(300): mysqli->query('SELECT service_list_id AS service_id, service_name, description, base_price, status FROM service_list WHERE status = \'active\' AND is_available = 1 ORDER BY service_name ASC', 0)
 2 SYSTEMPATH\Database\BaseConnection.php(910): CodeIgniter\Database\MySQLi\Connection->execute('SELECT service_list_id AS service_id, service_name, description, base_price, status FROM service_list WHERE status = \'active\' AND is_available = 1 ORDER BY service_name ASC')
 3 SYSTEMPATH\Database\BaseConnection.php(827): CodeIgniter\Database\BaseConnection->simpleQuery('SELECT service_list_id AS service_id, service_name, description, base_price, status FROM service_list WHERE status = \'active\' AND is_available = 1 ORDER BY service_name ASC')
 4 APPPATH\Controllers\Dashboard.php(83): CodeIgniter\Database\BaseConnection->query('SELECT service_list_id AS service_id, service_name, description, base_price, status FROM service_list WHERE status = \'active\' AND is_available = 1 ORDER BY service_name ASC')
 5 SYSTEMPATH\CodeIgniter.php(951): App\Controllers\Dashboard->planHolder()
 6 SYSTEMPATH\CodeIgniter.php(497): CodeIgniter\CodeIgniter->runController(Object(App\Controllers\Dashboard))
 7 SYSTEMPATH\CodeIgniter.php(340): CodeIgniter\CodeIgniter->handleRequest(null, Object(Config\Cache), false)
 8 SYSTEMPATH\Boot.php(417): CodeIgniter\CodeIgniter->run()
 9 SYSTEMPATH\Boot.php(68): CodeIgniter\Boot::runCodeIgniter(Object(CodeIgniter\CodeIgniter))
10 FCPATH\index.php(59): CodeIgniter\Boot::bootWeb(Object(Config\Paths))
DEBUG - 2026-04-18 04:03:09 --> Session: Class initialized using 'CodeIgniter\Session\Handlers\FileHandler' driver.
ERROR - 2026-04-18 04:03:09 --> Unknown column 'is_available' in 'where clause'
in SYSTEMPATH\Database\MySQLi\Connection.php on line 300.
 1 SYSTEMPATH\Database\MySQLi\Connection.php(300): mysqli->query('SELECT service_list_id AS service_id, service_name, description, base_price, status FROM service_list WHERE status = \'active\' AND is_available = 1 ORDER BY service_name ASC', 0)
 2 SYSTEMPATH\Database\BaseConnection.php(910): CodeIgniter\Database\MySQLi\Connection->execute('SELECT service_list_id AS service_id, service_name, description, base_price, status FROM service_list WHERE status = \'active\' AND is_available = 1 ORDER BY service_name ASC')
 3 SYSTEMPATH\Database\BaseConnection.php(827): CodeIgniter\Database\BaseConnection->simpleQuery('SELECT service_list_id AS service_id, service_name, description, base_price, status FROM service_list WHERE status = \'active\' AND is_available = 1 ORDER BY service_name ASC')
 4 APPPATH\Controllers\Dashboard.php(83): CodeIgniter\Database\BaseConnection->query('SELECT service_list_id AS service_id, service_name, description, base_price, status FROM service_list WHERE status = \'active\' AND is_available = 1 ORDER BY service_name ASC')
 5 SYSTEMPATH\CodeIgniter.php(951): App\Controllers\Dashboard->planHolder()
 6 SYSTEMPATH\CodeIgniter.php(497): CodeIgniter\CodeIgniter->runController(Object(App\Controllers\Dashboard))
 7 SYSTEMPATH\CodeIgniter.php(340): CodeIgniter\CodeIgniter->handleRequest(null, Object(Config\Cache), false)
 8 SYSTEMPATH\Boot.php(417): CodeIgniter\CodeIgniter->run()
 9 SYSTEMPATH\Boot.php(68): CodeIgniter\Boot::runCodeIgniter(Object(CodeIgniter\CodeIgniter))
10 FCPATH\index.php(59): CodeIgniter\Boot::bootWeb(Object(Config\Paths))
CRITICAL - 2026-04-18 04:03:09 --> CodeIgniter\Database\Exceptions\DatabaseException: Unknown column 'is_available' in 'where clause'
[Method: GET, Route: dashboard/plan-holder]
in SYSTEMPATH\Database\BaseConnection.php on line 865.
 1 APPPATH\Controllers\Dashboard.php(83): CodeIgniter\Database\BaseConnection->query('SELECT service_list_id AS service_id, service_name, description, base_price, status FROM service_list WHERE status = \'active\' AND is_available = 1 ORDER BY service_name ASC')
 2 SYSTEMPATH\CodeIgniter.php(951): App\Controllers\Dashboard->planHolder()
 3 SYSTEMPATH\CodeIgniter.php(497): CodeIgniter\CodeIgniter->runController(Object(App\Controllers\Dashboard))
 4 SYSTEMPATH\CodeIgniter.php(340): CodeIgniter\CodeIgniter->handleRequest(null, Object(Config\Cache), false)
 5 SYSTEMPATH\Boot.php(417): CodeIgniter\CodeIgniter->run()
 6 SYSTEMPATH\Boot.php(68): CodeIgniter\Boot::runCodeIgniter(Object(CodeIgniter\CodeIgniter))
 7 FCPATH\index.php(59): CodeIgniter\Boot::bootWeb(Object(Config\Paths))
CRITICAL - 2026-04-18 04:03:09 --> [Caused by] CodeIgniter\Database\Exceptions\DatabaseException: Unknown column 'is_available' in 'where clause'
in SYSTEMPATH\Database\MySQLi\Connection.php on line 310.
 1 SYSTEMPATH\Database\BaseConnection.php(910): CodeIgniter\Database\MySQLi\Connection->execute('SELECT service_list_id AS service_id, service_name, description, base_price, status FROM service_list WHERE status = \'active\' AND is_available = 1 ORDER BY service_name ASC')
 2 SYSTEMPATH\Database\BaseConnection.php(827): CodeIgniter\Database\BaseConnection->simpleQuery('SELECT service_list_id AS service_id, service_name, description, base_price, status FROM service_list WHERE status = \'active\' AND is_available = 1 ORDER BY service_name ASC')
 3 APPPATH\Controllers\Dashboard.php(83): CodeIgniter\Database\BaseConnection->query('SELECT service_list_id AS service_id, service_name, description, base_price, status FROM service_list WHERE status = \'active\' AND is_available = 1 ORDER BY service_name ASC')
 4 SYSTEMPATH\CodeIgniter.php(951): App\Controllers\Dashboard->planHolder()
 5 SYSTEMPATH\CodeIgniter.php(497): CodeIgniter\CodeIgniter->runController(Object(App\Controllers\Dashboard))
 6 SYSTEMPATH\CodeIgniter.php(340): CodeIgniter\CodeIgniter->handleRequest(null, Object(Config\Cache), false)
 7 SYSTEMPATH\Boot.php(417): CodeIgniter\CodeIgniter->run()
 8 SYSTEMPATH\Boot.php(68): CodeIgniter\Boot::runCodeIgniter(Object(CodeIgniter\CodeIgniter))
 9 FCPATH\index.php(59): CodeIgniter\Boot::bootWeb(Object(Config\Paths))
CRITICAL - 2026-04-18 04:03:09 --> [Caused by] mysqli_sql_exception: Unknown column 'is_available' in 'where clause'
in SYSTEMPATH\Database\MySQLi\Connection.php on line 300.
 1 SYSTEMPATH\Database\MySQLi\Connection.php(300): mysqli->query('SELECT service_list_id AS service_id, service_name, description, base_price, status FROM service_list WHERE status = \'active\' AND is_available = 1 ORDER BY service_name ASC', 0)
 2 SYSTEMPATH\Database\BaseConnection.php(910): CodeIgniter\Database\MySQLi\Connection->execute('SELECT service_list_id AS service_id, service_name, description, base_price, status FROM service_list WHERE status = \'active\' AND is_available = 1 ORDER BY service_name ASC')
 3 SYSTEMPATH\Database\BaseConnection.php(827): CodeIgniter\Database\BaseConnection->simpleQuery('SELECT service_list_id AS service_id, service_name, description, base_price, status FROM service_list WHERE status = \'active\' AND is_available = 1 ORDER BY service_name ASC')
 4 APPPATH\Controllers\Dashboard.php(83): CodeIgniter\Database\BaseConnection->query('SELECT service_list_id AS service_id, service_name, description, base_price, status FROM service_list WHERE status = \'active\' AND is_available = 1 ORDER BY service_name ASC')
 5 SYSTEMPATH\CodeIgniter.php(951): App\Controllers\Dashboard->planHolder()
 6 SYSTEMPATH\CodeIgniter.php(497): CodeIgniter\CodeIgniter->runController(Object(App\Controllers\Dashboard))
 7 SYSTEMPATH\CodeIgniter.php(340): CodeIgniter\CodeIgniter->handleRequest(null, Object(Config\Cache), false)
 8 SYSTEMPATH\Boot.php(417): CodeIgniter\CodeIgniter->run()
 9 SYSTEMPATH\Boot.php(68): CodeIgniter\Boot::runCodeIgniter(Object(CodeIgniter\CodeIgniter))
10 FCPATH\index.php(59): CodeIgniter\Boot::bootWeb(Object(Config\Paths))
DEBUG - 2026-04-18 04:03:12 --> Session: Class initialized using 'CodeIgniter\Session\Handlers\FileHandler' driver.
DEBUG - 2026-04-18 04:03:13 --> Session: Class initialized using 'CodeIgniter\Session\Handlers\FileHandler' driver.
ERROR - 2026-04-18 04:03:13 --> Unknown column 'is_available' in 'where clause'
in SYSTEMPATH\Database\MySQLi\Connection.php on line 300.
 1 SYSTEMPATH\Database\MySQLi\Connection.php(300): mysqli->query('SELECT service_list_id AS service_id, service_name, description, base_price, status FROM service_list WHERE status = \'active\' AND is_available = 1 ORDER BY service_name ASC', 0)
 2 SYSTEMPATH\Database\BaseConnection.php(910): CodeIgniter\Database\MySQLi\Connection->execute('SELECT service_list_id AS service_id, service_name, description, base_price, status FROM service_list WHERE status = \'active\' AND is_available = 1 ORDER BY service_name ASC')
 3 SYSTEMPATH\Database\BaseConnection.php(827): CodeIgniter\Database\BaseConnection->simpleQuery('SELECT service_list_id AS service_id, service_name, description, base_price, status FROM service_list WHERE status = \'active\' AND is_available = 1 ORDER BY service_name ASC')
 4 APPPATH\Controllers\Dashboard.php(83): CodeIgniter\Database\BaseConnection->query('SELECT service_list_id AS service_id, service_name, description, base_price, status FROM service_list WHERE status = \'active\' AND is_available = 1 ORDER BY service_name ASC')
 5 SYSTEMPATH\CodeIgniter.php(951): App\Controllers\Dashboard->planHolder()
 6 SYSTEMPATH\CodeIgniter.php(497): CodeIgniter\CodeIgniter->runController(Object(App\Controllers\Dashboard))
 7 SYSTEMPATH\CodeIgniter.php(340): CodeIgniter\CodeIgniter->handleRequest(null, Object(Config\Cache), false)
 8 SYSTEMPATH\Boot.php(417): CodeIgniter\CodeIgniter->run()
 9 SYSTEMPATH\Boot.php(68): CodeIgniter\Boot::runCodeIgniter(Object(CodeIgniter\CodeIgniter))
10 FCPATH\index.php(59): CodeIgniter\Boot::bootWeb(Object(Config\Paths))
CRITICAL - 2026-04-18 04:03:13 --> CodeIgniter\Database\Exceptions\DatabaseException: Unknown column 'is_available' in 'where clause'
[Method: GET, Route: dashboard/plan-holder]
in SYSTEMPATH\Database\BaseConnection.php on line 865.
 1 APPPATH\Controllers\Dashboard.php(83): CodeIgniter\Database\BaseConnection->query('SELECT service_list_id AS service_id, service_name, description, base_price, status FROM service_list WHERE status = \'active\' AND is_available = 1 ORDER BY service_name ASC')
 2 SYSTEMPATH\CodeIgniter.php(951): App\Controllers\Dashboard->planHolder()
 3 SYSTEMPATH\CodeIgniter.php(497): CodeIgniter\CodeIgniter->runController(Object(App\Controllers\Dashboard))
 4 SYSTEMPATH\CodeIgniter.php(340): CodeIgniter\CodeIgniter->handleRequest(null, Object(Config\Cache), false)
 5 SYSTEMPATH\Boot.php(417): CodeIgniter\CodeIgniter->run()
 6 SYSTEMPATH\Boot.php(68): CodeIgniter\Boot::runCodeIgniter(Object(CodeIgniter\CodeIgniter))
 7 FCPATH\index.php(59): CodeIgniter\Boot::bootWeb(Object(Config\Paths))
CRITICAL - 2026-04-18 04:03:13 --> [Caused by] CodeIgniter\Database\Exceptions\DatabaseException: Unknown column 'is_available' in 'where clause'
in SYSTEMPATH\Database\MySQLi\Connection.php on line 310.
 1 SYSTEMPATH\Database\BaseConnection.php(910): CodeIgniter\Database\MySQLi\Connection->execute('SELECT service_list_id AS service_id, service_name, description, base_price, status FROM service_list WHERE status = \'active\' AND is_available = 1 ORDER BY service_name ASC')
 2 SYSTEMPATH\Database\BaseConnection.php(827): CodeIgniter\Database\BaseConnection->simpleQuery('SELECT service_list_id AS service_id, service_name, description, base_price, status FROM service_list WHERE status = \'active\' AND is_available = 1 ORDER BY service_name ASC')
 3 APPPATH\Controllers\Dashboard.php(83): CodeIgniter\Database\BaseConnection->query('SELECT service_list_id AS service_id, service_name, description, base_price, status FROM service_list WHERE status = \'active\' AND is_available = 1 ORDER BY service_name ASC')
 4 SYSTEMPATH\CodeIgniter.php(951): App\Controllers\Dashboard->planHolder()
 5 SYSTEMPATH\CodeIgniter.php(497): CodeIgniter\CodeIgniter->runController(Object(App\Controllers\Dashboard))
 6 SYSTEMPATH\CodeIgniter.php(340): CodeIgniter\CodeIgniter->handleRequest(null, Object(Config\Cache), false)
 7 SYSTEMPATH\Boot.php(417): CodeIgniter\CodeIgniter->run()
 8 SYSTEMPATH\Boot.php(68): CodeIgniter\Boot::runCodeIgniter(Object(CodeIgniter\CodeIgniter))
 9 FCPATH\index.php(59): CodeIgniter\Boot::bootWeb(Object(Config\Paths))
CRITICAL - 2026-04-18 04:03:13 --> [Caused by] mysqli_sql_exception: Unknown column 'is_available' in 'where clause'
in SYSTEMPATH\Database\MySQLi\Connection.php on line 300.
 1 SYSTEMPATH\Database\MySQLi\Connection.php(300): mysqli->query('SELECT service_list_id AS service_id, service_name, description, base_price, status FROM service_list WHERE status = \'active\' AND is_available = 1 ORDER BY service_name ASC', 0)
 2 SYSTEMPATH\Database\BaseConnection.php(910): CodeIgniter\Database\MySQLi\Connection->execute('SELECT service_list_id AS service_id, service_name, description, base_price, status FROM service_list WHERE status = \'active\' AND is_available = 1 ORDER BY service_name ASC')
 3 SYSTEMPATH\Database\BaseConnection.php(827): CodeIgniter\Database\BaseConnection->simpleQuery('SELECT service_list_id AS service_id, service_name, description, base_price, status FROM service_list WHERE status = \'active\' AND is_available = 1 ORDER BY service_name ASC')
 4 APPPATH\Controllers\Dashboard.php(83): CodeIgniter\Database\BaseConnection->query('SELECT service_list_id AS service_id, service_name, description, base_price, status FROM service_list WHERE status = \'active\' AND is_available = 1 ORDER BY service_name ASC')
 5 SYSTEMPATH\CodeIgniter.php(951): App\Controllers\Dashboard->planHolder()
 6 SYSTEMPATH\CodeIgniter.php(497): CodeIgniter\CodeIgniter->runController(Object(App\Controllers\Dashboard))
 7 SYSTEMPATH\CodeIgniter.php(340): CodeIgniter\CodeIgniter->handleRequest(null, Object(Config\Cache), false)
 8 SYSTEMPATH\Boot.php(417): CodeIgniter\CodeIgniter->run()
 9 SYSTEMPATH\Boot.php(68): CodeIgniter\Boot::runCodeIgniter(Object(CodeIgniter\CodeIgniter))
10 FCPATH\index.php(59): CodeIgniter\Boot::bootWeb(Object(Config\Paths))
DEBUG - 2026-04-18 04:03:16 --> Session: Class initialized using 'CodeIgniter\Session\Handlers\FileHandler' driver.
DEBUG - 2026-04-18 04:03:16 --> Session: Class initialized using 'CodeIgniter\Session\Handlers\FileHandler' driver.
ERROR - 2026-04-18 04:03:16 --> Unknown column 'is_available' in 'where clause'
in SYSTEMPATH\Database\MySQLi\Connection.php on line 300.
 1 SYSTEMPATH\Database\MySQLi\Connection.php(300): mysqli->query('SELECT service_list_id AS service_id, service_name, description, base_price, status FROM service_list WHERE status = \'active\' AND is_available = 1 ORDER BY service_name ASC', 0)
 2 SYSTEMPATH\Database\BaseConnection.php(910): CodeIgniter\Database\MySQLi\Connection->execute('SELECT service_list_id AS service_id, service_name, description, base_price, status FROM service_list WHERE status = \'active\' AND is_available = 1 ORDER BY service_name ASC')
 3 SYSTEMPATH\Database\BaseConnection.php(827): CodeIgniter\Database\BaseConnection->simpleQuery('SELECT service_list_id AS service_id, service_name, description, base_price, status FROM service_list WHERE status = \'active\' AND is_available = 1 ORDER BY service_name ASC')
 4 APPPATH\Controllers\Dashboard.php(83): CodeIgniter\Database\BaseConnection->query('SELECT service_list_id AS service_id, service_name, description, base_price, status FROM service_list WHERE status = \'active\' AND is_available = 1 ORDER BY service_name ASC')
 5 SYSTEMPATH\CodeIgniter.php(951): App\Controllers\Dashboard->planHolder()
 6 SYSTEMPATH\CodeIgniter.php(497): CodeIgniter\CodeIgniter->runController(Object(App\Controllers\Dashboard))
 7 SYSTEMPATH\CodeIgniter.php(340): CodeIgniter\CodeIgniter->handleRequest(null, Object(Config\Cache), false)
 8 SYSTEMPATH\Boot.php(417): CodeIgniter\CodeIgniter->run()
 9 SYSTEMPATH\Boot.php(68): CodeIgniter\Boot::runCodeIgniter(Object(CodeIgniter\CodeIgniter))
10 FCPATH\index.php(59): CodeIgniter\Boot::bootWeb(Object(Config\Paths))
CRITICAL - 2026-04-18 04:03:16 --> CodeIgniter\Database\Exceptions\DatabaseException: Unknown column 'is_available' in 'where clause'
[Method: GET, Route: dashboard/plan-holder]
in SYSTEMPATH\Database\BaseConnection.php on line 865.
 1 APPPATH\Controllers\Dashboard.php(83): CodeIgniter\Database\BaseConnection->query('SELECT service_list_id AS service_id, service_name, description, base_price, status FROM service_list WHERE status = \'active\' AND is_available = 1 ORDER BY service_name ASC')
 2 SYSTEMPATH\CodeIgniter.php(951): App\Controllers\Dashboard->planHolder()
 3 SYSTEMPATH\CodeIgniter.php(497): CodeIgniter\CodeIgniter->runController(Object(App\Controllers\Dashboard))
 4 SYSTEMPATH\CodeIgniter.php(340): CodeIgniter\CodeIgniter->handleRequest(null, Object(Config\Cache), false)
 5 SYSTEMPATH\Boot.php(417): CodeIgniter\CodeIgniter->run()
 6 SYSTEMPATH\Boot.php(68): CodeIgniter\Boot::runCodeIgniter(Object(CodeIgniter\CodeIgniter))
 7 FCPATH\index.php(59): CodeIgniter\Boot::bootWeb(Object(Config\Paths))
CRITICAL - 2026-04-18 04:03:16 --> [Caused by] CodeIgniter\Database\Exceptions\DatabaseException: Unknown column 'is_available' in 'where clause'
in SYSTEMPATH\Database\MySQLi\Connection.php on line 310.
 1 SYSTEMPATH\Database\BaseConnection.php(910): CodeIgniter\Database\MySQLi\Connection->execute('SELECT service_list_id AS service_id, service_name, description, base_price, status FROM service_list WHERE status = \'active\' AND is_available = 1 ORDER BY service_name ASC')
 2 SYSTEMPATH\Database\BaseConnection.php(827): CodeIgniter\Database\BaseConnection->simpleQuery('SELECT service_list_id AS service_id, service_name, description, base_price, status FROM service_list WHERE status = \'active\' AND is_available = 1 ORDER BY service_name ASC')
 3 APPPATH\Controllers\Dashboard.php(83): CodeIgniter\Database\BaseConnection->query('SELECT service_list_id AS service_id, service_name, description, base_price, status FROM service_list WHERE status = \'active\' AND is_available = 1 ORDER BY service_name ASC')
 4 SYSTEMPATH\CodeIgniter.php(951): App\Controllers\Dashboard->planHolder()
 5 SYSTEMPATH\CodeIgniter.php(497): CodeIgniter\CodeIgniter->runController(Object(App\Controllers\Dashboard))
 6 SYSTEMPATH\CodeIgniter.php(340): CodeIgniter\CodeIgniter->handleRequest(null, Object(Config\Cache), false)
 7 SYSTEMPATH\Boot.php(417): CodeIgniter\CodeIgniter->run()
 8 SYSTEMPATH\Boot.php(68): CodeIgniter\Boot::runCodeIgniter(Object(CodeIgniter\CodeIgniter))
 9 FCPATH\index.php(59): CodeIgniter\Boot::bootWeb(Object(Config\Paths))
CRITICAL - 2026-04-18 04:03:16 --> [Caused by] mysqli_sql_exception: Unknown column 'is_available' in 'where clause'
in SYSTEMPATH\Database\MySQLi\Connection.php on line 300.
 1 SYSTEMPATH\Database\MySQLi\Connection.php(300): mysqli->query('SELECT service_list_id AS service_id, service_name, description, base_price, status FROM service_list WHERE status = \'active\' AND is_available = 1 ORDER BY service_name ASC', 0)
 2 SYSTEMPATH\Database\BaseConnection.php(910): CodeIgniter\Database\MySQLi\Connection->execute('SELECT service_list_id AS service_id, service_name, description, base_price, status FROM service_list WHERE status = \'active\' AND is_available = 1 ORDER BY service_name ASC')
 3 SYSTEMPATH\Database\BaseConnection.php(827): CodeIgniter\Database\BaseConnection->simpleQuery('SELECT service_list_id AS service_id, service_name, description, base_price, status FROM service_list WHERE status = \'active\' AND is_available = 1 ORDER BY service_name ASC')
 4 APPPATH\Controllers\Dashboard.php(83): CodeIgniter\Database\BaseConnection->query('SELECT service_list_id AS service_id, service_name, description, base_price, status FROM service_list WHERE status = \'active\' AND is_available = 1 ORDER BY service_name ASC')
 5 SYSTEMPATH\CodeIgniter.php(951): App\Controllers\Dashboard->planHolder()
 6 SYSTEMPATH\CodeIgniter.php(497): CodeIgniter\CodeIgniter->runController(Object(App\Controllers\Dashboard))
 7 SYSTEMPATH\CodeIgniter.php(340): CodeIgniter\CodeIgniter->handleRequest(null, Object(Config\Cache), false)
 8 SYSTEMPATH\Boot.php(417): CodeIgniter\CodeIgniter->run()
 9 SYSTEMPATH\Boot.php(68): CodeIgniter\Boot::runCodeIgniter(Object(CodeIgniter\CodeIgniter))
10 FCPATH\index.php(59): CodeIgniter\Boot::bootWeb(Object(Config\Paths))
DEBUG - 2026-04-18 04:03:21 --> Session: Class initialized using 'CodeIgniter\Session\Handlers\FileHandler' driver.
ERROR - 2026-04-18 04:03:21 --> Unknown column 'is_available' in 'where clause'
in SYSTEMPATH\Database\MySQLi\Connection.php on line 300.
 1 SYSTEMPATH\Database\MySQLi\Connection.php(300): mysqli->query('SELECT service_list_id AS service_id, service_name, description, base_price, status FROM service_list WHERE status = \'active\' AND is_available = 1 ORDER BY service_name ASC', 0)
 2 SYSTEMPATH\Database\BaseConnection.php(910): CodeIgniter\Database\MySQLi\Connection->execute('SELECT service_list_id AS service_id, service_name, description, base_price, status FROM service_list WHERE status = \'active\' AND is_available = 1 ORDER BY service_name ASC')
 3 SYSTEMPATH\Database\BaseConnection.php(827): CodeIgniter\Database\BaseConnection->simpleQuery('SELECT service_list_id AS service_id, service_name, description, base_price, status FROM service_list WHERE status = \'active\' AND is_available = 1 ORDER BY service_name ASC')
 4 APPPATH\Controllers\Dashboard.php(83): CodeIgniter\Database\BaseConnection->query('SELECT service_list_id AS service_id, service_name, description, base_price, status FROM service_list WHERE status = \'active\' AND is_available = 1 ORDER BY service_name ASC')
 5 SYSTEMPATH\CodeIgniter.php(951): App\Controllers\Dashboard->planHolder()
 6 SYSTEMPATH\CodeIgniter.php(497): CodeIgniter\CodeIgniter->runController(Object(App\Controllers\Dashboard))
 7 SYSTEMPATH\CodeIgniter.php(340): CodeIgniter\CodeIgniter->handleRequest(null, Object(Config\Cache), false)
 8 SYSTEMPATH\Boot.php(417): CodeIgniter\CodeIgniter->run()
 9 SYSTEMPATH\Boot.php(68): CodeIgniter\Boot::runCodeIgniter(Object(CodeIgniter\CodeIgniter))
10 FCPATH\index.php(59): CodeIgniter\Boot::bootWeb(Object(Config\Paths))
CRITICAL - 2026-04-18 04:03:21 --> CodeIgniter\Database\Exceptions\DatabaseException: Unknown column 'is_available' in 'where clause'
[Method: GET, Route: dashboard/plan-holder]
in SYSTEMPATH\Database\BaseConnection.php on line 865.
 1 APPPATH\Controllers\Dashboard.php(83): CodeIgniter\Database\BaseConnection->query('SELECT service_list_id AS service_id, service_name, description, base_price, status FROM service_list WHERE status = \'active\' AND is_available = 1 ORDER BY service_name ASC')
 2 SYSTEMPATH\CodeIgniter.php(951): App\Controllers\Dashboard->planHolder()
 3 SYSTEMPATH\CodeIgniter.php(497): CodeIgniter\CodeIgniter->runController(Object(App\Controllers\Dashboard))
 4 SYSTEMPATH\CodeIgniter.php(340): CodeIgniter\CodeIgniter->handleRequest(null, Object(Config\Cache), false)
 5 SYSTEMPATH\Boot.php(417): CodeIgniter\CodeIgniter->run()
 6 SYSTEMPATH\Boot.php(68): CodeIgniter\Boot::runCodeIgniter(Object(CodeIgniter\CodeIgniter))
 7 FCPATH\index.php(59): CodeIgniter\Boot::bootWeb(Object(Config\Paths))
CRITICAL - 2026-04-18 04:03:21 --> [Caused by] CodeIgniter\Database\Exceptions\DatabaseException: Unknown column 'is_available' in 'where clause'
in SYSTEMPATH\Database\MySQLi\Connection.php on line 310.
 1 SYSTEMPATH\Database\BaseConnection.php(910): CodeIgniter\Database\MySQLi\Connection->execute('SELECT service_list_id AS service_id, service_name, description, base_price, status FROM service_list WHERE status = \'active\' AND is_available = 1 ORDER BY service_name ASC')
 2 SYSTEMPATH\Database\BaseConnection.php(827): CodeIgniter\Database\BaseConnection->simpleQuery('SELECT service_list_id AS service_id, service_name, description, base_price, status FROM service_list WHERE status = \'active\' AND is_available = 1 ORDER BY service_name ASC')
 3 APPPATH\Controllers\Dashboard.php(83): CodeIgniter\Database\BaseConnection->query('SELECT service_list_id AS service_id, service_name, description, base_price, status FROM service_list WHERE status = \'active\' AND is_available = 1 ORDER BY service_name ASC')
 4 SYSTEMPATH\CodeIgniter.php(951): App\Controllers\Dashboard->planHolder()
 5 SYSTEMPATH\CodeIgniter.php(497): CodeIgniter\CodeIgniter->runController(Object(App\Controllers\Dashboard))
 6 SYSTEMPATH\CodeIgniter.php(340): CodeIgniter\CodeIgniter->handleRequest(null, Object(Config\Cache), false)
 7 SYSTEMPATH\Boot.php(417): CodeIgniter\CodeIgniter->run()
 8 SYSTEMPATH\Boot.php(68): CodeIgniter\Boot::runCodeIgniter(Object(CodeIgniter\CodeIgniter))
 9 FCPATH\index.php(59): CodeIgniter\Boot::bootWeb(Object(Config\Paths))
CRITICAL - 2026-04-18 04:03:21 --> [Caused by] mysqli_sql_exception: Unknown column 'is_available' in 'where clause'
in SYSTEMPATH\Database\MySQLi\Connection.php on line 300.
 1 SYSTEMPATH\Database\MySQLi\Connection.php(300): mysqli->query('SELECT service_list_id AS service_id, service_name, description, base_price, status FROM service_list WHERE status = \'active\' AND is_available = 1 ORDER BY service_name ASC', 0)
 2 SYSTEMPATH\Database\BaseConnection.php(910): CodeIgniter\Database\MySQLi\Connection->execute('SELECT service_list_id AS service_id, service_name, description, base_price, status FROM service_list WHERE status = \'active\' AND is_available = 1 ORDER BY service_name ASC')
 3 SYSTEMPATH\Database\BaseConnection.php(827): CodeIgniter\Database\BaseConnection->simpleQuery('SELECT service_list_id AS service_id, service_name, description, base_price, status FROM service_list WHERE status = \'active\' AND is_available = 1 ORDER BY service_name ASC')
 4 APPPATH\Controllers\Dashboard.php(83): CodeIgniter\Database\BaseConnection->query('SELECT service_list_id AS service_id, service_name, description, base_price, status FROM service_list WHERE status = \'active\' AND is_available = 1 ORDER BY service_name ASC')
 5 SYSTEMPATH\CodeIgniter.php(951): App\Controllers\Dashboard->planHolder()
 6 SYSTEMPATH\CodeIgniter.php(497): CodeIgniter\CodeIgniter->runController(Object(App\Controllers\Dashboard))
 7 SYSTEMPATH\CodeIgniter.php(340): CodeIgniter\CodeIgniter->handleRequest(null, Object(Config\Cache), false)
 8 SYSTEMPATH\Boot.php(417): CodeIgniter\CodeIgniter->run()
 9 SYSTEMPATH\Boot.php(68): CodeIgniter\Boot::runCodeIgniter(Object(CodeIgniter\CodeIgniter))
10 FCPATH\index.php(59): CodeIgniter\Boot::bootWeb(Object(Config\Paths))
DEBUG - 2026-04-18 04:03:22 --> Session: Class initialized using 'CodeIgniter\Session\Handlers\FileHandler' driver.
ERROR - 2026-04-18 04:03:22 --> Unknown column 'is_available' in 'where clause'
in SYSTEMPATH\Database\MySQLi\Connection.php on line 300.
 1 SYSTEMPATH\Database\MySQLi\Connection.php(300): mysqli->query('SELECT service_list_id AS service_id, service_name, description, base_price, status FROM service_list WHERE status = \'active\' AND is_available = 1 ORDER BY service_name ASC', 0)
 2 SYSTEMPATH\Database\BaseConnection.php(910): CodeIgniter\Database\MySQLi\Connection->execute('SELECT service_list_id AS service_id, service_name, description, base_price, status FROM service_list WHERE status = \'active\' AND is_available = 1 ORDER BY service_name ASC')
 3 SYSTEMPATH\Database\BaseConnection.php(827): CodeIgniter\Database\BaseConnection->simpleQuery('SELECT service_list_id AS service_id, service_name, description, base_price, status FROM service_list WHERE status = \'active\' AND is_available = 1 ORDER BY service_name ASC')
 4 APPPATH\Controllers\Dashboard.php(83): CodeIgniter\Database\BaseConnection->query('SELECT service_list_id AS service_id, service_name, description, base_price, status FROM service_list WHERE status = \'active\' AND is_available = 1 ORDER BY service_name ASC')
 5 SYSTEMPATH\CodeIgniter.php(951): App\Controllers\Dashboard->planHolder()
 6 SYSTEMPATH\CodeIgniter.php(497): CodeIgniter\CodeIgniter->runController(Object(App\Controllers\Dashboard))
 7 SYSTEMPATH\CodeIgniter.php(340): CodeIgniter\CodeIgniter->handleRequest(null, Object(Config\Cache), false)
 8 SYSTEMPATH\Boot.php(417): CodeIgniter\CodeIgniter->run()
 9 SYSTEMPATH\Boot.php(68): CodeIgniter\Boot::runCodeIgniter(Object(CodeIgniter\CodeIgniter))
10 FCPATH\index.php(59): CodeIgniter\Boot::bootWeb(Object(Config\Paths))
CRITICAL - 2026-04-18 04:03:22 --> CodeIgniter\Database\Exceptions\DatabaseException: Unknown column 'is_available' in 'where clause'
[Method: GET, Route: dashboard/plan-holder]
in SYSTEMPATH\Database\BaseConnection.php on line 865.
 1 APPPATH\Controllers\Dashboard.php(83): CodeIgniter\Database\BaseConnection->query('SELECT service_list_id AS service_id, service_name, description, base_price, status FROM service_list WHERE status = \'active\' AND is_available = 1 ORDER BY service_name ASC')
 2 SYSTEMPATH\CodeIgniter.php(951): App\Controllers\Dashboard->planHolder()
 3 SYSTEMPATH\CodeIgniter.php(497): CodeIgniter\CodeIgniter->runController(Object(App\Controllers\Dashboard))
 4 SYSTEMPATH\CodeIgniter.php(340): CodeIgniter\CodeIgniter->handleRequest(null, Object(Config\Cache), false)
 5 SYSTEMPATH\Boot.php(417): CodeIgniter\CodeIgniter->run()
 6 SYSTEMPATH\Boot.php(68): CodeIgniter\Boot::runCodeIgniter(Object(CodeIgniter\CodeIgniter))
 7 FCPATH\index.php(59): CodeIgniter\Boot::bootWeb(Object(Config\Paths))
CRITICAL - 2026-04-18 04:03:22 --> [Caused by] CodeIgniter\Database\Exceptions\DatabaseException: Unknown column 'is_available' in 'where clause'
in SYSTEMPATH\Database\MySQLi\Connection.php on line 310.
 1 SYSTEMPATH\Database\BaseConnection.php(910): CodeIgniter\Database\MySQLi\Connection->execute('SELECT service_list_id AS service_id, service_name, description, base_price, status FROM service_list WHERE status = \'active\' AND is_available = 1 ORDER BY service_name ASC')
 2 SYSTEMPATH\Database\BaseConnection.php(827): CodeIgniter\Database\BaseConnection->simpleQuery('SELECT service_list_id AS service_id, service_name, description, base_price, status FROM service_list WHERE status = \'active\' AND is_available = 1 ORDER BY service_name ASC')
 3 APPPATH\Controllers\Dashboard.php(83): CodeIgniter\Database\BaseConnection->query('SELECT service_list_id AS service_id, service_name, description, base_price, status FROM service_list WHERE status = \'active\' AND is_available = 1 ORDER BY service_name ASC')
 4 SYSTEMPATH\CodeIgniter.php(951): App\Controllers\Dashboard->planHolder()
 5 SYSTEMPATH\CodeIgniter.php(497): CodeIgniter\CodeIgniter->runController(Object(App\Controllers\Dashboard))
 6 SYSTEMPATH\CodeIgniter.php(340): CodeIgniter\CodeIgniter->handleRequest(null, Object(Config\Cache), false)
 7 SYSTEMPATH\Boot.php(417): CodeIgniter\CodeIgniter->run()
 8 SYSTEMPATH\Boot.php(68): CodeIgniter\Boot::runCodeIgniter(Object(CodeIgniter\CodeIgniter))
 9 FCPATH\index.php(59): CodeIgniter\Boot::bootWeb(Object(Config\Paths))
CRITICAL - 2026-04-18 04:03:22 --> [Caused by] mysqli_sql_exception: Unknown column 'is_available' in 'where clause'
in SYSTEMPATH\Database\MySQLi\Connection.php on line 300.
 1 SYSTEMPATH\Database\MySQLi\Connection.php(300): mysqli->query('SELECT service_list_id AS service_id, service_name, description, base_price, status FROM service_list WHERE status = \'active\' AND is_available = 1 ORDER BY service_name ASC', 0)
 2 SYSTEMPATH\Database\BaseConnection.php(910): CodeIgniter\Database\MySQLi\Connection->execute('SELECT service_list_id AS service_id, service_name, description, base_price, status FROM service_list WHERE status = \'active\' AND is_available = 1 ORDER BY service_name ASC')
 3 SYSTEMPATH\Database\BaseConnection.php(827): CodeIgniter\Database\BaseConnection->simpleQuery('SELECT service_list_id AS service_id, service_name, description, base_price, status FROM service_list WHERE status = \'active\' AND is_available = 1 ORDER BY service_name ASC')
 4 APPPATH\Controllers\Dashboard.php(83): CodeIgniter\Database\BaseConnection->query('SELECT service_list_id AS service_id, service_name, description, base_price, status FROM service_list WHERE status = \'active\' AND is_available = 1 ORDER BY service_name ASC')
 5 SYSTEMPATH\CodeIgniter.php(951): App\Controllers\Dashboard->planHolder()
 6 SYSTEMPATH\CodeIgniter.php(497): CodeIgniter\CodeIgniter->runController(Object(App\Controllers\Dashboard))
 7 SYSTEMPATH\CodeIgniter.php(340): CodeIgniter\CodeIgniter->handleRequest(null, Object(Config\Cache), false)
 8 SYSTEMPATH\Boot.php(417): CodeIgniter\CodeIgniter->run()
 9 SYSTEMPATH\Boot.php(68): CodeIgniter\Boot::runCodeIgniter(Object(CodeIgniter\CodeIgniter))
10 FCPATH\index.php(59): CodeIgniter\Boot::bootWeb(Object(Config\Paths))
DEBUG - 2026-04-18 04:03:23 --> Session: Class initialized using 'CodeIgniter\Session\Handlers\FileHandler' driver.
ERROR - 2026-04-18 04:03:23 --> Unknown column 'is_available' in 'where clause'
in SYSTEMPATH\Database\MySQLi\Connection.php on line 300.
 1 SYSTEMPATH\Database\MySQLi\Connection.php(300): mysqli->query('SELECT service_list_id AS service_id, service_name, description, base_price, status FROM service_list WHERE status = \'active\' AND is_available = 1 ORDER BY service_name ASC', 0)
 2 SYSTEMPATH\Database\BaseConnection.php(910): CodeIgniter\Database\MySQLi\Connection->execute('SELECT service_list_id AS service_id, service_name, description, base_price, status FROM service_list WHERE status = \'active\' AND is_available = 1 ORDER BY service_name ASC')
 3 SYSTEMPATH\Database\BaseConnection.php(827): CodeIgniter\Database\BaseConnection->simpleQuery('SELECT service_list_id AS service_id, service_name, description, base_price, status FROM service_list WHERE status = \'active\' AND is_available = 1 ORDER BY service_name ASC')
 4 APPPATH\Controllers\Dashboard.php(83): CodeIgniter\Database\BaseConnection->query('SELECT service_list_id AS service_id, service_name, description, base_price, status FROM service_list WHERE status = \'active\' AND is_available = 1 ORDER BY service_name ASC')
 5 SYSTEMPATH\CodeIgniter.php(951): App\Controllers\Dashboard->planHolder()
 6 SYSTEMPATH\CodeIgniter.php(497): CodeIgniter\CodeIgniter->runController(Object(App\Controllers\Dashboard))
 7 SYSTEMPATH\CodeIgniter.php(340): CodeIgniter\CodeIgniter->handleRequest(null, Object(Config\Cache), false)
 8 SYSTEMPATH\Boot.php(417): CodeIgniter\CodeIgniter->run()
 9 SYSTEMPATH\Boot.php(68): CodeIgniter\Boot::runCodeIgniter(Object(CodeIgniter\CodeIgniter))
10 FCPATH\index.php(59): CodeIgniter\Boot::bootWeb(Object(Config\Paths))
CRITICAL - 2026-04-18 04:03:23 --> CodeIgniter\Database\Exceptions\DatabaseException: Unknown column 'is_available' in 'where clause'
[Method: GET, Route: dashboard/plan-holder]
in SYSTEMPATH\Database\BaseConnection.php on line 865.
 1 APPPATH\Controllers\Dashboard.php(83): CodeIgniter\Database\BaseConnection->query('SELECT service_list_id AS service_id, service_name, description, base_price, status FROM service_list WHERE status = \'active\' AND is_available = 1 ORDER BY service_name ASC')
 2 SYSTEMPATH\CodeIgniter.php(951): App\Controllers\Dashboard->planHolder()
 3 SYSTEMPATH\CodeIgniter.php(497): CodeIgniter\CodeIgniter->runController(Object(App\Controllers\Dashboard))
 4 SYSTEMPATH\CodeIgniter.php(340): CodeIgniter\CodeIgniter->handleRequest(null, Object(Config\Cache), false)
 5 SYSTEMPATH\Boot.php(417): CodeIgniter\CodeIgniter->run()
 6 SYSTEMPATH\Boot.php(68): CodeIgniter\Boot::runCodeIgniter(Object(CodeIgniter\CodeIgniter))
 7 FCPATH\index.php(59): CodeIgniter\Boot::bootWeb(Object(Config\Paths))
CRITICAL - 2026-04-18 04:03:23 --> [Caused by] CodeIgniter\Database\Exceptions\DatabaseException: Unknown column 'is_available' in 'where clause'
in SYSTEMPATH\Database\MySQLi\Connection.php on line 310.
 1 SYSTEMPATH\Database\BaseConnection.php(910): CodeIgniter\Database\MySQLi\Connection->execute('SELECT service_list_id AS service_id, service_name, description, base_price, status FROM service_list WHERE status = \'active\' AND is_available = 1 ORDER BY service_name ASC')
 2 SYSTEMPATH\Database\BaseConnection.php(827): CodeIgniter\Database\BaseConnection->simpleQuery('SELECT service_list_id AS service_id, service_name, description, base_price, status FROM service_list WHERE status = \'active\' AND is_available = 1 ORDER BY service_name ASC')
 3 APPPATH\Controllers\Dashboard.php(83): CodeIgniter\Database\BaseConnection->query('SELECT service_list_id AS service_id, service_name, description, base_price, status FROM service_list WHERE status = \'active\' AND is_available = 1 ORDER BY service_name ASC')
 4 SYSTEMPATH\CodeIgniter.php(951): App\Controllers\Dashboard->planHolder()
 5 SYSTEMPATH\CodeIgniter.php(497): CodeIgniter\CodeIgniter->runController(Object(App\Controllers\Dashboard))
 6 SYSTEMPATH\CodeIgniter.php(340): CodeIgniter\CodeIgniter->handleRequest(null, Object(Config\Cache), false)
 7 SYSTEMPATH\Boot.php(417): CodeIgniter\CodeIgniter->run()
 8 SYSTEMPATH\Boot.php(68): CodeIgniter\Boot::runCodeIgniter(Object(CodeIgniter\CodeIgniter))
 9 FCPATH\index.php(59): CodeIgniter\Boot::bootWeb(Object(Config\Paths))
CRITICAL - 2026-04-18 04:03:23 --> [Caused by] mysqli_sql_exception: Unknown column 'is_available' in 'where clause'
in SYSTEMPATH\Database\MySQLi\Connection.php on line 300.
 1 SYSTEMPATH\Database\MySQLi\Connection.php(300): mysqli->query('SELECT service_list_id AS service_id, service_name, description, base_price, status FROM service_list WHERE status = \'active\' AND is_available = 1 ORDER BY service_name ASC', 0)
 2 SYSTEMPATH\Database\BaseConnection.php(910): CodeIgniter\Database\MySQLi\Connection->execute('SELECT service_list_id AS service_id, service_name, description, base_price, status FROM service_list WHERE status = \'active\' AND is_available = 1 ORDER BY service_name ASC')
 3 SYSTEMPATH\Database\BaseConnection.php(827): CodeIgniter\Database\BaseConnection->simpleQuery('SELECT service_list_id AS service_id, service_name, description, base_price, status FROM service_list WHERE status = \'active\' AND is_available = 1 ORDER BY service_name ASC')
 4 APPPATH\Controllers\Dashboard.php(83): CodeIgniter\Database\BaseConnection->query('SELECT service_list_id AS service_id, service_name, description, base_price, status FROM service_list WHERE status = \'active\' AND is_available = 1 ORDER BY service_name ASC')
 5 SYSTEMPATH\CodeIgniter.php(951): App\Controllers\Dashboard->planHolder()
 6 SYSTEMPATH\CodeIgniter.php(497): CodeIgniter\CodeIgniter->runController(Object(App\Controllers\Dashboard))
 7 SYSTEMPATH\CodeIgniter.php(340): CodeIgniter\CodeIgniter->handleRequest(null, Object(Config\Cache), false)
 8 SYSTEMPATH\Boot.php(417): CodeIgniter\CodeIgniter->run()
 9 SYSTEMPATH\Boot.php(68): CodeIgniter\Boot::runCodeIgniter(Object(CodeIgniter\CodeIgniter))
10 FCPATH\index.php(59): CodeIgniter\Boot::bootWeb(Object(Config\Paths))
DEBUG - 2026-04-18 04:04:15 --> Session: Class initialized using 'CodeIgniter\Session\Handlers\FileHandler' driver.
DEBUG - 2026-04-18 04:04:15 --> Session: Class initialized using 'CodeIgniter\Session\Handlers\FileHandler' driver.
ERROR - 2026-04-18 04:04:15 --> Unknown column 'is_available' in 'where clause'
in SYSTEMPATH\Database\MySQLi\Connection.php on line 300.
 1 SYSTEMPATH\Database\MySQLi\Connection.php(300): mysqli->query('SELECT service_list_id AS service_id, service_name, description, base_price, status FROM service_list WHERE status = \'active\' AND is_available = 1 ORDER BY service_name ASC', 0)
 2 SYSTEMPATH\Database\BaseConnection.php(910): CodeIgniter\Database\MySQLi\Connection->execute('SELECT service_list_id AS service_id, service_name, description, base_price, status FROM service_list WHERE status = \'active\' AND is_available = 1 ORDER BY service_name ASC')
 3 SYSTEMPATH\Database\BaseConnection.php(827): CodeIgniter\Database\BaseConnection->simpleQuery('SELECT service_list_id AS service_id, service_name, description, base_price, status FROM service_list WHERE status = \'active\' AND is_available = 1 ORDER BY service_name ASC')
 4 APPPATH\Controllers\Dashboard.php(83): CodeIgniter\Database\BaseConnection->query('SELECT service_list_id AS service_id, service_name, description, base_price, status FROM service_list WHERE status = \'active\' AND is_available = 1 ORDER BY service_name ASC')
 5 SYSTEMPATH\CodeIgniter.php(951): App\Controllers\Dashboard->planHolder()
 6 SYSTEMPATH\CodeIgniter.php(497): CodeIgniter\CodeIgniter->runController(Object(App\Controllers\Dashboard))
 7 SYSTEMPATH\CodeIgniter.php(340): CodeIgniter\CodeIgniter->handleRequest(null, Object(Config\Cache), false)
 8 SYSTEMPATH\Boot.php(417): CodeIgniter\CodeIgniter->run()
 9 SYSTEMPATH\Boot.php(68): CodeIgniter\Boot::runCodeIgniter(Object(CodeIgniter\CodeIgniter))
10 FCPATH\index.php(59): CodeIgniter\Boot::bootWeb(Object(Config\Paths))
CRITICAL - 2026-04-18 04:04:15 --> CodeIgniter\Database\Exceptions\DatabaseException: Unknown column 'is_available' in 'where clause'
[Method: GET, Route: dashboard/plan-holder]
in SYSTEMPATH\Database\BaseConnection.php on line 865.
 1 APPPATH\Controllers\Dashboard.php(83): CodeIgniter\Database\BaseConnection->query('SELECT service_list_id AS service_id, service_name, description, base_price, status FROM service_list WHERE status = \'active\' AND is_available = 1 ORDER BY service_name ASC')
 2 SYSTEMPATH\CodeIgniter.php(951): App\Controllers\Dashboard->planHolder()
 3 SYSTEMPATH\CodeIgniter.php(497): CodeIgniter\CodeIgniter->runController(Object(App\Controllers\Dashboard))
 4 SYSTEMPATH\CodeIgniter.php(340): CodeIgniter\CodeIgniter->handleRequest(null, Object(Config\Cache), false)
 5 SYSTEMPATH\Boot.php(417): CodeIgniter\CodeIgniter->run()
 6 SYSTEMPATH\Boot.php(68): CodeIgniter\Boot::runCodeIgniter(Object(CodeIgniter\CodeIgniter))
 7 FCPATH\index.php(59): CodeIgniter\Boot::bootWeb(Object(Config\Paths))
CRITICAL - 2026-04-18 04:04:15 --> [Caused by] CodeIgniter\Database\Exceptions\DatabaseException: Unknown column 'is_available' in 'where clause'
in SYSTEMPATH\Database\MySQLi\Connection.php on line 310.
 1 SYSTEMPATH\Database\BaseConnection.php(910): CodeIgniter\Database\MySQLi\Connection->execute('SELECT service_list_id AS service_id, service_name, description, base_price, status FROM service_list WHERE status = \'active\' AND is_available = 1 ORDER BY service_name ASC')
 2 SYSTEMPATH\Database\BaseConnection.php(827): CodeIgniter\Database\BaseConnection->simpleQuery('SELECT service_list_id AS service_id, service_name, description, base_price, status FROM service_list WHERE status = \'active\' AND is_available = 1 ORDER BY service_name ASC')
 3 APPPATH\Controllers\Dashboard.php(83): CodeIgniter\Database\BaseConnection->query('SELECT service_list_id AS service_id, service_name, description, base_price, status FROM service_list WHERE status = \'active\' AND is_available = 1 ORDER BY service_name ASC')
 4 SYSTEMPATH\CodeIgniter.php(951): App\Controllers\Dashboard->planHolder()
 5 SYSTEMPATH\CodeIgniter.php(497): CodeIgniter\CodeIgniter->runController(Object(App\Controllers\Dashboard))
 6 SYSTEMPATH\CodeIgniter.php(340): CodeIgniter\CodeIgniter->handleRequest(null, Object(Config\Cache), false)
 7 SYSTEMPATH\Boot.php(417): CodeIgniter\CodeIgniter->run()
 8 SYSTEMPATH\Boot.php(68): CodeIgniter\Boot::runCodeIgniter(Object(CodeIgniter\CodeIgniter))
 9 FCPATH\index.php(59): CodeIgniter\Boot::bootWeb(Object(Config\Paths))
CRITICAL - 2026-04-18 04:04:15 --> [Caused by] mysqli_sql_exception: Unknown column 'is_available' in 'where clause'
in SYSTEMPATH\Database\MySQLi\Connection.php on line 300.
 1 SYSTEMPATH\Database\MySQLi\Connection.php(300): mysqli->query('SELECT service_list_id AS service_id, service_name, description, base_price, status FROM service_list WHERE status = \'active\' AND is_available = 1 ORDER BY service_name ASC', 0)
 2 SYSTEMPATH\Database\BaseConnection.php(910): CodeIgniter\Database\MySQLi\Connection->execute('SELECT service_list_id AS service_id, service_name, description, base_price, status FROM service_list WHERE status = \'active\' AND is_available = 1 ORDER BY service_name ASC')
 3 SYSTEMPATH\Database\BaseConnection.php(827): CodeIgniter\Database\BaseConnection->simpleQuery('SELECT service_list_id AS service_id, service_name, description, base_price, status FROM service_list WHERE status = \'active\' AND is_available = 1 ORDER BY service_name ASC')
 4 APPPATH\Controllers\Dashboard.php(83): CodeIgniter\Database\BaseConnection->query('SELECT service_list_id AS service_id, service_name, description, base_price, status FROM service_list WHERE status = \'active\' AND is_available = 1 ORDER BY service_name ASC')
 5 SYSTEMPATH\CodeIgniter.php(951): App\Controllers\Dashboard->planHolder()
 6 SYSTEMPATH\CodeIgniter.php(497): CodeIgniter\CodeIgniter->runController(Object(App\Controllers\Dashboard))
 7 SYSTEMPATH\CodeIgniter.php(340): CodeIgniter\CodeIgniter->handleRequest(null, Object(Config\Cache), false)
 8 SYSTEMPATH\Boot.php(417): CodeIgniter\CodeIgniter->run()
 9 SYSTEMPATH\Boot.php(68): CodeIgniter\Boot::runCodeIgniter(Object(CodeIgniter\CodeIgniter))
10 FCPATH\index.php(59): CodeIgniter\Boot::bootWeb(Object(Config\Paths))
DEBUG - 2026-04-18 04:04:16 --> Session: Class initialized using 'CodeIgniter\Session\Handlers\FileHandler' driver.
DEBUG - 2026-04-18 04:04:16 --> Session: Class initialized using 'CodeIgniter\Session\Handlers\FileHandler' driver.
ERROR - 2026-04-18 04:04:16 --> Unknown column 'is_available' in 'where clause'
in SYSTEMPATH\Database\MySQLi\Connection.php on line 300.
 1 SYSTEMPATH\Database\MySQLi\Connection.php(300): mysqli->query('SELECT service_list_id AS service_id, service_name, description, base_price, status FROM service_list WHERE status = \'active\' AND is_available = 1 ORDER BY service_name ASC', 0)
 2 SYSTEMPATH\Database\BaseConnection.php(910): CodeIgniter\Database\MySQLi\Connection->execute('SELECT service_list_id AS service_id, service_name, description, base_price, status FROM service_list WHERE status = \'active\' AND is_available = 1 ORDER BY service_name ASC')
 3 SYSTEMPATH\Database\BaseConnection.php(827): CodeIgniter\Database\BaseConnection->simpleQuery('SELECT service_list_id AS service_id, service_name, description, base_price, status FROM service_list WHERE status = \'active\' AND is_available = 1 ORDER BY service_name ASC')
 4 APPPATH\Controllers\Dashboard.php(83): CodeIgniter\Database\BaseConnection->query('SELECT service_list_id AS service_id, service_name, description, base_price, status FROM service_list WHERE status = \'active\' AND is_available = 1 ORDER BY service_name ASC')
 5 SYSTEMPATH\CodeIgniter.php(951): App\Controllers\Dashboard->planHolder()
 6 SYSTEMPATH\CodeIgniter.php(497): CodeIgniter\CodeIgniter->runController(Object(App\Controllers\Dashboard))
 7 SYSTEMPATH\CodeIgniter.php(340): CodeIgniter\CodeIgniter->handleRequest(null, Object(Config\Cache), false)
 8 SYSTEMPATH\Boot.php(417): CodeIgniter\CodeIgniter->run()
 9 SYSTEMPATH\Boot.php(68): CodeIgniter\Boot::runCodeIgniter(Object(CodeIgniter\CodeIgniter))
10 FCPATH\index.php(59): CodeIgniter\Boot::bootWeb(Object(Config\Paths))
CRITICAL - 2026-04-18 04:04:16 --> CodeIgniter\Database\Exceptions\DatabaseException: Unknown column 'is_available' in 'where clause'
[Method: GET, Route: dashboard/plan-holder]
in SYSTEMPATH\Database\BaseConnection.php on line 865.
 1 APPPATH\Controllers\Dashboard.php(83): CodeIgniter\Database\BaseConnection->query('SELECT service_list_id AS service_id, service_name, description, base_price, status FROM service_list WHERE status = \'active\' AND is_available = 1 ORDER BY service_name ASC')
 2 SYSTEMPATH\CodeIgniter.php(951): App\Controllers\Dashboard->planHolder()
 3 SYSTEMPATH\CodeIgniter.php(497): CodeIgniter\CodeIgniter->runController(Object(App\Controllers\Dashboard))
 4 SYSTEMPATH\CodeIgniter.php(340): CodeIgniter\CodeIgniter->handleRequest(null, Object(Config\Cache), false)
 5 SYSTEMPATH\Boot.php(417): CodeIgniter\CodeIgniter->run()
 6 SYSTEMPATH\Boot.php(68): CodeIgniter\Boot::runCodeIgniter(Object(CodeIgniter\CodeIgniter))
 7 FCPATH\index.php(59): CodeIgniter\Boot::bootWeb(Object(Config\Paths))
CRITICAL - 2026-04-18 04:04:16 --> [Caused by] CodeIgniter\Database\Exceptions\DatabaseException: Unknown column 'is_available' in 'where clause'
in SYSTEMPATH\Database\MySQLi\Connection.php on line 310.
 1 SYSTEMPATH\Database\BaseConnection.php(910): CodeIgniter\Database\MySQLi\Connection->execute('SELECT service_list_id AS service_id, service_name, description, base_price, status FROM service_list WHERE status = \'active\' AND is_available = 1 ORDER BY service_name ASC')
 2 SYSTEMPATH\Database\BaseConnection.php(827): CodeIgniter\Database\BaseConnection->simpleQuery('SELECT service_list_id AS service_id, service_name, description, base_price, status FROM service_list WHERE status = \'active\' AND is_available = 1 ORDER BY service_name ASC')
 3 APPPATH\Controllers\Dashboard.php(83): CodeIgniter\Database\BaseConnection->query('SELECT service_list_id AS service_id, service_name, description, base_price, status FROM service_list WHERE status = \'active\' AND is_available = 1 ORDER BY service_name ASC')
 4 SYSTEMPATH\CodeIgniter.php(951): App\Controllers\Dashboard->planHolder()
 5 SYSTEMPATH\CodeIgniter.php(497): CodeIgniter\CodeIgniter->runController(Object(App\Controllers\Dashboard))
 6 SYSTEMPATH\CodeIgniter.php(340): CodeIgniter\CodeIgniter->handleRequest(null, Object(Config\Cache), false)
 7 SYSTEMPATH\Boot.php(417): CodeIgniter\CodeIgniter->run()
 8 SYSTEMPATH\Boot.php(68): CodeIgniter\Boot::runCodeIgniter(Object(CodeIgniter\CodeIgniter))
 9 FCPATH\index.php(59): CodeIgniter\Boot::bootWeb(Object(Config\Paths))
CRITICAL - 2026-04-18 04:04:16 --> [Caused by] mysqli_sql_exception: Unknown column 'is_available' in 'where clause'
in SYSTEMPATH\Database\MySQLi\Connection.php on line 300.
 1 SYSTEMPATH\Database\MySQLi\Connection.php(300): mysqli->query('SELECT service_list_id AS service_id, service_name, description, base_price, status FROM service_list WHERE status = \'active\' AND is_available = 1 ORDER BY service_name ASC', 0)
 2 SYSTEMPATH\Database\BaseConnection.php(910): CodeIgniter\Database\MySQLi\Connection->execute('SELECT service_list_id AS service_id, service_name, description, base_price, status FROM service_list WHERE status = \'active\' AND is_available = 1 ORDER BY service_name ASC')
 3 SYSTEMPATH\Database\BaseConnection.php(827): CodeIgniter\Database\BaseConnection->simpleQuery('SELECT service_list_id AS service_id, service_name, description, base_price, status FROM service_list WHERE status = \'active\' AND is_available = 1 ORDER BY service_name ASC')
 4 APPPATH\Controllers\Dashboard.php(83): CodeIgniter\Database\BaseConnection->query('SELECT service_list_id AS service_id, service_name, description, base_price, status FROM service_list WHERE status = \'active\' AND is_available = 1 ORDER BY service_name ASC')
 5 SYSTEMPATH\CodeIgniter.php(951): App\Controllers\Dashboard->planHolder()
 6 SYSTEMPATH\CodeIgniter.php(497): CodeIgniter\CodeIgniter->runController(Object(App\Controllers\Dashboard))
 7 SYSTEMPATH\CodeIgniter.php(340): CodeIgniter\CodeIgniter->handleRequest(null, Object(Config\Cache), false)
 8 SYSTEMPATH\Boot.php(417): CodeIgniter\CodeIgniter->run()
 9 SYSTEMPATH\Boot.php(68): CodeIgniter\Boot::runCodeIgniter(Object(CodeIgniter\CodeIgniter))
10 FCPATH\index.php(59): CodeIgniter\Boot::bootWeb(Object(Config\Paths))
DEBUG - 2026-04-18 04:04:16 --> Session: Class initialized using 'CodeIgniter\Session\Handlers\FileHandler' driver.
DEBUG - 2026-04-18 04:04:17 --> Session: Class initialized using 'CodeIgniter\Session\Handlers\FileHandler' driver.
ERROR - 2026-04-18 04:04:17 --> Unknown column 'is_available' in 'where clause'
in SYSTEMPATH\Database\MySQLi\Connection.php on line 300.
 1 SYSTEMPATH\Database\MySQLi\Connection.php(300): mysqli->query('SELECT service_list_id AS service_id, service_name, description, base_price, status FROM service_list WHERE status = \'active\' AND is_available = 1 ORDER BY service_name ASC', 0)
 2 SYSTEMPATH\Database\BaseConnection.php(910): CodeIgniter\Database\MySQLi\Connection->execute('SELECT service_list_id AS service_id, service_name, description, base_price, status FROM service_list WHERE status = \'active\' AND is_available = 1 ORDER BY service_name ASC')
 3 SYSTEMPATH\Database\BaseConnection.php(827): CodeIgniter\Database\BaseConnection->simpleQuery('SELECT service_list_id AS service_id, service_name, description, base_price, status FROM service_list WHERE status = \'active\' AND is_available = 1 ORDER BY service_name ASC')
 4 APPPATH\Controllers\Dashboard.php(83): CodeIgniter\Database\BaseConnection->query('SELECT service_list_id AS service_id, service_name, description, base_price, status FROM service_list WHERE status = \'active\' AND is_available = 1 ORDER BY service_name ASC')
 5 SYSTEMPATH\CodeIgniter.php(951): App\Controllers\Dashboard->planHolder()
 6 SYSTEMPATH\CodeIgniter.php(497): CodeIgniter\CodeIgniter->runController(Object(App\Controllers\Dashboard))
 7 SYSTEMPATH\CodeIgniter.php(340): CodeIgniter\CodeIgniter->handleRequest(null, Object(Config\Cache), false)
 8 SYSTEMPATH\Boot.php(417): CodeIgniter\CodeIgniter->run()
 9 SYSTEMPATH\Boot.php(68): CodeIgniter\Boot::runCodeIgniter(Object(CodeIgniter\CodeIgniter))
10 FCPATH\index.php(59): CodeIgniter\Boot::bootWeb(Object(Config\Paths))
CRITICAL - 2026-04-18 04:04:17 --> CodeIgniter\Database\Exceptions\DatabaseException: Unknown column 'is_available' in 'where clause'
[Method: GET, Route: dashboard/plan-holder]
in SYSTEMPATH\Database\BaseConnection.php on line 865.
 1 APPPATH\Controllers\Dashboard.php(83): CodeIgniter\Database\BaseConnection->query('SELECT service_list_id AS service_id, service_name, description, base_price, status FROM service_list WHERE status = \'active\' AND is_available = 1 ORDER BY service_name ASC')
 2 SYSTEMPATH\CodeIgniter.php(951): App\Controllers\Dashboard->planHolder()
 3 SYSTEMPATH\CodeIgniter.php(497): CodeIgniter\CodeIgniter->runController(Object(App\Controllers\Dashboard))
 4 SYSTEMPATH\CodeIgniter.php(340): CodeIgniter\CodeIgniter->handleRequest(null, Object(Config\Cache), false)
 5 SYSTEMPATH\Boot.php(417): CodeIgniter\CodeIgniter->run()
 6 SYSTEMPATH\Boot.php(68): CodeIgniter\Boot::runCodeIgniter(Object(CodeIgniter\CodeIgniter))
 7 FCPATH\index.php(59): CodeIgniter\Boot::bootWeb(Object(Config\Paths))
CRITICAL - 2026-04-18 04:04:17 --> [Caused by] CodeIgniter\Database\Exceptions\DatabaseException: Unknown column 'is_available' in 'where clause'
in SYSTEMPATH\Database\MySQLi\Connection.php on line 310.
 1 SYSTEMPATH\Database\BaseConnection.php(910): CodeIgniter\Database\MySQLi\Connection->execute('SELECT service_list_id AS service_id, service_name, description, base_price, status FROM service_list WHERE status = \'active\' AND is_available = 1 ORDER BY service_name ASC')
 2 SYSTEMPATH\Database\BaseConnection.php(827): CodeIgniter\Database\BaseConnection->simpleQuery('SELECT service_list_id AS service_id, service_name, description, base_price, status FROM service_list WHERE status = \'active\' AND is_available = 1 ORDER BY service_name ASC')
 3 APPPATH\Controllers\Dashboard.php(83): CodeIgniter\Database\BaseConnection->query('SELECT service_list_id AS service_id, service_name, description, base_price, status FROM service_list WHERE status = \'active\' AND is_available = 1 ORDER BY service_name ASC')
 4 SYSTEMPATH\CodeIgniter.php(951): App\Controllers\Dashboard->planHolder()
 5 SYSTEMPATH\CodeIgniter.php(497): CodeIgniter\CodeIgniter->runController(Object(App\Controllers\Dashboard))
 6 SYSTEMPATH\CodeIgniter.php(340): CodeIgniter\CodeIgniter->handleRequest(null, Object(Config\Cache), false)
 7 SYSTEMPATH\Boot.php(417): CodeIgniter\CodeIgniter->run()
 8 SYSTEMPATH\Boot.php(68): CodeIgniter\Boot::runCodeIgniter(Object(CodeIgniter\CodeIgniter))
 9 FCPATH\index.php(59): CodeIgniter\Boot::bootWeb(Object(Config\Paths))
CRITICAL - 2026-04-18 04:04:17 --> [Caused by] mysqli_sql_exception: Unknown column 'is_available' in 'where clause'
in SYSTEMPATH\Database\MySQLi\Connection.php on line 300.
 1 SYSTEMPATH\Database\MySQLi\Connection.php(300): mysqli->query('SELECT service_list_id AS service_id, service_name, description, base_price, status FROM service_list WHERE status = \'active\' AND is_available = 1 ORDER BY service_name ASC', 0)
 2 SYSTEMPATH\Database\BaseConnection.php(910): CodeIgniter\Database\MySQLi\Connection->execute('SELECT service_list_id AS service_id, service_name, description, base_price, status FROM service_list WHERE status = \'active\' AND is_available = 1 ORDER BY service_name ASC')
 3 SYSTEMPATH\Database\BaseConnection.php(827): CodeIgniter\Database\BaseConnection->simpleQuery('SELECT service_list_id AS service_id, service_name, description, base_price, status FROM service_list WHERE status = \'active\' AND is_available = 1 ORDER BY service_name ASC')
 4 APPPATH\Controllers\Dashboard.php(83): CodeIgniter\Database\BaseConnection->query('SELECT service_list_id AS service_id, service_name, description, base_price, status FROM service_list WHERE status = \'active\' AND is_available = 1 ORDER BY service_name ASC')
 5 SYSTEMPATH\CodeIgniter.php(951): App\Controllers\Dashboard->planHolder()
 6 SYSTEMPATH\CodeIgniter.php(497): CodeIgniter\CodeIgniter->runController(Object(App\Controllers\Dashboard))
 7 SYSTEMPATH\CodeIgniter.php(340): CodeIgniter\CodeIgniter->handleRequest(null, Object(Config\Cache), false)
 8 SYSTEMPATH\Boot.php(417): CodeIgniter\CodeIgniter->run()
 9 SYSTEMPATH\Boot.php(68): CodeIgniter\Boot::runCodeIgniter(Object(CodeIgniter\CodeIgniter))
10 FCPATH\index.php(59): CodeIgniter\Boot::bootWeb(Object(Config\Paths))
DEBUG - 2026-04-18 04:04:33 --> Session: Class initialized using 'CodeIgniter\Session\Handlers\FileHandler' driver.
DEBUG - 2026-04-18 04:04:33 --> Session: Class initialized using 'CodeIgniter\Session\Handlers\FileHandler' driver.
ERROR - 2026-04-18 04:04:33 --> Unknown column 'is_available' in 'where clause'
in SYSTEMPATH\Database\MySQLi\Connection.php on line 300.
 1 SYSTEMPATH\Database\MySQLi\Connection.php(300): mysqli->query('SELECT service_list_id AS service_id, service_name, description, base_price, status FROM service_list WHERE status = \'active\' AND is_available = 1 ORDER BY service_name ASC', 0)
 2 SYSTEMPATH\Database\BaseConnection.php(910): CodeIgniter\Database\MySQLi\Connection->execute('SELECT service_list_id AS service_id, service_name, description, base_price, status FROM service_list WHERE status = \'active\' AND is_available = 1 ORDER BY service_name ASC')
 3 SYSTEMPATH\Database\BaseConnection.php(827): CodeIgniter\Database\BaseConnection->simpleQuery('SELECT service_list_id AS service_id, service_name, description, base_price, status FROM service_list WHERE status = \'active\' AND is_available = 1 ORDER BY service_name ASC')
 4 APPPATH\Controllers\Dashboard.php(83): CodeIgniter\Database\BaseConnection->query('SELECT service_list_id AS service_id, service_name, description, base_price, status FROM service_list WHERE status = \'active\' AND is_available = 1 ORDER BY service_name ASC')
 5 SYSTEMPATH\CodeIgniter.php(951): App\Controllers\Dashboard->planHolder()
 6 SYSTEMPATH\CodeIgniter.php(497): CodeIgniter\CodeIgniter->runController(Object(App\Controllers\Dashboard))
 7 SYSTEMPATH\CodeIgniter.php(340): CodeIgniter\CodeIgniter->handleRequest(null, Object(Config\Cache), false)
 8 SYSTEMPATH\Boot.php(417): CodeIgniter\CodeIgniter->run()
 9 SYSTEMPATH\Boot.php(68): CodeIgniter\Boot::runCodeIgniter(Object(CodeIgniter\CodeIgniter))
10 FCPATH\index.php(59): CodeIgniter\Boot::bootWeb(Object(Config\Paths))
CRITICAL - 2026-04-18 04:04:33 --> CodeIgniter\Database\Exceptions\DatabaseException: Unknown column 'is_available' in 'where clause'
[Method: GET, Route: dashboard/plan-holder]
in SYSTEMPATH\Database\BaseConnection.php on line 865.
 1 APPPATH\Controllers\Dashboard.php(83): CodeIgniter\Database\BaseConnection->query('SELECT service_list_id AS service_id, service_name, description, base_price, status FROM service_list WHERE status = \'active\' AND is_available = 1 ORDER BY service_name ASC')
 2 SYSTEMPATH\CodeIgniter.php(951): App\Controllers\Dashboard->planHolder()
 3 SYSTEMPATH\CodeIgniter.php(497): CodeIgniter\CodeIgniter->runController(Object(App\Controllers\Dashboard))
 4 SYSTEMPATH\CodeIgniter.php(340): CodeIgniter\CodeIgniter->handleRequest(null, Object(Config\Cache), false)
 5 SYSTEMPATH\Boot.php(417): CodeIgniter\CodeIgniter->run()
 6 SYSTEMPATH\Boot.php(68): CodeIgniter\Boot::runCodeIgniter(Object(CodeIgniter\CodeIgniter))
 7 FCPATH\index.php(59): CodeIgniter\Boot::bootWeb(Object(Config\Paths))
CRITICAL - 2026-04-18 04:04:33 --> [Caused by] CodeIgniter\Database\Exceptions\DatabaseException: Unknown column 'is_available' in 'where clause'
in SYSTEMPATH\Database\MySQLi\Connection.php on line 310.
 1 SYSTEMPATH\Database\BaseConnection.php(910): CodeIgniter\Database\MySQLi\Connection->execute('SELECT service_list_id AS service_id, service_name, description, base_price, status FROM service_list WHERE status = \'active\' AND is_available = 1 ORDER BY service_name ASC')
 2 SYSTEMPATH\Database\BaseConnection.php(827): CodeIgniter\Database\BaseConnection->simpleQuery('SELECT service_list_id AS service_id, service_name, description, base_price, status FROM service_list WHERE status = \'active\' AND is_available = 1 ORDER BY service_name ASC')
 3 APPPATH\Controllers\Dashboard.php(83): CodeIgniter\Database\BaseConnection->query('SELECT service_list_id AS service_id, service_name, description, base_price, status FROM service_list WHERE status = \'active\' AND is_available = 1 ORDER BY service_name ASC')
 4 SYSTEMPATH\CodeIgniter.php(951): App\Controllers\Dashboard->planHolder()
 5 SYSTEMPATH\CodeIgniter.php(497): CodeIgniter\CodeIgniter->runController(Object(App\Controllers\Dashboard))
 6 SYSTEMPATH\CodeIgniter.php(340): CodeIgniter\CodeIgniter->handleRequest(null, Object(Config\Cache), false)
 7 SYSTEMPATH\Boot.php(417): CodeIgniter\CodeIgniter->run()
 8 SYSTEMPATH\Boot.php(68): CodeIgniter\Boot::runCodeIgniter(Object(CodeIgniter\CodeIgniter))
 9 FCPATH\index.php(59): CodeIgniter\Boot::bootWeb(Object(Config\Paths))
CRITICAL - 2026-04-18 04:04:33 --> [Caused by] mysqli_sql_exception: Unknown column 'is_available' in 'where clause'
in SYSTEMPATH\Database\MySQLi\Connection.php on line 300.
 1 SYSTEMPATH\Database\MySQLi\Connection.php(300): mysqli->query('SELECT service_list_id AS service_id, service_name, description, base_price, status FROM service_list WHERE status = \'active\' AND is_available = 1 ORDER BY service_name ASC', 0)
 2 SYSTEMPATH\Database\BaseConnection.php(910): CodeIgniter\Database\MySQLi\Connection->execute('SELECT service_list_id AS service_id, service_name, description, base_price, status FROM service_list WHERE status = \'active\' AND is_available = 1 ORDER BY service_name ASC')
 3 SYSTEMPATH\Database\BaseConnection.php(827): CodeIgniter\Database\BaseConnection->simpleQuery('SELECT service_list_id AS service_id, service_name, description, base_price, status FROM service_list WHERE status = \'active\' AND is_available = 1 ORDER BY service_name ASC')
 4 APPPATH\Controllers\Dashboard.php(83): CodeIgniter\Database\BaseConnection->query('SELECT service_list_id AS service_id, service_name, description, base_price, status FROM service_list WHERE status = \'active\' AND is_available = 1 ORDER BY service_name ASC')
 5 SYSTEMPATH\CodeIgniter.php(951): App\Controllers\Dashboard->planHolder()
 6 SYSTEMPATH\CodeIgniter.php(497): CodeIgniter\CodeIgniter->runController(Object(App\Controllers\Dashboard))
 7 SYSTEMPATH\CodeIgniter.php(340): CodeIgniter\CodeIgniter->handleRequest(null, Object(Config\Cache), false)
 8 SYSTEMPATH\Boot.php(417): CodeIgniter\CodeIgniter->run()
 9 SYSTEMPATH\Boot.php(68): CodeIgniter\Boot::runCodeIgniter(Object(CodeIgniter\CodeIgniter))
10 FCPATH\index.php(59): CodeIgniter\Boot::bootWeb(Object(Config\Paths))
DEBUG - 2026-04-18 04:06:33 --> Session: Class initialized using 'CodeIgniter\Session\Handlers\FileHandler' driver.
ERROR - 2026-04-18 04:06:34 --> Unknown column 'p.status' in 'where clause'
in SYSTEMPATH\Database\MySQLi\Connection.php on line 300.
 1 SYSTEMPATH\Database\MySQLi\Connection.php(300): mysqli->query('SELECT p.package_id, p.package_name, p.description, p.base_price, p.is_customizable, COUNT(pi.item_id) AS item_count FROM packages p LEFT JOIN package_items pi ON pi.package_id = p.package_id WHERE p.status = \'active\' GROUP BY p.package_id, p.package_name, p.description, p.base_price, p.is_customizable ORDER BY p.package_name ASC', 0)
 2 SYSTEMPATH\Database\BaseConnection.php(910): CodeIgniter\Database\MySQLi\Connection->execute('SELECT p.package_id, p.package_name, p.description, p.base_price, p.is_customizable, COUNT(pi.item_id) AS item_count FROM packages p LEFT JOIN package_items pi ON pi.package_id = p.package_id WHERE p.status = \'active\' GROUP BY p.package_id, p.package_name, p.description, p.base_price, p.is_customizable ORDER BY p.package_name ASC')
 3 SYSTEMPATH\Database\BaseConnection.php(827): CodeIgniter\Database\BaseConnection->simpleQuery('SELECT p.package_id, p.package_name, p.description, p.base_price, p.is_customizable, COUNT(pi.item_id) AS item_count FROM packages p LEFT JOIN package_items pi ON pi.package_id = p.package_id WHERE p.status = \'active\' GROUP BY p.package_id, p.package_name, p.description, p.base_price, p.is_customizable ORDER BY p.package_name ASC')
 4 APPPATH\Controllers\Dashboard.php(114): CodeIgniter\Database\BaseConnection->query('SELECT p.package_id, p.package_name, p.description, p.base_price, p.is_customizable, COUNT(pi.item_id) AS item_count FROM packages p LEFT JOIN package_items pi ON pi.package_id = p.package_id WHERE p.status = \'active\' GROUP BY p.package_id, p.package_name, p.description, p.base_price, p.is_customizable ORDER BY p.package_name ASC')
 5 SYSTEMPATH\CodeIgniter.php(951): App\Controllers\Dashboard->planHolder()
 6 SYSTEMPATH\CodeIgniter.php(497): CodeIgniter\CodeIgniter->runController(Object(App\Controllers\Dashboard))
 7 SYSTEMPATH\CodeIgniter.php(340): CodeIgniter\CodeIgniter->handleRequest(null, Object(Config\Cache), false)
 8 SYSTEMPATH\Boot.php(417): CodeIgniter\CodeIgniter->run()
 9 SYSTEMPATH\Boot.php(68): CodeIgniter\Boot::runCodeIgniter(Object(CodeIgniter\CodeIgniter))
10 FCPATH\index.php(59): CodeIgniter\Boot::bootWeb(Object(Config\Paths))
CRITICAL - 2026-04-18 04:06:34 --> CodeIgniter\Database\Exceptions\DatabaseException: Unknown column 'p.status' in 'where clause'
[Method: GET, Route: dashboard/plan-holder]
in SYSTEMPATH\Database\BaseConnection.php on line 865.
 1 APPPATH\Controllers\Dashboard.php(114): CodeIgniter\Database\BaseConnection->query('SELECT p.package_id, p.package_name, p.description, p.base_price, p.is_customizable, COUNT(pi.item_id) AS item_count FROM packages p LEFT JOIN package_items pi ON pi.package_id = p.package_id WHERE p.status = \'active\' GROUP BY p.package_id, p.package_name, p.description, p.base_price, p.is_customizable ORDER BY p.package_name ASC')
 2 SYSTEMPATH\CodeIgniter.php(951): App\Controllers\Dashboard->planHolder()
 3 SYSTEMPATH\CodeIgniter.php(497): CodeIgniter\CodeIgniter->runController(Object(App\Controllers\Dashboard))
 4 SYSTEMPATH\CodeIgniter.php(340): CodeIgniter\CodeIgniter->handleRequest(null, Object(Config\Cache), false)
 5 SYSTEMPATH\Boot.php(417): CodeIgniter\CodeIgniter->run()
 6 SYSTEMPATH\Boot.php(68): CodeIgniter\Boot::runCodeIgniter(Object(CodeIgniter\CodeIgniter))
 7 FCPATH\index.php(59): CodeIgniter\Boot::bootWeb(Object(Config\Paths))
CRITICAL - 2026-04-18 04:06:34 --> [Caused by] CodeIgniter\Database\Exceptions\DatabaseException: Unknown column 'p.status' in 'where clause'
in SYSTEMPATH\Database\MySQLi\Connection.php on line 310.
 1 SYSTEMPATH\Database\BaseConnection.php(910): CodeIgniter\Database\MySQLi\Connection->execute('SELECT p.package_id, p.package_name, p.description, p.base_price, p.is_customizable, COUNT(pi.item_id) AS item_count FROM packages p LEFT JOIN package_items pi ON pi.package_id = p.package_id WHERE p.status = \'active\' GROUP BY p.package_id, p.package_name, p.description, p.base_price, p.is_customizable ORDER BY p.package_name ASC')
 2 SYSTEMPATH\Database\BaseConnection.php(827): CodeIgniter\Database\BaseConnection->simpleQuery('SELECT p.package_id, p.package_name, p.description, p.base_price, p.is_customizable, COUNT(pi.item_id) AS item_count FROM packages p LEFT JOIN package_items pi ON pi.package_id = p.package_id WHERE p.status = \'active\' GROUP BY p.package_id, p.package_name, p.description, p.base_price, p.is_customizable ORDER BY p.package_name ASC')
 3 APPPATH\Controllers\Dashboard.php(114): CodeIgniter\Database\BaseConnection->query('SELECT p.package_id, p.package_name, p.description, p.base_price, p.is_customizable, COUNT(pi.item_id) AS item_count FROM packages p LEFT JOIN package_items pi ON pi.package_id = p.package_id WHERE p.status = \'active\' GROUP BY p.package_id, p.package_name, p.description, p.base_price, p.is_customizable ORDER BY p.package_name ASC')
 4 SYSTEMPATH\CodeIgniter.php(951): App\Controllers\Dashboard->planHolder()
 5 SYSTEMPATH\CodeIgniter.php(497): CodeIgniter\CodeIgniter->runController(Object(App\Controllers\Dashboard))
 6 SYSTEMPATH\CodeIgniter.php(340): CodeIgniter\CodeIgniter->handleRequest(null, Object(Config\Cache), false)
 7 SYSTEMPATH\Boot.php(417): CodeIgniter\CodeIgniter->run()
 8 SYSTEMPATH\Boot.php(68): CodeIgniter\Boot::runCodeIgniter(Object(CodeIgniter\CodeIgniter))
 9 FCPATH\index.php(59): CodeIgniter\Boot::bootWeb(Object(Config\Paths))
CRITICAL - 2026-04-18 04:06:34 --> [Caused by] mysqli_sql_exception: Unknown column 'p.status' in 'where clause'
in SYSTEMPATH\Database\MySQLi\Connection.php on line 300.
 1 SYSTEMPATH\Database\MySQLi\Connection.php(300): mysqli->query('SELECT p.package_id, p.package_name, p.description, p.base_price, p.is_customizable, COUNT(pi.item_id) AS item_count FROM packages p LEFT JOIN package_items pi ON pi.package_id = p.package_id WHERE p.status = \'active\' GROUP BY p.package_id, p.package_name, p.description, p.base_price, p.is_customizable ORDER BY p.package_name ASC', 0)
 2 SYSTEMPATH\Database\BaseConnection.php(910): CodeIgniter\Database\MySQLi\Connection->execute('SELECT p.package_id, p.package_name, p.description, p.base_price, p.is_customizable, COUNT(pi.item_id) AS item_count FROM packages p LEFT JOIN package_items pi ON pi.package_id = p.package_id WHERE p.status = \'active\' GROUP BY p.package_id, p.package_name, p.description, p.base_price, p.is_customizable ORDER BY p.package_name ASC')
 3 SYSTEMPATH\Database\BaseConnection.php(827): CodeIgniter\Database\BaseConnection->simpleQuery('SELECT p.package_id, p.package_name, p.description, p.base_price, p.is_customizable, COUNT(pi.item_id) AS item_count FROM packages p LEFT JOIN package_items pi ON pi.package_id = p.package_id WHERE p.status = \'active\' GROUP BY p.package_id, p.package_name, p.description, p.base_price, p.is_customizable ORDER BY p.package_name ASC')
 4 APPPATH\Controllers\Dashboard.php(114): CodeIgniter\Database\BaseConnection->query('SELECT p.package_id, p.package_name, p.description, p.base_price, p.is_customizable, COUNT(pi.item_id) AS item_count FROM packages p LEFT JOIN package_items pi ON pi.package_id = p.package_id WHERE p.status = \'active\' GROUP BY p.package_id, p.package_name, p.description, p.base_price, p.is_customizable ORDER BY p.package_name ASC')
 5 SYSTEMPATH\CodeIgniter.php(951): App\Controllers\Dashboard->planHolder()
 6 SYSTEMPATH\CodeIgniter.php(497): CodeIgniter\CodeIgniter->runController(Object(App\Controllers\Dashboard))
 7 SYSTEMPATH\CodeIgniter.php(340): CodeIgniter\CodeIgniter->handleRequest(null, Object(Config\Cache), false)
 8 SYSTEMPATH\Boot.php(417): CodeIgniter\CodeIgniter->run()
 9 SYSTEMPATH\Boot.php(68): CodeIgniter\Boot::runCodeIgniter(Object(CodeIgniter\CodeIgniter))
10 FCPATH\index.php(59): CodeIgniter\Boot::bootWeb(Object(Config\Paths))
DEBUG - 2026-04-18 04:06:36 --> Session: Class initialized using 'CodeIgniter\Session\Handlers\FileHandler' driver.
ERROR - 2026-04-18 04:06:36 --> Unknown column 'p.status' in 'where clause'
in SYSTEMPATH\Database\MySQLi\Connection.php on line 300.
 1 SYSTEMPATH\Database\MySQLi\Connection.php(300): mysqli->query('SELECT p.package_id, p.package_name, p.description, p.base_price, p.is_customizable, COUNT(pi.item_id) AS item_count FROM packages p LEFT JOIN package_items pi ON pi.package_id = p.package_id WHERE p.status = \'active\' GROUP BY p.package_id, p.package_name, p.description, p.base_price, p.is_customizable ORDER BY p.package_name ASC', 0)
 2 SYSTEMPATH\Database\BaseConnection.php(910): CodeIgniter\Database\MySQLi\Connection->execute('SELECT p.package_id, p.package_name, p.description, p.base_price, p.is_customizable, COUNT(pi.item_id) AS item_count FROM packages p LEFT JOIN package_items pi ON pi.package_id = p.package_id WHERE p.status = \'active\' GROUP BY p.package_id, p.package_name, p.description, p.base_price, p.is_customizable ORDER BY p.package_name ASC')
 3 SYSTEMPATH\Database\BaseConnection.php(827): CodeIgniter\Database\BaseConnection->simpleQuery('SELECT p.package_id, p.package_name, p.description, p.base_price, p.is_customizable, COUNT(pi.item_id) AS item_count FROM packages p LEFT JOIN package_items pi ON pi.package_id = p.package_id WHERE p.status = \'active\' GROUP BY p.package_id, p.package_name, p.description, p.base_price, p.is_customizable ORDER BY p.package_name ASC')
 4 APPPATH\Controllers\Dashboard.php(114): CodeIgniter\Database\BaseConnection->query('SELECT p.package_id, p.package_name, p.description, p.base_price, p.is_customizable, COUNT(pi.item_id) AS item_count FROM packages p LEFT JOIN package_items pi ON pi.package_id = p.package_id WHERE p.status = \'active\' GROUP BY p.package_id, p.package_name, p.description, p.base_price, p.is_customizable ORDER BY p.package_name ASC')
 5 SYSTEMPATH\CodeIgniter.php(951): App\Controllers\Dashboard->planHolder()
 6 SYSTEMPATH\CodeIgniter.php(497): CodeIgniter\CodeIgniter->runController(Object(App\Controllers\Dashboard))
 7 SYSTEMPATH\CodeIgniter.php(340): CodeIgniter\CodeIgniter->handleRequest(null, Object(Config\Cache), false)
 8 SYSTEMPATH\Boot.php(417): CodeIgniter\CodeIgniter->run()
 9 SYSTEMPATH\Boot.php(68): CodeIgniter\Boot::runCodeIgniter(Object(CodeIgniter\CodeIgniter))
10 FCPATH\index.php(59): CodeIgniter\Boot::bootWeb(Object(Config\Paths))
CRITICAL - 2026-04-18 04:06:36 --> CodeIgniter\Database\Exceptions\DatabaseException: Unknown column 'p.status' in 'where clause'
[Method: GET, Route: dashboard/plan-holder]
in SYSTEMPATH\Database\BaseConnection.php on line 865.
 1 APPPATH\Controllers\Dashboard.php(114): CodeIgniter\Database\BaseConnection->query('SELECT p.package_id, p.package_name, p.description, p.base_price, p.is_customizable, COUNT(pi.item_id) AS item_count FROM packages p LEFT JOIN package_items pi ON pi.package_id = p.package_id WHERE p.status = \'active\' GROUP BY p.package_id, p.package_name, p.description, p.base_price, p.is_customizable ORDER BY p.package_name ASC')
 2 SYSTEMPATH\CodeIgniter.php(951): App\Controllers\Dashboard->planHolder()
 3 SYSTEMPATH\CodeIgniter.php(497): CodeIgniter\CodeIgniter->runController(Object(App\Controllers\Dashboard))
 4 SYSTEMPATH\CodeIgniter.php(340): CodeIgniter\CodeIgniter->handleRequest(null, Object(Config\Cache), false)
 5 SYSTEMPATH\Boot.php(417): CodeIgniter\CodeIgniter->run()
 6 SYSTEMPATH\Boot.php(68): CodeIgniter\Boot::runCodeIgniter(Object(CodeIgniter\CodeIgniter))
 7 FCPATH\index.php(59): CodeIgniter\Boot::bootWeb(Object(Config\Paths))
CRITICAL - 2026-04-18 04:06:36 --> [Caused by] CodeIgniter\Database\Exceptions\DatabaseException: Unknown column 'p.status' in 'where clause'
in SYSTEMPATH\Database\MySQLi\Connection.php on line 310.
 1 SYSTEMPATH\Database\BaseConnection.php(910): CodeIgniter\Database\MySQLi\Connection->execute('SELECT p.package_id, p.package_name, p.description, p.base_price, p.is_customizable, COUNT(pi.item_id) AS item_count FROM packages p LEFT JOIN package_items pi ON pi.package_id = p.package_id WHERE p.status = \'active\' GROUP BY p.package_id, p.package_name, p.description, p.base_price, p.is_customizable ORDER BY p.package_name ASC')
 2 SYSTEMPATH\Database\BaseConnection.php(827): CodeIgniter\Database\BaseConnection->simpleQuery('SELECT p.package_id, p.package_name, p.description, p.base_price, p.is_customizable, COUNT(pi.item_id) AS item_count FROM packages p LEFT JOIN package_items pi ON pi.package_id = p.package_id WHERE p.status = \'active\' GROUP BY p.package_id, p.package_name, p.description, p.base_price, p.is_customizable ORDER BY p.package_name ASC')
 3 APPPATH\Controllers\Dashboard.php(114): CodeIgniter\Database\BaseConnection->query('SELECT p.package_id, p.package_name, p.description, p.base_price, p.is_customizable, COUNT(pi.item_id) AS item_count FROM packages p LEFT JOIN package_items pi ON pi.package_id = p.package_id WHERE p.status = \'active\' GROUP BY p.package_id, p.package_name, p.description, p.base_price, p.is_customizable ORDER BY p.package_name ASC')
 4 SYSTEMPATH\CodeIgniter.php(951): App\Controllers\Dashboard->planHolder()
 5 SYSTEMPATH\CodeIgniter.php(497): CodeIgniter\CodeIgniter->runController(Object(App\Controllers\Dashboard))
 6 SYSTEMPATH\CodeIgniter.php(340): CodeIgniter\CodeIgniter->handleRequest(null, Object(Config\Cache), false)
 7 SYSTEMPATH\Boot.php(417): CodeIgniter\CodeIgniter->run()
 8 SYSTEMPATH\Boot.php(68): CodeIgniter\Boot::runCodeIgniter(Object(CodeIgniter\CodeIgniter))
 9 FCPATH\index.php(59): CodeIgniter\Boot::bootWeb(Object(Config\Paths))
CRITICAL - 2026-04-18 04:06:36 --> [Caused by] mysqli_sql_exception: Unknown column 'p.status' in 'where clause'
in SYSTEMPATH\Database\MySQLi\Connection.php on line 300.
 1 SYSTEMPATH\Database\MySQLi\Connection.php(300): mysqli->query('SELECT p.package_id, p.package_name, p.description, p.base_price, p.is_customizable, COUNT(pi.item_id) AS item_count FROM packages p LEFT JOIN package_items pi ON pi.package_id = p.package_id WHERE p.status = \'active\' GROUP BY p.package_id, p.package_name, p.description, p.base_price, p.is_customizable ORDER BY p.package_name ASC', 0)
 2 SYSTEMPATH\Database\BaseConnection.php(910): CodeIgniter\Database\MySQLi\Connection->execute('SELECT p.package_id, p.package_name, p.description, p.base_price, p.is_customizable, COUNT(pi.item_id) AS item_count FROM packages p LEFT JOIN package_items pi ON pi.package_id = p.package_id WHERE p.status = \'active\' GROUP BY p.package_id, p.package_name, p.description, p.base_price, p.is_customizable ORDER BY p.package_name ASC')
 3 SYSTEMPATH\Database\BaseConnection.php(827): CodeIgniter\Database\BaseConnection->simpleQuery('SELECT p.package_id, p.package_name, p.description, p.base_price, p.is_customizable, COUNT(pi.item_id) AS item_count FROM packages p LEFT JOIN package_items pi ON pi.package_id = p.package_id WHERE p.status = \'active\' GROUP BY p.package_id, p.package_name, p.description, p.base_price, p.is_customizable ORDER BY p.package_name ASC')
 4 APPPATH\Controllers\Dashboard.php(114): CodeIgniter\Database\BaseConnection->query('SELECT p.package_id, p.package_name, p.description, p.base_price, p.is_customizable, COUNT(pi.item_id) AS item_count FROM packages p LEFT JOIN package_items pi ON pi.package_id = p.package_id WHERE p.status = \'active\' GROUP BY p.package_id, p.package_name, p.description, p.base_price, p.is_customizable ORDER BY p.package_name ASC')
 5 SYSTEMPATH\CodeIgniter.php(951): App\Controllers\Dashboard->planHolder()
 6 SYSTEMPATH\CodeIgniter.php(497): CodeIgniter\CodeIgniter->runController(Object(App\Controllers\Dashboard))
 7 SYSTEMPATH\CodeIgniter.php(340): CodeIgniter\CodeIgniter->handleRequest(null, Object(Config\Cache), false)
 8 SYSTEMPATH\Boot.php(417): CodeIgniter\CodeIgniter->run()
 9 SYSTEMPATH\Boot.php(68): CodeIgniter\Boot::runCodeIgniter(Object(CodeIgniter\CodeIgniter))
10 FCPATH\index.php(59): CodeIgniter\Boot::bootWeb(Object(Config\Paths))
DEBUG - 2026-04-18 04:09:56 --> Session: Class initialized using 'CodeIgniter\Session\Handlers\FileHandler' driver.
DEBUG - 2026-04-18 04:09:56 --> Session: Class initialized using 'CodeIgniter\Session\Handlers\FileHandler' driver.
ERROR - 2026-04-18 04:09:57 --> Unknown column 'p.status' in 'where clause'
in SYSTEMPATH\Database\MySQLi\Connection.php on line 300.
 1 SYSTEMPATH\Database\MySQLi\Connection.php(300): mysqli->query('SELECT p.package_id, p.package_name, p.description, p.base_price, p.is_customizable, COUNT(pi.item_id) AS item_count FROM packages p LEFT JOIN package_items pi ON pi.package_id = p.package_id WHERE p.status = \'active\' GROUP BY p.package_id, p.package_name, p.description, p.base_price, p.is_customizable ORDER BY p.package_name ASC', 0)
 2 SYSTEMPATH\Database\BaseConnection.php(910): CodeIgniter\Database\MySQLi\Connection->execute('SELECT p.package_id, p.package_name, p.description, p.base_price, p.is_customizable, COUNT(pi.item_id) AS item_count FROM packages p LEFT JOIN package_items pi ON pi.package_id = p.package_id WHERE p.status = \'active\' GROUP BY p.package_id, p.package_name, p.description, p.base_price, p.is_customizable ORDER BY p.package_name ASC')
 3 SYSTEMPATH\Database\BaseConnection.php(827): CodeIgniter\Database\BaseConnection->simpleQuery('SELECT p.package_id, p.package_name, p.description, p.base_price, p.is_customizable, COUNT(pi.item_id) AS item_count FROM packages p LEFT JOIN package_items pi ON pi.package_id = p.package_id WHERE p.status = \'active\' GROUP BY p.package_id, p.package_name, p.description, p.base_price, p.is_customizable ORDER BY p.package_name ASC')
 4 APPPATH\Controllers\Dashboard.php(114): CodeIgniter\Database\BaseConnection->query('SELECT p.package_id, p.package_name, p.description, p.base_price, p.is_customizable, COUNT(pi.item_id) AS item_count FROM packages p LEFT JOIN package_items pi ON pi.package_id = p.package_id WHERE p.status = \'active\' GROUP BY p.package_id, p.package_name, p.description, p.base_price, p.is_customizable ORDER BY p.package_name ASC')
 5 SYSTEMPATH\CodeIgniter.php(951): App\Controllers\Dashboard->planHolder()
 6 SYSTEMPATH\CodeIgniter.php(497): CodeIgniter\CodeIgniter->runController(Object(App\Controllers\Dashboard))
 7 SYSTEMPATH\CodeIgniter.php(340): CodeIgniter\CodeIgniter->handleRequest(null, Object(Config\Cache), false)
 8 SYSTEMPATH\Boot.php(417): CodeIgniter\CodeIgniter->run()
 9 SYSTEMPATH\Boot.php(68): CodeIgniter\Boot::runCodeIgniter(Object(CodeIgniter\CodeIgniter))
10 FCPATH\index.php(59): CodeIgniter\Boot::bootWeb(Object(Config\Paths))
CRITICAL - 2026-04-18 04:09:57 --> CodeIgniter\Database\Exceptions\DatabaseException: Unknown column 'p.status' in 'where clause'
[Method: GET, Route: dashboard/plan-holder]
in SYSTEMPATH\Database\BaseConnection.php on line 865.
 1 APPPATH\Controllers\Dashboard.php(114): CodeIgniter\Database\BaseConnection->query('SELECT p.package_id, p.package_name, p.description, p.base_price, p.is_customizable, COUNT(pi.item_id) AS item_count FROM packages p LEFT JOIN package_items pi ON pi.package_id = p.package_id WHERE p.status = \'active\' GROUP BY p.package_id, p.package_name, p.description, p.base_price, p.is_customizable ORDER BY p.package_name ASC')
 2 SYSTEMPATH\CodeIgniter.php(951): App\Controllers\Dashboard->planHolder()
 3 SYSTEMPATH\CodeIgniter.php(497): CodeIgniter\CodeIgniter->runController(Object(App\Controllers\Dashboard))
 4 SYSTEMPATH\CodeIgniter.php(340): CodeIgniter\CodeIgniter->handleRequest(null, Object(Config\Cache), false)
 5 SYSTEMPATH\Boot.php(417): CodeIgniter\CodeIgniter->run()
 6 SYSTEMPATH\Boot.php(68): CodeIgniter\Boot::runCodeIgniter(Object(CodeIgniter\CodeIgniter))
 7 FCPATH\index.php(59): CodeIgniter\Boot::bootWeb(Object(Config\Paths))
CRITICAL - 2026-04-18 04:09:57 --> [Caused by] CodeIgniter\Database\Exceptions\DatabaseException: Unknown column 'p.status' in 'where clause'
in SYSTEMPATH\Database\MySQLi\Connection.php on line 310.
 1 SYSTEMPATH\Database\BaseConnection.php(910): CodeIgniter\Database\MySQLi\Connection->execute('SELECT p.package_id, p.package_name, p.description, p.base_price, p.is_customizable, COUNT(pi.item_id) AS item_count FROM packages p LEFT JOIN package_items pi ON pi.package_id = p.package_id WHERE p.status = \'active\' GROUP BY p.package_id, p.package_name, p.description, p.base_price, p.is_customizable ORDER BY p.package_name ASC')
 2 SYSTEMPATH\Database\BaseConnection.php(827): CodeIgniter\Database\BaseConnection->simpleQuery('SELECT p.package_id, p.package_name, p.description, p.base_price, p.is_customizable, COUNT(pi.item_id) AS item_count FROM packages p LEFT JOIN package_items pi ON pi.package_id = p.package_id WHERE p.status = \'active\' GROUP BY p.package_id, p.package_name, p.description, p.base_price, p.is_customizable ORDER BY p.package_name ASC')
 3 APPPATH\Controllers\Dashboard.php(114): CodeIgniter\Database\BaseConnection->query('SELECT p.package_id, p.package_name, p.description, p.base_price, p.is_customizable, COUNT(pi.item_id) AS item_count FROM packages p LEFT JOIN package_items pi ON pi.package_id = p.package_id WHERE p.status = \'active\' GROUP BY p.package_id, p.package_name, p.description, p.base_price, p.is_customizable ORDER BY p.package_name ASC')
 4 SYSTEMPATH\CodeIgniter.php(951): App\Controllers\Dashboard->planHolder()
 5 SYSTEMPATH\CodeIgniter.php(497): CodeIgniter\CodeIgniter->runController(Object(App\Controllers\Dashboard))
 6 SYSTEMPATH\CodeIgniter.php(340): CodeIgniter\CodeIgniter->handleRequest(null, Object(Config\Cache), false)
 7 SYSTEMPATH\Boot.php(417): CodeIgniter\CodeIgniter->run()
 8 SYSTEMPATH\Boot.php(68): CodeIgniter\Boot::runCodeIgniter(Object(CodeIgniter\CodeIgniter))
 9 FCPATH\index.php(59): CodeIgniter\Boot::bootWeb(Object(Config\Paths))
CRITICAL - 2026-04-18 04:09:57 --> [Caused by] mysqli_sql_exception: Unknown column 'p.status' in 'where clause'
in SYSTEMPATH\Database\MySQLi\Connection.php on line 300.
 1 SYSTEMPATH\Database\MySQLi\Connection.php(300): mysqli->query('SELECT p.package_id, p.package_name, p.description, p.base_price, p.is_customizable, COUNT(pi.item_id) AS item_count FROM packages p LEFT JOIN package_items pi ON pi.package_id = p.package_id WHERE p.status = \'active\' GROUP BY p.package_id, p.package_name, p.description, p.base_price, p.is_customizable ORDER BY p.package_name ASC', 0)
 2 SYSTEMPATH\Database\BaseConnection.php(910): CodeIgniter\Database\MySQLi\Connection->execute('SELECT p.package_id, p.package_name, p.description, p.base_price, p.is_customizable, COUNT(pi.item_id) AS item_count FROM packages p LEFT JOIN package_items pi ON pi.package_id = p.package_id WHERE p.status = \'active\' GROUP BY p.package_id, p.package_name, p.description, p.base_price, p.is_customizable ORDER BY p.package_name ASC')
 3 SYSTEMPATH\Database\BaseConnection.php(827): CodeIgniter\Database\BaseConnection->simpleQuery('SELECT p.package_id, p.package_name, p.description, p.base_price, p.is_customizable, COUNT(pi.item_id) AS item_count FROM packages p LEFT JOIN package_items pi ON pi.package_id = p.package_id WHERE p.status = \'active\' GROUP BY p.package_id, p.package_name, p.description, p.base_price, p.is_customizable ORDER BY p.package_name ASC')
 4 APPPATH\Controllers\Dashboard.php(114): CodeIgniter\Database\BaseConnection->query('SELECT p.package_id, p.package_name, p.description, p.base_price, p.is_customizable, COUNT(pi.item_id) AS item_count FROM packages p LEFT JOIN package_items pi ON pi.package_id = p.package_id WHERE p.status = \'active\' GROUP BY p.package_id, p.package_name, p.description, p.base_price, p.is_customizable ORDER BY p.package_name ASC')
 5 SYSTEMPATH\CodeIgniter.php(951): App\Controllers\Dashboard->planHolder()
 6 SYSTEMPATH\CodeIgniter.php(497): CodeIgniter\CodeIgniter->runController(Object(App\Controllers\Dashboard))
 7 SYSTEMPATH\CodeIgniter.php(340): CodeIgniter\CodeIgniter->handleRequest(null, Object(Config\Cache), false)
 8 SYSTEMPATH\Boot.php(417): CodeIgniter\CodeIgniter->run()
 9 SYSTEMPATH\Boot.php(68): CodeIgniter\Boot::runCodeIgniter(Object(CodeIgniter\CodeIgniter))
10 FCPATH\index.php(59): CodeIgniter\Boot::bootWeb(Object(Config\Paths))
DEBUG - 2026-04-18 04:18:08 --> Session: Class initialized using 'CodeIgniter\Session\Handlers\FileHandler' driver.
DEBUG - 2026-04-18 04:18:09 --> Session: Class initialized using 'CodeIgniter\Session\Handlers\FileHandler' driver.
DEBUG - 2026-04-18 04:18:59 --> Session: Class initialized using 'CodeIgniter\Session\Handlers\FileHandler' driver.
DEBUG - 2026-04-18 04:19:09 --> Session: Class initialized using 'CodeIgniter\Session\Handlers\FileHandler' driver.
DEBUG - 2026-04-18 04:19:16 --> Session: Class initialized using 'CodeIgniter\Session\Handlers\FileHandler' driver.
DEBUG - 2026-04-18 04:19:19 --> Session: Class initialized using 'CodeIgniter\Session\Handlers\FileHandler' driver.
DEBUG - 2026-04-18 04:19:25 --> Session: Class initialized using 'CodeIgniter\Session\Handlers\FileHandler' driver.
DEBUG - 2026-04-18 04:19:26 --> Session: Class initialized using 'CodeIgniter\Session\Handlers\FileHandler' driver.
DEBUG - 2026-04-18 04:19:54 --> Session: Class initialized using 'CodeIgniter\Session\Handlers\FileHandler' driver.
DEBUG - 2026-04-18 04:19:55 --> Session: Class initialized using 'CodeIgniter\Session\Handlers\FileHandler' driver.
DEBUG - 2026-04-18 04:20:01 --> Session: Class initialized using 'CodeIgniter\Session\Handlers\FileHandler' driver.
DEBUG - 2026-04-18 04:20:01 --> Session: Class initialized using 'CodeIgniter\Session\Handlers\FileHandler' driver.
DEBUG - 2026-04-18 04:20:07 --> Session: Class initialized using 'CodeIgniter\Session\Handlers\FileHandler' driver.
DEBUG - 2026-04-18 04:20:07 --> Session: Class initialized using 'CodeIgniter\Session\Handlers\FileHandler' driver.
DEBUG - 2026-04-18 04:20:10 --> Session: Class initialized using 'CodeIgniter\Session\Handlers\FileHandler' driver.
ERROR - 2026-04-18 04:20:10 --> Unknown column 'is_available' in 'where clause'
in SYSTEMPATH\Database\MySQLi\Connection.php on line 300.
 1 SYSTEMPATH\Database\MySQLi\Connection.php(300): mysqli->query('SELECT `package_id`, `package_name`, `base_price`
FROM `packages`
WHERE `is_available` = 1
ORDER BY `package_name` ASC', 0)
 2 SYSTEMPATH\Database\BaseConnection.php(910): CodeIgniter\Database\MySQLi\Connection->execute('SELECT `package_id`, `package_name`, `base_price`
FROM `packages`
WHERE `is_available` = 1
ORDER BY `package_name` ASC')
 3 SYSTEMPATH\Database\BaseConnection.php(827): CodeIgniter\Database\BaseConnection->simpleQuery('SELECT `package_id`, `package_name`, `base_price`
FROM `packages`
WHERE `is_available` = 1
ORDER BY `package_name` ASC')
 4 SYSTEMPATH\Database\BaseBuilder.php(1649): CodeIgniter\Database\BaseConnection->query('SELECT `package_id`, `package_name`, `base_price`
FROM `packages`
WHERE `is_available` = :is_available:
ORDER BY `package_name` ASC', [...], false)
 5 APPPATH\Services\ClientService.php(338): CodeIgniter\Database\BaseBuilder->get()
 6 APPPATH\Controllers\BranchAdmin\ClientController.php(25): App\Services\ClientService->getAvailablePackages()
 7 SYSTEMPATH\CodeIgniter.php(951): App\Controllers\BranchAdmin\ClientController->index()
 8 SYSTEMPATH\CodeIgniter.php(497): CodeIgniter\CodeIgniter->runController(Object(App\Controllers\BranchAdmin\ClientController))
 9 SYSTEMPATH\CodeIgniter.php(340): CodeIgniter\CodeIgniter->handleRequest(null, Object(Config\Cache), false)
10 SYSTEMPATH\Boot.php(417): CodeIgniter\CodeIgniter->run()
11 SYSTEMPATH\Boot.php(68): CodeIgniter\Boot::runCodeIgniter(Object(CodeIgniter\CodeIgniter))
12 FCPATH\index.php(59): CodeIgniter\Boot::bootWeb(Object(Config\Paths))
CRITICAL - 2026-04-18 04:20:10 --> CodeIgniter\Database\Exceptions\DatabaseException: Unknown column 'is_available' in 'where clause'
[Method: GET, Route: branch-admin/client]
in SYSTEMPATH\Database\BaseConnection.php on line 865.
 1 SYSTEMPATH\Database\BaseBuilder.php(1649): CodeIgniter\Database\BaseConnection->query('SELECT `package_id`, `package_name`, `base_price`
FROM `packages`
WHERE `is_available` = :is_available:
ORDER BY `package_name` ASC', [...], false)
 2 APPPATH\Services\ClientService.php(338): CodeIgniter\Database\BaseBuilder->get()
 3 APPPATH\Controllers\BranchAdmin\ClientController.php(25): App\Services\ClientService->getAvailablePackages()
 4 SYSTEMPATH\CodeIgniter.php(951): App\Controllers\BranchAdmin\ClientController->index()
 5 SYSTEMPATH\CodeIgniter.php(497): CodeIgniter\CodeIgniter->runController(Object(App\Controllers\BranchAdmin\ClientController))
 6 SYSTEMPATH\CodeIgniter.php(340): CodeIgniter\CodeIgniter->handleRequest(null, Object(Config\Cache), false)
 7 SYSTEMPATH\Boot.php(417): CodeIgniter\CodeIgniter->run()
 8 SYSTEMPATH\Boot.php(68): CodeIgniter\Boot::runCodeIgniter(Object(CodeIgniter\CodeIgniter))
 9 FCPATH\index.php(59): CodeIgniter\Boot::bootWeb(Object(Config\Paths))
CRITICAL - 2026-04-18 04:20:10 --> [Caused by] CodeIgniter\Database\Exceptions\DatabaseException: Unknown column 'is_available' in 'where clause'
in SYSTEMPATH\Database\MySQLi\Connection.php on line 310.
 1 SYSTEMPATH\Database\BaseConnection.php(910): CodeIgniter\Database\MySQLi\Connection->execute('SELECT `package_id`, `package_name`, `base_price`
FROM `packages`
WHERE `is_available` = 1
ORDER BY `package_name` ASC')
 2 SYSTEMPATH\Database\BaseConnection.php(827): CodeIgniter\Database\BaseConnection->simpleQuery('SELECT `package_id`, `package_name`, `base_price`
FROM `packages`
WHERE `is_available` = 1
ORDER BY `package_name` ASC')
 3 SYSTEMPATH\Database\BaseBuilder.php(1649): CodeIgniter\Database\BaseConnection->query('SELECT `package_id`, `package_name`, `base_price`
FROM `packages`
WHERE `is_available` = :is_available:
ORDER BY `package_name` ASC', [...], false)
 4 APPPATH\Services\ClientService.php(338): CodeIgniter\Database\BaseBuilder->get()
 5 APPPATH\Controllers\BranchAdmin\ClientController.php(25): App\Services\ClientService->getAvailablePackages()
 6 SYSTEMPATH\CodeIgniter.php(951): App\Controllers\BranchAdmin\ClientController->index()
 7 SYSTEMPATH\CodeIgniter.php(497): CodeIgniter\CodeIgniter->runController(Object(App\Controllers\BranchAdmin\ClientController))
 8 SYSTEMPATH\CodeIgniter.php(340): CodeIgniter\CodeIgniter->handleRequest(null, Object(Config\Cache), false)
 9 SYSTEMPATH\Boot.php(417): CodeIgniter\CodeIgniter->run()
10 SYSTEMPATH\Boot.php(68): CodeIgniter\Boot::runCodeIgniter(Object(CodeIgniter\CodeIgniter))
11 FCPATH\index.php(59): CodeIgniter\Boot::bootWeb(Object(Config\Paths))
CRITICAL - 2026-04-18 04:20:10 --> [Caused by] mysqli_sql_exception: Unknown column 'is_available' in 'where clause'
in SYSTEMPATH\Database\MySQLi\Connection.php on line 300.
 1 SYSTEMPATH\Database\MySQLi\Connection.php(300): mysqli->query('SELECT `package_id`, `package_name`, `base_price`
FROM `packages`
WHERE `is_available` = 1
ORDER BY `package_name` ASC', 0)
 2 SYSTEMPATH\Database\BaseConnection.php(910): CodeIgniter\Database\MySQLi\Connection->execute('SELECT `package_id`, `package_name`, `base_price`
FROM `packages`
WHERE `is_available` = 1
ORDER BY `package_name` ASC')
 3 SYSTEMPATH\Database\BaseConnection.php(827): CodeIgniter\Database\BaseConnection->simpleQuery('SELECT `package_id`, `package_name`, `base_price`
FROM `packages`
WHERE `is_available` = 1
ORDER BY `package_name` ASC')
 4 SYSTEMPATH\Database\BaseBuilder.php(1649): CodeIgniter\Database\BaseConnection->query('SELECT `package_id`, `package_name`, `base_price`
FROM `packages`
WHERE `is_available` = :is_available:
ORDER BY `package_name` ASC', [...], false)
 5 APPPATH\Services\ClientService.php(338): CodeIgniter\Database\BaseBuilder->get()
 6 APPPATH\Controllers\BranchAdmin\ClientController.php(25): App\Services\ClientService->getAvailablePackages()
 7 SYSTEMPATH\CodeIgniter.php(951): App\Controllers\BranchAdmin\ClientController->index()
 8 SYSTEMPATH\CodeIgniter.php(497): CodeIgniter\CodeIgniter->runController(Object(App\Controllers\BranchAdmin\ClientController))
 9 SYSTEMPATH\CodeIgniter.php(340): CodeIgniter\CodeIgniter->handleRequest(null, Object(Config\Cache), false)
10 SYSTEMPATH\Boot.php(417): CodeIgniter\CodeIgniter->run()
11 SYSTEMPATH\Boot.php(68): CodeIgniter\Boot::runCodeIgniter(Object(CodeIgniter\CodeIgniter))
12 FCPATH\index.php(59): CodeIgniter\Boot::bootWeb(Object(Config\Paths))
DEBUG - 2026-04-18 04:20:22 --> Session: Class initialized using 'CodeIgniter\Session\Handlers\FileHandler' driver.
DEBUG - 2026-04-18 04:20:25 --> Session: Class initialized using 'CodeIgniter\Session\Handlers\FileHandler' driver.
DEBUG - 2026-04-18 04:20:28 --> Session: Class initialized using 'CodeIgniter\Session\Handlers\FileHandler' driver.
DEBUG - 2026-04-18 04:20:32 --> Session: Class initialized using 'CodeIgniter\Session\Handlers\FileHandler' driver.
ERROR - 2026-04-18 04:20:32 --> Unknown column 'is_available' in 'where clause'
in SYSTEMPATH\Database\MySQLi\Connection.php on line 300.
 1 SYSTEMPATH\Database\MySQLi\Connection.php(300): mysqli->query('SELECT `package_id`, `package_name`, `base_price`
FROM `packages`
WHERE `is_available` = 1
ORDER BY `package_name` ASC', 0)
 2 SYSTEMPATH\Database\BaseConnection.php(910): CodeIgniter\Database\MySQLi\Connection->execute('SELECT `package_id`, `package_name`, `base_price`
FROM `packages`
WHERE `is_available` = 1
ORDER BY `package_name` ASC')
 3 SYSTEMPATH\Database\BaseConnection.php(827): CodeIgniter\Database\BaseConnection->simpleQuery('SELECT `package_id`, `package_name`, `base_price`
FROM `packages`
WHERE `is_available` = 1
ORDER BY `package_name` ASC')
 4 SYSTEMPATH\Database\BaseBuilder.php(1649): CodeIgniter\Database\BaseConnection->query('SELECT `package_id`, `package_name`, `base_price`
FROM `packages`
WHERE `is_available` = :is_available:
ORDER BY `package_name` ASC', [...], false)
 5 APPPATH\Services\ClientService.php(338): CodeIgniter\Database\BaseBuilder->get()
 6 APPPATH\Controllers\BranchAdmin\ClientController.php(25): App\Services\ClientService->getAvailablePackages()
 7 SYSTEMPATH\CodeIgniter.php(951): App\Controllers\BranchAdmin\ClientController->index()
 8 SYSTEMPATH\CodeIgniter.php(497): CodeIgniter\CodeIgniter->runController(Object(App\Controllers\BranchAdmin\ClientController))
 9 SYSTEMPATH\CodeIgniter.php(340): CodeIgniter\CodeIgniter->handleRequest(null, Object(Config\Cache), false)
10 SYSTEMPATH\Boot.php(417): CodeIgniter\CodeIgniter->run()
11 SYSTEMPATH\Boot.php(68): CodeIgniter\Boot::runCodeIgniter(Object(CodeIgniter\CodeIgniter))
12 FCPATH\index.php(59): CodeIgniter\Boot::bootWeb(Object(Config\Paths))
CRITICAL - 2026-04-18 04:20:32 --> CodeIgniter\Database\Exceptions\DatabaseException: Unknown column 'is_available' in 'where clause'
[Method: GET, Route: branch-admin/client]
in SYSTEMPATH\Database\BaseConnection.php on line 865.
 1 SYSTEMPATH\Database\BaseBuilder.php(1649): CodeIgniter\Database\BaseConnection->query('SELECT `package_id`, `package_name`, `base_price`
FROM `packages`
WHERE `is_available` = :is_available:
ORDER BY `package_name` ASC', [...], false)
 2 APPPATH\Services\ClientService.php(338): CodeIgniter\Database\BaseBuilder->get()
 3 APPPATH\Controllers\BranchAdmin\ClientController.php(25): App\Services\ClientService->getAvailablePackages()
 4 SYSTEMPATH\CodeIgniter.php(951): App\Controllers\BranchAdmin\ClientController->index()
 5 SYSTEMPATH\CodeIgniter.php(497): CodeIgniter\CodeIgniter->runController(Object(App\Controllers\BranchAdmin\ClientController))
 6 SYSTEMPATH\CodeIgniter.php(340): CodeIgniter\CodeIgniter->handleRequest(null, Object(Config\Cache), false)
 7 SYSTEMPATH\Boot.php(417): CodeIgniter\CodeIgniter->run()
 8 SYSTEMPATH\Boot.php(68): CodeIgniter\Boot::runCodeIgniter(Object(CodeIgniter\CodeIgniter))
 9 FCPATH\index.php(59): CodeIgniter\Boot::bootWeb(Object(Config\Paths))
CRITICAL - 2026-04-18 04:20:32 --> [Caused by] CodeIgniter\Database\Exceptions\DatabaseException: Unknown column 'is_available' in 'where clause'
in SYSTEMPATH\Database\MySQLi\Connection.php on line 310.
 1 SYSTEMPATH\Database\BaseConnection.php(910): CodeIgniter\Database\MySQLi\Connection->execute('SELECT `package_id`, `package_name`, `base_price`
FROM `packages`
WHERE `is_available` = 1
ORDER BY `package_name` ASC')
 2 SYSTEMPATH\Database\BaseConnection.php(827): CodeIgniter\Database\BaseConnection->simpleQuery('SELECT `package_id`, `package_name`, `base_price`
FROM `packages`
WHERE `is_available` = 1
ORDER BY `package_name` ASC')
 3 SYSTEMPATH\Database\BaseBuilder.php(1649): CodeIgniter\Database\BaseConnection->query('SELECT `package_id`, `package_name`, `base_price`
FROM `packages`
WHERE `is_available` = :is_available:
ORDER BY `package_name` ASC', [...], false)
 4 APPPATH\Services\ClientService.php(338): CodeIgniter\Database\BaseBuilder->get()
 5 APPPATH\Controllers\BranchAdmin\ClientController.php(25): App\Services\ClientService->getAvailablePackages()
 6 SYSTEMPATH\CodeIgniter.php(951): App\Controllers\BranchAdmin\ClientController->index()
 7 SYSTEMPATH\CodeIgniter.php(497): CodeIgniter\CodeIgniter->runController(Object(App\Controllers\BranchAdmin\ClientController))
 8 SYSTEMPATH\CodeIgniter.php(340): CodeIgniter\CodeIgniter->handleRequest(null, Object(Config\Cache), false)
 9 SYSTEMPATH\Boot.php(417): CodeIgniter\CodeIgniter->run()
10 SYSTEMPATH\Boot.php(68): CodeIgniter\Boot::runCodeIgniter(Object(CodeIgniter\CodeIgniter))
11 FCPATH\index.php(59): CodeIgniter\Boot::bootWeb(Object(Config\Paths))
CRITICAL - 2026-04-18 04:20:32 --> [Caused by] mysqli_sql_exception: Unknown column 'is_available' in 'where clause'
in SYSTEMPATH\Database\MySQLi\Connection.php on line 300.
 1 SYSTEMPATH\Database\MySQLi\Connection.php(300): mysqli->query('SELECT `package_id`, `package_name`, `base_price`
FROM `packages`
WHERE `is_available` = 1
ORDER BY `package_name` ASC', 0)
 2 SYSTEMPATH\Database\BaseConnection.php(910): CodeIgniter\Database\MySQLi\Connection->execute('SELECT `package_id`, `package_name`, `base_price`
FROM `packages`
WHERE `is_available` = 1
ORDER BY `package_name` ASC')
 3 SYSTEMPATH\Database\BaseConnection.php(827): CodeIgniter\Database\BaseConnection->simpleQuery('SELECT `package_id`, `package_name`, `base_price`
FROM `packages`
WHERE `is_available` = 1
ORDER BY `package_name` ASC')
 4 SYSTEMPATH\Database\BaseBuilder.php(1649): CodeIgniter\Database\BaseConnection->query('SELECT `package_id`, `package_name`, `base_price`
FROM `packages`
WHERE `is_available` = :is_available:
ORDER BY `package_name` ASC', [...], false)
 5 APPPATH\Services\ClientService.php(338): CodeIgniter\Database\BaseBuilder->get()
 6 APPPATH\Controllers\BranchAdmin\ClientController.php(25): App\Services\ClientService->getAvailablePackages()
 7 SYSTEMPATH\CodeIgniter.php(951): App\Controllers\BranchAdmin\ClientController->index()
 8 SYSTEMPATH\CodeIgniter.php(497): CodeIgniter\CodeIgniter->runController(Object(App\Controllers\BranchAdmin\ClientController))
 9 SYSTEMPATH\CodeIgniter.php(340): CodeIgniter\CodeIgniter->handleRequest(null, Object(Config\Cache), false)
10 SYSTEMPATH\Boot.php(417): CodeIgniter\CodeIgniter->run()
11 SYSTEMPATH\Boot.php(68): CodeIgniter\Boot::runCodeIgniter(Object(CodeIgniter\CodeIgniter))
12 FCPATH\index.php(59): CodeIgniter\Boot::bootWeb(Object(Config\Paths))
DEBUG - 2026-04-18 04:20:34 --> Session: Class initialized using 'CodeIgniter\Session\Handlers\FileHandler' driver.
ERROR - 2026-04-18 04:20:34 --> Unknown column 'is_available' in 'field list'
in SYSTEMPATH\Database\MySQLi\Connection.php on line 300.
 1 SYSTEMPATH\Database\MySQLi\Connection.php(300): mysqli->query('SELECT `service_list_id`, `service_name`, `description`, `base_price`, `status`, `is_available`
FROM `service_list`
ORDER BY `service_list_id` DESC', 0)
 2 SYSTEMPATH\Database\BaseConnection.php(910): CodeIgniter\Database\MySQLi\Connection->execute('SELECT `service_list_id`, `service_name`, `description`, `base_price`, `status`, `is_available`
FROM `service_list`
ORDER BY `service_list_id` DESC')
 3 SYSTEMPATH\Database\BaseConnection.php(827): CodeIgniter\Database\BaseConnection->simpleQuery('SELECT `service_list_id`, `service_name`, `description`, `base_price`, `status`, `is_available`
FROM `service_list`
ORDER BY `service_list_id` DESC')
 4 SYSTEMPATH\Database\BaseBuilder.php(1649): CodeIgniter\Database\BaseConnection->query('SELECT `service_list_id`, `service_name`, `description`, `base_price`, `status`, `is_available`
FROM `service_list`
ORDER BY `service_list_id` DESC', [], false)
 5 SYSTEMPATH\Model.php(253): CodeIgniter\Database\BaseBuilder->get()
 6 SYSTEMPATH\BaseModel.php(676): CodeIgniter\Model->doFindAll(0, 0)
 7 APPPATH\Controllers\BranchAdmin\ServiceOfferController.php(27): CodeIgniter\BaseModel->findAll()
 8 SYSTEMPATH\CodeIgniter.php(951): App\Controllers\BranchAdmin\ServiceOfferController->index()
 9 SYSTEMPATH\CodeIgniter.php(497): CodeIgniter\CodeIgniter->runController(Object(App\Controllers\BranchAdmin\ServiceOfferController))
10 SYSTEMPATH\CodeIgniter.php(340): CodeIgniter\CodeIgniter->handleRequest(null, Object(Config\Cache), false)
11 SYSTEMPATH\Boot.php(417): CodeIgniter\CodeIgniter->run()
12 SYSTEMPATH\Boot.php(68): CodeIgniter\Boot::runCodeIgniter(Object(CodeIgniter\CodeIgniter))
13 FCPATH\index.php(59): CodeIgniter\Boot::bootWeb(Object(Config\Paths))
CRITICAL - 2026-04-18 04:20:34 --> CodeIgniter\Database\Exceptions\DatabaseException: Unknown column 'is_available' in 'field list'
[Method: GET, Route: branch-admin/service-package/services]
in SYSTEMPATH\Database\BaseConnection.php on line 865.
 1 SYSTEMPATH\Database\BaseBuilder.php(1649): CodeIgniter\Database\BaseConnection->query('SELECT `service_list_id`, `service_name`, `description`, `base_price`, `status`, `is_available`
FROM `service_list`
ORDER BY `service_list_id` DESC', [], false)
 2 SYSTEMPATH\Model.php(253): CodeIgniter\Database\BaseBuilder->get()
 3 SYSTEMPATH\BaseModel.php(676): CodeIgniter\Model->doFindAll(0, 0)
 4 APPPATH\Controllers\BranchAdmin\ServiceOfferController.php(27): CodeIgniter\BaseModel->findAll()
 5 SYSTEMPATH\CodeIgniter.php(951): App\Controllers\BranchAdmin\ServiceOfferController->index()
 6 SYSTEMPATH\CodeIgniter.php(497): CodeIgniter\CodeIgniter->runController(Object(App\Controllers\BranchAdmin\ServiceOfferController))
 7 SYSTEMPATH\CodeIgniter.php(340): CodeIgniter\CodeIgniter->handleRequest(null, Object(Config\Cache), false)
 8 SYSTEMPATH\Boot.php(417): CodeIgniter\CodeIgniter->run()
 9 SYSTEMPATH\Boot.php(68): CodeIgniter\Boot::runCodeIgniter(Object(CodeIgniter\CodeIgniter))
10 FCPATH\index.php(59): CodeIgniter\Boot::bootWeb(Object(Config\Paths))
CRITICAL - 2026-04-18 04:20:34 --> [Caused by] CodeIgniter\Database\Exceptions\DatabaseException: Unknown column 'is_available' in 'field list'
in SYSTEMPATH\Database\MySQLi\Connection.php on line 310.
 1 SYSTEMPATH\Database\BaseConnection.php(910): CodeIgniter\Database\MySQLi\Connection->execute('SELECT `service_list_id`, `service_name`, `description`, `base_price`, `status`, `is_available`
FROM `service_list`
ORDER BY `service_list_id` DESC')
 2 SYSTEMPATH\Database\BaseConnection.php(827): CodeIgniter\Database\BaseConnection->simpleQuery('SELECT `service_list_id`, `service_name`, `description`, `base_price`, `status`, `is_available`
FROM `service_list`
ORDER BY `service_list_id` DESC')
 3 SYSTEMPATH\Database\BaseBuilder.php(1649): CodeIgniter\Database\BaseConnection->query('SELECT `service_list_id`, `service_name`, `description`, `base_price`, `status`, `is_available`
FROM `service_list`
ORDER BY `service_list_id` DESC', [], false)
 4 SYSTEMPATH\Model.php(253): CodeIgniter\Database\BaseBuilder->get()
 5 SYSTEMPATH\BaseModel.php(676): CodeIgniter\Model->doFindAll(0, 0)
 6 APPPATH\Controllers\BranchAdmin\ServiceOfferController.php(27): CodeIgniter\BaseModel->findAll()
 7 SYSTEMPATH\CodeIgniter.php(951): App\Controllers\BranchAdmin\ServiceOfferController->index()
 8 SYSTEMPATH\CodeIgniter.php(497): CodeIgniter\CodeIgniter->runController(Object(App\Controllers\BranchAdmin\ServiceOfferController))
 9 SYSTEMPATH\CodeIgniter.php(340): CodeIgniter\CodeIgniter->handleRequest(null, Object(Config\Cache), false)
10 SYSTEMPATH\Boot.php(417): CodeIgniter\CodeIgniter->run()
11 SYSTEMPATH\Boot.php(68): CodeIgniter\Boot::runCodeIgniter(Object(CodeIgniter\CodeIgniter))
12 FCPATH\index.php(59): CodeIgniter\Boot::bootWeb(Object(Config\Paths))
CRITICAL - 2026-04-18 04:20:34 --> [Caused by] mysqli_sql_exception: Unknown column 'is_available' in 'field list'
in SYSTEMPATH\Database\MySQLi\Connection.php on line 300.
 1 SYSTEMPATH\Database\MySQLi\Connection.php(300): mysqli->query('SELECT `service_list_id`, `service_name`, `description`, `base_price`, `status`, `is_available`
FROM `service_list`
ORDER BY `service_list_id` DESC', 0)
 2 SYSTEMPATH\Database\BaseConnection.php(910): CodeIgniter\Database\MySQLi\Connection->execute('SELECT `service_list_id`, `service_name`, `description`, `base_price`, `status`, `is_available`
FROM `service_list`
ORDER BY `service_list_id` DESC')
 3 SYSTEMPATH\Database\BaseConnection.php(827): CodeIgniter\Database\BaseConnection->simpleQuery('SELECT `service_list_id`, `service_name`, `description`, `base_price`, `status`, `is_available`
FROM `service_list`
ORDER BY `service_list_id` DESC')
 4 SYSTEMPATH\Database\BaseBuilder.php(1649): CodeIgniter\Database\BaseConnection->query('SELECT `service_list_id`, `service_name`, `description`, `base_price`, `status`, `is_available`
FROM `service_list`
ORDER BY `service_list_id` DESC', [], false)
 5 SYSTEMPATH\Model.php(253): CodeIgniter\Database\BaseBuilder->get()
 6 SYSTEMPATH\BaseModel.php(676): CodeIgniter\Model->doFindAll(0, 0)
 7 APPPATH\Controllers\BranchAdmin\ServiceOfferController.php(27): CodeIgniter\BaseModel->findAll()
 8 SYSTEMPATH\CodeIgniter.php(951): App\Controllers\BranchAdmin\ServiceOfferController->index()
 9 SYSTEMPATH\CodeIgniter.php(497): CodeIgniter\CodeIgniter->runController(Object(App\Controllers\BranchAdmin\ServiceOfferController))
10 SYSTEMPATH\CodeIgniter.php(340): CodeIgniter\CodeIgniter->handleRequest(null, Object(Config\Cache), false)
11 SYSTEMPATH\Boot.php(417): CodeIgniter\CodeIgniter->run()
12 SYSTEMPATH\Boot.php(68): CodeIgniter\Boot::runCodeIgniter(Object(CodeIgniter\CodeIgniter))
13 FCPATH\index.php(59): CodeIgniter\Boot::bootWeb(Object(Config\Paths))
DEBUG - 2026-04-18 04:20:38 --> Session: Class initialized using 'CodeIgniter\Session\Handlers\FileHandler' driver.
ERROR - 2026-04-18 04:20:38 --> Unknown column 'is_available' in 'field list'
in SYSTEMPATH\Database\MySQLi\Connection.php on line 300.
 1 SYSTEMPATH\Database\MySQLi\Connection.php(300): mysqli->query('SELECT `service_list_id`, `service_name`, `description`, `base_price`, `status`, `is_available`
FROM `service_list`
ORDER BY `service_list_id` DESC', 0)
 2 SYSTEMPATH\Database\BaseConnection.php(910): CodeIgniter\Database\MySQLi\Connection->execute('SELECT `service_list_id`, `service_name`, `description`, `base_price`, `status`, `is_available`
FROM `service_list`
ORDER BY `service_list_id` DESC')
 3 SYSTEMPATH\Database\BaseConnection.php(827): CodeIgniter\Database\BaseConnection->simpleQuery('SELECT `service_list_id`, `service_name`, `description`, `base_price`, `status`, `is_available`
FROM `service_list`
ORDER BY `service_list_id` DESC')
 4 SYSTEMPATH\Database\BaseBuilder.php(1649): CodeIgniter\Database\BaseConnection->query('SELECT `service_list_id`, `service_name`, `description`, `base_price`, `status`, `is_available`
FROM `service_list`
ORDER BY `service_list_id` DESC', [], false)
 5 SYSTEMPATH\Model.php(253): CodeIgniter\Database\BaseBuilder->get()
 6 SYSTEMPATH\BaseModel.php(676): CodeIgniter\Model->doFindAll(0, 0)
 7 APPPATH\Controllers\BranchAdmin\ServiceOfferController.php(27): CodeIgniter\BaseModel->findAll()
 8 SYSTEMPATH\CodeIgniter.php(951): App\Controllers\BranchAdmin\ServiceOfferController->index()
 9 SYSTEMPATH\CodeIgniter.php(497): CodeIgniter\CodeIgniter->runController(Object(App\Controllers\BranchAdmin\ServiceOfferController))
10 SYSTEMPATH\CodeIgniter.php(340): CodeIgniter\CodeIgniter->handleRequest(null, Object(Config\Cache), false)
11 SYSTEMPATH\Boot.php(417): CodeIgniter\CodeIgniter->run()
12 SYSTEMPATH\Boot.php(68): CodeIgniter\Boot::runCodeIgniter(Object(CodeIgniter\CodeIgniter))
13 FCPATH\index.php(59): CodeIgniter\Boot::bootWeb(Object(Config\Paths))
CRITICAL - 2026-04-18 04:20:38 --> CodeIgniter\Database\Exceptions\DatabaseException: Unknown column 'is_available' in 'field list'
[Method: GET, Route: branch-admin/service-package/services]
in SYSTEMPATH\Database\BaseConnection.php on line 865.
 1 SYSTEMPATH\Database\BaseBuilder.php(1649): CodeIgniter\Database\BaseConnection->query('SELECT `service_list_id`, `service_name`, `description`, `base_price`, `status`, `is_available`
FROM `service_list`
ORDER BY `service_list_id` DESC', [], false)
 2 SYSTEMPATH\Model.php(253): CodeIgniter\Database\BaseBuilder->get()
 3 SYSTEMPATH\BaseModel.php(676): CodeIgniter\Model->doFindAll(0, 0)
 4 APPPATH\Controllers\BranchAdmin\ServiceOfferController.php(27): CodeIgniter\BaseModel->findAll()
 5 SYSTEMPATH\CodeIgniter.php(951): App\Controllers\BranchAdmin\ServiceOfferController->index()
 6 SYSTEMPATH\CodeIgniter.php(497): CodeIgniter\CodeIgniter->runController(Object(App\Controllers\BranchAdmin\ServiceOfferController))
 7 SYSTEMPATH\CodeIgniter.php(340): CodeIgniter\CodeIgniter->handleRequest(null, Object(Config\Cache), false)
 8 SYSTEMPATH\Boot.php(417): CodeIgniter\CodeIgniter->run()
 9 SYSTEMPATH\Boot.php(68): CodeIgniter\Boot::runCodeIgniter(Object(CodeIgniter\CodeIgniter))
10 FCPATH\index.php(59): CodeIgniter\Boot::bootWeb(Object(Config\Paths))
CRITICAL - 2026-04-18 04:20:38 --> [Caused by] CodeIgniter\Database\Exceptions\DatabaseException: Unknown column 'is_available' in 'field list'
in SYSTEMPATH\Database\MySQLi\Connection.php on line 310.
 1 SYSTEMPATH\Database\BaseConnection.php(910): CodeIgniter\Database\MySQLi\Connection->execute('SELECT `service_list_id`, `service_name`, `description`, `base_price`, `status`, `is_available`
FROM `service_list`
ORDER BY `service_list_id` DESC')
 2 SYSTEMPATH\Database\BaseConnection.php(827): CodeIgniter\Database\BaseConnection->simpleQuery('SELECT `service_list_id`, `service_name`, `description`, `base_price`, `status`, `is_available`
FROM `service_list`
ORDER BY `service_list_id` DESC')
 3 SYSTEMPATH\Database\BaseBuilder.php(1649): CodeIgniter\Database\BaseConnection->query('SELECT `service_list_id`, `service_name`, `description`, `base_price`, `status`, `is_available`
FROM `service_list`
ORDER BY `service_list_id` DESC', [], false)
 4 SYSTEMPATH\Model.php(253): CodeIgniter\Database\BaseBuilder->get()
 5 SYSTEMPATH\BaseModel.php(676): CodeIgniter\Model->doFindAll(0, 0)
 6 APPPATH\Controllers\BranchAdmin\ServiceOfferController.php(27): CodeIgniter\BaseModel->findAll()
 7 SYSTEMPATH\CodeIgniter.php(951): App\Controllers\BranchAdmin\ServiceOfferController->index()
 8 SYSTEMPATH\CodeIgniter.php(497): CodeIgniter\CodeIgniter->runController(Object(App\Controllers\BranchAdmin\ServiceOfferController))
 9 SYSTEMPATH\CodeIgniter.php(340): CodeIgniter\CodeIgniter->handleRequest(null, Object(Config\Cache), false)
10 SYSTEMPATH\Boot.php(417): CodeIgniter\CodeIgniter->run()
11 SYSTEMPATH\Boot.php(68): CodeIgniter\Boot::runCodeIgniter(Object(CodeIgniter\CodeIgniter))
12 FCPATH\index.php(59): CodeIgniter\Boot::bootWeb(Object(Config\Paths))
CRITICAL - 2026-04-18 04:20:38 --> [Caused by] mysqli_sql_exception: Unknown column 'is_available' in 'field list'
in SYSTEMPATH\Database\MySQLi\Connection.php on line 300.
 1 SYSTEMPATH\Database\MySQLi\Connection.php(300): mysqli->query('SELECT `service_list_id`, `service_name`, `description`, `base_price`, `status`, `is_available`
FROM `service_list`
ORDER BY `service_list_id` DESC', 0)
 2 SYSTEMPATH\Database\BaseConnection.php(910): CodeIgniter\Database\MySQLi\Connection->execute('SELECT `service_list_id`, `service_name`, `description`, `base_price`, `status`, `is_available`
FROM `service_list`
ORDER BY `service_list_id` DESC')
 3 SYSTEMPATH\Database\BaseConnection.php(827): CodeIgniter\Database\BaseConnection->simpleQuery('SELECT `service_list_id`, `service_name`, `description`, `base_price`, `status`, `is_available`
FROM `service_list`
ORDER BY `service_list_id` DESC')
 4 SYSTEMPATH\Database\BaseBuilder.php(1649): CodeIgniter\Database\BaseConnection->query('SELECT `service_list_id`, `service_name`, `description`, `base_price`, `status`, `is_available`
FROM `service_list`
ORDER BY `service_list_id` DESC', [], false)
 5 SYSTEMPATH\Model.php(253): CodeIgniter\Database\BaseBuilder->get()
 6 SYSTEMPATH\BaseModel.php(676): CodeIgniter\Model->doFindAll(0, 0)
 7 APPPATH\Controllers\BranchAdmin\ServiceOfferController.php(27): CodeIgniter\BaseModel->findAll()
 8 SYSTEMPATH\CodeIgniter.php(951): App\Controllers\BranchAdmin\ServiceOfferController->index()
 9 SYSTEMPATH\CodeIgniter.php(497): CodeIgniter\CodeIgniter->runController(Object(App\Controllers\BranchAdmin\ServiceOfferController))
10 SYSTEMPATH\CodeIgniter.php(340): CodeIgniter\CodeIgniter->handleRequest(null, Object(Config\Cache), false)
11 SYSTEMPATH\Boot.php(417): CodeIgniter\CodeIgniter->run()
12 SYSTEMPATH\Boot.php(68): CodeIgniter\Boot::runCodeIgniter(Object(CodeIgniter\CodeIgniter))
13 FCPATH\index.php(59): CodeIgniter\Boot::bootWeb(Object(Config\Paths))
ERROR - 2026-04-18 04:23:27 --> Invalid default value for 'created_at'
in SYSTEMPATH\Database\MySQLi\Connection.php on line 300.
 1 SYSTEMPATH\Database\MySQLi\Connection.php(300): mysqli->query('CREATE TABLE `pending_services` (
	`pending_service_id` INT(11) UNSIGNED NOT NULL AUTO_INCREMENT,
	`service_name` VARCHAR(100) NOT NULL,
	`description` TEXT NULL,
	`base_price` DECIMAL(10,2) NOT NULL DEFAULT \'0.00\',
	`requested_status` ENUM(\'active\',\'inactive\') NOT NULL DEFAULT \'active\',
	`created_by` INT(11) UNSIGNED NOT NULL,
	`status` ENUM(\'pending\',\'approved\',\'rejected\') NOT NULL DEFAULT \'pending\',
	`created_at` TIMESTAMP NOT NULL DEFAULT \'CURRENT_TIMESTAMP\',
	CONSTRAINT `pk_pending_services` PRIMARY KEY(`pending_service_id`),
	KEY `created_by` (`created_by`)
) DEFAULT CHARACTER SET = utf8mb4 COLLATE = utf8mb4_general_ci', 0)
 2 SYSTEMPATH\Database\BaseConnection.php(910): CodeIgniter\Database\MySQLi\Connection->execute('CREATE TABLE `pending_services` (
	`pending_service_id` INT(11) UNSIGNED NOT NULL AUTO_INCREMENT,
	`service_name` VARCHAR(100) NOT NULL,
	`description` TEXT NULL,
	`base_price` DECIMAL(10,2) NOT NULL DEFAULT \'0.00\',
	`requested_status` ENUM(\'active\',\'inactive\') NOT NULL DEFAULT \'active\',
	`created_by` INT(11) UNSIGNED NOT NULL,
	`status` ENUM(\'pending\',\'approved\',\'rejected\') NOT NULL DEFAULT \'pending\',
	`created_at` TIMESTAMP NOT NULL DEFAULT \'CURRENT_TIMESTAMP\',
	CONSTRAINT `pk_pending_services` PRIMARY KEY(`pending_service_id`),
	KEY `created_by` (`created_by`)
) DEFAULT CHARACTER SET = utf8mb4 COLLATE = utf8mb4_general_ci')
 3 SYSTEMPATH\Database\BaseConnection.php(827): CodeIgniter\Database\BaseConnection->simpleQuery('CREATE TABLE `pending_services` (
	`pending_service_id` INT(11) UNSIGNED NOT NULL AUTO_INCREMENT,
	`service_name` VARCHAR(100) NOT NULL,
	`description` TEXT NULL,
	`base_price` DECIMAL(10,2) NOT NULL DEFAULT \'0.00\',
	`requested_status` ENUM(\'active\',\'inactive\') NOT NULL DEFAULT \'active\',
	`created_by` INT(11) UNSIGNED NOT NULL,
	`status` ENUM(\'pending\',\'approved\',\'rejected\') NOT NULL DEFAULT \'pending\',
	`created_at` TIMESTAMP NOT NULL DEFAULT \'CURRENT_TIMESTAMP\',
	CONSTRAINT `pk_pending_services` PRIMARY KEY(`pending_service_id`),
	KEY `created_by` (`created_by`)
) DEFAULT CHARACTER SET = utf8mb4 COLLATE = utf8mb4_general_ci')
 4 SYSTEMPATH\Database\Forge.php(570): CodeIgniter\Database\BaseConnection->query('CREATE TABLE `pending_services` (
	`pending_service_id` INT(11) UNSIGNED NOT NULL AUTO_INCREMENT,
	`service_name` VARCHAR(100) NOT NULL,
	`description` TEXT NULL,
	`base_price` DECIMAL(10,2) NOT NULL DEFAULT \'0.00\',
	`requested_status` ENUM(\'active\',\'inactive\') NOT NULL DEFAULT \'active\',
	`created_by` INT(11) UNSIGNED NOT NULL,
	`status` ENUM(\'pending\',\'approved\',\'rejected\') NOT NULL DEFAULT \'pending\',
	`created_at` TIMESTAMP NOT NULL DEFAULT \'CURRENT_TIMESTAMP\',
	CONSTRAINT `pk_pending_services` PRIMARY KEY(`pending_service_id`),
	KEY `created_by` (`created_by`)
) DEFAULT CHARACTER SET = utf8mb4 COLLATE = utf8mb4_general_ci')
 5 APPPATH\Database\Migrations\2026-04-18-120000_CreateBranchManagementApprovalWorkflow.php(64): CodeIgniter\Database\Forge->createTable('pending_services', true)
 6 SYSTEMPATH\Database\MigrationRunner.php(1014): App\Database\Migrations\CreateBranchManagementApprovalWorkflow->up()
 7 SYSTEMPATH\Database\MigrationRunner.php(202): CodeIgniter\Database\MigrationRunner->migrate('up', Object(stdClass))
 8 SYSTEMPATH\Commands\Database\Migrate.php(89): CodeIgniter\Database\MigrationRunner->latest(null)
 9 SYSTEMPATH\CLI\SignalTrait.php(245): CodeIgniter\Commands\Database\Migrate::CodeIgniter\Commands\Database\{closure}()
10 SYSTEMPATH\Commands\Database\Migrate.php(88): CodeIgniter\Commands\Database\Migrate->withSignalsBlocked(Object(Closure))
11 SYSTEMPATH\CLI\Commands.php(74): CodeIgniter\Commands\Database\Migrate->run([])
12 SYSTEMPATH\CLI\Console.php(47): CodeIgniter\CLI\Commands->run('migrate', [])
13 SYSTEMPATH\Boot.php(442): CodeIgniter\CLI\Console->run()
14 SYSTEMPATH\Boot.php(166): CodeIgniter\Boot::runCommand(Object(CodeIgniter\CLI\Console))
15 ROOTPATH\spark(87): CodeIgniter\Boot::bootSpark(Object(Config\Paths))
DEBUG - 2026-04-18 04:23:59 --> Session: Class initialized using 'CodeIgniter\Session\Handlers\FileHandler' driver.
DEBUG - 2026-04-18 04:24:03 --> Session: Class initialized using 'CodeIgniter\Session\Handlers\FileHandler' driver.
DEBUG - 2026-04-18 04:24:13 --> Session: Class initialized using 'CodeIgniter\Session\Handlers\FileHandler' driver.
DEBUG - 2026-04-18 04:24:15 --> Session: Class initialized using 'CodeIgniter\Session\Handlers\FileHandler' driver.
DEBUG - 2026-04-18 04:24:51 --> Session: Class initialized using 'CodeIgniter\Session\Handlers\FileHandler' driver.
ERROR - 2026-04-18 04:24:51 --> Table 'kaagapay_db.pending_services' doesn't exist
in SYSTEMPATH\Database\MySQLi\Connection.php on line 300.
 1 SYSTEMPATH\Database\MySQLi\Connection.php(300): mysqli->query('INSERT INTO `pending_services` (`service_name`, `description`, `base_price`, `requested_status`, `created_by`) VALUES (\'Sample Service 3\', \'Sample Service 3\', \'10000\', \'active\', 6)', 0)
 2 SYSTEMPATH\Database\BaseConnection.php(910): CodeIgniter\Database\MySQLi\Connection->execute('INSERT INTO `pending_services` (`service_name`, `description`, `base_price`, `requested_status`, `created_by`) VALUES (\'Sample Service 3\', \'Sample Service 3\', \'10000\', \'active\', 6)')
 3 SYSTEMPATH\Database\BaseConnection.php(827): CodeIgniter\Database\BaseConnection->simpleQuery('INSERT INTO `pending_services` (`service_name`, `description`, `base_price`, `requested_status`, `created_by`) VALUES (\'Sample Service 3\', \'Sample Service 3\', \'10000\', \'active\', 6)')
 4 SYSTEMPATH\Database\BaseBuilder.php(2345): CodeIgniter\Database\BaseConnection->query('INSERT INTO `pending_services` (`service_name`, `description`, `base_price`, `requested_status`, `created_by`) VALUES (:service_name:, :description:, :base_price:, :requested_status:, :created_by:)', [...], false)
 5 APPPATH\Controllers\BranchAdmin\ServiceOfferController.php(60): CodeIgniter\Database\BaseBuilder->insert([...])
 6 SYSTEMPATH\CodeIgniter.php(951): App\Controllers\BranchAdmin\ServiceOfferController->store()
 7 SYSTEMPATH\CodeIgniter.php(497): CodeIgniter\CodeIgniter->runController(Object(App\Controllers\BranchAdmin\ServiceOfferController))
 8 SYSTEMPATH\CodeIgniter.php(340): CodeIgniter\CodeIgniter->handleRequest(null, Object(Config\Cache), false)
 9 SYSTEMPATH\Boot.php(417): CodeIgniter\CodeIgniter->run()
10 SYSTEMPATH\Boot.php(68): CodeIgniter\Boot::runCodeIgniter(Object(CodeIgniter\CodeIgniter))
11 FCPATH\index.php(59): CodeIgniter\Boot::bootWeb(Object(Config\Paths))
CRITICAL - 2026-04-18 04:24:51 --> CodeIgniter\Database\Exceptions\DatabaseException: Table 'kaagapay_db.pending_services' doesn't exist
[Method: POST, Route: branch-admin/services/store]
in SYSTEMPATH\Database\BaseConnection.php on line 865.
 1 SYSTEMPATH\Database\BaseBuilder.php(2345): CodeIgniter\Database\BaseConnection->query('INSERT INTO `pending_services` (`service_name`, `description`, `base_price`, `requested_status`, `created_by`) VALUES (:service_name:, :description:, :base_price:, :requested_status:, :created_by:)', [...], false)
 2 APPPATH\Controllers\BranchAdmin\ServiceOfferController.php(60): CodeIgniter\Database\BaseBuilder->insert([...])
 3 SYSTEMPATH\CodeIgniter.php(951): App\Controllers\BranchAdmin\ServiceOfferController->store()
 4 SYSTEMPATH\CodeIgniter.php(497): CodeIgniter\CodeIgniter->runController(Object(App\Controllers\BranchAdmin\ServiceOfferController))
 5 SYSTEMPATH\CodeIgniter.php(340): CodeIgniter\CodeIgniter->handleRequest(null, Object(Config\Cache), false)
 6 SYSTEMPATH\Boot.php(417): CodeIgniter\CodeIgniter->run()
 7 SYSTEMPATH\Boot.php(68): CodeIgniter\Boot::runCodeIgniter(Object(CodeIgniter\CodeIgniter))
 8 FCPATH\index.php(59): CodeIgniter\Boot::bootWeb(Object(Config\Paths))
CRITICAL - 2026-04-18 04:24:51 --> [Caused by] CodeIgniter\Database\Exceptions\DatabaseException: Table 'kaagapay_db.pending_services' doesn't exist
in SYSTEMPATH\Database\MySQLi\Connection.php on line 310.
 1 SYSTEMPATH\Database\BaseConnection.php(910): CodeIgniter\Database\MySQLi\Connection->execute('INSERT INTO `pending_services` (`service_name`, `description`, `base_price`, `requested_status`, `created_by`) VALUES (\'Sample Service 3\', \'Sample Service 3\', \'10000\', \'active\', 6)')
 2 SYSTEMPATH\Database\BaseConnection.php(827): CodeIgniter\Database\BaseConnection->simpleQuery('INSERT INTO `pending_services` (`service_name`, `description`, `base_price`, `requested_status`, `created_by`) VALUES (\'Sample Service 3\', \'Sample Service 3\', \'10000\', \'active\', 6)')
 3 SYSTEMPATH\Database\BaseBuilder.php(2345): CodeIgniter\Database\BaseConnection->query('INSERT INTO `pending_services` (`service_name`, `description`, `base_price`, `requested_status`, `created_by`) VALUES (:service_name:, :description:, :base_price:, :requested_status:, :created_by:)', [...], false)
 4 APPPATH\Controllers\BranchAdmin\ServiceOfferController.php(60): CodeIgniter\Database\BaseBuilder->insert([...])
 5 SYSTEMPATH\CodeIgniter.php(951): App\Controllers\BranchAdmin\ServiceOfferController->store()
 6 SYSTEMPATH\CodeIgniter.php(497): CodeIgniter\CodeIgniter->runController(Object(App\Controllers\BranchAdmin\ServiceOfferController))
 7 SYSTEMPATH\CodeIgniter.php(340): CodeIgniter\CodeIgniter->handleRequest(null, Object(Config\Cache), false)
 8 SYSTEMPATH\Boot.php(417): CodeIgniter\CodeIgniter->run()
 9 SYSTEMPATH\Boot.php(68): CodeIgniter\Boot::runCodeIgniter(Object(CodeIgniter\CodeIgniter))
10 FCPATH\index.php(59): CodeIgniter\Boot::bootWeb(Object(Config\Paths))
CRITICAL - 2026-04-18 04:24:51 --> [Caused by] mysqli_sql_exception: Table 'kaagapay_db.pending_services' doesn't exist
in SYSTEMPATH\Database\MySQLi\Connection.php on line 300.
 1 SYSTEMPATH\Database\MySQLi\Connection.php(300): mysqli->query('INSERT INTO `pending_services` (`service_name`, `description`, `base_price`, `requested_status`, `created_by`) VALUES (\'Sample Service 3\', \'Sample Service 3\', \'10000\', \'active\', 6)', 0)
 2 SYSTEMPATH\Database\BaseConnection.php(910): CodeIgniter\Database\MySQLi\Connection->execute('INSERT INTO `pending_services` (`service_name`, `description`, `base_price`, `requested_status`, `created_by`) VALUES (\'Sample Service 3\', \'Sample Service 3\', \'10000\', \'active\', 6)')
 3 SYSTEMPATH\Database\BaseConnection.php(827): CodeIgniter\Database\BaseConnection->simpleQuery('INSERT INTO `pending_services` (`service_name`, `description`, `base_price`, `requested_status`, `created_by`) VALUES (\'Sample Service 3\', \'Sample Service 3\', \'10000\', \'active\', 6)')
 4 SYSTEMPATH\Database\BaseBuilder.php(2345): CodeIgniter\Database\BaseConnection->query('INSERT INTO `pending_services` (`service_name`, `description`, `base_price`, `requested_status`, `created_by`) VALUES (:service_name:, :description:, :base_price:, :requested_status:, :created_by:)', [...], false)
 5 APPPATH\Controllers\BranchAdmin\ServiceOfferController.php(60): CodeIgniter\Database\BaseBuilder->insert([...])
 6 SYSTEMPATH\CodeIgniter.php(951): App\Controllers\BranchAdmin\ServiceOfferController->store()
 7 SYSTEMPATH\CodeIgniter.php(497): CodeIgniter\CodeIgniter->runController(Object(App\Controllers\BranchAdmin\ServiceOfferController))
 8 SYSTEMPATH\CodeIgniter.php(340): CodeIgniter\CodeIgniter->handleRequest(null, Object(Config\Cache), false)
 9 SYSTEMPATH\Boot.php(417): CodeIgniter\CodeIgniter->run()
10 SYSTEMPATH\Boot.php(68): CodeIgniter\Boot::runCodeIgniter(Object(CodeIgniter\CodeIgniter))
11 FCPATH\index.php(59): CodeIgniter\Boot::bootWeb(Object(Config\Paths))
DEBUG - 2026-04-18 04:25:03 --> Session: Class initialized using 'CodeIgniter\Session\Handlers\FileHandler' driver.
ERROR - 2026-04-18 04:25:03 --> Table 'kaagapay_db.pending_services' doesn't exist
in SYSTEMPATH\Database\MySQLi\Connection.php on line 300.
 1 SYSTEMPATH\Database\MySQLi\Connection.php(300): mysqli->query('INSERT INTO `pending_services` (`service_name`, `description`, `base_price`, `requested_status`, `created_by`) VALUES (\'Sample Service 3\', \'Sample Service 3\', \'10000\', \'active\', 6)', 0)
 2 SYSTEMPATH\Database\BaseConnection.php(910): CodeIgniter\Database\MySQLi\Connection->execute('INSERT INTO `pending_services` (`service_name`, `description`, `base_price`, `requested_status`, `created_by`) VALUES (\'Sample Service 3\', \'Sample Service 3\', \'10000\', \'active\', 6)')
 3 SYSTEMPATH\Database\BaseConnection.php(827): CodeIgniter\Database\BaseConnection->simpleQuery('INSERT INTO `pending_services` (`service_name`, `description`, `base_price`, `requested_status`, `created_by`) VALUES (\'Sample Service 3\', \'Sample Service 3\', \'10000\', \'active\', 6)')
 4 SYSTEMPATH\Database\BaseBuilder.php(2345): CodeIgniter\Database\BaseConnection->query('INSERT INTO `pending_services` (`service_name`, `description`, `base_price`, `requested_status`, `created_by`) VALUES (:service_name:, :description:, :base_price:, :requested_status:, :created_by:)', [...], false)
 5 APPPATH\Controllers\BranchAdmin\ServiceOfferController.php(60): CodeIgniter\Database\BaseBuilder->insert([...])
 6 SYSTEMPATH\CodeIgniter.php(951): App\Controllers\BranchAdmin\ServiceOfferController->store()
 7 SYSTEMPATH\CodeIgniter.php(497): CodeIgniter\CodeIgniter->runController(Object(App\Controllers\BranchAdmin\ServiceOfferController))
 8 SYSTEMPATH\CodeIgniter.php(340): CodeIgniter\CodeIgniter->handleRequest(null, Object(Config\Cache), false)
 9 SYSTEMPATH\Boot.php(417): CodeIgniter\CodeIgniter->run()
10 SYSTEMPATH\Boot.php(68): CodeIgniter\Boot::runCodeIgniter(Object(CodeIgniter\CodeIgniter))
11 FCPATH\index.php(59): CodeIgniter\Boot::bootWeb(Object(Config\Paths))
CRITICAL - 2026-04-18 04:25:03 --> CodeIgniter\Database\Exceptions\DatabaseException: Table 'kaagapay_db.pending_services' doesn't exist
[Method: POST, Route: branch-admin/services/store]
in SYSTEMPATH\Database\BaseConnection.php on line 865.
 1 SYSTEMPATH\Database\BaseBuilder.php(2345): CodeIgniter\Database\BaseConnection->query('INSERT INTO `pending_services` (`service_name`, `description`, `base_price`, `requested_status`, `created_by`) VALUES (:service_name:, :description:, :base_price:, :requested_status:, :created_by:)', [...], false)
 2 APPPATH\Controllers\BranchAdmin\ServiceOfferController.php(60): CodeIgniter\Database\BaseBuilder->insert([...])
 3 SYSTEMPATH\CodeIgniter.php(951): App\Controllers\BranchAdmin\ServiceOfferController->store()
 4 SYSTEMPATH\CodeIgniter.php(497): CodeIgniter\CodeIgniter->runController(Object(App\Controllers\BranchAdmin\ServiceOfferController))
 5 SYSTEMPATH\CodeIgniter.php(340): CodeIgniter\CodeIgniter->handleRequest(null, Object(Config\Cache), false)
 6 SYSTEMPATH\Boot.php(417): CodeIgniter\CodeIgniter->run()
 7 SYSTEMPATH\Boot.php(68): CodeIgniter\Boot::runCodeIgniter(Object(CodeIgniter\CodeIgniter))
 8 FCPATH\index.php(59): CodeIgniter\Boot::bootWeb(Object(Config\Paths))
CRITICAL - 2026-04-18 04:25:03 --> [Caused by] CodeIgniter\Database\Exceptions\DatabaseException: Table 'kaagapay_db.pending_services' doesn't exist
in SYSTEMPATH\Database\MySQLi\Connection.php on line 310.
 1 SYSTEMPATH\Database\BaseConnection.php(910): CodeIgniter\Database\MySQLi\Connection->execute('INSERT INTO `pending_services` (`service_name`, `description`, `base_price`, `requested_status`, `created_by`) VALUES (\'Sample Service 3\', \'Sample Service 3\', \'10000\', \'active\', 6)')
 2 SYSTEMPATH\Database\BaseConnection.php(827): CodeIgniter\Database\BaseConnection->simpleQuery('INSERT INTO `pending_services` (`service_name`, `description`, `base_price`, `requested_status`, `created_by`) VALUES (\'Sample Service 3\', \'Sample Service 3\', \'10000\', \'active\', 6)')
 3 SYSTEMPATH\Database\BaseBuilder.php(2345): CodeIgniter\Database\BaseConnection->query('INSERT INTO `pending_services` (`service_name`, `description`, `base_price`, `requested_status`, `created_by`) VALUES (:service_name:, :description:, :base_price:, :requested_status:, :created_by:)', [...], false)
 4 APPPATH\Controllers\BranchAdmin\ServiceOfferController.php(60): CodeIgniter\Database\BaseBuilder->insert([...])
 5 SYSTEMPATH\CodeIgniter.php(951): App\Controllers\BranchAdmin\ServiceOfferController->store()
 6 SYSTEMPATH\CodeIgniter.php(497): CodeIgniter\CodeIgniter->runController(Object(App\Controllers\BranchAdmin\ServiceOfferController))
 7 SYSTEMPATH\CodeIgniter.php(340): CodeIgniter\CodeIgniter->handleRequest(null, Object(Config\Cache), false)
 8 SYSTEMPATH\Boot.php(417): CodeIgniter\CodeIgniter->run()
 9 SYSTEMPATH\Boot.php(68): CodeIgniter\Boot::runCodeIgniter(Object(CodeIgniter\CodeIgniter))
10 FCPATH\index.php(59): CodeIgniter\Boot::bootWeb(Object(Config\Paths))
CRITICAL - 2026-04-18 04:25:03 --> [Caused by] mysqli_sql_exception: Table 'kaagapay_db.pending_services' doesn't exist
in SYSTEMPATH\Database\MySQLi\Connection.php on line 300.
 1 SYSTEMPATH\Database\MySQLi\Connection.php(300): mysqli->query('INSERT INTO `pending_services` (`service_name`, `description`, `base_price`, `requested_status`, `created_by`) VALUES (\'Sample Service 3\', \'Sample Service 3\', \'10000\', \'active\', 6)', 0)
 2 SYSTEMPATH\Database\BaseConnection.php(910): CodeIgniter\Database\MySQLi\Connection->execute('INSERT INTO `pending_services` (`service_name`, `description`, `base_price`, `requested_status`, `created_by`) VALUES (\'Sample Service 3\', \'Sample Service 3\', \'10000\', \'active\', 6)')
 3 SYSTEMPATH\Database\BaseConnection.php(827): CodeIgniter\Database\BaseConnection->simpleQuery('INSERT INTO `pending_services` (`service_name`, `description`, `base_price`, `requested_status`, `created_by`) VALUES (\'Sample Service 3\', \'Sample Service 3\', \'10000\', \'active\', 6)')
 4 SYSTEMPATH\Database\BaseBuilder.php(2345): CodeIgniter\Database\BaseConnection->query('INSERT INTO `pending_services` (`service_name`, `description`, `base_price`, `requested_status`, `created_by`) VALUES (:service_name:, :description:, :base_price:, :requested_status:, :created_by:)', [...], false)
 5 APPPATH\Controllers\BranchAdmin\ServiceOfferController.php(60): CodeIgniter\Database\BaseBuilder->insert([...])
 6 SYSTEMPATH\CodeIgniter.php(951): App\Controllers\BranchAdmin\ServiceOfferController->store()
 7 SYSTEMPATH\CodeIgniter.php(497): CodeIgniter\CodeIgniter->runController(Object(App\Controllers\BranchAdmin\ServiceOfferController))
 8 SYSTEMPATH\CodeIgniter.php(340): CodeIgniter\CodeIgniter->handleRequest(null, Object(Config\Cache), false)
 9 SYSTEMPATH\Boot.php(417): CodeIgniter\CodeIgniter->run()
10 SYSTEMPATH\Boot.php(68): CodeIgniter\Boot::runCodeIgniter(Object(CodeIgniter\CodeIgniter))
11 FCPATH\index.php(59): CodeIgniter\Boot::bootWeb(Object(Config\Paths))
DEBUG - 2026-04-18 04:25:05 --> Session: Class initialized using 'CodeIgniter\Session\Handlers\FileHandler' driver.
DEBUG - 2026-04-18 04:25:10 --> Session: Class initialized using 'CodeIgniter\Session\Handlers\FileHandler' driver.
DEBUG - 2026-04-18 04:25:12 --> Session: Class initialized using 'CodeIgniter\Session\Handlers\FileHandler' driver.
DEBUG - 2026-04-18 04:25:16 --> Session: Class initialized using 'CodeIgniter\Session\Handlers\FileHandler' driver.
DEBUG - 2026-04-18 04:25:57 --> Session: Class initialized using 'CodeIgniter\Session\Handlers\FileHandler' driver.
DEBUG - 2026-04-18 04:25:57 --> Session: Class initialized using 'CodeIgniter\Session\Handlers\FileHandler' driver.
DEBUG - 2026-04-18 04:26:03 --> Session: Class initialized using 'CodeIgniter\Session\Handlers\FileHandler' driver.
DEBUG - 2026-04-18 04:26:04 --> Session: Class initialized using 'CodeIgniter\Session\Handlers\FileHandler' driver.
DEBUG - 2026-04-18 04:26:27 --> Session: Class initialized using 'CodeIgniter\Session\Handlers\FileHandler' driver.
DEBUG - 2026-04-18 04:26:52 --> Session: Class initialized using 'CodeIgniter\Session\Handlers\FileHandler' driver.
DEBUG - 2026-04-18 04:26:52 --> Session: Class initialized using 'CodeIgniter\Session\Handlers\FileHandler' driver.
DEBUG - 2026-04-18 04:27:54 --> Session: Class initialized using 'CodeIgniter\Session\Handlers\FileHandler' driver.
DEBUG - 2026-04-18 04:27:59 --> Session: Class initialized using 'CodeIgniter\Session\Handlers\FileHandler' driver.
DEBUG - 2026-04-18 04:28:01 --> Session: Class initialized using 'CodeIgniter\Session\Handlers\FileHandler' driver.
DEBUG - 2026-04-18 04:28:03 --> Session: Class initialized using 'CodeIgniter\Session\Handlers\FileHandler' driver.
DEBUG - 2026-04-18 04:28:28 --> Session: Class initialized using 'CodeIgniter\Session\Handlers\FileHandler' driver.
DEBUG - 2026-04-18 04:28:51 --> Session: Class initialized using 'CodeIgniter\Session\Handlers\FileHandler' driver.
DEBUG - 2026-04-18 04:32:17 --> Session: Class initialized using 'CodeIgniter\Session\Handlers\FileHandler' driver.
DEBUG - 2026-04-18 04:32:18 --> Session: Class initialized using 'CodeIgniter\Session\Handlers\FileHandler' driver.
DEBUG - 2026-04-18 04:32:21 --> Session: Class initialized using 'CodeIgniter\Session\Handlers\FileHandler' driver.
DEBUG - 2026-04-18 04:32:21 --> Session: Class initialized using 'CodeIgniter\Session\Handlers\FileHandler' driver.
DEBUG - 2026-04-18 04:32:22 --> Session: Class initialized using 'CodeIgniter\Session\Handlers\FileHandler' driver.
DEBUG - 2026-04-18 04:32:23 --> Session: Class initialized using 'CodeIgniter\Session\Handlers\FileHandler' driver.
DEBUG - 2026-04-18 04:32:26 --> Session: Class initialized using 'CodeIgniter\Session\Handlers\FileHandler' driver.
DEBUG - 2026-04-18 04:32:29 --> Session: Class initialized using 'CodeIgniter\Session\Handlers\FileHandler' driver.
DEBUG - 2026-04-18 04:32:34 --> Session: Class initialized using 'CodeIgniter\Session\Handlers\FileHandler' driver.
DEBUG - 2026-04-18 04:32:35 --> Session: Class initialized using 'CodeIgniter\Session\Handlers\FileHandler' driver.
DEBUG - 2026-04-18 04:32:47 --> Session: Class initialized using 'CodeIgniter\Session\Handlers\FileHandler' driver.
DEBUG - 2026-04-18 04:32:49 --> Session: Class initialized using 'CodeIgniter\Session\Handlers\FileHandler' driver.
ERROR - 2026-04-18 04:32:49 --> Unknown column 'ps.service_list_id' in 'on clause'
in SYSTEMPATH\Database\MySQLi\Connection.php on line 300.
 1 SYSTEMPATH\Database\MySQLi\Connection.php(300): mysqli->query('SELECT `ps`.`package_id`, `sl`.`service_list_id`, `sl`.`service_name`, `sl`.`base_price`
FROM `package_services` `ps`
INNER JOIN `service_list` `sl` ON `sl`.`service_list_id` = `ps`.`service_list_id`
WHERE `sl`.`is_available` = 1
AND `sl`.`status` = \'active\'
ORDER BY `sl`.`service_name` ASC', 0)
 2 SYSTEMPATH\Database\BaseConnection.php(910): CodeIgniter\Database\MySQLi\Connection->execute('SELECT `ps`.`package_id`, `sl`.`service_list_id`, `sl`.`service_name`, `sl`.`base_price`
FROM `package_services` `ps`
INNER JOIN `service_list` `sl` ON `sl`.`service_list_id` = `ps`.`service_list_id`
WHERE `sl`.`is_available` = 1
AND `sl`.`status` = \'active\'
ORDER BY `sl`.`service_name` ASC')
 3 SYSTEMPATH\Database\BaseConnection.php(827): CodeIgniter\Database\BaseConnection->simpleQuery('SELECT `ps`.`package_id`, `sl`.`service_list_id`, `sl`.`service_name`, `sl`.`base_price`
FROM `package_services` `ps`
INNER JOIN `service_list` `sl` ON `sl`.`service_list_id` = `ps`.`service_list_id`
WHERE `sl`.`is_available` = 1
AND `sl`.`status` = \'active\'
ORDER BY `sl`.`service_name` ASC')
 4 SYSTEMPATH\Database\BaseBuilder.php(1649): CodeIgniter\Database\BaseConnection->query('SELECT `ps`.`package_id`, `sl`.`service_list_id`, `sl`.`service_name`, `sl`.`base_price`
FROM `package_services` `ps`
INNER JOIN `service_list` `sl` ON `sl`.`service_list_id` = `ps`.`service_list_id`
WHERE `sl`.`is_available` = :sl.is_available:
AND `sl`.`status` = :sl.status:
ORDER BY `sl`.`service_name` ASC', [...], false)
 5 APPPATH\Controllers\BranchAdmin\ServiceController.php(97): CodeIgniter\Database\BaseBuilder->get()
 6 SYSTEMPATH\CodeIgniter.php(951): App\Controllers\BranchAdmin\ServiceController->create()
 7 SYSTEMPATH\CodeIgniter.php(497): CodeIgniter\CodeIgniter->runController(Object(App\Controllers\BranchAdmin\ServiceController))
 8 SYSTEMPATH\CodeIgniter.php(340): CodeIgniter\CodeIgniter->handleRequest(null, Object(Config\Cache), false)
 9 SYSTEMPATH\Boot.php(417): CodeIgniter\CodeIgniter->run()
10 SYSTEMPATH\Boot.php(68): CodeIgniter\Boot::runCodeIgniter(Object(CodeIgniter\CodeIgniter))
11 FCPATH\index.php(59): CodeIgniter\Boot::bootWeb(Object(Config\Paths))
CRITICAL - 2026-04-18 04:32:49 --> CodeIgniter\Database\Exceptions\DatabaseException: Unknown column 'ps.service_list_id' in 'on clause'
[Method: GET, Route: branch-admin/service-package/schedule]
in SYSTEMPATH\Database\BaseConnection.php on line 865.
 1 SYSTEMPATH\Database\BaseBuilder.php(1649): CodeIgniter\Database\BaseConnection->query('SELECT `ps`.`package_id`, `sl`.`service_list_id`, `sl`.`service_name`, `sl`.`base_price`
FROM `package_services` `ps`
INNER JOIN `service_list` `sl` ON `sl`.`service_list_id` = `ps`.`service_list_id`
WHERE `sl`.`is_available` = :sl.is_available:
AND `sl`.`status` = :sl.status:
ORDER BY `sl`.`service_name` ASC', [...], false)
 2 APPPATH\Controllers\BranchAdmin\ServiceController.php(97): CodeIgniter\Database\BaseBuilder->get()
 3 SYSTEMPATH\CodeIgniter.php(951): App\Controllers\BranchAdmin\ServiceController->create()
 4 SYSTEMPATH\CodeIgniter.php(497): CodeIgniter\CodeIgniter->runController(Object(App\Controllers\BranchAdmin\ServiceController))
 5 SYSTEMPATH\CodeIgniter.php(340): CodeIgniter\CodeIgniter->handleRequest(null, Object(Config\Cache), false)
 6 SYSTEMPATH\Boot.php(417): CodeIgniter\CodeIgniter->run()
 7 SYSTEMPATH\Boot.php(68): CodeIgniter\Boot::runCodeIgniter(Object(CodeIgniter\CodeIgniter))
 8 FCPATH\index.php(59): CodeIgniter\Boot::bootWeb(Object(Config\Paths))
CRITICAL - 2026-04-18 04:32:49 --> [Caused by] CodeIgniter\Database\Exceptions\DatabaseException: Unknown column 'ps.service_list_id' in 'on clause'
in SYSTEMPATH\Database\MySQLi\Connection.php on line 310.
 1 SYSTEMPATH\Database\BaseConnection.php(910): CodeIgniter\Database\MySQLi\Connection->execute('SELECT `ps`.`package_id`, `sl`.`service_list_id`, `sl`.`service_name`, `sl`.`base_price`
FROM `package_services` `ps`
INNER JOIN `service_list` `sl` ON `sl`.`service_list_id` = `ps`.`service_list_id`
WHERE `sl`.`is_available` = 1
AND `sl`.`status` = \'active\'
ORDER BY `sl`.`service_name` ASC')
 2 SYSTEMPATH\Database\BaseConnection.php(827): CodeIgniter\Database\BaseConnection->simpleQuery('SELECT `ps`.`package_id`, `sl`.`service_list_id`, `sl`.`service_name`, `sl`.`base_price`
FROM `package_services` `ps`
INNER JOIN `service_list` `sl` ON `sl`.`service_list_id` = `ps`.`service_list_id`
WHERE `sl`.`is_available` = 1
AND `sl`.`status` = \'active\'
ORDER BY `sl`.`service_name` ASC')
 3 SYSTEMPATH\Database\BaseBuilder.php(1649): CodeIgniter\Database\BaseConnection->query('SELECT `ps`.`package_id`, `sl`.`service_list_id`, `sl`.`service_name`, `sl`.`base_price`
FROM `package_services` `ps`
INNER JOIN `service_list` `sl` ON `sl`.`service_list_id` = `ps`.`service_list_id`
WHERE `sl`.`is_available` = :sl.is_available:
AND `sl`.`status` = :sl.status:
ORDER BY `sl`.`service_name` ASC', [...], false)
 4 APPPATH\Controllers\BranchAdmin\ServiceController.php(97): CodeIgniter\Database\BaseBuilder->get()
 5 SYSTEMPATH\CodeIgniter.php(951): App\Controllers\BranchAdmin\ServiceController->create()
 6 SYSTEMPATH\CodeIgniter.php(497): CodeIgniter\CodeIgniter->runController(Object(App\Controllers\BranchAdmin\ServiceController))
 7 SYSTEMPATH\CodeIgniter.php(340): CodeIgniter\CodeIgniter->handleRequest(null, Object(Config\Cache), false)
 8 SYSTEMPATH\Boot.php(417): CodeIgniter\CodeIgniter->run()
 9 SYSTEMPATH\Boot.php(68): CodeIgniter\Boot::runCodeIgniter(Object(CodeIgniter\CodeIgniter))
10 FCPATH\index.php(59): CodeIgniter\Boot::bootWeb(Object(Config\Paths))
CRITICAL - 2026-04-18 04:32:49 --> [Caused by] mysqli_sql_exception: Unknown column 'ps.service_list_id' in 'on clause'
in SYSTEMPATH\Database\MySQLi\Connection.php on line 300.
 1 SYSTEMPATH\Database\MySQLi\Connection.php(300): mysqli->query('SELECT `ps`.`package_id`, `sl`.`service_list_id`, `sl`.`service_name`, `sl`.`base_price`
FROM `package_services` `ps`
INNER JOIN `service_list` `sl` ON `sl`.`service_list_id` = `ps`.`service_list_id`
WHERE `sl`.`is_available` = 1
AND `sl`.`status` = \'active\'
ORDER BY `sl`.`service_name` ASC', 0)
 2 SYSTEMPATH\Database\BaseConnection.php(910): CodeIgniter\Database\MySQLi\Connection->execute('SELECT `ps`.`package_id`, `sl`.`service_list_id`, `sl`.`service_name`, `sl`.`base_price`
FROM `package_services` `ps`
INNER JOIN `service_list` `sl` ON `sl`.`service_list_id` = `ps`.`service_list_id`
WHERE `sl`.`is_available` = 1
AND `sl`.`status` = \'active\'
ORDER BY `sl`.`service_name` ASC')
 3 SYSTEMPATH\Database\BaseConnection.php(827): CodeIgniter\Database\BaseConnection->simpleQuery('SELECT `ps`.`package_id`, `sl`.`service_list_id`, `sl`.`service_name`, `sl`.`base_price`
FROM `package_services` `ps`
INNER JOIN `service_list` `sl` ON `sl`.`service_list_id` = `ps`.`service_list_id`
WHERE `sl`.`is_available` = 1
AND `sl`.`status` = \'active\'
ORDER BY `sl`.`service_name` ASC')
 4 SYSTEMPATH\Database\BaseBuilder.php(1649): CodeIgniter\Database\BaseConnection->query('SELECT `ps`.`package_id`, `sl`.`service_list_id`, `sl`.`service_name`, `sl`.`base_price`
FROM `package_services` `ps`
INNER JOIN `service_list` `sl` ON `sl`.`service_list_id` = `ps`.`service_list_id`
WHERE `sl`.`is_available` = :sl.is_available:
AND `sl`.`status` = :sl.status:
ORDER BY `sl`.`service_name` ASC', [...], false)
 5 APPPATH\Controllers\BranchAdmin\ServiceController.php(97): CodeIgniter\Database\BaseBuilder->get()
 6 SYSTEMPATH\CodeIgniter.php(951): App\Controllers\BranchAdmin\ServiceController->create()
 7 SYSTEMPATH\CodeIgniter.php(497): CodeIgniter\CodeIgniter->runController(Object(App\Controllers\BranchAdmin\ServiceController))
 8 SYSTEMPATH\CodeIgniter.php(340): CodeIgniter\CodeIgniter->handleRequest(null, Object(Config\Cache), false)
 9 SYSTEMPATH\Boot.php(417): CodeIgniter\CodeIgniter->run()
10 SYSTEMPATH\Boot.php(68): CodeIgniter\Boot::runCodeIgniter(Object(CodeIgniter\CodeIgniter))
11 FCPATH\index.php(59): CodeIgniter\Boot::bootWeb(Object(Config\Paths))
DEBUG - 2026-04-18 04:32:59 --> Session: Class initialized using 'CodeIgniter\Session\Handlers\FileHandler' driver.
ERROR - 2026-04-18 04:32:59 --> Unknown column 'ps.service_list_id' in 'on clause'
in SYSTEMPATH\Database\MySQLi\Connection.php on line 300.
 1 SYSTEMPATH\Database\MySQLi\Connection.php(300): mysqli->query('SELECT `ps`.`package_id`, `sl`.`service_list_id`, `sl`.`service_name`, `sl`.`base_price`
FROM `package_services` `ps`
INNER JOIN `service_list` `sl` ON `sl`.`service_list_id` = `ps`.`service_list_id`
WHERE `sl`.`is_available` = 1
AND `sl`.`status` = \'active\'
ORDER BY `sl`.`service_name` ASC', 0)
 2 SYSTEMPATH\Database\BaseConnection.php(910): CodeIgniter\Database\MySQLi\Connection->execute('SELECT `ps`.`package_id`, `sl`.`service_list_id`, `sl`.`service_name`, `sl`.`base_price`
FROM `package_services` `ps`
INNER JOIN `service_list` `sl` ON `sl`.`service_list_id` = `ps`.`service_list_id`
WHERE `sl`.`is_available` = 1
AND `sl`.`status` = \'active\'
ORDER BY `sl`.`service_name` ASC')
 3 SYSTEMPATH\Database\BaseConnection.php(827): CodeIgniter\Database\BaseConnection->simpleQuery('SELECT `ps`.`package_id`, `sl`.`service_list_id`, `sl`.`service_name`, `sl`.`base_price`
FROM `package_services` `ps`
INNER JOIN `service_list` `sl` ON `sl`.`service_list_id` = `ps`.`service_list_id`
WHERE `sl`.`is_available` = 1
AND `sl`.`status` = \'active\'
ORDER BY `sl`.`service_name` ASC')
 4 SYSTEMPATH\Database\BaseBuilder.php(1649): CodeIgniter\Database\BaseConnection->query('SELECT `ps`.`package_id`, `sl`.`service_list_id`, `sl`.`service_name`, `sl`.`base_price`
FROM `package_services` `ps`
INNER JOIN `service_list` `sl` ON `sl`.`service_list_id` = `ps`.`service_list_id`
WHERE `sl`.`is_available` = :sl.is_available:
AND `sl`.`status` = :sl.status:
ORDER BY `sl`.`service_name` ASC', [...], false)
 5 APPPATH\Controllers\BranchAdmin\ServiceController.php(97): CodeIgniter\Database\BaseBuilder->get()
 6 SYSTEMPATH\CodeIgniter.php(951): App\Controllers\BranchAdmin\ServiceController->create()
 7 SYSTEMPATH\CodeIgniter.php(497): CodeIgniter\CodeIgniter->runController(Object(App\Controllers\BranchAdmin\ServiceController))
 8 SYSTEMPATH\CodeIgniter.php(340): CodeIgniter\CodeIgniter->handleRequest(null, Object(Config\Cache), false)
 9 SYSTEMPATH\Boot.php(417): CodeIgniter\CodeIgniter->run()
10 SYSTEMPATH\Boot.php(68): CodeIgniter\Boot::runCodeIgniter(Object(CodeIgniter\CodeIgniter))
11 FCPATH\index.php(59): CodeIgniter\Boot::bootWeb(Object(Config\Paths))
CRITICAL - 2026-04-18 04:32:59 --> CodeIgniter\Database\Exceptions\DatabaseException: Unknown column 'ps.service_list_id' in 'on clause'
[Method: GET, Route: branch-admin/service-package/schedule]
in SYSTEMPATH\Database\BaseConnection.php on line 865.
 1 SYSTEMPATH\Database\BaseBuilder.php(1649): CodeIgniter\Database\BaseConnection->query('SELECT `ps`.`package_id`, `sl`.`service_list_id`, `sl`.`service_name`, `sl`.`base_price`
FROM `package_services` `ps`
INNER JOIN `service_list` `sl` ON `sl`.`service_list_id` = `ps`.`service_list_id`
WHERE `sl`.`is_available` = :sl.is_available:
AND `sl`.`status` = :sl.status:
ORDER BY `sl`.`service_name` ASC', [...], false)
 2 APPPATH\Controllers\BranchAdmin\ServiceController.php(97): CodeIgniter\Database\BaseBuilder->get()
 3 SYSTEMPATH\CodeIgniter.php(951): App\Controllers\BranchAdmin\ServiceController->create()
 4 SYSTEMPATH\CodeIgniter.php(497): CodeIgniter\CodeIgniter->runController(Object(App\Controllers\BranchAdmin\ServiceController))
 5 SYSTEMPATH\CodeIgniter.php(340): CodeIgniter\CodeIgniter->handleRequest(null, Object(Config\Cache), false)
 6 SYSTEMPATH\Boot.php(417): CodeIgniter\CodeIgniter->run()
 7 SYSTEMPATH\Boot.php(68): CodeIgniter\Boot::runCodeIgniter(Object(CodeIgniter\CodeIgniter))
 8 FCPATH\index.php(59): CodeIgniter\Boot::bootWeb(Object(Config\Paths))
CRITICAL - 2026-04-18 04:32:59 --> [Caused by] CodeIgniter\Database\Exceptions\DatabaseException: Unknown column 'ps.service_list_id' in 'on clause'
in SYSTEMPATH\Database\MySQLi\Connection.php on line 310.
 1 SYSTEMPATH\Database\BaseConnection.php(910): CodeIgniter\Database\MySQLi\Connection->execute('SELECT `ps`.`package_id`, `sl`.`service_list_id`, `sl`.`service_name`, `sl`.`base_price`
FROM `package_services` `ps`
INNER JOIN `service_list` `sl` ON `sl`.`service_list_id` = `ps`.`service_list_id`
WHERE `sl`.`is_available` = 1
AND `sl`.`status` = \'active\'
ORDER BY `sl`.`service_name` ASC')
 2 SYSTEMPATH\Database\BaseConnection.php(827): CodeIgniter\Database\BaseConnection->simpleQuery('SELECT `ps`.`package_id`, `sl`.`service_list_id`, `sl`.`service_name`, `sl`.`base_price`
FROM `package_services` `ps`
INNER JOIN `service_list` `sl` ON `sl`.`service_list_id` = `ps`.`service_list_id`
WHERE `sl`.`is_available` = 1
AND `sl`.`status` = \'active\'
ORDER BY `sl`.`service_name` ASC')
 3 SYSTEMPATH\Database\BaseBuilder.php(1649): CodeIgniter\Database\BaseConnection->query('SELECT `ps`.`package_id`, `sl`.`service_list_id`, `sl`.`service_name`, `sl`.`base_price`
FROM `package_services` `ps`
INNER JOIN `service_list` `sl` ON `sl`.`service_list_id` = `ps`.`service_list_id`
WHERE `sl`.`is_available` = :sl.is_available:
AND `sl`.`status` = :sl.status:
ORDER BY `sl`.`service_name` ASC', [...], false)
 4 APPPATH\Controllers\BranchAdmin\ServiceController.php(97): CodeIgniter\Database\BaseBuilder->get()
 5 SYSTEMPATH\CodeIgniter.php(951): App\Controllers\BranchAdmin\ServiceController->create()
 6 SYSTEMPATH\CodeIgniter.php(497): CodeIgniter\CodeIgniter->runController(Object(App\Controllers\BranchAdmin\ServiceController))
 7 SYSTEMPATH\CodeIgniter.php(340): CodeIgniter\CodeIgniter->handleRequest(null, Object(Config\Cache), false)
 8 SYSTEMPATH\Boot.php(417): CodeIgniter\CodeIgniter->run()
 9 SYSTEMPATH\Boot.php(68): CodeIgniter\Boot::runCodeIgniter(Object(CodeIgniter\CodeIgniter))
10 FCPATH\index.php(59): CodeIgniter\Boot::bootWeb(Object(Config\Paths))
CRITICAL - 2026-04-18 04:32:59 --> [Caused by] mysqli_sql_exception: Unknown column 'ps.service_list_id' in 'on clause'
in SYSTEMPATH\Database\MySQLi\Connection.php on line 300.
 1 SYSTEMPATH\Database\MySQLi\Connection.php(300): mysqli->query('SELECT `ps`.`package_id`, `sl`.`service_list_id`, `sl`.`service_name`, `sl`.`base_price`
FROM `package_services` `ps`
INNER JOIN `service_list` `sl` ON `sl`.`service_list_id` = `ps`.`service_list_id`
WHERE `sl`.`is_available` = 1
AND `sl`.`status` = \'active\'
ORDER BY `sl`.`service_name` ASC', 0)
 2 SYSTEMPATH\Database\BaseConnection.php(910): CodeIgniter\Database\MySQLi\Connection->execute('SELECT `ps`.`package_id`, `sl`.`service_list_id`, `sl`.`service_name`, `sl`.`base_price`
FROM `package_services` `ps`
INNER JOIN `service_list` `sl` ON `sl`.`service_list_id` = `ps`.`service_list_id`
WHERE `sl`.`is_available` = 1
AND `sl`.`status` = \'active\'
ORDER BY `sl`.`service_name` ASC')
 3 SYSTEMPATH\Database\BaseConnection.php(827): CodeIgniter\Database\BaseConnection->simpleQuery('SELECT `ps`.`package_id`, `sl`.`service_list_id`, `sl`.`service_name`, `sl`.`base_price`
FROM `package_services` `ps`
INNER JOIN `service_list` `sl` ON `sl`.`service_list_id` = `ps`.`service_list_id`
WHERE `sl`.`is_available` = 1
AND `sl`.`status` = \'active\'
ORDER BY `sl`.`service_name` ASC')
 4 SYSTEMPATH\Database\BaseBuilder.php(1649): CodeIgniter\Database\BaseConnection->query('SELECT `ps`.`package_id`, `sl`.`service_list_id`, `sl`.`service_name`, `sl`.`base_price`
FROM `package_services` `ps`
INNER JOIN `service_list` `sl` ON `sl`.`service_list_id` = `ps`.`service_list_id`
WHERE `sl`.`is_available` = :sl.is_available:
AND `sl`.`status` = :sl.status:
ORDER BY `sl`.`service_name` ASC', [...], false)
 5 APPPATH\Controllers\BranchAdmin\ServiceController.php(97): CodeIgniter\Database\BaseBuilder->get()
 6 SYSTEMPATH\CodeIgniter.php(951): App\Controllers\BranchAdmin\ServiceController->create()
 7 SYSTEMPATH\CodeIgniter.php(497): CodeIgniter\CodeIgniter->runController(Object(App\Controllers\BranchAdmin\ServiceController))
 8 SYSTEMPATH\CodeIgniter.php(340): CodeIgniter\CodeIgniter->handleRequest(null, Object(Config\Cache), false)
 9 SYSTEMPATH\Boot.php(417): CodeIgniter\CodeIgniter->run()
10 SYSTEMPATH\Boot.php(68): CodeIgniter\Boot::runCodeIgniter(Object(CodeIgniter\CodeIgniter))
11 FCPATH\index.php(59): CodeIgniter\Boot::bootWeb(Object(Config\Paths))
DEBUG - 2026-04-18 04:33:21 --> Session: Class initialized using 'CodeIgniter\Session\Handlers\FileHandler' driver.
DEBUG - 2026-04-18 04:33:26 --> Session: Class initialized using 'CodeIgniter\Session\Handlers\FileHandler' driver.
DEBUG - 2026-04-18 04:33:33 --> Session: Class initialized using 'CodeIgniter\Session\Handlers\FileHandler' driver.
DEBUG - 2026-04-18 04:33:37 --> Session: Class initialized using 'CodeIgniter\Session\Handlers\FileHandler' driver.
DEBUG - 2026-04-18 04:34:48 --> Session: Class initialized using 'CodeIgniter\Session\Handlers\FileHandler' driver.
DEBUG - 2026-04-18 04:34:50 --> Session: Class initialized using 'CodeIgniter\Session\Handlers\FileHandler' driver.
DEBUG - 2026-04-18 04:34:52 --> Session: Class initialized using 'CodeIgniter\Session\Handlers\FileHandler' driver.
DEBUG - 2026-04-18 04:34:53 --> Session: Class initialized using 'CodeIgniter\Session\Handlers\FileHandler' driver.
ERROR - 2026-04-18 04:34:53 --> Unknown column 'ps.service_list_id' in 'on clause'
in SYSTEMPATH\Database\MySQLi\Connection.php on line 300.
 1 SYSTEMPATH\Database\MySQLi\Connection.php(300): mysqli->query('SELECT `ps`.`package_id`, `sl`.`service_list_id`, `sl`.`service_name`, `sl`.`base_price`
FROM `package_services` `ps`
INNER JOIN `service_list` `sl` ON `sl`.`service_list_id` = `ps`.`service_list_id`
WHERE `sl`.`is_available` = 1
AND `sl`.`status` = \'active\'
ORDER BY `sl`.`service_name` ASC', 0)
 2 SYSTEMPATH\Database\BaseConnection.php(910): CodeIgniter\Database\MySQLi\Connection->execute('SELECT `ps`.`package_id`, `sl`.`service_list_id`, `sl`.`service_name`, `sl`.`base_price`
FROM `package_services` `ps`
INNER JOIN `service_list` `sl` ON `sl`.`service_list_id` = `ps`.`service_list_id`
WHERE `sl`.`is_available` = 1
AND `sl`.`status` = \'active\'
ORDER BY `sl`.`service_name` ASC')
 3 SYSTEMPATH\Database\BaseConnection.php(827): CodeIgniter\Database\BaseConnection->simpleQuery('SELECT `ps`.`package_id`, `sl`.`service_list_id`, `sl`.`service_name`, `sl`.`base_price`
FROM `package_services` `ps`
INNER JOIN `service_list` `sl` ON `sl`.`service_list_id` = `ps`.`service_list_id`
WHERE `sl`.`is_available` = 1
AND `sl`.`status` = \'active\'
ORDER BY `sl`.`service_name` ASC')
 4 SYSTEMPATH\Database\BaseBuilder.php(1649): CodeIgniter\Database\BaseConnection->query('SELECT `ps`.`package_id`, `sl`.`service_list_id`, `sl`.`service_name`, `sl`.`base_price`
FROM `package_services` `ps`
INNER JOIN `service_list` `sl` ON `sl`.`service_list_id` = `ps`.`service_list_id`
WHERE `sl`.`is_available` = :sl.is_available:
AND `sl`.`status` = :sl.status:
ORDER BY `sl`.`service_name` ASC', [...], false)
 5 APPPATH\Controllers\BranchAdmin\ServiceController.php(97): CodeIgniter\Database\BaseBuilder->get()
 6 SYSTEMPATH\CodeIgniter.php(951): App\Controllers\BranchAdmin\ServiceController->create()
 7 SYSTEMPATH\CodeIgniter.php(497): CodeIgniter\CodeIgniter->runController(Object(App\Controllers\BranchAdmin\ServiceController))
 8 SYSTEMPATH\CodeIgniter.php(340): CodeIgniter\CodeIgniter->handleRequest(null, Object(Config\Cache), false)
 9 SYSTEMPATH\Boot.php(417): CodeIgniter\CodeIgniter->run()
10 SYSTEMPATH\Boot.php(68): CodeIgniter\Boot::runCodeIgniter(Object(CodeIgniter\CodeIgniter))
11 FCPATH\index.php(59): CodeIgniter\Boot::bootWeb(Object(Config\Paths))
CRITICAL - 2026-04-18 04:34:53 --> CodeIgniter\Database\Exceptions\DatabaseException: Unknown column 'ps.service_list_id' in 'on clause'
[Method: GET, Route: branch-admin/service-package/schedule]
in SYSTEMPATH\Database\BaseConnection.php on line 865.
 1 SYSTEMPATH\Database\BaseBuilder.php(1649): CodeIgniter\Database\BaseConnection->query('SELECT `ps`.`package_id`, `sl`.`service_list_id`, `sl`.`service_name`, `sl`.`base_price`
FROM `package_services` `ps`
INNER JOIN `service_list` `sl` ON `sl`.`service_list_id` = `ps`.`service_list_id`
WHERE `sl`.`is_available` = :sl.is_available:
AND `sl`.`status` = :sl.status:
ORDER BY `sl`.`service_name` ASC', [...], false)
 2 APPPATH\Controllers\BranchAdmin\ServiceController.php(97): CodeIgniter\Database\BaseBuilder->get()
 3 SYSTEMPATH\CodeIgniter.php(951): App\Controllers\BranchAdmin\ServiceController->create()
 4 SYSTEMPATH\CodeIgniter.php(497): CodeIgniter\CodeIgniter->runController(Object(App\Controllers\BranchAdmin\ServiceController))
 5 SYSTEMPATH\CodeIgniter.php(340): CodeIgniter\CodeIgniter->handleRequest(null, Object(Config\Cache), false)
 6 SYSTEMPATH\Boot.php(417): CodeIgniter\CodeIgniter->run()
 7 SYSTEMPATH\Boot.php(68): CodeIgniter\Boot::runCodeIgniter(Object(CodeIgniter\CodeIgniter))
 8 FCPATH\index.php(59): CodeIgniter\Boot::bootWeb(Object(Config\Paths))
CRITICAL - 2026-04-18 04:34:53 --> [Caused by] CodeIgniter\Database\Exceptions\DatabaseException: Unknown column 'ps.service_list_id' in 'on clause'
in SYSTEMPATH\Database\MySQLi\Connection.php on line 310.
 1 SYSTEMPATH\Database\BaseConnection.php(910): CodeIgniter\Database\MySQLi\Connection->execute('SELECT `ps`.`package_id`, `sl`.`service_list_id`, `sl`.`service_name`, `sl`.`base_price`
FROM `package_services` `ps`
INNER JOIN `service_list` `sl` ON `sl`.`service_list_id` = `ps`.`service_list_id`
WHERE `sl`.`is_available` = 1
AND `sl`.`status` = \'active\'
ORDER BY `sl`.`service_name` ASC')
 2 SYSTEMPATH\Database\BaseConnection.php(827): CodeIgniter\Database\BaseConnection->simpleQuery('SELECT `ps`.`package_id`, `sl`.`service_list_id`, `sl`.`service_name`, `sl`.`base_price`
FROM `package_services` `ps`
INNER JOIN `service_list` `sl` ON `sl`.`service_list_id` = `ps`.`service_list_id`
WHERE `sl`.`is_available` = 1
AND `sl`.`status` = \'active\'
ORDER BY `sl`.`service_name` ASC')
 3 SYSTEMPATH\Database\BaseBuilder.php(1649): CodeIgniter\Database\BaseConnection->query('SELECT `ps`.`package_id`, `sl`.`service_list_id`, `sl`.`service_name`, `sl`.`base_price`
FROM `package_services` `ps`
INNER JOIN `service_list` `sl` ON `sl`.`service_list_id` = `ps`.`service_list_id`
WHERE `sl`.`is_available` = :sl.is_available:
AND `sl`.`status` = :sl.status:
ORDER BY `sl`.`service_name` ASC', [...], false)
 4 APPPATH\Controllers\BranchAdmin\ServiceController.php(97): CodeIgniter\Database\BaseBuilder->get()
 5 SYSTEMPATH\CodeIgniter.php(951): App\Controllers\BranchAdmin\ServiceController->create()
 6 SYSTEMPATH\CodeIgniter.php(497): CodeIgniter\CodeIgniter->runController(Object(App\Controllers\BranchAdmin\ServiceController))
 7 SYSTEMPATH\CodeIgniter.php(340): CodeIgniter\CodeIgniter->handleRequest(null, Object(Config\Cache), false)
 8 SYSTEMPATH\Boot.php(417): CodeIgniter\CodeIgniter->run()
 9 SYSTEMPATH\Boot.php(68): CodeIgniter\Boot::runCodeIgniter(Object(CodeIgniter\CodeIgniter))
10 FCPATH\index.php(59): CodeIgniter\Boot::bootWeb(Object(Config\Paths))
CRITICAL - 2026-04-18 04:34:53 --> [Caused by] mysqli_sql_exception: Unknown column 'ps.service_list_id' in 'on clause'
in SYSTEMPATH\Database\MySQLi\Connection.php on line 300.
 1 SYSTEMPATH\Database\MySQLi\Connection.php(300): mysqli->query('SELECT `ps`.`package_id`, `sl`.`service_list_id`, `sl`.`service_name`, `sl`.`base_price`
FROM `package_services` `ps`
INNER JOIN `service_list` `sl` ON `sl`.`service_list_id` = `ps`.`service_list_id`
WHERE `sl`.`is_available` = 1
AND `sl`.`status` = \'active\'
ORDER BY `sl`.`service_name` ASC', 0)
 2 SYSTEMPATH\Database\BaseConnection.php(910): CodeIgniter\Database\MySQLi\Connection->execute('SELECT `ps`.`package_id`, `sl`.`service_list_id`, `sl`.`service_name`, `sl`.`base_price`
FROM `package_services` `ps`
INNER JOIN `service_list` `sl` ON `sl`.`service_list_id` = `ps`.`service_list_id`
WHERE `sl`.`is_available` = 1
AND `sl`.`status` = \'active\'
ORDER BY `sl`.`service_name` ASC')
 3 SYSTEMPATH\Database\BaseConnection.php(827): CodeIgniter\Database\BaseConnection->simpleQuery('SELECT `ps`.`package_id`, `sl`.`service_list_id`, `sl`.`service_name`, `sl`.`base_price`
FROM `package_services` `ps`
INNER JOIN `service_list` `sl` ON `sl`.`service_list_id` = `ps`.`service_list_id`
WHERE `sl`.`is_available` = 1
AND `sl`.`status` = \'active\'
ORDER BY `sl`.`service_name` ASC')
 4 SYSTEMPATH\Database\BaseBuilder.php(1649): CodeIgniter\Database\BaseConnection->query('SELECT `ps`.`package_id`, `sl`.`service_list_id`, `sl`.`service_name`, `sl`.`base_price`
FROM `package_services` `ps`
INNER JOIN `service_list` `sl` ON `sl`.`service_list_id` = `ps`.`service_list_id`
WHERE `sl`.`is_available` = :sl.is_available:
AND `sl`.`status` = :sl.status:
ORDER BY `sl`.`service_name` ASC', [...], false)
 5 APPPATH\Controllers\BranchAdmin\ServiceController.php(97): CodeIgniter\Database\BaseBuilder->get()
 6 SYSTEMPATH\CodeIgniter.php(951): App\Controllers\BranchAdmin\ServiceController->create()
 7 SYSTEMPATH\CodeIgniter.php(497): CodeIgniter\CodeIgniter->runController(Object(App\Controllers\BranchAdmin\ServiceController))
 8 SYSTEMPATH\CodeIgniter.php(340): CodeIgniter\CodeIgniter->handleRequest(null, Object(Config\Cache), false)
 9 SYSTEMPATH\Boot.php(417): CodeIgniter\CodeIgniter->run()
10 SYSTEMPATH\Boot.php(68): CodeIgniter\Boot::runCodeIgniter(Object(CodeIgniter\CodeIgniter))
11 FCPATH\index.php(59): CodeIgniter\Boot::bootWeb(Object(Config\Paths))
DEBUG - 2026-04-18 04:37:13 --> Session: Class initialized using 'CodeIgniter\Session\Handlers\FileHandler' driver.
DEBUG - 2026-04-18 04:37:16 --> Session: Class initialized using 'CodeIgniter\Session\Handlers\FileHandler' driver.
DEBUG - 2026-04-18 04:54:31 --> Session: Class initialized using 'CodeIgniter\Session\Handlers\FileHandler' driver.
DEBUG - 2026-04-18 04:54:36 --> Session: Class initialized using 'CodeIgniter\Session\Handlers\FileHandler' driver.
DEBUG - 2026-04-18 04:54:38 --> Session: Class initialized using 'CodeIgniter\Session\Handlers\FileHandler' driver.
DEBUG - 2026-04-18 04:54:45 --> Session: Class initialized using 'CodeIgniter\Session\Handlers\FileHandler' driver.
DEBUG - 2026-04-18 04:54:45 --> Session: Class initialized using 'CodeIgniter\Session\Handlers\FileHandler' driver.
DEBUG - 2026-04-18 04:54:48 --> Session: Class initialized using 'CodeIgniter\Session\Handlers\FileHandler' driver.
DEBUG - 2026-04-18 04:54:56 --> Session: Class initialized using 'CodeIgniter\Session\Handlers\FileHandler' driver.
DEBUG - 2026-04-18 04:54:58 --> Session: Class initialized using 'CodeIgniter\Session\Handlers\FileHandler' driver.
DEBUG - 2026-04-18 04:55:04 --> Session: Class initialized using 'CodeIgniter\Session\Handlers\FileHandler' driver.
DEBUG - 2026-04-18 04:55:12 --> Session: Class initialized using 'CodeIgniter\Session\Handlers\FileHandler' driver.
DEBUG - 2026-04-18 04:55:14 --> Session: Class initialized using 'CodeIgniter\Session\Handlers\FileHandler' driver.
DEBUG - 2026-04-18 04:55:29 --> Session: Class initialized using 'CodeIgniter\Session\Handlers\FileHandler' driver.
DEBUG - 2026-04-18 04:55:37 --> Session: Class initialized using 'CodeIgniter\Session\Handlers\FileHandler' driver.
DEBUG - 2026-04-18 04:55:39 --> Session: Class initialized using 'CodeIgniter\Session\Handlers\FileHandler' driver.
DEBUG - 2026-04-18 04:55:43 --> Session: Class initialized using 'CodeIgniter\Session\Handlers\FileHandler' driver.
DEBUG - 2026-04-18 04:55:56 --> Session: Class initialized using 'CodeIgniter\Session\Handlers\FileHandler' driver.
DEBUG - 2026-04-18 04:56:08 --> Session: Class initialized using 'CodeIgniter\Session\Handlers\FileHandler' driver.
DEBUG - 2026-04-18 04:56:09 --> Session: Class initialized using 'CodeIgniter\Session\Handlers\FileHandler' driver.
DEBUG - 2026-04-18 05:01:35 --> Session: Class initialized using 'CodeIgniter\Session\Handlers\FileHandler' driver.
DEBUG - 2026-04-18 05:01:36 --> Session: Class initialized using 'CodeIgniter\Session\Handlers\FileHandler' driver.
DEBUG - 2026-04-18 05:01:47 --> Session: Class initialized using 'CodeIgniter\Session\Handlers\FileHandler' driver.
DEBUG - 2026-04-18 05:01:49 --> Session: Class initialized using 'CodeIgniter\Session\Handlers\FileHandler' driver.
DEBUG - 2026-04-18 05:01:49 --> Session: Class initialized using 'CodeIgniter\Session\Handlers\FileHandler' driver.
DEBUG - 2026-04-18 05:01:54 --> Session: Class initialized using 'CodeIgniter\Session\Handlers\FileHandler' driver.
DEBUG - 2026-04-18 05:01:57 --> Session: Class initialized using 'CodeIgniter\Session\Handlers\FileHandler' driver.
DEBUG - 2026-04-18 05:02:00 --> Session: Class initialized using 'CodeIgniter\Session\Handlers\FileHandler' driver.
DEBUG - 2026-04-18 05:02:01 --> Session: Class initialized using 'CodeIgniter\Session\Handlers\FileHandler' driver.
DEBUG - 2026-04-18 05:02:27 --> Session: Class initialized using 'CodeIgniter\Session\Handlers\FileHandler' driver.
DEBUG - 2026-04-18 05:02:30 --> Session: Class initialized using 'CodeIgniter\Session\Handlers\FileHandler' driver.
DEBUG - 2026-04-18 05:02:32 --> Session: Class initialized using 'CodeIgniter\Session\Handlers\FileHandler' driver.
DEBUG - 2026-04-18 05:02:33 --> Session: Class initialized using 'CodeIgniter\Session\Handlers\FileHandler' driver.
DEBUG - 2026-04-18 05:02:38 --> Session: Class initialized using 'CodeIgniter\Session\Handlers\FileHandler' driver.
DEBUG - 2026-04-18 05:02:52 --> Session: Class initialized using 'CodeIgniter\Session\Handlers\FileHandler' driver.
DEBUG - 2026-04-18 05:02:52 --> Session: Class initialized using 'CodeIgniter\Session\Handlers\FileHandler' driver.
DEBUG - 2026-04-18 05:02:57 --> Session: Class initialized using 'CodeIgniter\Session\Handlers\FileHandler' driver.
DEBUG - 2026-04-18 05:03:43 --> Session: Class initialized using 'CodeIgniter\Session\Handlers\FileHandler' driver.
DEBUG - 2026-04-18 05:03:43 --> Session: Class initialized using 'CodeIgniter\Session\Handlers\FileHandler' driver.
DEBUG - 2026-04-18 05:04:00 --> Session: Class initialized using 'CodeIgniter\Session\Handlers\FileHandler' driver.
DEBUG - 2026-04-18 05:04:00 --> Session: Class initialized using 'CodeIgniter\Session\Handlers\FileHandler' driver.
DEBUG - 2026-04-18 05:04:19 --> Session: Class initialized using 'CodeIgniter\Session\Handlers\FileHandler' driver.
DEBUG - 2026-04-18 05:04:20 --> Session: Class initialized using 'CodeIgniter\Session\Handlers\FileHandler' driver.
DEBUG - 2026-04-18 05:04:51 --> Session: Class initialized using 'CodeIgniter\Session\Handlers\FileHandler' driver.
DEBUG - 2026-04-18 05:05:38 --> Session: Class initialized using 'CodeIgniter\Session\Handlers\FileHandler' driver.
DEBUG - 2026-04-18 05:05:38 --> Session: Class initialized using 'CodeIgniter\Session\Handlers\FileHandler' driver.
DEBUG - 2026-04-18 05:05:43 --> Session: Class initialized using 'CodeIgniter\Session\Handlers\FileHandler' driver.
DEBUG - 2026-04-18 05:05:44 --> Session: Class initialized using 'CodeIgniter\Session\Handlers\FileHandler' driver.
DEBUG - 2026-04-18 05:05:50 --> Session: Class initialized using 'CodeIgniter\Session\Handlers\FileHandler' driver.
DEBUG - 2026-04-18 05:05:50 --> Session: Class initialized using 'CodeIgniter\Session\Handlers\FileHandler' driver.
DEBUG - 2026-04-18 05:06:00 --> Session: Class initialized using 'CodeIgniter\Session\Handlers\FileHandler' driver.
DEBUG - 2026-04-18 05:06:21 --> Session: Class initialized using 'CodeIgniter\Session\Handlers\FileHandler' driver.
DEBUG - 2026-04-18 05:06:21 --> Session: Class initialized using 'CodeIgniter\Session\Handlers\FileHandler' driver.
DEBUG - 2026-04-18 05:06:21 --> Session: Class initialized using 'CodeIgniter\Session\Handlers\FileHandler' driver.
DEBUG - 2026-04-18 05:06:27 --> Session: Class initialized using 'CodeIgniter\Session\Handlers\FileHandler' driver.
DEBUG - 2026-04-18 05:06:27 --> Session: Class initialized using 'CodeIgniter\Session\Handlers\FileHandler' driver.
DEBUG - 2026-04-18 05:06:30 --> Session: Class initialized using 'CodeIgniter\Session\Handlers\FileHandler' driver.
DEBUG - 2026-04-18 05:06:33 --> Session: Class initialized using 'CodeIgniter\Session\Handlers\FileHandler' driver.
DEBUG - 2026-04-18 05:06:35 --> Session: Class initialized using 'CodeIgniter\Session\Handlers\FileHandler' driver.
DEBUG - 2026-04-18 05:06:39 --> Session: Class initialized using 'CodeIgniter\Session\Handlers\FileHandler' driver.
DEBUG - 2026-04-18 05:06:46 --> Session: Class initialized using 'CodeIgniter\Session\Handlers\FileHandler' driver.
DEBUG - 2026-04-18 05:06:46 --> Session: Class initialized using 'CodeIgniter\Session\Handlers\FileHandler' driver.
DEBUG - 2026-04-18 05:07:32 --> Session: Class initialized using 'CodeIgniter\Session\Handlers\FileHandler' driver.
DEBUG - 2026-04-18 05:07:32 --> Session: Class initialized using 'CodeIgniter\Session\Handlers\FileHandler' driver.
DEBUG - 2026-04-18 05:08:12 --> Session: Class initialized using 'CodeIgniter\Session\Handlers\FileHandler' driver.
DEBUG - 2026-04-18 05:08:15 --> Session: Class initialized using 'CodeIgniter\Session\Handlers\FileHandler' driver.
DEBUG - 2026-04-18 05:08:15 --> Session: Class initialized using 'CodeIgniter\Session\Handlers\FileHandler' driver.
DEBUG - 2026-04-18 05:08:21 --> Session: Class initialized using 'CodeIgniter\Session\Handlers\FileHandler' driver.
DEBUG - 2026-04-18 05:08:21 --> Session: Class initialized using 'CodeIgniter\Session\Handlers\FileHandler' driver.
DEBUG - 2026-04-18 05:08:23 --> Session: Class initialized using 'CodeIgniter\Session\Handlers\FileHandler' driver.
DEBUG - 2026-04-18 05:09:03 --> Session: Class initialized using 'CodeIgniter\Session\Handlers\FileHandler' driver.
DEBUG - 2026-04-18 05:09:03 --> Session: Class initialized using 'CodeIgniter\Session\Handlers\FileHandler' driver.
DEBUG - 2026-04-18 05:17:25 --> Session: Class initialized using 'CodeIgniter\Session\Handlers\FileHandler' driver.
DEBUG - 2026-04-18 05:17:26 --> Session: Class initialized using 'CodeIgniter\Session\Handlers\FileHandler' driver.
DEBUG - 2026-04-18 05:17:33 --> Session: Class initialized using 'CodeIgniter\Session\Handlers\FileHandler' driver.
DEBUG - 2026-04-18 05:17:33 --> Session: Class initialized using 'CodeIgniter\Session\Handlers\FileHandler' driver.
DEBUG - 2026-04-18 05:21:47 --> Session: Class initialized using 'CodeIgniter\Session\Handlers\FileHandler' driver.
DEBUG - 2026-04-18 05:22:03 --> Session: Class initialized using 'CodeIgniter\Session\Handlers\FileHandler' driver.
DEBUG - 2026-04-18 05:22:17 --> Session: Class initialized using 'CodeIgniter\Session\Handlers\FileHandler' driver.
DEBUG - 2026-04-18 05:22:17 --> Session: Class initialized using 'CodeIgniter\Session\Handlers\FileHandler' driver.
DEBUG - 2026-04-18 05:22:22 --> Session: Class initialized using 'CodeIgniter\Session\Handlers\FileHandler' driver.
DEBUG - 2026-04-18 05:22:23 --> Session: Class initialized using 'CodeIgniter\Session\Handlers\FileHandler' driver.
DEBUG - 2026-04-18 05:22:25 --> Session: Class initialized using 'CodeIgniter\Session\Handlers\FileHandler' driver.
DEBUG - 2026-04-18 05:22:29 --> Session: Class initialized using 'CodeIgniter\Session\Handlers\FileHandler' driver.
DEBUG - 2026-04-18 05:22:31 --> Session: Class initialized using 'CodeIgniter\Session\Handlers\FileHandler' driver.
DEBUG - 2026-04-18 05:22:35 --> Session: Class initialized using 'CodeIgniter\Session\Handlers\FileHandler' driver.
DEBUG - 2026-04-18 05:22:37 --> Session: Class initialized using 'CodeIgniter\Session\Handlers\FileHandler' driver.
DEBUG - 2026-04-18 05:22:40 --> Session: Class initialized using 'CodeIgniter\Session\Handlers\FileHandler' driver.
DEBUG - 2026-04-18 05:22:42 --> Session: Class initialized using 'CodeIgniter\Session\Handlers\FileHandler' driver.
DEBUG - 2026-04-18 05:22:45 --> Session: Class initialized using 'CodeIgniter\Session\Handlers\FileHandler' driver.
DEBUG - 2026-04-18 05:22:46 --> Session: Class initialized using 'CodeIgniter\Session\Handlers\FileHandler' driver.
DEBUG - 2026-04-18 05:22:50 --> Session: Class initialized using 'CodeIgniter\Session\Handlers\FileHandler' driver.
DEBUG - 2026-04-18 05:22:50 --> Session: Class initialized using 'CodeIgniter\Session\Handlers\FileHandler' driver.
DEBUG - 2026-04-18 05:22:54 --> Session: Class initialized using 'CodeIgniter\Session\Handlers\FileHandler' driver.
DEBUG - 2026-04-18 05:22:56 --> Session: Class initialized using 'CodeIgniter\Session\Handlers\FileHandler' driver.
ERROR - 2026-04-18 05:22:56 --> Unknown column 'ps.service_list_id' in 'on clause'
in SYSTEMPATH\Database\MySQLi\Connection.php on line 300.
 1 SYSTEMPATH\Database\MySQLi\Connection.php(300): mysqli->query('SELECT `ps`.`package_id`, `sl`.`service_list_id`, `sl`.`service_name`, `sl`.`base_price`
FROM `package_services` `ps`
INNER JOIN `service_list` `sl` ON `sl`.`service_list_id` = `ps`.`service_list_id`
WHERE `sl`.`is_available` = 1
AND `sl`.`status` = \'active\'
ORDER BY `sl`.`service_name` ASC', 0)
 2 SYSTEMPATH\Database\BaseConnection.php(910): CodeIgniter\Database\MySQLi\Connection->execute('SELECT `ps`.`package_id`, `sl`.`service_list_id`, `sl`.`service_name`, `sl`.`base_price`
FROM `package_services` `ps`
INNER JOIN `service_list` `sl` ON `sl`.`service_list_id` = `ps`.`service_list_id`
WHERE `sl`.`is_available` = 1
AND `sl`.`status` = \'active\'
ORDER BY `sl`.`service_name` ASC')
 3 SYSTEMPATH\Database\BaseConnection.php(827): CodeIgniter\Database\BaseConnection->simpleQuery('SELECT `ps`.`package_id`, `sl`.`service_list_id`, `sl`.`service_name`, `sl`.`base_price`
FROM `package_services` `ps`
INNER JOIN `service_list` `sl` ON `sl`.`service_list_id` = `ps`.`service_list_id`
WHERE `sl`.`is_available` = 1
AND `sl`.`status` = \'active\'
ORDER BY `sl`.`service_name` ASC')
 4 SYSTEMPATH\Database\BaseBuilder.php(1649): CodeIgniter\Database\BaseConnection->query('SELECT `ps`.`package_id`, `sl`.`service_list_id`, `sl`.`service_name`, `sl`.`base_price`
FROM `package_services` `ps`
INNER JOIN `service_list` `sl` ON `sl`.`service_list_id` = `ps`.`service_list_id`
WHERE `sl`.`is_available` = :sl.is_available:
AND `sl`.`status` = :sl.status:
ORDER BY `sl`.`service_name` ASC', [...], false)
 5 APPPATH\Controllers\BranchAdmin\ServiceController.php(97): CodeIgniter\Database\BaseBuilder->get()
 6 SYSTEMPATH\CodeIgniter.php(951): App\Controllers\BranchAdmin\ServiceController->create()
 7 SYSTEMPATH\CodeIgniter.php(497): CodeIgniter\CodeIgniter->runController(Object(App\Controllers\BranchAdmin\ServiceController))
 8 SYSTEMPATH\CodeIgniter.php(340): CodeIgniter\CodeIgniter->handleRequest(null, Object(Config\Cache), false)
 9 SYSTEMPATH\Boot.php(417): CodeIgniter\CodeIgniter->run()
10 SYSTEMPATH\Boot.php(68): CodeIgniter\Boot::runCodeIgniter(Object(CodeIgniter\CodeIgniter))
11 FCPATH\index.php(59): CodeIgniter\Boot::bootWeb(Object(Config\Paths))
CRITICAL - 2026-04-18 05:22:56 --> CodeIgniter\Database\Exceptions\DatabaseException: Unknown column 'ps.service_list_id' in 'on clause'
[Method: GET, Route: branch-admin/service-package/schedule]
in SYSTEMPATH\Database\BaseConnection.php on line 865.
 1 SYSTEMPATH\Database\BaseBuilder.php(1649): CodeIgniter\Database\BaseConnection->query('SELECT `ps`.`package_id`, `sl`.`service_list_id`, `sl`.`service_name`, `sl`.`base_price`
FROM `package_services` `ps`
INNER JOIN `service_list` `sl` ON `sl`.`service_list_id` = `ps`.`service_list_id`
WHERE `sl`.`is_available` = :sl.is_available:
AND `sl`.`status` = :sl.status:
ORDER BY `sl`.`service_name` ASC', [...], false)
 2 APPPATH\Controllers\BranchAdmin\ServiceController.php(97): CodeIgniter\Database\BaseBuilder->get()
 3 SYSTEMPATH\CodeIgniter.php(951): App\Controllers\BranchAdmin\ServiceController->create()
 4 SYSTEMPATH\CodeIgniter.php(497): CodeIgniter\CodeIgniter->runController(Object(App\Controllers\BranchAdmin\ServiceController))
 5 SYSTEMPATH\CodeIgniter.php(340): CodeIgniter\CodeIgniter->handleRequest(null, Object(Config\Cache), false)
 6 SYSTEMPATH\Boot.php(417): CodeIgniter\CodeIgniter->run()
 7 SYSTEMPATH\Boot.php(68): CodeIgniter\Boot::runCodeIgniter(Object(CodeIgniter\CodeIgniter))
 8 FCPATH\index.php(59): CodeIgniter\Boot::bootWeb(Object(Config\Paths))
CRITICAL - 2026-04-18 05:22:56 --> [Caused by] CodeIgniter\Database\Exceptions\DatabaseException: Unknown column 'ps.service_list_id' in 'on clause'
in SYSTEMPATH\Database\MySQLi\Connection.php on line 310.
 1 SYSTEMPATH\Database\BaseConnection.php(910): CodeIgniter\Database\MySQLi\Connection->execute('SELECT `ps`.`package_id`, `sl`.`service_list_id`, `sl`.`service_name`, `sl`.`base_price`
FROM `package_services` `ps`
INNER JOIN `service_list` `sl` ON `sl`.`service_list_id` = `ps`.`service_list_id`
WHERE `sl`.`is_available` = 1
AND `sl`.`status` = \'active\'
ORDER BY `sl`.`service_name` ASC')
 2 SYSTEMPATH\Database\BaseConnection.php(827): CodeIgniter\Database\BaseConnection->simpleQuery('SELECT `ps`.`package_id`, `sl`.`service_list_id`, `sl`.`service_name`, `sl`.`base_price`
FROM `package_services` `ps`
INNER JOIN `service_list` `sl` ON `sl`.`service_list_id` = `ps`.`service_list_id`
WHERE `sl`.`is_available` = 1
AND `sl`.`status` = \'active\'
ORDER BY `sl`.`service_name` ASC')
 3 SYSTEMPATH\Database\BaseBuilder.php(1649): CodeIgniter\Database\BaseConnection->query('SELECT `ps`.`package_id`, `sl`.`service_list_id`, `sl`.`service_name`, `sl`.`base_price`
FROM `package_services` `ps`
INNER JOIN `service_list` `sl` ON `sl`.`service_list_id` = `ps`.`service_list_id`
WHERE `sl`.`is_available` = :sl.is_available:
AND `sl`.`status` = :sl.status:
ORDER BY `sl`.`service_name` ASC', [...], false)
 4 APPPATH\Controllers\BranchAdmin\ServiceController.php(97): CodeIgniter\Database\BaseBuilder->get()
 5 SYSTEMPATH\CodeIgniter.php(951): App\Controllers\BranchAdmin\ServiceController->create()
 6 SYSTEMPATH\CodeIgniter.php(497): CodeIgniter\CodeIgniter->runController(Object(App\Controllers\BranchAdmin\ServiceController))
 7 SYSTEMPATH\CodeIgniter.php(340): CodeIgniter\CodeIgniter->handleRequest(null, Object(Config\Cache), false)
 8 SYSTEMPATH\Boot.php(417): CodeIgniter\CodeIgniter->run()
 9 SYSTEMPATH\Boot.php(68): CodeIgniter\Boot::runCodeIgniter(Object(CodeIgniter\CodeIgniter))
10 FCPATH\index.php(59): CodeIgniter\Boot::bootWeb(Object(Config\Paths))
CRITICAL - 2026-04-18 05:22:56 --> [Caused by] mysqli_sql_exception: Unknown column 'ps.service_list_id' in 'on clause'
in SYSTEMPATH\Database\MySQLi\Connection.php on line 300.
 1 SYSTEMPATH\Database\MySQLi\Connection.php(300): mysqli->query('SELECT `ps`.`package_id`, `sl`.`service_list_id`, `sl`.`service_name`, `sl`.`base_price`
FROM `package_services` `ps`
INNER JOIN `service_list` `sl` ON `sl`.`service_list_id` = `ps`.`service_list_id`
WHERE `sl`.`is_available` = 1
AND `sl`.`status` = \'active\'
ORDER BY `sl`.`service_name` ASC', 0)
 2 SYSTEMPATH\Database\BaseConnection.php(910): CodeIgniter\Database\MySQLi\Connection->execute('SELECT `ps`.`package_id`, `sl`.`service_list_id`, `sl`.`service_name`, `sl`.`base_price`
FROM `package_services` `ps`
INNER JOIN `service_list` `sl` ON `sl`.`service_list_id` = `ps`.`service_list_id`
WHERE `sl`.`is_available` = 1
AND `sl`.`status` = \'active\'
ORDER BY `sl`.`service_name` ASC')
 3 SYSTEMPATH\Database\BaseConnection.php(827): CodeIgniter\Database\BaseConnection->simpleQuery('SELECT `ps`.`package_id`, `sl`.`service_list_id`, `sl`.`service_name`, `sl`.`base_price`
FROM `package_services` `ps`
INNER JOIN `service_list` `sl` ON `sl`.`service_list_id` = `ps`.`service_list_id`
WHERE `sl`.`is_available` = 1
AND `sl`.`status` = \'active\'
ORDER BY `sl`.`service_name` ASC')
 4 SYSTEMPATH\Database\BaseBuilder.php(1649): CodeIgniter\Database\BaseConnection->query('SELECT `ps`.`package_id`, `sl`.`service_list_id`, `sl`.`service_name`, `sl`.`base_price`
FROM `package_services` `ps`
INNER JOIN `service_list` `sl` ON `sl`.`service_list_id` = `ps`.`service_list_id`
WHERE `sl`.`is_available` = :sl.is_available:
AND `sl`.`status` = :sl.status:
ORDER BY `sl`.`service_name` ASC', [...], false)
 5 APPPATH\Controllers\BranchAdmin\ServiceController.php(97): CodeIgniter\Database\BaseBuilder->get()
 6 SYSTEMPATH\CodeIgniter.php(951): App\Controllers\BranchAdmin\ServiceController->create()
 7 SYSTEMPATH\CodeIgniter.php(497): CodeIgniter\CodeIgniter->runController(Object(App\Controllers\BranchAdmin\ServiceController))
 8 SYSTEMPATH\CodeIgniter.php(340): CodeIgniter\CodeIgniter->handleRequest(null, Object(Config\Cache), false)
 9 SYSTEMPATH\Boot.php(417): CodeIgniter\CodeIgniter->run()
10 SYSTEMPATH\Boot.php(68): CodeIgniter\Boot::runCodeIgniter(Object(CodeIgniter\CodeIgniter))
11 FCPATH\index.php(59): CodeIgniter\Boot::bootWeb(Object(Config\Paths))
DEBUG - 2026-04-18 05:24:13 --> Session: Class initialized using 'CodeIgniter\Session\Handlers\FileHandler' driver.
DEBUG - 2026-04-18 05:32:41 --> Session: Class initialized using 'CodeIgniter\Session\Handlers\FileHandler' driver.
DEBUG - 2026-04-18 05:32:44 --> Session: Class initialized using 'CodeIgniter\Session\Handlers\FileHandler' driver.
DEBUG - 2026-04-18 05:40:50 --> Session: Class initialized using 'CodeIgniter\Session\Handlers\FileHandler' driver.
ERROR - 2026-04-18 05:40:50 --> Unknown column 'ps.service_list_id' in 'on clause'
in SYSTEMPATH\Database\MySQLi\Connection.php on line 300.
 1 SYSTEMPATH\Database\MySQLi\Connection.php(300): mysqli->query('SELECT `ps`.`package_id`, `sl`.`service_list_id`, `sl`.`service_name`, `sl`.`base_price`
FROM `package_services` `ps`
INNER JOIN `service_list` `sl` ON `sl`.`service_list_id` = `ps`.`service_list_id`
WHERE `sl`.`is_available` = 1
AND `sl`.`status` = \'active\'
ORDER BY `sl`.`service_name` ASC', 0)
 2 SYSTEMPATH\Database\BaseConnection.php(910): CodeIgniter\Database\MySQLi\Connection->execute('SELECT `ps`.`package_id`, `sl`.`service_list_id`, `sl`.`service_name`, `sl`.`base_price`
FROM `package_services` `ps`
INNER JOIN `service_list` `sl` ON `sl`.`service_list_id` = `ps`.`service_list_id`
WHERE `sl`.`is_available` = 1
AND `sl`.`status` = \'active\'
ORDER BY `sl`.`service_name` ASC')
 3 SYSTEMPATH\Database\BaseConnection.php(827): CodeIgniter\Database\BaseConnection->simpleQuery('SELECT `ps`.`package_id`, `sl`.`service_list_id`, `sl`.`service_name`, `sl`.`base_price`
FROM `package_services` `ps`
INNER JOIN `service_list` `sl` ON `sl`.`service_list_id` = `ps`.`service_list_id`
WHERE `sl`.`is_available` = 1
AND `sl`.`status` = \'active\'
ORDER BY `sl`.`service_name` ASC')
 4 SYSTEMPATH\Database\BaseBuilder.php(1649): CodeIgniter\Database\BaseConnection->query('SELECT `ps`.`package_id`, `sl`.`service_list_id`, `sl`.`service_name`, `sl`.`base_price`
FROM `package_services` `ps`
INNER JOIN `service_list` `sl` ON `sl`.`service_list_id` = `ps`.`service_list_id`
WHERE `sl`.`is_available` = :sl.is_available:
AND `sl`.`status` = :sl.status:
ORDER BY `sl`.`service_name` ASC', [...], false)
 5 APPPATH\Controllers\BranchAdmin\ServiceController.php(97): CodeIgniter\Database\BaseBuilder->get()
 6 SYSTEMPATH\CodeIgniter.php(951): App\Controllers\BranchAdmin\ServiceController->create()
 7 SYSTEMPATH\CodeIgniter.php(497): CodeIgniter\CodeIgniter->runController(Object(App\Controllers\BranchAdmin\ServiceController))
 8 SYSTEMPATH\CodeIgniter.php(340): CodeIgniter\CodeIgniter->handleRequest(null, Object(Config\Cache), false)
 9 SYSTEMPATH\Boot.php(417): CodeIgniter\CodeIgniter->run()
10 SYSTEMPATH\Boot.php(68): CodeIgniter\Boot::runCodeIgniter(Object(CodeIgniter\CodeIgniter))
11 FCPATH\index.php(59): CodeIgniter\Boot::bootWeb(Object(Config\Paths))
CRITICAL - 2026-04-18 05:40:50 --> CodeIgniter\Database\Exceptions\DatabaseException: Unknown column 'ps.service_list_id' in 'on clause'
[Method: GET, Route: branch-admin/service-package/schedule]
in SYSTEMPATH\Database\BaseConnection.php on line 865.
 1 SYSTEMPATH\Database\BaseBuilder.php(1649): CodeIgniter\Database\BaseConnection->query('SELECT `ps`.`package_id`, `sl`.`service_list_id`, `sl`.`service_name`, `sl`.`base_price`
FROM `package_services` `ps`
INNER JOIN `service_list` `sl` ON `sl`.`service_list_id` = `ps`.`service_list_id`
WHERE `sl`.`is_available` = :sl.is_available:
AND `sl`.`status` = :sl.status:
ORDER BY `sl`.`service_name` ASC', [...], false)
 2 APPPATH\Controllers\BranchAdmin\ServiceController.php(97): CodeIgniter\Database\BaseBuilder->get()
 3 SYSTEMPATH\CodeIgniter.php(951): App\Controllers\BranchAdmin\ServiceController->create()
 4 SYSTEMPATH\CodeIgniter.php(497): CodeIgniter\CodeIgniter->runController(Object(App\Controllers\BranchAdmin\ServiceController))
 5 SYSTEMPATH\CodeIgniter.php(340): CodeIgniter\CodeIgniter->handleRequest(null, Object(Config\Cache), false)
 6 SYSTEMPATH\Boot.php(417): CodeIgniter\CodeIgniter->run()
 7 SYSTEMPATH\Boot.php(68): CodeIgniter\Boot::runCodeIgniter(Object(CodeIgniter\CodeIgniter))
 8 FCPATH\index.php(59): CodeIgniter\Boot::bootWeb(Object(Config\Paths))
CRITICAL - 2026-04-18 05:40:50 --> [Caused by] CodeIgniter\Database\Exceptions\DatabaseException: Unknown column 'ps.service_list_id' in 'on clause'
in SYSTEMPATH\Database\MySQLi\Connection.php on line 310.
 1 SYSTEMPATH\Database\BaseConnection.php(910): CodeIgniter\Database\MySQLi\Connection->execute('SELECT `ps`.`package_id`, `sl`.`service_list_id`, `sl`.`service_name`, `sl`.`base_price`
FROM `package_services` `ps`
INNER JOIN `service_list` `sl` ON `sl`.`service_list_id` = `ps`.`service_list_id`
WHERE `sl`.`is_available` = 1
AND `sl`.`status` = \'active\'
ORDER BY `sl`.`service_name` ASC')
 2 SYSTEMPATH\Database\BaseConnection.php(827): CodeIgniter\Database\BaseConnection->simpleQuery('SELECT `ps`.`package_id`, `sl`.`service_list_id`, `sl`.`service_name`, `sl`.`base_price`
FROM `package_services` `ps`
INNER JOIN `service_list` `sl` ON `sl`.`service_list_id` = `ps`.`service_list_id`
WHERE `sl`.`is_available` = 1
AND `sl`.`status` = \'active\'
ORDER BY `sl`.`service_name` ASC')
 3 SYSTEMPATH\Database\BaseBuilder.php(1649): CodeIgniter\Database\BaseConnection->query('SELECT `ps`.`package_id`, `sl`.`service_list_id`, `sl`.`service_name`, `sl`.`base_price`
FROM `package_services` `ps`
INNER JOIN `service_list` `sl` ON `sl`.`service_list_id` = `ps`.`service_list_id`
WHERE `sl`.`is_available` = :sl.is_available:
AND `sl`.`status` = :sl.status:
ORDER BY `sl`.`service_name` ASC', [...], false)
 4 APPPATH\Controllers\BranchAdmin\ServiceController.php(97): CodeIgniter\Database\BaseBuilder->get()
 5 SYSTEMPATH\CodeIgniter.php(951): App\Controllers\BranchAdmin\ServiceController->create()
 6 SYSTEMPATH\CodeIgniter.php(497): CodeIgniter\CodeIgniter->runController(Object(App\Controllers\BranchAdmin\ServiceController))
 7 SYSTEMPATH\CodeIgniter.php(340): CodeIgniter\CodeIgniter->handleRequest(null, Object(Config\Cache), false)
 8 SYSTEMPATH\Boot.php(417): CodeIgniter\CodeIgniter->run()
 9 SYSTEMPATH\Boot.php(68): CodeIgniter\Boot::runCodeIgniter(Object(CodeIgniter\CodeIgniter))
10 FCPATH\index.php(59): CodeIgniter\Boot::bootWeb(Object(Config\Paths))
CRITICAL - 2026-04-18 05:40:50 --> [Caused by] mysqli_sql_exception: Unknown column 'ps.service_list_id' in 'on clause'
in SYSTEMPATH\Database\MySQLi\Connection.php on line 300.
 1 SYSTEMPATH\Database\MySQLi\Connection.php(300): mysqli->query('SELECT `ps`.`package_id`, `sl`.`service_list_id`, `sl`.`service_name`, `sl`.`base_price`
FROM `package_services` `ps`
INNER JOIN `service_list` `sl` ON `sl`.`service_list_id` = `ps`.`service_list_id`
WHERE `sl`.`is_available` = 1
AND `sl`.`status` = \'active\'
ORDER BY `sl`.`service_name` ASC', 0)
 2 SYSTEMPATH\Database\BaseConnection.php(910): CodeIgniter\Database\MySQLi\Connection->execute('SELECT `ps`.`package_id`, `sl`.`service_list_id`, `sl`.`service_name`, `sl`.`base_price`
FROM `package_services` `ps`
INNER JOIN `service_list` `sl` ON `sl`.`service_list_id` = `ps`.`service_list_id`
WHERE `sl`.`is_available` = 1
AND `sl`.`status` = \'active\'
ORDER BY `sl`.`service_name` ASC')
 3 SYSTEMPATH\Database\BaseConnection.php(827): CodeIgniter\Database\BaseConnection->simpleQuery('SELECT `ps`.`package_id`, `sl`.`service_list_id`, `sl`.`service_name`, `sl`.`base_price`
FROM `package_services` `ps`
INNER JOIN `service_list` `sl` ON `sl`.`service_list_id` = `ps`.`service_list_id`
WHERE `sl`.`is_available` = 1
AND `sl`.`status` = \'active\'
ORDER BY `sl`.`service_name` ASC')
 4 SYSTEMPATH\Database\BaseBuilder.php(1649): CodeIgniter\Database\BaseConnection->query('SELECT `ps`.`package_id`, `sl`.`service_list_id`, `sl`.`service_name`, `sl`.`base_price`
FROM `package_services` `ps`
INNER JOIN `service_list` `sl` ON `sl`.`service_list_id` = `ps`.`service_list_id`
WHERE `sl`.`is_available` = :sl.is_available:
AND `sl`.`status` = :sl.status:
ORDER BY `sl`.`service_name` ASC', [...], false)
 5 APPPATH\Controllers\BranchAdmin\ServiceController.php(97): CodeIgniter\Database\BaseBuilder->get()
 6 SYSTEMPATH\CodeIgniter.php(951): App\Controllers\BranchAdmin\ServiceController->create()
 7 SYSTEMPATH\CodeIgniter.php(497): CodeIgniter\CodeIgniter->runController(Object(App\Controllers\BranchAdmin\ServiceController))
 8 SYSTEMPATH\CodeIgniter.php(340): CodeIgniter\CodeIgniter->handleRequest(null, Object(Config\Cache), false)
 9 SYSTEMPATH\Boot.php(417): CodeIgniter\CodeIgniter->run()
10 SYSTEMPATH\Boot.php(68): CodeIgniter\Boot::runCodeIgniter(Object(CodeIgniter\CodeIgniter))
11 FCPATH\index.php(59): CodeIgniter\Boot::bootWeb(Object(Config\Paths))
DEBUG - 2026-04-18 05:40:54 --> Session: Class initialized using 'CodeIgniter\Session\Handlers\FileHandler' driver.
DEBUG - 2026-04-18 05:41:00 --> Session: Class initialized using 'CodeIgniter\Session\Handlers\FileHandler' driver.
DEBUG - 2026-04-18 05:41:02 --> Session: Class initialized using 'CodeIgniter\Session\Handlers\FileHandler' driver.
DEBUG - 2026-04-18 05:41:02 --> Session: Class initialized using 'CodeIgniter\Session\Handlers\FileHandler' driver.
DEBUG - 2026-04-18 05:41:04 --> Session: Class initialized using 'CodeIgniter\Session\Handlers\FileHandler' driver.
DEBUG - 2026-04-18 05:41:08 --> Session: Class initialized using 'CodeIgniter\Session\Handlers\FileHandler' driver.
ERROR - 2026-04-18 05:41:08 --> Unknown column 'ps.service_list_id' in 'on clause'
in SYSTEMPATH\Database\MySQLi\Connection.php on line 300.
 1 SYSTEMPATH\Database\MySQLi\Connection.php(300): mysqli->query('SELECT `ps`.`package_id`, `sl`.`service_list_id`, `sl`.`service_name`, `sl`.`base_price`
FROM `package_services` `ps`
INNER JOIN `service_list` `sl` ON `sl`.`service_list_id` = `ps`.`service_list_id`
WHERE `sl`.`is_available` = 1
AND `sl`.`status` = \'active\'
ORDER BY `sl`.`service_name` ASC', 0)
 2 SYSTEMPATH\Database\BaseConnection.php(910): CodeIgniter\Database\MySQLi\Connection->execute('SELECT `ps`.`package_id`, `sl`.`service_list_id`, `sl`.`service_name`, `sl`.`base_price`
FROM `package_services` `ps`
INNER JOIN `service_list` `sl` ON `sl`.`service_list_id` = `ps`.`service_list_id`
WHERE `sl`.`is_available` = 1
AND `sl`.`status` = \'active\'
ORDER BY `sl`.`service_name` ASC')
 3 SYSTEMPATH\Database\BaseConnection.php(827): CodeIgniter\Database\BaseConnection->simpleQuery('SELECT `ps`.`package_id`, `sl`.`service_list_id`, `sl`.`service_name`, `sl`.`base_price`
FROM `package_services` `ps`
INNER JOIN `service_list` `sl` ON `sl`.`service_list_id` = `ps`.`service_list_id`
WHERE `sl`.`is_available` = 1
AND `sl`.`status` = \'active\'
ORDER BY `sl`.`service_name` ASC')
 4 SYSTEMPATH\Database\BaseBuilder.php(1649): CodeIgniter\Database\BaseConnection->query('SELECT `ps`.`package_id`, `sl`.`service_list_id`, `sl`.`service_name`, `sl`.`base_price`
FROM `package_services` `ps`
INNER JOIN `service_list` `sl` ON `sl`.`service_list_id` = `ps`.`service_list_id`
WHERE `sl`.`is_available` = :sl.is_available:
AND `sl`.`status` = :sl.status:
ORDER BY `sl`.`service_name` ASC', [...], false)
 5 APPPATH\Controllers\BranchAdmin\ServiceController.php(97): CodeIgniter\Database\BaseBuilder->get()
 6 SYSTEMPATH\CodeIgniter.php(951): App\Controllers\BranchAdmin\ServiceController->create()
 7 SYSTEMPATH\CodeIgniter.php(497): CodeIgniter\CodeIgniter->runController(Object(App\Controllers\BranchAdmin\ServiceController))
 8 SYSTEMPATH\CodeIgniter.php(340): CodeIgniter\CodeIgniter->handleRequest(null, Object(Config\Cache), false)
 9 SYSTEMPATH\Boot.php(417): CodeIgniter\CodeIgniter->run()
10 SYSTEMPATH\Boot.php(68): CodeIgniter\Boot::runCodeIgniter(Object(CodeIgniter\CodeIgniter))
11 FCPATH\index.php(59): CodeIgniter\Boot::bootWeb(Object(Config\Paths))
CRITICAL - 2026-04-18 05:41:08 --> CodeIgniter\Database\Exceptions\DatabaseException: Unknown column 'ps.service_list_id' in 'on clause'
[Method: GET, Route: branch-admin/service-package/schedule]
in SYSTEMPATH\Database\BaseConnection.php on line 865.
 1 SYSTEMPATH\Database\BaseBuilder.php(1649): CodeIgniter\Database\BaseConnection->query('SELECT `ps`.`package_id`, `sl`.`service_list_id`, `sl`.`service_name`, `sl`.`base_price`
FROM `package_services` `ps`
INNER JOIN `service_list` `sl` ON `sl`.`service_list_id` = `ps`.`service_list_id`
WHERE `sl`.`is_available` = :sl.is_available:
AND `sl`.`status` = :sl.status:
ORDER BY `sl`.`service_name` ASC', [...], false)
 2 APPPATH\Controllers\BranchAdmin\ServiceController.php(97): CodeIgniter\Database\BaseBuilder->get()
 3 SYSTEMPATH\CodeIgniter.php(951): App\Controllers\BranchAdmin\ServiceController->create()
 4 SYSTEMPATH\CodeIgniter.php(497): CodeIgniter\CodeIgniter->runController(Object(App\Controllers\BranchAdmin\ServiceController))
 5 SYSTEMPATH\CodeIgniter.php(340): CodeIgniter\CodeIgniter->handleRequest(null, Object(Config\Cache), false)
 6 SYSTEMPATH\Boot.php(417): CodeIgniter\CodeIgniter->run()
 7 SYSTEMPATH\Boot.php(68): CodeIgniter\Boot::runCodeIgniter(Object(CodeIgniter\CodeIgniter))
 8 FCPATH\index.php(59): CodeIgniter\Boot::bootWeb(Object(Config\Paths))
CRITICAL - 2026-04-18 05:41:08 --> [Caused by] CodeIgniter\Database\Exceptions\DatabaseException: Unknown column 'ps.service_list_id' in 'on clause'
in SYSTEMPATH\Database\MySQLi\Connection.php on line 310.
 1 SYSTEMPATH\Database\BaseConnection.php(910): CodeIgniter\Database\MySQLi\Connection->execute('SELECT `ps`.`package_id`, `sl`.`service_list_id`, `sl`.`service_name`, `sl`.`base_price`
FROM `package_services` `ps`
INNER JOIN `service_list` `sl` ON `sl`.`service_list_id` = `ps`.`service_list_id`
WHERE `sl`.`is_available` = 1
AND `sl`.`status` = \'active\'
ORDER BY `sl`.`service_name` ASC')
 2 SYSTEMPATH\Database\BaseConnection.php(827): CodeIgniter\Database\BaseConnection->simpleQuery('SELECT `ps`.`package_id`, `sl`.`service_list_id`, `sl`.`service_name`, `sl`.`base_price`
FROM `package_services` `ps`
INNER JOIN `service_list` `sl` ON `sl`.`service_list_id` = `ps`.`service_list_id`
WHERE `sl`.`is_available` = 1
AND `sl`.`status` = \'active\'
ORDER BY `sl`.`service_name` ASC')
 3 SYSTEMPATH\Database\BaseBuilder.php(1649): CodeIgniter\Database\BaseConnection->query('SELECT `ps`.`package_id`, `sl`.`service_list_id`, `sl`.`service_name`, `sl`.`base_price`
FROM `package_services` `ps`
INNER JOIN `service_list` `sl` ON `sl`.`service_list_id` = `ps`.`service_list_id`
WHERE `sl`.`is_available` = :sl.is_available:
AND `sl`.`status` = :sl.status:
ORDER BY `sl`.`service_name` ASC', [...], false)
 4 APPPATH\Controllers\BranchAdmin\ServiceController.php(97): CodeIgniter\Database\BaseBuilder->get()
 5 SYSTEMPATH\CodeIgniter.php(951): App\Controllers\BranchAdmin\ServiceController->create()
 6 SYSTEMPATH\CodeIgniter.php(497): CodeIgniter\CodeIgniter->runController(Object(App\Controllers\BranchAdmin\ServiceController))
 7 SYSTEMPATH\CodeIgniter.php(340): CodeIgniter\CodeIgniter->handleRequest(null, Object(Config\Cache), false)
 8 SYSTEMPATH\Boot.php(417): CodeIgniter\CodeIgniter->run()
 9 SYSTEMPATH\Boot.php(68): CodeIgniter\Boot::runCodeIgniter(Object(CodeIgniter\CodeIgniter))
10 FCPATH\index.php(59): CodeIgniter\Boot::bootWeb(Object(Config\Paths))
CRITICAL - 2026-04-18 05:41:08 --> [Caused by] mysqli_sql_exception: Unknown column 'ps.service_list_id' in 'on clause'
in SYSTEMPATH\Database\MySQLi\Connection.php on line 300.
 1 SYSTEMPATH\Database\MySQLi\Connection.php(300): mysqli->query('SELECT `ps`.`package_id`, `sl`.`service_list_id`, `sl`.`service_name`, `sl`.`base_price`
FROM `package_services` `ps`
INNER JOIN `service_list` `sl` ON `sl`.`service_list_id` = `ps`.`service_list_id`
WHERE `sl`.`is_available` = 1
AND `sl`.`status` = \'active\'
ORDER BY `sl`.`service_name` ASC', 0)
 2 SYSTEMPATH\Database\BaseConnection.php(910): CodeIgniter\Database\MySQLi\Connection->execute('SELECT `ps`.`package_id`, `sl`.`service_list_id`, `sl`.`service_name`, `sl`.`base_price`
FROM `package_services` `ps`
INNER JOIN `service_list` `sl` ON `sl`.`service_list_id` = `ps`.`service_list_id`
WHERE `sl`.`is_available` = 1
AND `sl`.`status` = \'active\'
ORDER BY `sl`.`service_name` ASC')
 3 SYSTEMPATH\Database\BaseConnection.php(827): CodeIgniter\Database\BaseConnection->simpleQuery('SELECT `ps`.`package_id`, `sl`.`service_list_id`, `sl`.`service_name`, `sl`.`base_price`
FROM `package_services` `ps`
INNER JOIN `service_list` `sl` ON `sl`.`service_list_id` = `ps`.`service_list_id`
WHERE `sl`.`is_available` = 1
AND `sl`.`status` = \'active\'
ORDER BY `sl`.`service_name` ASC')
 4 SYSTEMPATH\Database\BaseBuilder.php(1649): CodeIgniter\Database\BaseConnection->query('SELECT `ps`.`package_id`, `sl`.`service_list_id`, `sl`.`service_name`, `sl`.`base_price`
FROM `package_services` `ps`
INNER JOIN `service_list` `sl` ON `sl`.`service_list_id` = `ps`.`service_list_id`
WHERE `sl`.`is_available` = :sl.is_available:
AND `sl`.`status` = :sl.status:
ORDER BY `sl`.`service_name` ASC', [...], false)
 5 APPPATH\Controllers\BranchAdmin\ServiceController.php(97): CodeIgniter\Database\BaseBuilder->get()
 6 SYSTEMPATH\CodeIgniter.php(951): App\Controllers\BranchAdmin\ServiceController->create()
 7 SYSTEMPATH\CodeIgniter.php(497): CodeIgniter\CodeIgniter->runController(Object(App\Controllers\BranchAdmin\ServiceController))
 8 SYSTEMPATH\CodeIgniter.php(340): CodeIgniter\CodeIgniter->handleRequest(null, Object(Config\Cache), false)
 9 SYSTEMPATH\Boot.php(417): CodeIgniter\CodeIgniter->run()
10 SYSTEMPATH\Boot.php(68): CodeIgniter\Boot::runCodeIgniter(Object(CodeIgniter\CodeIgniter))
11 FCPATH\index.php(59): CodeIgniter\Boot::bootWeb(Object(Config\Paths))
DEBUG - 2026-04-18 05:41:12 --> Session: Class initialized using 'CodeIgniter\Session\Handlers\FileHandler' driver.
DEBUG - 2026-04-18 05:41:26 --> Session: Class initialized using 'CodeIgniter\Session\Handlers\FileHandler' driver.
DEBUG - 2026-04-18 05:41:26 --> Session: Class initialized using 'CodeIgniter\Session\Handlers\FileHandler' driver.
DEBUG - 2026-04-18 05:41:27 --> Session: Class initialized using 'CodeIgniter\Session\Handlers\FileHandler' driver.
DEBUG - 2026-04-18 05:41:31 --> Session: Class initialized using 'CodeIgniter\Session\Handlers\FileHandler' driver.
DEBUG - 2026-04-18 05:42:21 --> Session: Class initialized using 'CodeIgniter\Session\Handlers\FileHandler' driver.
DEBUG - 2026-04-18 05:46:50 --> Session: Class initialized using 'CodeIgniter\Session\Handlers\FileHandler' driver.
DEBUG - 2026-04-18 05:46:53 --> Session: Class initialized using 'CodeIgniter\Session\Handlers\FileHandler' driver.
DEBUG - 2026-04-18 05:46:54 --> Session: Class initialized using 'CodeIgniter\Session\Handlers\FileHandler' driver.
DEBUG - 2026-04-18 05:46:57 --> Session: Class initialized using 'CodeIgniter\Session\Handlers\FileHandler' driver.
DEBUG - 2026-04-18 05:46:58 --> Session: Class initialized using 'CodeIgniter\Session\Handlers\FileHandler' driver.
ERROR - 2026-04-18 05:47:58 --> Can't create table `kaagapay_db`.`pending_plan_holder_registrations` (errno: 150 "Foreign key constraint is incorrectly formed")
in SYSTEMPATH\Database\MySQLi\Connection.php on line 300.
 1 SYSTEMPATH\Database\MySQLi\Connection.php(300): mysqli->query('CREATE TABLE `pending_plan_holder_registrations` (
	`pending_registration_id` INT UNSIGNED NOT NULL AUTO_INCREMENT,
	`user_id` INT UNSIGNED NOT NULL,
	`branch_id` INT UNSIGNED NOT NULL,
	`address_no` VARCHAR(20) NULL,
	`address_street` VARCHAR(100) NULL,
	`address_barangay` VARCHAR(100) NULL,
	`address_city` VARCHAR(100) NULL,
	`date_of_birth` DATE NULL,
	`place_of_birth` VARCHAR(100) NULL,
	`age` INT NULL,
	`gender` VARCHAR(10) NULL,
	`civil_status` VARCHAR(20) NULL,
	`citizenship` VARCHAR(50) NULL,
	`height` DECIMAL(5,2) NULL,
	`weight` DECIMAL(5,2) NULL,
	`spouse_name` VARCHAR(100) NULL,
	`spouse_birthdate` DATE NULL,
	`spouse_occupation` VARCHAR(100) NULL,
	`senior_citizen_id` VARCHAR(50) NULL,
	`organization_affiliation` VARCHAR(100) NULL,
	`status` ENUM(\'pending\',\'approved\',\'rejected\') NOT NULL DEFAULT \'pending\',
	`rejection_notes` TEXT NULL,
	`reviewed_by` INT UNSIGNED NULL,
	`reviewed_at` DATETIME NULL,
	`created_at` DATETIME NOT NULL DEFAULT CURRENT_TIMESTAMP,
	`updated_at` DATETIME NOT NULL DEFAULT CURRENT_TIMESTAMP ON UPDATE CURRENT_TIMESTAMP,
	CONSTRAINT `pk_pending_plan_holder_registrations` PRIMARY KEY(`pending_registration_id`),
	CONSTRAINT `pending_plan_holder_registrations_user_id_foreign` FOREIGN KEY (`user_id`) REFERENCES `users`(`user_id`) ON DELETE CASCADE ON UPDATE CASCADE,
	CONSTRAINT `pending_plan_holder_registrations_branch_id_foreign` FOREIGN KEY (`branch_id`) REFERENCES `branches`(`branch_id`) ON DELETE CASCADE ON UPDATE CASCADE,
	CONSTRAINT `pending_plan_holder_registrations_reviewed_by_foreign` FOREIGN KEY (`reviewed_by`) REFERENCES `users`(`user_id`) ON DELETE CASCADE ON UPDATE SET NULL,
	KEY `user_id` (`user_id`),
	KEY `branch_id` (`branch_id`),
	KEY `status` (`status`)
) DEFAULT CHARACTER SET = utf8mb4 COLLATE = utf8mb4_general_ci', 0)
 2 SYSTEMPATH\Database\BaseConnection.php(910): CodeIgniter\Database\MySQLi\Connection->execute('CREATE TABLE `pending_plan_holder_registrations` (
	`pending_registration_id` INT UNSIGNED NOT NULL AUTO_INCREMENT,
	`user_id` INT UNSIGNED NOT NULL,
	`branch_id` INT UNSIGNED NOT NULL,
	`address_no` VARCHAR(20) NULL,
	`address_street` VARCHAR(100) NULL,
	`address_barangay` VARCHAR(100) NULL,
	`address_city` VARCHAR(100) NULL,
	`date_of_birth` DATE NULL,
	`place_of_birth` VARCHAR(100) NULL,
	`age` INT NULL,
	`gender` VARCHAR(10) NULL,
	`civil_status` VARCHAR(20) NULL,
	`citizenship` VARCHAR(50) NULL,
	`height` DECIMAL(5,2) NULL,
	`weight` DECIMAL(5,2) NULL,
	`spouse_name` VARCHAR(100) NULL,
	`spouse_birthdate` DATE NULL,
	`spouse_occupation` VARCHAR(100) NULL,
	`senior_citizen_id` VARCHAR(50) NULL,
	`organization_affiliation` VARCHAR(100) NULL,
	`status` ENUM(\'pending\',\'approved\',\'rejected\') NOT NULL DEFAULT \'pending\',
	`rejection_notes` TEXT NULL,
	`reviewed_by` INT UNSIGNED NULL,
	`reviewed_at` DATETIME NULL,
	`created_at` DATETIME NOT NULL DEFAULT CURRENT_TIMESTAMP,
	`updated_at` DATETIME NOT NULL DEFAULT CURRENT_TIMESTAMP ON UPDATE CURRENT_TIMESTAMP,
	CONSTRAINT `pk_pending_plan_holder_registrations` PRIMARY KEY(`pending_registration_id`),
	CONSTRAINT `pending_plan_holder_registrations_user_id_foreign` FOREIGN KEY (`user_id`) REFERENCES `users`(`user_id`) ON DELETE CASCADE ON UPDATE CASCADE,
	CONSTRAINT `pending_plan_holder_registrations_branch_id_foreign` FOREIGN KEY (`branch_id`) REFERENCES `branches`(`branch_id`) ON DELETE CASCADE ON UPDATE CASCADE,
	CONSTRAINT `pending_plan_holder_registrations_reviewed_by_foreign` FOREIGN KEY (`reviewed_by`) REFERENCES `users`(`user_id`) ON DELETE CASCADE ON UPDATE SET NULL,
	KEY `user_id` (`user_id`),
	KEY `branch_id` (`branch_id`),
	KEY `status` (`status`)
) DEFAULT CHARACTER SET = utf8mb4 COLLATE = utf8mb4_general_ci')
 3 SYSTEMPATH\Database\BaseConnection.php(827): CodeIgniter\Database\BaseConnection->simpleQuery('CREATE TABLE `pending_plan_holder_registrations` (
	`pending_registration_id` INT UNSIGNED NOT NULL AUTO_INCREMENT,
	`user_id` INT UNSIGNED NOT NULL,
	`branch_id` INT UNSIGNED NOT NULL,
	`address_no` VARCHAR(20) NULL,
	`address_street` VARCHAR(100) NULL,
	`address_barangay` VARCHAR(100) NULL,
	`address_city` VARCHAR(100) NULL,
	`date_of_birth` DATE NULL,
	`place_of_birth` VARCHAR(100) NULL,
	`age` INT NULL,
	`gender` VARCHAR(10) NULL,
	`civil_status` VARCHAR(20) NULL,
	`citizenship` VARCHAR(50) NULL,
	`height` DECIMAL(5,2) NULL,
	`weight` DECIMAL(5,2) NULL,
	`spouse_name` VARCHAR(100) NULL,
	`spouse_birthdate` DATE NULL,
	`spouse_occupation` VARCHAR(100) NULL,
	`senior_citizen_id` VARCHAR(50) NULL,
	`organization_affiliation` VARCHAR(100) NULL,
	`status` ENUM(\'pending\',\'approved\',\'rejected\') NOT NULL DEFAULT \'pending\',
	`rejection_notes` TEXT NULL,
	`reviewed_by` INT UNSIGNED NULL,
	`reviewed_at` DATETIME NULL,
	`created_at` DATETIME NOT NULL DEFAULT CURRENT_TIMESTAMP,
	`updated_at` DATETIME NOT NULL DEFAULT CURRENT_TIMESTAMP ON UPDATE CURRENT_TIMESTAMP,
	CONSTRAINT `pk_pending_plan_holder_registrations` PRIMARY KEY(`pending_registration_id`),
	CONSTRAINT `pending_plan_holder_registrations_user_id_foreign` FOREIGN KEY (`user_id`) REFERENCES `users`(`user_id`) ON DELETE CASCADE ON UPDATE CASCADE,
	CONSTRAINT `pending_plan_holder_registrations_branch_id_foreign` FOREIGN KEY (`branch_id`) REFERENCES `branches`(`branch_id`) ON DELETE CASCADE ON UPDATE CASCADE,
	CONSTRAINT `pending_plan_holder_registrations_reviewed_by_foreign` FOREIGN KEY (`reviewed_by`) REFERENCES `users`(`user_id`) ON DELETE CASCADE ON UPDATE SET NULL,
	KEY `user_id` (`user_id`),
	KEY `branch_id` (`branch_id`),
	KEY `status` (`status`)
) DEFAULT CHARACTER SET = utf8mb4 COLLATE = utf8mb4_general_ci')
 4 SYSTEMPATH\Database\Forge.php(570): CodeIgniter\Database\BaseConnection->query('CREATE TABLE `pending_plan_holder_registrations` (
	`pending_registration_id` INT UNSIGNED NOT NULL AUTO_INCREMENT,
	`user_id` INT UNSIGNED NOT NULL,
	`branch_id` INT UNSIGNED NOT NULL,
	`address_no` VARCHAR(20) NULL,
	`address_street` VARCHAR(100) NULL,
	`address_barangay` VARCHAR(100) NULL,
	`address_city` VARCHAR(100) NULL,
	`date_of_birth` DATE NULL,
	`place_of_birth` VARCHAR(100) NULL,
	`age` INT NULL,
	`gender` VARCHAR(10) NULL,
	`civil_status` VARCHAR(20) NULL,
	`citizenship` VARCHAR(50) NULL,
	`height` DECIMAL(5,2) NULL,
	`weight` DECIMAL(5,2) NULL,
	`spouse_name` VARCHAR(100) NULL,
	`spouse_birthdate` DATE NULL,
	`spouse_occupation` VARCHAR(100) NULL,
	`senior_citizen_id` VARCHAR(50) NULL,
	`organization_affiliation` VARCHAR(100) NULL,
	`status` ENUM(\'pending\',\'approved\',\'rejected\') NOT NULL DEFAULT \'pending\',
	`rejection_notes` TEXT NULL,
	`reviewed_by` INT UNSIGNED NULL,
	`reviewed_at` DATETIME NULL,
	`created_at` DATETIME NOT NULL DEFAULT CURRENT_TIMESTAMP,
	`updated_at` DATETIME NOT NULL DEFAULT CURRENT_TIMESTAMP ON UPDATE CURRENT_TIMESTAMP,
	CONSTRAINT `pk_pending_plan_holder_registrations` PRIMARY KEY(`pending_registration_id`),
	CONSTRAINT `pending_plan_holder_registrations_user_id_foreign` FOREIGN KEY (`user_id`) REFERENCES `users`(`user_id`) ON DELETE CASCADE ON UPDATE CASCADE,
	CONSTRAINT `pending_plan_holder_registrations_branch_id_foreign` FOREIGN KEY (`branch_id`) REFERENCES `branches`(`branch_id`) ON DELETE CASCADE ON UPDATE CASCADE,
	CONSTRAINT `pending_plan_holder_registrations_reviewed_by_foreign` FOREIGN KEY (`reviewed_by`) REFERENCES `users`(`user_id`) ON DELETE CASCADE ON UPDATE SET NULL,
	KEY `user_id` (`user_id`),
	KEY `branch_id` (`branch_id`),
	KEY `status` (`status`)
) DEFAULT CHARACTER SET = utf8mb4 COLLATE = utf8mb4_general_ci')
 5 APPPATH\Database\Migrations\2026-04-18-140000_CreatePendingPlanHolderRegistrations.php(148): CodeIgniter\Database\Forge->createTable('pending_plan_holder_registrations', true)
 6 SYSTEMPATH\Database\MigrationRunner.php(1014): App\Database\Migrations\CreatePendingPlanHolderRegistrations->up()
 7 SYSTEMPATH\Database\MigrationRunner.php(202): CodeIgniter\Database\MigrationRunner->migrate('up', Object(stdClass))
 8 SYSTEMPATH\Commands\Database\Migrate.php(89): CodeIgniter\Database\MigrationRunner->latest(null)
 9 SYSTEMPATH\CLI\SignalTrait.php(245): CodeIgniter\Commands\Database\Migrate::CodeIgniter\Commands\Database\{closure}()
10 SYSTEMPATH\Commands\Database\Migrate.php(88): CodeIgniter\Commands\Database\Migrate->withSignalsBlocked(Object(Closure))
11 SYSTEMPATH\CLI\Commands.php(74): CodeIgniter\Commands\Database\Migrate->run([])
12 SYSTEMPATH\CLI\Console.php(47): CodeIgniter\CLI\Commands->run('migrate', [])
13 SYSTEMPATH\Boot.php(442): CodeIgniter\CLI\Console->run()
14 SYSTEMPATH\Boot.php(166): CodeIgniter\Boot::runCommand(Object(CodeIgniter\CLI\Console))
15 ROOTPATH\spark(87): CodeIgniter\Boot::bootSpark(Object(Config\Paths))
DEBUG - 2026-04-18 05:48:04 --> Session: Class initialized using 'CodeIgniter\Session\Handlers\FileHandler' driver.
DEBUG - 2026-04-18 05:48:07 --> Session: Class initialized using 'CodeIgniter\Session\Handlers\FileHandler' driver.
DEBUG - 2026-04-18 05:48:07 --> Session: Class initialized using 'CodeIgniter\Session\Handlers\FileHandler' driver.
DEBUG - 2026-04-18 05:49:00 --> Session: Class initialized using 'CodeIgniter\Session\Handlers\FileHandler' driver.
DEBUG - 2026-04-18 05:49:04 --> Session: Class initialized using 'CodeIgniter\Session\Handlers\FileHandler' driver.
CRITICAL - 2026-04-18 05:49:04 --> TypeError: App\Controllers\PlanHolders::approvals(): Return value must be of type string, CodeIgniter\HTTP\RedirectResponse returned
[Method: GET, Route: plan-holders/approvals]
in APPPATH\Controllers\PlanHolders.php on line 320.
 1 SYSTEMPATH\CodeIgniter.php(951): App\Controllers\PlanHolders->approvals()
 2 SYSTEMPATH\CodeIgniter.php(497): CodeIgniter\CodeIgniter->runController(Object(App\Controllers\PlanHolders))
 3 SYSTEMPATH\CodeIgniter.php(340): CodeIgniter\CodeIgniter->handleRequest(null, Object(Config\Cache), false)
 4 SYSTEMPATH\Boot.php(417): CodeIgniter\CodeIgniter->run()
 5 SYSTEMPATH\Boot.php(68): CodeIgniter\Boot::runCodeIgniter(Object(CodeIgniter\CodeIgniter))
 6 FCPATH\index.php(59): CodeIgniter\Boot::bootWeb(Object(Config\Paths))
DEBUG - 2026-04-18 05:49:07 --> Session: Class initialized using 'CodeIgniter\Session\Handlers\FileHandler' driver.
DEBUG - 2026-04-18 05:49:12 --> Session: Class initialized using 'CodeIgniter\Session\Handlers\FileHandler' driver.
DEBUG - 2026-04-18 05:50:10 --> Session: Class initialized using 'CodeIgniter\Session\Handlers\FileHandler' driver.
DEBUG - 2026-04-18 05:50:13 --> Session: Class initialized using 'CodeIgniter\Session\Handlers\FileHandler' driver.
DEBUG - 2026-04-18 05:50:47 --> Session: Class initialized using 'CodeIgniter\Session\Handlers\FileHandler' driver.
CRITICAL - 2026-04-18 05:50:47 --> TypeError: App\Controllers\PlanHolders::approvals(): Return value must be of type string, CodeIgniter\HTTP\RedirectResponse returned
[Method: GET, Route: plan-holders/approvals]
in APPPATH\Controllers\PlanHolders.php on line 320.
 1 SYSTEMPATH\CodeIgniter.php(951): App\Controllers\PlanHolders->approvals()
 2 SYSTEMPATH\CodeIgniter.php(497): CodeIgniter\CodeIgniter->runController(Object(App\Controllers\PlanHolders))
 3 SYSTEMPATH\CodeIgniter.php(340): CodeIgniter\CodeIgniter->handleRequest(null, Object(Config\Cache), false)
 4 SYSTEMPATH\Boot.php(417): CodeIgniter\CodeIgniter->run()
 5 SYSTEMPATH\Boot.php(68): CodeIgniter\Boot::runCodeIgniter(Object(CodeIgniter\CodeIgniter))
 6 FCPATH\index.php(59): CodeIgniter\Boot::bootWeb(Object(Config\Paths))
DEBUG - 2026-04-18 05:54:01 --> Session: Class initialized using 'CodeIgniter\Session\Handlers\FileHandler' driver.
DEBUG - 2026-04-18 05:54:07 --> Session: Class initialized using 'CodeIgniter\Session\Handlers\FileHandler' driver.
DEBUG - 2026-04-18 05:54:21 --> Session: Class initialized using 'CodeIgniter\Session\Handlers\FileHandler' driver.
CRITICAL - 2026-04-18 05:54:21 --> TypeError: App\Controllers\PlanHolders::approvals(): Return value must be of type string, CodeIgniter\HTTP\RedirectResponse returned
[Method: GET, Route: plan-holders/approvals]
in APPPATH\Controllers\PlanHolders.php on line 345.
 1 SYSTEMPATH\CodeIgniter.php(951): App\Controllers\PlanHolders->approvals()
 2 SYSTEMPATH\CodeIgniter.php(497): CodeIgniter\CodeIgniter->runController(Object(App\Controllers\PlanHolders))
 3 SYSTEMPATH\CodeIgniter.php(340): CodeIgniter\CodeIgniter->handleRequest(null, Object(Config\Cache), false)
 4 SYSTEMPATH\Boot.php(417): CodeIgniter\CodeIgniter->run()
 5 SYSTEMPATH\Boot.php(68): CodeIgniter\Boot::runCodeIgniter(Object(CodeIgniter\CodeIgniter))
 6 FCPATH\index.php(59): CodeIgniter\Boot::bootWeb(Object(Config\Paths))
DEBUG - 2026-04-18 05:56:48 --> Session: Class initialized using 'CodeIgniter\Session\Handlers\FileHandler' driver.
DEBUG - 2026-04-18 05:57:41 --> Session: Class initialized using 'CodeIgniter\Session\Handlers\FileHandler' driver.
CRITICAL - 2026-04-18 05:57:41 --> TypeError: App\Controllers\PlanHolders::approvals(): Return value must be of type string, CodeIgniter\HTTP\RedirectResponse returned
[Method: GET, Route: plan-holders/approvals]
in APPPATH\Controllers\PlanHolders.php on line 345.
 1 SYSTEMPATH\CodeIgniter.php(951): App\Controllers\PlanHolders->approvals()
 2 SYSTEMPATH\CodeIgniter.php(497): CodeIgniter\CodeIgniter->runController(Object(App\Controllers\PlanHolders))
 3 SYSTEMPATH\CodeIgniter.php(340): CodeIgniter\CodeIgniter->handleRequest(null, Object(Config\Cache), false)
 4 SYSTEMPATH\Boot.php(417): CodeIgniter\CodeIgniter->run()
 5 SYSTEMPATH\Boot.php(68): CodeIgniter\Boot::runCodeIgniter(Object(CodeIgniter\CodeIgniter))
 6 FCPATH\index.php(59): CodeIgniter\Boot::bootWeb(Object(Config\Paths))
DEBUG - 2026-04-18 05:57:43 --> Session: Class initialized using 'CodeIgniter\Session\Handlers\FileHandler' driver.
DEBUG - 2026-04-18 05:59:00 --> Session: Class initialized using 'CodeIgniter\Session\Handlers\FileHandler' driver.
DEBUG - 2026-04-18 05:59:15 --> Session: Class initialized using 'CodeIgniter\Session\Handlers\FileHandler' driver.
DEBUG - 2026-04-18 05:59:26 --> Session: Class initialized using 'CodeIgniter\Session\Handlers\FileHandler' driver.
DEBUG - 2026-04-18 05:59:26 --> Session: Class initialized using 'CodeIgniter\Session\Handlers\FileHandler' driver.
DEBUG - 2026-04-18 05:59:33 --> Session: Class initialized using 'CodeIgniter\Session\Handlers\FileHandler' driver.
DEBUG - 2026-04-18 06:00:32 --> Session: Class initialized using 'CodeIgniter\Session\Handlers\FileHandler' driver.
DEBUG - 2026-04-18 06:00:32 --> Session: Class initialized using 'CodeIgniter\Session\Handlers\FileHandler' driver.
DEBUG - 2026-04-18 06:02:11 --> Session: Class initialized using 'CodeIgniter\Session\Handlers\FileHandler' driver.
DEBUG - 2026-04-18 06:02:21 --> Session: Class initialized using 'CodeIgniter\Session\Handlers\FileHandler' driver.
DEBUG - 2026-04-18 06:02:21 --> Session: Class initialized using 'CodeIgniter\Session\Handlers\FileHandler' driver.
DEBUG - 2026-04-18 06:02:28 --> Session: Class initialized using 'CodeIgniter\Session\Handlers\FileHandler' driver.
DEBUG - 2026-04-18 06:02:29 --> Session: Class initialized using 'CodeIgniter\Session\Handlers\FileHandler' driver.
DEBUG - 2026-04-18 06:02:38 --> Session: Class initialized using 'CodeIgniter\Session\Handlers\FileHandler' driver.
DEBUG - 2026-04-18 06:02:41 --> Session: Class initialized using 'CodeIgniter\Session\Handlers\FileHandler' driver.
DEBUG - 2026-04-18 06:02:49 --> Session: Class initialized using 'CodeIgniter\Session\Handlers\FileHandler' driver.
DEBUG - 2026-04-18 06:02:51 --> Session: Class initialized using 'CodeIgniter\Session\Handlers\FileHandler' driver.
DEBUG - 2026-04-18 06:02:54 --> Session: Class initialized using 'CodeIgniter\Session\Handlers\FileHandler' driver.
DEBUG - 2026-04-18 06:03:16 --> Session: Class initialized using 'CodeIgniter\Session\Handlers\FileHandler' driver.
DEBUG - 2026-04-18 06:03:25 --> Session: Class initialized using 'CodeIgniter\Session\Handlers\FileHandler' driver.
DEBUG - 2026-04-18 06:03:53 --> Session: Class initialized using 'CodeIgniter\Session\Handlers\FileHandler' driver.
DEBUG - 2026-04-18 06:03:53 --> Session: Class initialized using 'CodeIgniter\Session\Handlers\FileHandler' driver.
DEBUG - 2026-04-18 06:04:27 --> Session: Class initialized using 'CodeIgniter\Session\Handlers\FileHandler' driver.
DEBUG - 2026-04-18 06:04:29 --> Session: Class initialized using 'CodeIgniter\Session\Handlers\FileHandler' driver.
ERROR - 2026-04-18 06:04:29 --> Unknown column 'ps.service_list_id' in 'on clause'
in SYSTEMPATH\Database\MySQLi\Connection.php on line 300.
 1 SYSTEMPATH\Database\MySQLi\Connection.php(300): mysqli->query('SELECT `ps`.`package_id`, `sl`.`service_list_id`, `sl`.`service_name`, `sl`.`base_price`
FROM `package_services` `ps`
INNER JOIN `service_list` `sl` ON `sl`.`service_list_id` = `ps`.`service_list_id`
WHERE `sl`.`is_available` = 1
AND `sl`.`status` = \'active\'
ORDER BY `sl`.`service_name` ASC', 0)
 2 SYSTEMPATH\Database\BaseConnection.php(910): CodeIgniter\Database\MySQLi\Connection->execute('SELECT `ps`.`package_id`, `sl`.`service_list_id`, `sl`.`service_name`, `sl`.`base_price`
FROM `package_services` `ps`
INNER JOIN `service_list` `sl` ON `sl`.`service_list_id` = `ps`.`service_list_id`
WHERE `sl`.`is_available` = 1
AND `sl`.`status` = \'active\'
ORDER BY `sl`.`service_name` ASC')
 3 SYSTEMPATH\Database\BaseConnection.php(827): CodeIgniter\Database\BaseConnection->simpleQuery('SELECT `ps`.`package_id`, `sl`.`service_list_id`, `sl`.`service_name`, `sl`.`base_price`
FROM `package_services` `ps`
INNER JOIN `service_list` `sl` ON `sl`.`service_list_id` = `ps`.`service_list_id`
WHERE `sl`.`is_available` = 1
AND `sl`.`status` = \'active\'
ORDER BY `sl`.`service_name` ASC')
 4 SYSTEMPATH\Database\BaseBuilder.php(1649): CodeIgniter\Database\BaseConnection->query('SELECT `ps`.`package_id`, `sl`.`service_list_id`, `sl`.`service_name`, `sl`.`base_price`
FROM `package_services` `ps`
INNER JOIN `service_list` `sl` ON `sl`.`service_list_id` = `ps`.`service_list_id`
WHERE `sl`.`is_available` = :sl.is_available:
AND `sl`.`status` = :sl.status:
ORDER BY `sl`.`service_name` ASC', [...], false)
 5 APPPATH\Controllers\BranchAdmin\ServiceController.php(97): CodeIgniter\Database\BaseBuilder->get()
 6 SYSTEMPATH\CodeIgniter.php(951): App\Controllers\BranchAdmin\ServiceController->create()
 7 SYSTEMPATH\CodeIgniter.php(497): CodeIgniter\CodeIgniter->runController(Object(App\Controllers\BranchAdmin\ServiceController))
 8 SYSTEMPATH\CodeIgniter.php(340): CodeIgniter\CodeIgniter->handleRequest(null, Object(Config\Cache), false)
 9 SYSTEMPATH\Boot.php(417): CodeIgniter\CodeIgniter->run()
10 SYSTEMPATH\Boot.php(68): CodeIgniter\Boot::runCodeIgniter(Object(CodeIgniter\CodeIgniter))
11 FCPATH\index.php(59): CodeIgniter\Boot::bootWeb(Object(Config\Paths))
CRITICAL - 2026-04-18 06:04:29 --> CodeIgniter\Database\Exceptions\DatabaseException: Unknown column 'ps.service_list_id' in 'on clause'
[Method: GET, Route: branch-admin/service-package/schedule]
in SYSTEMPATH\Database\BaseConnection.php on line 865.
 1 SYSTEMPATH\Database\BaseBuilder.php(1649): CodeIgniter\Database\BaseConnection->query('SELECT `ps`.`package_id`, `sl`.`service_list_id`, `sl`.`service_name`, `sl`.`base_price`
FROM `package_services` `ps`
INNER JOIN `service_list` `sl` ON `sl`.`service_list_id` = `ps`.`service_list_id`
WHERE `sl`.`is_available` = :sl.is_available:
AND `sl`.`status` = :sl.status:
ORDER BY `sl`.`service_name` ASC', [...], false)
 2 APPPATH\Controllers\BranchAdmin\ServiceController.php(97): CodeIgniter\Database\BaseBuilder->get()
 3 SYSTEMPATH\CodeIgniter.php(951): App\Controllers\BranchAdmin\ServiceController->create()
 4 SYSTEMPATH\CodeIgniter.php(497): CodeIgniter\CodeIgniter->runController(Object(App\Controllers\BranchAdmin\ServiceController))
 5 SYSTEMPATH\CodeIgniter.php(340): CodeIgniter\CodeIgniter->handleRequest(null, Object(Config\Cache), false)
 6 SYSTEMPATH\Boot.php(417): CodeIgniter\CodeIgniter->run()
 7 SYSTEMPATH\Boot.php(68): CodeIgniter\Boot::runCodeIgniter(Object(CodeIgniter\CodeIgniter))
 8 FCPATH\index.php(59): CodeIgniter\Boot::bootWeb(Object(Config\Paths))
CRITICAL - 2026-04-18 06:04:29 --> [Caused by] CodeIgniter\Database\Exceptions\DatabaseException: Unknown column 'ps.service_list_id' in 'on clause'
in SYSTEMPATH\Database\MySQLi\Connection.php on line 310.
 1 SYSTEMPATH\Database\BaseConnection.php(910): CodeIgniter\Database\MySQLi\Connection->execute('SELECT `ps`.`package_id`, `sl`.`service_list_id`, `sl`.`service_name`, `sl`.`base_price`
FROM `package_services` `ps`
INNER JOIN `service_list` `sl` ON `sl`.`service_list_id` = `ps`.`service_list_id`
WHERE `sl`.`is_available` = 1
AND `sl`.`status` = \'active\'
ORDER BY `sl`.`service_name` ASC')
 2 SYSTEMPATH\Database\BaseConnection.php(827): CodeIgniter\Database\BaseConnection->simpleQuery('SELECT `ps`.`package_id`, `sl`.`service_list_id`, `sl`.`service_name`, `sl`.`base_price`
FROM `package_services` `ps`
INNER JOIN `service_list` `sl` ON `sl`.`service_list_id` = `ps`.`service_list_id`
WHERE `sl`.`is_available` = 1
AND `sl`.`status` = \'active\'
ORDER BY `sl`.`service_name` ASC')
 3 SYSTEMPATH\Database\BaseBuilder.php(1649): CodeIgniter\Database\BaseConnection->query('SELECT `ps`.`package_id`, `sl`.`service_list_id`, `sl`.`service_name`, `sl`.`base_price`
FROM `package_services` `ps`
INNER JOIN `service_list` `sl` ON `sl`.`service_list_id` = `ps`.`service_list_id`
WHERE `sl`.`is_available` = :sl.is_available:
AND `sl`.`status` = :sl.status:
ORDER BY `sl`.`service_name` ASC', [...], false)
 4 APPPATH\Controllers\BranchAdmin\ServiceController.php(97): CodeIgniter\Database\BaseBuilder->get()
 5 SYSTEMPATH\CodeIgniter.php(951): App\Controllers\BranchAdmin\ServiceController->create()
 6 SYSTEMPATH\CodeIgniter.php(497): CodeIgniter\CodeIgniter->runController(Object(App\Controllers\BranchAdmin\ServiceController))
 7 SYSTEMPATH\CodeIgniter.php(340): CodeIgniter\CodeIgniter->handleRequest(null, Object(Config\Cache), false)
 8 SYSTEMPATH\Boot.php(417): CodeIgniter\CodeIgniter->run()
 9 SYSTEMPATH\Boot.php(68): CodeIgniter\Boot::runCodeIgniter(Object(CodeIgniter\CodeIgniter))
10 FCPATH\index.php(59): CodeIgniter\Boot::bootWeb(Object(Config\Paths))
CRITICAL - 2026-04-18 06:04:29 --> [Caused by] mysqli_sql_exception: Unknown column 'ps.service_list_id' in 'on clause'
in SYSTEMPATH\Database\MySQLi\Connection.php on line 300.
 1 SYSTEMPATH\Database\MySQLi\Connection.php(300): mysqli->query('SELECT `ps`.`package_id`, `sl`.`service_list_id`, `sl`.`service_name`, `sl`.`base_price`
FROM `package_services` `ps`
INNER JOIN `service_list` `sl` ON `sl`.`service_list_id` = `ps`.`service_list_id`
WHERE `sl`.`is_available` = 1
AND `sl`.`status` = \'active\'
ORDER BY `sl`.`service_name` ASC', 0)
 2 SYSTEMPATH\Database\BaseConnection.php(910): CodeIgniter\Database\MySQLi\Connection->execute('SELECT `ps`.`package_id`, `sl`.`service_list_id`, `sl`.`service_name`, `sl`.`base_price`
FROM `package_services` `ps`
INNER JOIN `service_list` `sl` ON `sl`.`service_list_id` = `ps`.`service_list_id`
WHERE `sl`.`is_available` = 1
AND `sl`.`status` = \'active\'
ORDER BY `sl`.`service_name` ASC')
 3 SYSTEMPATH\Database\BaseConnection.php(827): CodeIgniter\Database\BaseConnection->simpleQuery('SELECT `ps`.`package_id`, `sl`.`service_list_id`, `sl`.`service_name`, `sl`.`base_price`
FROM `package_services` `ps`
INNER JOIN `service_list` `sl` ON `sl`.`service_list_id` = `ps`.`service_list_id`
WHERE `sl`.`is_available` = 1
AND `sl`.`status` = \'active\'
ORDER BY `sl`.`service_name` ASC')
 4 SYSTEMPATH\Database\BaseBuilder.php(1649): CodeIgniter\Database\BaseConnection->query('SELECT `ps`.`package_id`, `sl`.`service_list_id`, `sl`.`service_name`, `sl`.`base_price`
FROM `package_services` `ps`
INNER JOIN `service_list` `sl` ON `sl`.`service_list_id` = `ps`.`service_list_id`
WHERE `sl`.`is_available` = :sl.is_available:
AND `sl`.`status` = :sl.status:
ORDER BY `sl`.`service_name` ASC', [...], false)
 5 APPPATH\Controllers\BranchAdmin\ServiceController.php(97): CodeIgniter\Database\BaseBuilder->get()
 6 SYSTEMPATH\CodeIgniter.php(951): App\Controllers\BranchAdmin\ServiceController->create()
 7 SYSTEMPATH\CodeIgniter.php(497): CodeIgniter\CodeIgniter->runController(Object(App\Controllers\BranchAdmin\ServiceController))
 8 SYSTEMPATH\CodeIgniter.php(340): CodeIgniter\CodeIgniter->handleRequest(null, Object(Config\Cache), false)
 9 SYSTEMPATH\Boot.php(417): CodeIgniter\CodeIgniter->run()
10 SYSTEMPATH\Boot.php(68): CodeIgniter\Boot::runCodeIgniter(Object(CodeIgniter\CodeIgniter))
11 FCPATH\index.php(59): CodeIgniter\Boot::bootWeb(Object(Config\Paths))
DEBUG - 2026-04-18 06:04:31 --> Session: Class initialized using 'CodeIgniter\Session\Handlers\FileHandler' driver.
DEBUG - 2026-04-18 06:05:16 --> Session: Class initialized using 'CodeIgniter\Session\Handlers\FileHandler' driver.
DEBUG - 2026-04-18 06:05:18 --> Session: Class initialized using 'CodeIgniter\Session\Handlers\FileHandler' driver.
DEBUG - 2026-04-18 06:05:18 --> Session: Class initialized using 'CodeIgniter\Session\Handlers\FileHandler' driver.
DEBUG - 2026-04-18 06:05:22 --> Session: Class initialized using 'CodeIgniter\Session\Handlers\FileHandler' driver.
DEBUG - 2026-04-18 06:05:23 --> Session: Class initialized using 'CodeIgniter\Session\Handlers\FileHandler' driver.
DEBUG - 2026-04-18 06:05:29 --> Session: Class initialized using 'CodeIgniter\Session\Handlers\FileHandler' driver.
DEBUG - 2026-04-18 06:09:41 --> Session: Class initialized using 'CodeIgniter\Session\Handlers\FileHandler' driver.
DEBUG - 2026-04-18 06:09:51 --> Session: Class initialized using 'CodeIgniter\Session\Handlers\FileHandler' driver.
DEBUG - 2026-04-18 06:09:52 --> Session: Class initialized using 'CodeIgniter\Session\Handlers\FileHandler' driver.
DEBUG - 2026-04-18 06:11:36 --> Session: Class initialized using 'CodeIgniter\Session\Handlers\FileHandler' driver.
DEBUG - 2026-04-18 06:11:37 --> Session: Class initialized using 'CodeIgniter\Session\Handlers\FileHandler' driver.
DEBUG - 2026-04-18 06:11:42 --> Session: Class initialized using 'CodeIgniter\Session\Handlers\FileHandler' driver.
DEBUG - 2026-04-18 06:11:42 --> Session: Class initialized using 'CodeIgniter\Session\Handlers\FileHandler' driver.
DEBUG - 2026-04-18 06:11:47 --> Session: Class initialized using 'CodeIgniter\Session\Handlers\FileHandler' driver.
DEBUG - 2026-04-18 06:11:59 --> Session: Class initialized using 'CodeIgniter\Session\Handlers\FileHandler' driver.
DEBUG - 2026-04-18 06:11:59 --> Session: Class initialized using 'CodeIgniter\Session\Handlers\FileHandler' driver.
DEBUG - 2026-04-18 06:12:17 --> Session: Class initialized using 'CodeIgniter\Session\Handlers\FileHandler' driver.
DEBUG - 2026-04-18 06:12:18 --> Session: Class initialized using 'CodeIgniter\Session\Handlers\FileHandler' driver.
DEBUG - 2026-04-18 06:15:54 --> Session: Class initialized using 'CodeIgniter\Session\Handlers\FileHandler' driver.
DEBUG - 2026-04-18 06:15:55 --> Session: Class initialized using 'CodeIgniter\Session\Handlers\FileHandler' driver.
DEBUG - 2026-04-18 06:19:41 --> Session: Class initialized using 'CodeIgniter\Session\Handlers\FileHandler' driver.
DEBUG - 2026-04-18 06:20:20 --> Session: Class initialized using 'CodeIgniter\Session\Handlers\FileHandler' driver.
DEBUG - 2026-04-18 06:20:23 --> Session: Class initialized using 'CodeIgniter\Session\Handlers\FileHandler' driver.
DEBUG - 2026-04-18 06:20:24 --> Session: Class initialized using 'CodeIgniter\Session\Handlers\FileHandler' driver.
DEBUG - 2026-04-18 06:20:28 --> Session: Class initialized using 'CodeIgniter\Session\Handlers\FileHandler' driver.
DEBUG - 2026-04-18 06:20:28 --> Session: Class initialized using 'CodeIgniter\Session\Handlers\FileHandler' driver.
DEBUG - 2026-04-18 06:22:16 --> Session: Class initialized using 'CodeIgniter\Session\Handlers\FileHandler' driver.
DEBUG - 2026-04-18 06:22:16 --> Session: Class initialized using 'CodeIgniter\Session\Handlers\FileHandler' driver.
DEBUG - 2026-04-18 06:22:21 --> Session: Class initialized using 'CodeIgniter\Session\Handlers\FileHandler' driver.
DEBUG - 2026-04-18 06:22:21 --> Session: Class initialized using 'CodeIgniter\Session\Handlers\FileHandler' driver.
DEBUG - 2026-04-18 06:22:28 --> Session: Class initialized using 'CodeIgniter\Session\Handlers\FileHandler' driver.
DEBUG - 2026-04-18 06:22:32 --> Session: Class initialized using 'CodeIgniter\Session\Handlers\FileHandler' driver.
DEBUG - 2026-04-18 06:22:33 --> Session: Class initialized using 'CodeIgniter\Session\Handlers\FileHandler' driver.
DEBUG - 2026-04-18 06:22:38 --> Session: Class initialized using 'CodeIgniter\Session\Handlers\FileHandler' driver.
DEBUG - 2026-04-18 06:25:36 --> Session: Class initialized using 'CodeIgniter\Session\Handlers\FileHandler' driver.
DEBUG - 2026-04-18 06:25:41 --> Session: Class initialized using 'CodeIgniter\Session\Handlers\FileHandler' driver.
DEBUG - 2026-04-18 06:25:41 --> Session: Class initialized using 'CodeIgniter\Session\Handlers\FileHandler' driver.
DEBUG - 2026-04-18 06:25:50 --> Session: Class initialized using 'CodeIgniter\Session\Handlers\FileHandler' driver.
DEBUG - 2026-04-18 06:26:26 --> Session: Class initialized using 'CodeIgniter\Session\Handlers\FileHandler' driver.
DEBUG - 2026-04-18 06:26:29 --> Session: Class initialized using 'CodeIgniter\Session\Handlers\FileHandler' driver.
DEBUG - 2026-04-18 06:26:29 --> Session: Class initialized using 'CodeIgniter\Session\Handlers\FileHandler' driver.
DEBUG - 2026-04-18 06:26:44 --> Session: Class initialized using 'CodeIgniter\Session\Handlers\FileHandler' driver.
DEBUG - 2026-04-18 06:27:08 --> Session: Class initialized using 'CodeIgniter\Session\Handlers\FileHandler' driver.
DEBUG - 2026-04-18 06:27:11 --> Session: Class initialized using 'CodeIgniter\Session\Handlers\FileHandler' driver.
DEBUG - 2026-04-18 06:27:16 --> Session: Class initialized using 'CodeIgniter\Session\Handlers\FileHandler' driver.
DEBUG - 2026-04-18 06:27:21 --> Session: Class initialized using 'CodeIgniter\Session\Handlers\FileHandler' driver.
DEBUG - 2026-04-18 06:27:21 --> Session: Class initialized using 'CodeIgniter\Session\Handlers\FileHandler' driver.
DEBUG - 2026-04-18 06:29:39 --> Session: Class initialized using 'CodeIgniter\Session\Handlers\FileHandler' driver.
DEBUG - 2026-04-18 06:30:46 --> Session: Class initialized using 'CodeIgniter\Session\Handlers\FileHandler' driver.
DEBUG - 2026-04-18 06:30:48 --> Session: Class initialized using 'CodeIgniter\Session\Handlers\FileHandler' driver.
DEBUG - 2026-04-18 06:30:50 --> Session: Class initialized using 'CodeIgniter\Session\Handlers\FileHandler' driver.
DEBUG - 2026-04-18 06:30:53 --> Session: Class initialized using 'CodeIgniter\Session\Handlers\FileHandler' driver.
DEBUG - 2026-04-18 06:31:14 --> Session: Class initialized using 'CodeIgniter\Session\Handlers\FileHandler' driver.
DEBUG - 2026-04-18 06:31:14 --> Session: Class initialized using 'CodeIgniter\Session\Handlers\FileHandler' driver.
DEBUG - 2026-04-18 06:31:15 --> Session: Class initialized using 'CodeIgniter\Session\Handlers\FileHandler' driver.
DEBUG - 2026-04-18 06:31:29 --> Session: Class initialized using 'CodeIgniter\Session\Handlers\FileHandler' driver.
DEBUG - 2026-04-18 06:31:31 --> Session: Class initialized using 'CodeIgniter\Session\Handlers\FileHandler' driver.
DEBUG - 2026-04-18 06:31:35 --> Session: Class initialized using 'CodeIgniter\Session\Handlers\FileHandler' driver.
DEBUG - 2026-04-18 06:32:03 --> Session: Class initialized using 'CodeIgniter\Session\Handlers\FileHandler' driver.
DEBUG - 2026-04-18 06:32:03 --> Session: Class initialized using 'CodeIgniter\Session\Handlers\FileHandler' driver.
DEBUG - 2026-04-18 06:32:07 --> Session: Class initialized using 'CodeIgniter\Session\Handlers\FileHandler' driver.
DEBUG - 2026-04-18 06:32:07 --> Session: Class initialized using 'CodeIgniter\Session\Handlers\FileHandler' driver.
DEBUG - 2026-04-18 06:32:10 --> Session: Class initialized using 'CodeIgniter\Session\Handlers\FileHandler' driver.
DEBUG - 2026-04-18 06:32:11 --> Session: Class initialized using 'CodeIgniter\Session\Handlers\FileHandler' driver.
DEBUG - 2026-04-18 06:32:13 --> Session: Class initialized using 'CodeIgniter\Session\Handlers\FileHandler' driver.
DEBUG - 2026-04-18 06:32:15 --> Session: Class initialized using 'CodeIgniter\Session\Handlers\FileHandler' driver.
DEBUG - 2026-04-18 06:33:58 --> Session: Class initialized using 'CodeIgniter\Session\Handlers\FileHandler' driver.
DEBUG - 2026-04-18 06:34:01 --> Session: Class initialized using 'CodeIgniter\Session\Handlers\FileHandler' driver.
DEBUG - 2026-04-18 06:34:04 --> Session: Class initialized using 'CodeIgniter\Session\Handlers\FileHandler' driver.
DEBUG - 2026-04-18 06:34:08 --> Session: Class initialized using 'CodeIgniter\Session\Handlers\FileHandler' driver.
DEBUG - 2026-04-18 06:35:04 --> Session: Class initialized using 'CodeIgniter\Session\Handlers\FileHandler' driver.
DEBUG - 2026-04-18 06:35:16 --> Session: Class initialized using 'CodeIgniter\Session\Handlers\FileHandler' driver.
DEBUG - 2026-04-18 06:35:20 --> Session: Class initialized using 'CodeIgniter\Session\Handlers\FileHandler' driver.
DEBUG - 2026-04-18 06:35:22 --> Session: Class initialized using 'CodeIgniter\Session\Handlers\FileHandler' driver.
DEBUG - 2026-04-18 06:35:29 --> Session: Class initialized using 'CodeIgniter\Session\Handlers\FileHandler' driver.
DEBUG - 2026-04-18 06:35:36 --> Session: Class initialized using 'CodeIgniter\Session\Handlers\FileHandler' driver.
DEBUG - 2026-04-18 06:35:41 --> Session: Class initialized using 'CodeIgniter\Session\Handlers\FileHandler' driver.
DEBUG - 2026-04-18 06:35:44 --> Session: Class initialized using 'CodeIgniter\Session\Handlers\FileHandler' driver.
DEBUG - 2026-04-18 06:36:05 --> Session: Class initialized using 'CodeIgniter\Session\Handlers\FileHandler' driver.
DEBUG - 2026-04-18 06:41:07 --> Session: Class initialized using 'CodeIgniter\Session\Handlers\FileHandler' driver.
DEBUG - 2026-04-18 06:41:25 --> Session: Class initialized using 'CodeIgniter\Session\Handlers\FileHandler' driver.
DEBUG - 2026-04-18 06:41:26 --> Session: Class initialized using 'CodeIgniter\Session\Handlers\FileHandler' driver.
DEBUG - 2026-04-18 06:45:43 --> Session: Class initialized using 'CodeIgniter\Session\Handlers\FileHandler' driver.
DEBUG - 2026-04-18 06:45:49 --> Session: Class initialized using 'CodeIgniter\Session\Handlers\FileHandler' driver.
DEBUG - 2026-04-18 06:45:49 --> Session: Class initialized using 'CodeIgniter\Session\Handlers\FileHandler' driver.
DEBUG - 2026-04-18 06:49:28 --> Session: Class initialized using 'CodeIgniter\Session\Handlers\FileHandler' driver.
DEBUG - 2026-04-18 06:49:34 --> Session: Class initialized using 'CodeIgniter\Session\Handlers\FileHandler' driver.
DEBUG - 2026-04-18 06:49:36 --> Session: Class initialized using 'CodeIgniter\Session\Handlers\FileHandler' driver.
DEBUG - 2026-04-18 06:50:04 --> Session: Class initialized using 'CodeIgniter\Session\Handlers\FileHandler' driver.
DEBUG - 2026-04-18 06:50:22 --> Session: Class initialized using 'CodeIgniter\Session\Handlers\FileHandler' driver.
DEBUG - 2026-04-18 06:50:24 --> Session: Class initialized using 'CodeIgniter\Session\Handlers\FileHandler' driver.
DEBUG - 2026-04-18 06:52:07 --> Session: Class initialized using 'CodeIgniter\Session\Handlers\FileHandler' driver.
DEBUG - 2026-04-18 06:55:26 --> Session: Class initialized using 'CodeIgniter\Session\Handlers\FileHandler' driver.
DEBUG - 2026-04-18 06:57:00 --> Session: Class initialized using 'CodeIgniter\Session\Handlers\FileHandler' driver.
DEBUG - 2026-04-18 06:57:15 --> Session: Class initialized using 'CodeIgniter\Session\Handlers\FileHandler' driver.
DEBUG - 2026-04-18 06:57:43 --> Session: Class initialized using 'CodeIgniter\Session\Handlers\FileHandler' driver.
DEBUG - 2026-04-18 06:57:43 --> Session: Class initialized using 'CodeIgniter\Session\Handlers\FileHandler' driver.
DEBUG - 2026-04-18 07:05:35 --> Session: Class initialized using 'CodeIgniter\Session\Handlers\FileHandler' driver.
DEBUG - 2026-04-18 07:06:00 --> Session: Class initialized using 'CodeIgniter\Session\Handlers\FileHandler' driver.
DEBUG - 2026-04-18 07:06:00 --> Session: Class initialized using 'CodeIgniter\Session\Handlers\FileHandler' driver.
DEBUG - 2026-04-18 07:07:25 --> Session: Class initialized using 'CodeIgniter\Session\Handlers\FileHandler' driver.
DEBUG - 2026-04-18 07:07:29 --> Session: Class initialized using 'CodeIgniter\Session\Handlers\FileHandler' driver.
DEBUG - 2026-04-18 07:07:29 --> Session: Class initialized using 'CodeIgniter\Session\Handlers\FileHandler' driver.
DEBUG - 2026-04-18 07:07:33 --> Session: Class initialized using 'CodeIgniter\Session\Handlers\FileHandler' driver.
DEBUG - 2026-04-18 07:07:34 --> Session: Class initialized using 'CodeIgniter\Session\Handlers\FileHandler' driver.
DEBUG - 2026-04-18 07:07:42 --> Session: Class initialized using 'CodeIgniter\Session\Handlers\FileHandler' driver.
DEBUG - 2026-04-18 07:07:49 --> Session: Class initialized using 'CodeIgniter\Session\Handlers\FileHandler' driver.
DEBUG - 2026-04-18 07:08:56 --> Session: Class initialized using 'CodeIgniter\Session\Handlers\FileHandler' driver.
DEBUG - 2026-04-18 07:09:02 --> Session: Class initialized using 'CodeIgniter\Session\Handlers\FileHandler' driver.
DEBUG - 2026-04-18 07:10:27 --> Session: Class initialized using 'CodeIgniter\Session\Handlers\FileHandler' driver.
DEBUG - 2026-04-18 07:10:50 --> Session: Class initialized using 'CodeIgniter\Session\Handlers\FileHandler' driver.
DEBUG - 2026-04-18 07:10:52 --> Session: Class initialized using 'CodeIgniter\Session\Handlers\FileHandler' driver.
DEBUG - 2026-04-18 07:10:58 --> Session: Class initialized using 'CodeIgniter\Session\Handlers\FileHandler' driver.
DEBUG - 2026-04-18 07:11:23 --> Session: Class initialized using 'CodeIgniter\Session\Handlers\FileHandler' driver.
DEBUG - 2026-04-18 07:14:03 --> Session: Class initialized using 'CodeIgniter\Session\Handlers\FileHandler' driver.
DEBUG - 2026-04-18 07:14:05 --> Session: Class initialized using 'CodeIgniter\Session\Handlers\FileHandler' driver.
DEBUG - 2026-04-18 07:14:18 --> Session: Class initialized using 'CodeIgniter\Session\Handlers\FileHandler' driver.
DEBUG - 2026-04-18 07:14:21 --> Session: Class initialized using 'CodeIgniter\Session\Handlers\FileHandler' driver.
DEBUG - 2026-04-18 07:14:22 --> Session: Class initialized using 'CodeIgniter\Session\Handlers\FileHandler' driver.
DEBUG - 2026-04-18 07:14:26 --> Session: Class initialized using 'CodeIgniter\Session\Handlers\FileHandler' driver.
DEBUG - 2026-04-18 07:14:26 --> Session: Class initialized using 'CodeIgniter\Session\Handlers\FileHandler' driver.
DEBUG - 2026-04-18 07:14:31 --> Session: Class initialized using 'CodeIgniter\Session\Handlers\FileHandler' driver.
DEBUG - 2026-04-18 07:15:30 --> Session: Class initialized using 'CodeIgniter\Session\Handlers\FileHandler' driver.
DEBUG - 2026-04-18 07:15:53 --> Session: Class initialized using 'CodeIgniter\Session\Handlers\FileHandler' driver.
DEBUG - 2026-04-18 07:15:57 --> Session: Class initialized using 'CodeIgniter\Session\Handlers\FileHandler' driver.
DEBUG - 2026-04-18 07:16:06 --> Session: Class initialized using 'CodeIgniter\Session\Handlers\FileHandler' driver.
DEBUG - 2026-04-18 07:16:10 --> Session: Class initialized using 'CodeIgniter\Session\Handlers\FileHandler' driver.
DEBUG - 2026-04-18 07:16:13 --> Session: Class initialized using 'CodeIgniter\Session\Handlers\FileHandler' driver.
DEBUG - 2026-04-18 07:16:14 --> Session: Class initialized using 'CodeIgniter\Session\Handlers\FileHandler' driver.
DEBUG - 2026-04-18 07:16:35 --> Session: Class initialized using 'CodeIgniter\Session\Handlers\FileHandler' driver.
DEBUG - 2026-04-18 07:16:35 --> Session: Class initialized using 'CodeIgniter\Session\Handlers\FileHandler' driver.
DEBUG - 2026-04-18 07:16:42 --> Session: Class initialized using 'CodeIgniter\Session\Handlers\FileHandler' driver.
DEBUG - 2026-04-18 07:16:53 --> Session: Class initialized using 'CodeIgniter\Session\Handlers\FileHandler' driver.
DEBUG - 2026-04-18 07:16:55 --> Session: Class initialized using 'CodeIgniter\Session\Handlers\FileHandler' driver.
DEBUG - 2026-04-18 07:17:11 --> Session: Class initialized using 'CodeIgniter\Session\Handlers\FileHandler' driver.
DEBUG - 2026-04-18 07:17:11 --> Session: Class initialized using 'CodeIgniter\Session\Handlers\FileHandler' driver.
DEBUG - 2026-04-18 07:17:19 --> Session: Class initialized using 'CodeIgniter\Session\Handlers\FileHandler' driver.
DEBUG - 2026-04-18 07:17:25 --> Session: Class initialized using 'CodeIgniter\Session\Handlers\FileHandler' driver.
DEBUG - 2026-04-18 07:17:40 --> Session: Class initialized using 'CodeIgniter\Session\Handlers\FileHandler' driver.
DEBUG - 2026-04-18 07:17:41 --> Session: Class initialized using 'CodeIgniter\Session\Handlers\FileHandler' driver.
DEBUG - 2026-04-18 07:17:50 --> Session: Class initialized using 'CodeIgniter\Session\Handlers\FileHandler' driver.
DEBUG - 2026-04-18 07:17:58 --> Session: Class initialized using 'CodeIgniter\Session\Handlers\FileHandler' driver.
DEBUG - 2026-04-18 07:18:08 --> Session: Class initialized using 'CodeIgniter\Session\Handlers\FileHandler' driver.
DEBUG - 2026-04-18 07:18:23 --> Session: Class initialized using 'CodeIgniter\Session\Handlers\FileHandler' driver.
ERROR - 2026-04-18 07:18:23 --> Column 'user_id' in where clause is ambiguous
in SYSTEMPATH\Database\MySQLi\Connection.php on line 300.
 1 SYSTEMPATH\Database\MySQLi\Connection.php(300): mysqli->query('SELECT `plan_holders`.`plan_holder_id`, `plan_holders`.`user_id`, `plan_holders`.`unique_identifier`, `plan_holders`.`branch_id`, `u`.`first_name`, `u`.`last_name`
FROM `plan_holders`
LEFT JOIN `users` `u` ON `u`.`user_id` = `plan_holders`.`user_id`
WHERE `user_id` = 8', 0)
 2 SYSTEMPATH\Database\BaseConnection.php(910): CodeIgniter\Database\MySQLi\Connection->execute('SELECT `plan_holders`.`plan_holder_id`, `plan_holders`.`user_id`, `plan_holders`.`unique_identifier`, `plan_holders`.`branch_id`, `u`.`first_name`, `u`.`last_name`
FROM `plan_holders`
LEFT JOIN `users` `u` ON `u`.`user_id` = `plan_holders`.`user_id`
WHERE `user_id` = 8')
 3 SYSTEMPATH\Database\BaseConnection.php(827): CodeIgniter\Database\BaseConnection->simpleQuery('SELECT `plan_holders`.`plan_holder_id`, `plan_holders`.`user_id`, `plan_holders`.`unique_identifier`, `plan_holders`.`branch_id`, `u`.`first_name`, `u`.`last_name`
FROM `plan_holders`
LEFT JOIN `users` `u` ON `u`.`user_id` = `plan_holders`.`user_id`
WHERE `user_id` = 8')
 4 SYSTEMPATH\Database\BaseBuilder.php(1649): CodeIgniter\Database\BaseConnection->query('SELECT `plan_holders`.`plan_holder_id`, `plan_holders`.`user_id`, `plan_holders`.`unique_identifier`, `plan_holders`.`branch_id`, `u`.`first_name`, `u`.`last_name`
FROM `plan_holders`
LEFT JOIN `users` `u` ON `u`.`user_id` = `plan_holders`.`user_id`
WHERE `user_id` = :user_id:', [...], false)
 5 APPPATH\Controllers\PlanHolder\PaymentController.php(132): CodeIgniter\Database\BaseBuilder->get()
 6 APPPATH\Controllers\PlanHolder\PaymentController.php(12): App\Controllers\PlanHolder\PaymentController->getCurrentPlanHolderContext()
 7 SYSTEMPATH\CodeIgniter.php(951): App\Controllers\PlanHolder\PaymentController->index()
 8 SYSTEMPATH\CodeIgniter.php(497): CodeIgniter\CodeIgniter->runController(Object(App\Controllers\PlanHolder\PaymentController))
 9 SYSTEMPATH\CodeIgniter.php(340): CodeIgniter\CodeIgniter->handleRequest(null, Object(Config\Cache), false)
10 SYSTEMPATH\Boot.php(417): CodeIgniter\CodeIgniter->run()
11 SYSTEMPATH\Boot.php(68): CodeIgniter\Boot::runCodeIgniter(Object(CodeIgniter\CodeIgniter))
12 FCPATH\index.php(59): CodeIgniter\Boot::bootWeb(Object(Config\Paths))
CRITICAL - 2026-04-18 07:18:23 --> CodeIgniter\Database\Exceptions\DatabaseException: Column 'user_id' in where clause is ambiguous
[Method: GET, Route: client/payment]
in SYSTEMPATH\Database\BaseConnection.php on line 865.
 1 SYSTEMPATH\Database\BaseBuilder.php(1649): CodeIgniter\Database\BaseConnection->query('SELECT `plan_holders`.`plan_holder_id`, `plan_holders`.`user_id`, `plan_holders`.`unique_identifier`, `plan_holders`.`branch_id`, `u`.`first_name`, `u`.`last_name`
FROM `plan_holders`
LEFT JOIN `users` `u` ON `u`.`user_id` = `plan_holders`.`user_id`
WHERE `user_id` = :user_id:', [...], false)
 2 APPPATH\Controllers\PlanHolder\PaymentController.php(132): CodeIgniter\Database\BaseBuilder->get()
 3 APPPATH\Controllers\PlanHolder\PaymentController.php(12): App\Controllers\PlanHolder\PaymentController->getCurrentPlanHolderContext()
 4 SYSTEMPATH\CodeIgniter.php(951): App\Controllers\PlanHolder\PaymentController->index()
 5 SYSTEMPATH\CodeIgniter.php(497): CodeIgniter\CodeIgniter->runController(Object(App\Controllers\PlanHolder\PaymentController))
 6 SYSTEMPATH\CodeIgniter.php(340): CodeIgniter\CodeIgniter->handleRequest(null, Object(Config\Cache), false)
 7 SYSTEMPATH\Boot.php(417): CodeIgniter\CodeIgniter->run()
 8 SYSTEMPATH\Boot.php(68): CodeIgniter\Boot::runCodeIgniter(Object(CodeIgniter\CodeIgniter))
 9 FCPATH\index.php(59): CodeIgniter\Boot::bootWeb(Object(Config\Paths))
CRITICAL - 2026-04-18 07:18:23 --> [Caused by] CodeIgniter\Database\Exceptions\DatabaseException: Column 'user_id' in where clause is ambiguous
in SYSTEMPATH\Database\MySQLi\Connection.php on line 310.
 1 SYSTEMPATH\Database\BaseConnection.php(910): CodeIgniter\Database\MySQLi\Connection->execute('SELECT `plan_holders`.`plan_holder_id`, `plan_holders`.`user_id`, `plan_holders`.`unique_identifier`, `plan_holders`.`branch_id`, `u`.`first_name`, `u`.`last_name`
FROM `plan_holders`
LEFT JOIN `users` `u` ON `u`.`user_id` = `plan_holders`.`user_id`
WHERE `user_id` = 8')
 2 SYSTEMPATH\Database\BaseConnection.php(827): CodeIgniter\Database\BaseConnection->simpleQuery('SELECT `plan_holders`.`plan_holder_id`, `plan_holders`.`user_id`, `plan_holders`.`unique_identifier`, `plan_holders`.`branch_id`, `u`.`first_name`, `u`.`last_name`
FROM `plan_holders`
LEFT JOIN `users` `u` ON `u`.`user_id` = `plan_holders`.`user_id`
WHERE `user_id` = 8')
 3 SYSTEMPATH\Database\BaseBuilder.php(1649): CodeIgniter\Database\BaseConnection->query('SELECT `plan_holders`.`plan_holder_id`, `plan_holders`.`user_id`, `plan_holders`.`unique_identifier`, `plan_holders`.`branch_id`, `u`.`first_name`, `u`.`last_name`
FROM `plan_holders`
LEFT JOIN `users` `u` ON `u`.`user_id` = `plan_holders`.`user_id`
WHERE `user_id` = :user_id:', [...], false)
 4 APPPATH\Controllers\PlanHolder\PaymentController.php(132): CodeIgniter\Database\BaseBuilder->get()
 5 APPPATH\Controllers\PlanHolder\PaymentController.php(12): App\Controllers\PlanHolder\PaymentController->getCurrentPlanHolderContext()
 6 SYSTEMPATH\CodeIgniter.php(951): App\Controllers\PlanHolder\PaymentController->index()
 7 SYSTEMPATH\CodeIgniter.php(497): CodeIgniter\CodeIgniter->runController(Object(App\Controllers\PlanHolder\PaymentController))
 8 SYSTEMPATH\CodeIgniter.php(340): CodeIgniter\CodeIgniter->handleRequest(null, Object(Config\Cache), false)
 9 SYSTEMPATH\Boot.php(417): CodeIgniter\CodeIgniter->run()
10 SYSTEMPATH\Boot.php(68): CodeIgniter\Boot::runCodeIgniter(Object(CodeIgniter\CodeIgniter))
11 FCPATH\index.php(59): CodeIgniter\Boot::bootWeb(Object(Config\Paths))
CRITICAL - 2026-04-18 07:18:23 --> [Caused by] mysqli_sql_exception: Column 'user_id' in where clause is ambiguous
in SYSTEMPATH\Database\MySQLi\Connection.php on line 300.
 1 SYSTEMPATH\Database\MySQLi\Connection.php(300): mysqli->query('SELECT `plan_holders`.`plan_holder_id`, `plan_holders`.`user_id`, `plan_holders`.`unique_identifier`, `plan_holders`.`branch_id`, `u`.`first_name`, `u`.`last_name`
FROM `plan_holders`
LEFT JOIN `users` `u` ON `u`.`user_id` = `plan_holders`.`user_id`
WHERE `user_id` = 8', 0)
 2 SYSTEMPATH\Database\BaseConnection.php(910): CodeIgniter\Database\MySQLi\Connection->execute('SELECT `plan_holders`.`plan_holder_id`, `plan_holders`.`user_id`, `plan_holders`.`unique_identifier`, `plan_holders`.`branch_id`, `u`.`first_name`, `u`.`last_name`
FROM `plan_holders`
LEFT JOIN `users` `u` ON `u`.`user_id` = `plan_holders`.`user_id`
WHERE `user_id` = 8')
 3 SYSTEMPATH\Database\BaseConnection.php(827): CodeIgniter\Database\BaseConnection->simpleQuery('SELECT `plan_holders`.`plan_holder_id`, `plan_holders`.`user_id`, `plan_holders`.`unique_identifier`, `plan_holders`.`branch_id`, `u`.`first_name`, `u`.`last_name`
FROM `plan_holders`
LEFT JOIN `users` `u` ON `u`.`user_id` = `plan_holders`.`user_id`
WHERE `user_id` = 8')
 4 SYSTEMPATH\Database\BaseBuilder.php(1649): CodeIgniter\Database\BaseConnection->query('SELECT `plan_holders`.`plan_holder_id`, `plan_holders`.`user_id`, `plan_holders`.`unique_identifier`, `plan_holders`.`branch_id`, `u`.`first_name`, `u`.`last_name`
FROM `plan_holders`
LEFT JOIN `users` `u` ON `u`.`user_id` = `plan_holders`.`user_id`
WHERE `user_id` = :user_id:', [...], false)
 5 APPPATH\Controllers\PlanHolder\PaymentController.php(132): CodeIgniter\Database\BaseBuilder->get()
 6 APPPATH\Controllers\PlanHolder\PaymentController.php(12): App\Controllers\PlanHolder\PaymentController->getCurrentPlanHolderContext()
 7 SYSTEMPATH\CodeIgniter.php(951): App\Controllers\PlanHolder\PaymentController->index()
 8 SYSTEMPATH\CodeIgniter.php(497): CodeIgniter\CodeIgniter->runController(Object(App\Controllers\PlanHolder\PaymentController))
 9 SYSTEMPATH\CodeIgniter.php(340): CodeIgniter\CodeIgniter->handleRequest(null, Object(Config\Cache), false)
10 SYSTEMPATH\Boot.php(417): CodeIgniter\CodeIgniter->run()
11 SYSTEMPATH\Boot.php(68): CodeIgniter\Boot::runCodeIgniter(Object(CodeIgniter\CodeIgniter))
12 FCPATH\index.php(59): CodeIgniter\Boot::bootWeb(Object(Config\Paths))
DEBUG - 2026-04-18 07:18:31 --> Session: Class initialized using 'CodeIgniter\Session\Handlers\FileHandler' driver.
ERROR - 2026-04-18 07:18:31 --> Column 'user_id' in where clause is ambiguous
in SYSTEMPATH\Database\MySQLi\Connection.php on line 300.
 1 SYSTEMPATH\Database\MySQLi\Connection.php(300): mysqli->query('SELECT `plan_holders`.`plan_holder_id`, `plan_holders`.`user_id`, `plan_holders`.`unique_identifier`, `plan_holders`.`branch_id`, `u`.`first_name`, `u`.`last_name`
FROM `plan_holders`
LEFT JOIN `users` `u` ON `u`.`user_id` = `plan_holders`.`user_id`
WHERE `user_id` = 8', 0)
 2 SYSTEMPATH\Database\BaseConnection.php(910): CodeIgniter\Database\MySQLi\Connection->execute('SELECT `plan_holders`.`plan_holder_id`, `plan_holders`.`user_id`, `plan_holders`.`unique_identifier`, `plan_holders`.`branch_id`, `u`.`first_name`, `u`.`last_name`
FROM `plan_holders`
LEFT JOIN `users` `u` ON `u`.`user_id` = `plan_holders`.`user_id`
WHERE `user_id` = 8')
 3 SYSTEMPATH\Database\BaseConnection.php(827): CodeIgniter\Database\BaseConnection->simpleQuery('SELECT `plan_holders`.`plan_holder_id`, `plan_holders`.`user_id`, `plan_holders`.`unique_identifier`, `plan_holders`.`branch_id`, `u`.`first_name`, `u`.`last_name`
FROM `plan_holders`
LEFT JOIN `users` `u` ON `u`.`user_id` = `plan_holders`.`user_id`
WHERE `user_id` = 8')
 4 SYSTEMPATH\Database\BaseBuilder.php(1649): CodeIgniter\Database\BaseConnection->query('SELECT `plan_holders`.`plan_holder_id`, `plan_holders`.`user_id`, `plan_holders`.`unique_identifier`, `plan_holders`.`branch_id`, `u`.`first_name`, `u`.`last_name`
FROM `plan_holders`
LEFT JOIN `users` `u` ON `u`.`user_id` = `plan_holders`.`user_id`
WHERE `user_id` = :user_id:', [...], false)
 5 APPPATH\Controllers\PlanHolder\PaymentController.php(132): CodeIgniter\Database\BaseBuilder->get()
 6 APPPATH\Controllers\PlanHolder\PaymentController.php(12): App\Controllers\PlanHolder\PaymentController->getCurrentPlanHolderContext()
 7 SYSTEMPATH\CodeIgniter.php(951): App\Controllers\PlanHolder\PaymentController->index()
 8 SYSTEMPATH\CodeIgniter.php(497): CodeIgniter\CodeIgniter->runController(Object(App\Controllers\PlanHolder\PaymentController))
 9 SYSTEMPATH\CodeIgniter.php(340): CodeIgniter\CodeIgniter->handleRequest(null, Object(Config\Cache), false)
10 SYSTEMPATH\Boot.php(417): CodeIgniter\CodeIgniter->run()
11 SYSTEMPATH\Boot.php(68): CodeIgniter\Boot::runCodeIgniter(Object(CodeIgniter\CodeIgniter))
12 FCPATH\index.php(59): CodeIgniter\Boot::bootWeb(Object(Config\Paths))
CRITICAL - 2026-04-18 07:18:31 --> CodeIgniter\Database\Exceptions\DatabaseException: Column 'user_id' in where clause is ambiguous
[Method: GET, Route: client/payment]
in SYSTEMPATH\Database\BaseConnection.php on line 865.
 1 SYSTEMPATH\Database\BaseBuilder.php(1649): CodeIgniter\Database\BaseConnection->query('SELECT `plan_holders`.`plan_holder_id`, `plan_holders`.`user_id`, `plan_holders`.`unique_identifier`, `plan_holders`.`branch_id`, `u`.`first_name`, `u`.`last_name`
FROM `plan_holders`
LEFT JOIN `users` `u` ON `u`.`user_id` = `plan_holders`.`user_id`
WHERE `user_id` = :user_id:', [...], false)
 2 APPPATH\Controllers\PlanHolder\PaymentController.php(132): CodeIgniter\Database\BaseBuilder->get()
 3 APPPATH\Controllers\PlanHolder\PaymentController.php(12): App\Controllers\PlanHolder\PaymentController->getCurrentPlanHolderContext()
 4 SYSTEMPATH\CodeIgniter.php(951): App\Controllers\PlanHolder\PaymentController->index()
 5 SYSTEMPATH\CodeIgniter.php(497): CodeIgniter\CodeIgniter->runController(Object(App\Controllers\PlanHolder\PaymentController))
 6 SYSTEMPATH\CodeIgniter.php(340): CodeIgniter\CodeIgniter->handleRequest(null, Object(Config\Cache), false)
 7 SYSTEMPATH\Boot.php(417): CodeIgniter\CodeIgniter->run()
 8 SYSTEMPATH\Boot.php(68): CodeIgniter\Boot::runCodeIgniter(Object(CodeIgniter\CodeIgniter))
 9 FCPATH\index.php(59): CodeIgniter\Boot::bootWeb(Object(Config\Paths))
CRITICAL - 2026-04-18 07:18:31 --> [Caused by] CodeIgniter\Database\Exceptions\DatabaseException: Column 'user_id' in where clause is ambiguous
in SYSTEMPATH\Database\MySQLi\Connection.php on line 310.
 1 SYSTEMPATH\Database\BaseConnection.php(910): CodeIgniter\Database\MySQLi\Connection->execute('SELECT `plan_holders`.`plan_holder_id`, `plan_holders`.`user_id`, `plan_holders`.`unique_identifier`, `plan_holders`.`branch_id`, `u`.`first_name`, `u`.`last_name`
FROM `plan_holders`
LEFT JOIN `users` `u` ON `u`.`user_id` = `plan_holders`.`user_id`
WHERE `user_id` = 8')
 2 SYSTEMPATH\Database\BaseConnection.php(827): CodeIgniter\Database\BaseConnection->simpleQuery('SELECT `plan_holders`.`plan_holder_id`, `plan_holders`.`user_id`, `plan_holders`.`unique_identifier`, `plan_holders`.`branch_id`, `u`.`first_name`, `u`.`last_name`
FROM `plan_holders`
LEFT JOIN `users` `u` ON `u`.`user_id` = `plan_holders`.`user_id`
WHERE `user_id` = 8')
 3 SYSTEMPATH\Database\BaseBuilder.php(1649): CodeIgniter\Database\BaseConnection->query('SELECT `plan_holders`.`plan_holder_id`, `plan_holders`.`user_id`, `plan_holders`.`unique_identifier`, `plan_holders`.`branch_id`, `u`.`first_name`, `u`.`last_name`
FROM `plan_holders`
LEFT JOIN `users` `u` ON `u`.`user_id` = `plan_holders`.`user_id`
WHERE `user_id` = :user_id:', [...], false)
 4 APPPATH\Controllers\PlanHolder\PaymentController.php(132): CodeIgniter\Database\BaseBuilder->get()
 5 APPPATH\Controllers\PlanHolder\PaymentController.php(12): App\Controllers\PlanHolder\PaymentController->getCurrentPlanHolderContext()
 6 SYSTEMPATH\CodeIgniter.php(951): App\Controllers\PlanHolder\PaymentController->index()
 7 SYSTEMPATH\CodeIgniter.php(497): CodeIgniter\CodeIgniter->runController(Object(App\Controllers\PlanHolder\PaymentController))
 8 SYSTEMPATH\CodeIgniter.php(340): CodeIgniter\CodeIgniter->handleRequest(null, Object(Config\Cache), false)
 9 SYSTEMPATH\Boot.php(417): CodeIgniter\CodeIgniter->run()
10 SYSTEMPATH\Boot.php(68): CodeIgniter\Boot::runCodeIgniter(Object(CodeIgniter\CodeIgniter))
11 FCPATH\index.php(59): CodeIgniter\Boot::bootWeb(Object(Config\Paths))
CRITICAL - 2026-04-18 07:18:31 --> [Caused by] mysqli_sql_exception: Column 'user_id' in where clause is ambiguous
in SYSTEMPATH\Database\MySQLi\Connection.php on line 300.
 1 SYSTEMPATH\Database\MySQLi\Connection.php(300): mysqli->query('SELECT `plan_holders`.`plan_holder_id`, `plan_holders`.`user_id`, `plan_holders`.`unique_identifier`, `plan_holders`.`branch_id`, `u`.`first_name`, `u`.`last_name`
FROM `plan_holders`
LEFT JOIN `users` `u` ON `u`.`user_id` = `plan_holders`.`user_id`
WHERE `user_id` = 8', 0)
 2 SYSTEMPATH\Database\BaseConnection.php(910): CodeIgniter\Database\MySQLi\Connection->execute('SELECT `plan_holders`.`plan_holder_id`, `plan_holders`.`user_id`, `plan_holders`.`unique_identifier`, `plan_holders`.`branch_id`, `u`.`first_name`, `u`.`last_name`
FROM `plan_holders`
LEFT JOIN `users` `u` ON `u`.`user_id` = `plan_holders`.`user_id`
WHERE `user_id` = 8')
 3 SYSTEMPATH\Database\BaseConnection.php(827): CodeIgniter\Database\BaseConnection->simpleQuery('SELECT `plan_holders`.`plan_holder_id`, `plan_holders`.`user_id`, `plan_holders`.`unique_identifier`, `plan_holders`.`branch_id`, `u`.`first_name`, `u`.`last_name`
FROM `plan_holders`
LEFT JOIN `users` `u` ON `u`.`user_id` = `plan_holders`.`user_id`
WHERE `user_id` = 8')
 4 SYSTEMPATH\Database\BaseBuilder.php(1649): CodeIgniter\Database\BaseConnection->query('SELECT `plan_holders`.`plan_holder_id`, `plan_holders`.`user_id`, `plan_holders`.`unique_identifier`, `plan_holders`.`branch_id`, `u`.`first_name`, `u`.`last_name`
FROM `plan_holders`
LEFT JOIN `users` `u` ON `u`.`user_id` = `plan_holders`.`user_id`
WHERE `user_id` = :user_id:', [...], false)
 5 APPPATH\Controllers\PlanHolder\PaymentController.php(132): CodeIgniter\Database\BaseBuilder->get()
 6 APPPATH\Controllers\PlanHolder\PaymentController.php(12): App\Controllers\PlanHolder\PaymentController->getCurrentPlanHolderContext()
 7 SYSTEMPATH\CodeIgniter.php(951): App\Controllers\PlanHolder\PaymentController->index()
 8 SYSTEMPATH\CodeIgniter.php(497): CodeIgniter\CodeIgniter->runController(Object(App\Controllers\PlanHolder\PaymentController))
 9 SYSTEMPATH\CodeIgniter.php(340): CodeIgniter\CodeIgniter->handleRequest(null, Object(Config\Cache), false)
10 SYSTEMPATH\Boot.php(417): CodeIgniter\CodeIgniter->run()
11 SYSTEMPATH\Boot.php(68): CodeIgniter\Boot::runCodeIgniter(Object(CodeIgniter\CodeIgniter))
12 FCPATH\index.php(59): CodeIgniter\Boot::bootWeb(Object(Config\Paths))
DEBUG - 2026-04-18 07:18:34 --> Session: Class initialized using 'CodeIgniter\Session\Handlers\FileHandler' driver.
DEBUG - 2026-04-18 07:18:35 --> Session: Class initialized using 'CodeIgniter\Session\Handlers\FileHandler' driver.
DEBUG - 2026-04-18 07:21:18 --> Session: Class initialized using 'CodeIgniter\Session\Handlers\FileHandler' driver.
DEBUG - 2026-04-18 07:21:19 --> Session: Class initialized using 'CodeIgniter\Session\Handlers\FileHandler' driver.
DEBUG - 2026-04-18 07:21:24 --> Session: Class initialized using 'CodeIgniter\Session\Handlers\FileHandler' driver.
DEBUG - 2026-04-18 07:21:34 --> Session: Class initialized using 'CodeIgniter\Session\Handlers\FileHandler' driver.
ERROR - 2026-04-18 07:21:34 --> Column 'user_id' in where clause is ambiguous
in SYSTEMPATH\Database\MySQLi\Connection.php on line 300.
 1 SYSTEMPATH\Database\MySQLi\Connection.php(300): mysqli->query('SELECT `plan_holders`.`plan_holder_id`, `plan_holders`.`user_id`, `plan_holders`.`unique_identifier`, `plan_holders`.`branch_id`, `u`.`first_name`, `u`.`last_name`
FROM `plan_holders`
LEFT JOIN `users` `u` ON `u`.`user_id` = `plan_holders`.`user_id`
WHERE `user_id` = 8
ORDER BY `plan_holders`.`plan_holder_id` DESC', 0)
 2 SYSTEMPATH\Database\BaseConnection.php(910): CodeIgniter\Database\MySQLi\Connection->execute('SELECT `plan_holders`.`plan_holder_id`, `plan_holders`.`user_id`, `plan_holders`.`unique_identifier`, `plan_holders`.`branch_id`, `u`.`first_name`, `u`.`last_name`
FROM `plan_holders`
LEFT JOIN `users` `u` ON `u`.`user_id` = `plan_holders`.`user_id`
WHERE `user_id` = 8
ORDER BY `plan_holders`.`plan_holder_id` DESC')
 3 SYSTEMPATH\Database\BaseConnection.php(827): CodeIgniter\Database\BaseConnection->simpleQuery('SELECT `plan_holders`.`plan_holder_id`, `plan_holders`.`user_id`, `plan_holders`.`unique_identifier`, `plan_holders`.`branch_id`, `u`.`first_name`, `u`.`last_name`
FROM `plan_holders`
LEFT JOIN `users` `u` ON `u`.`user_id` = `plan_holders`.`user_id`
WHERE `user_id` = 8
ORDER BY `plan_holders`.`plan_holder_id` DESC')
 4 SYSTEMPATH\Database\BaseBuilder.php(1649): CodeIgniter\Database\BaseConnection->query('SELECT `plan_holders`.`plan_holder_id`, `plan_holders`.`user_id`, `plan_holders`.`unique_identifier`, `plan_holders`.`branch_id`, `u`.`first_name`, `u`.`last_name`
FROM `plan_holders`
LEFT JOIN `users` `u` ON `u`.`user_id` = `plan_holders`.`user_id`
WHERE `user_id` = :user_id:
ORDER BY `plan_holders`.`plan_holder_id` DESC', [...], false)
 5 APPPATH\Controllers\PlanHolder\PaymentController.php(133): CodeIgniter\Database\BaseBuilder->get()
 6 APPPATH\Controllers\PlanHolder\PaymentController.php(12): App\Controllers\PlanHolder\PaymentController->getCurrentPlanHolderContext()
 7 SYSTEMPATH\CodeIgniter.php(951): App\Controllers\PlanHolder\PaymentController->index()
 8 SYSTEMPATH\CodeIgniter.php(497): CodeIgniter\CodeIgniter->runController(Object(App\Controllers\PlanHolder\PaymentController))
 9 SYSTEMPATH\CodeIgniter.php(340): CodeIgniter\CodeIgniter->handleRequest(null, Object(Config\Cache), false)
10 SYSTEMPATH\Boot.php(417): CodeIgniter\CodeIgniter->run()
11 SYSTEMPATH\Boot.php(68): CodeIgniter\Boot::runCodeIgniter(Object(CodeIgniter\CodeIgniter))
12 FCPATH\index.php(59): CodeIgniter\Boot::bootWeb(Object(Config\Paths))
CRITICAL - 2026-04-18 07:21:34 --> CodeIgniter\Database\Exceptions\DatabaseException: Column 'user_id' in where clause is ambiguous
[Method: GET, Route: client/payment]
in SYSTEMPATH\Database\BaseConnection.php on line 865.
 1 SYSTEMPATH\Database\BaseBuilder.php(1649): CodeIgniter\Database\BaseConnection->query('SELECT `plan_holders`.`plan_holder_id`, `plan_holders`.`user_id`, `plan_holders`.`unique_identifier`, `plan_holders`.`branch_id`, `u`.`first_name`, `u`.`last_name`
FROM `plan_holders`
LEFT JOIN `users` `u` ON `u`.`user_id` = `plan_holders`.`user_id`
WHERE `user_id` = :user_id:
ORDER BY `plan_holders`.`plan_holder_id` DESC', [...], false)
 2 APPPATH\Controllers\PlanHolder\PaymentController.php(133): CodeIgniter\Database\BaseBuilder->get()
 3 APPPATH\Controllers\PlanHolder\PaymentController.php(12): App\Controllers\PlanHolder\PaymentController->getCurrentPlanHolderContext()
 4 SYSTEMPATH\CodeIgniter.php(951): App\Controllers\PlanHolder\PaymentController->index()
 5 SYSTEMPATH\CodeIgniter.php(497): CodeIgniter\CodeIgniter->runController(Object(App\Controllers\PlanHolder\PaymentController))
 6 SYSTEMPATH\CodeIgniter.php(340): CodeIgniter\CodeIgniter->handleRequest(null, Object(Config\Cache), false)
 7 SYSTEMPATH\Boot.php(417): CodeIgniter\CodeIgniter->run()
 8 SYSTEMPATH\Boot.php(68): CodeIgniter\Boot::runCodeIgniter(Object(CodeIgniter\CodeIgniter))
 9 FCPATH\index.php(59): CodeIgniter\Boot::bootWeb(Object(Config\Paths))
CRITICAL - 2026-04-18 07:21:34 --> [Caused by] CodeIgniter\Database\Exceptions\DatabaseException: Column 'user_id' in where clause is ambiguous
in SYSTEMPATH\Database\MySQLi\Connection.php on line 310.
 1 SYSTEMPATH\Database\BaseConnection.php(910): CodeIgniter\Database\MySQLi\Connection->execute('SELECT `plan_holders`.`plan_holder_id`, `plan_holders`.`user_id`, `plan_holders`.`unique_identifier`, `plan_holders`.`branch_id`, `u`.`first_name`, `u`.`last_name`
FROM `plan_holders`
LEFT JOIN `users` `u` ON `u`.`user_id` = `plan_holders`.`user_id`
WHERE `user_id` = 8
ORDER BY `plan_holders`.`plan_holder_id` DESC')
 2 SYSTEMPATH\Database\BaseConnection.php(827): CodeIgniter\Database\BaseConnection->simpleQuery('SELECT `plan_holders`.`plan_holder_id`, `plan_holders`.`user_id`, `plan_holders`.`unique_identifier`, `plan_holders`.`branch_id`, `u`.`first_name`, `u`.`last_name`
FROM `plan_holders`
LEFT JOIN `users` `u` ON `u`.`user_id` = `plan_holders`.`user_id`
WHERE `user_id` = 8
ORDER BY `plan_holders`.`plan_holder_id` DESC')
 3 SYSTEMPATH\Database\BaseBuilder.php(1649): CodeIgniter\Database\BaseConnection->query('SELECT `plan_holders`.`plan_holder_id`, `plan_holders`.`user_id`, `plan_holders`.`unique_identifier`, `plan_holders`.`branch_id`, `u`.`first_name`, `u`.`last_name`
FROM `plan_holders`
LEFT JOIN `users` `u` ON `u`.`user_id` = `plan_holders`.`user_id`
WHERE `user_id` = :user_id:
ORDER BY `plan_holders`.`plan_holder_id` DESC', [...], false)
 4 APPPATH\Controllers\PlanHolder\PaymentController.php(133): CodeIgniter\Database\BaseBuilder->get()
 5 APPPATH\Controllers\PlanHolder\PaymentController.php(12): App\Controllers\PlanHolder\PaymentController->getCurrentPlanHolderContext()
 6 SYSTEMPATH\CodeIgniter.php(951): App\Controllers\PlanHolder\PaymentController->index()
 7 SYSTEMPATH\CodeIgniter.php(497): CodeIgniter\CodeIgniter->runController(Object(App\Controllers\PlanHolder\PaymentController))
 8 SYSTEMPATH\CodeIgniter.php(340): CodeIgniter\CodeIgniter->handleRequest(null, Object(Config\Cache), false)
 9 SYSTEMPATH\Boot.php(417): CodeIgniter\CodeIgniter->run()
10 SYSTEMPATH\Boot.php(68): CodeIgniter\Boot::runCodeIgniter(Object(CodeIgniter\CodeIgniter))
11 FCPATH\index.php(59): CodeIgniter\Boot::bootWeb(Object(Config\Paths))
CRITICAL - 2026-04-18 07:21:34 --> [Caused by] mysqli_sql_exception: Column 'user_id' in where clause is ambiguous
in SYSTEMPATH\Database\MySQLi\Connection.php on line 300.
 1 SYSTEMPATH\Database\MySQLi\Connection.php(300): mysqli->query('SELECT `plan_holders`.`plan_holder_id`, `plan_holders`.`user_id`, `plan_holders`.`unique_identifier`, `plan_holders`.`branch_id`, `u`.`first_name`, `u`.`last_name`
FROM `plan_holders`
LEFT JOIN `users` `u` ON `u`.`user_id` = `plan_holders`.`user_id`
WHERE `user_id` = 8
ORDER BY `plan_holders`.`plan_holder_id` DESC', 0)
 2 SYSTEMPATH\Database\BaseConnection.php(910): CodeIgniter\Database\MySQLi\Connection->execute('SELECT `plan_holders`.`plan_holder_id`, `plan_holders`.`user_id`, `plan_holders`.`unique_identifier`, `plan_holders`.`branch_id`, `u`.`first_name`, `u`.`last_name`
FROM `plan_holders`
LEFT JOIN `users` `u` ON `u`.`user_id` = `plan_holders`.`user_id`
WHERE `user_id` = 8
ORDER BY `plan_holders`.`plan_holder_id` DESC')
 3 SYSTEMPATH\Database\BaseConnection.php(827): CodeIgniter\Database\BaseConnection->simpleQuery('SELECT `plan_holders`.`plan_holder_id`, `plan_holders`.`user_id`, `plan_holders`.`unique_identifier`, `plan_holders`.`branch_id`, `u`.`first_name`, `u`.`last_name`
FROM `plan_holders`
LEFT JOIN `users` `u` ON `u`.`user_id` = `plan_holders`.`user_id`
WHERE `user_id` = 8
ORDER BY `plan_holders`.`plan_holder_id` DESC')
 4 SYSTEMPATH\Database\BaseBuilder.php(1649): CodeIgniter\Database\BaseConnection->query('SELECT `plan_holders`.`plan_holder_id`, `plan_holders`.`user_id`, `plan_holders`.`unique_identifier`, `plan_holders`.`branch_id`, `u`.`first_name`, `u`.`last_name`
FROM `plan_holders`
LEFT JOIN `users` `u` ON `u`.`user_id` = `plan_holders`.`user_id`
WHERE `user_id` = :user_id:
ORDER BY `plan_holders`.`plan_holder_id` DESC', [...], false)
 5 APPPATH\Controllers\PlanHolder\PaymentController.php(133): CodeIgniter\Database\BaseBuilder->get()
 6 APPPATH\Controllers\PlanHolder\PaymentController.php(12): App\Controllers\PlanHolder\PaymentController->getCurrentPlanHolderContext()
 7 SYSTEMPATH\CodeIgniter.php(951): App\Controllers\PlanHolder\PaymentController->index()
 8 SYSTEMPATH\CodeIgniter.php(497): CodeIgniter\CodeIgniter->runController(Object(App\Controllers\PlanHolder\PaymentController))
 9 SYSTEMPATH\CodeIgniter.php(340): CodeIgniter\CodeIgniter->handleRequest(null, Object(Config\Cache), false)
10 SYSTEMPATH\Boot.php(417): CodeIgniter\CodeIgniter->run()
11 SYSTEMPATH\Boot.php(68): CodeIgniter\Boot::runCodeIgniter(Object(CodeIgniter\CodeIgniter))
12 FCPATH\index.php(59): CodeIgniter\Boot::bootWeb(Object(Config\Paths))
DEBUG - 2026-04-18 07:21:39 --> Session: Class initialized using 'CodeIgniter\Session\Handlers\FileHandler' driver.
DEBUG - 2026-04-18 07:27:21 --> Session: Class initialized using 'CodeIgniter\Session\Handlers\FileHandler' driver.
DEBUG - 2026-04-18 07:27:27 --> Session: Class initialized using 'CodeIgniter\Session\Handlers\FileHandler' driver.
DEBUG - 2026-04-18 07:27:29 --> Session: Class initialized using 'CodeIgniter\Session\Handlers\FileHandler' driver.
DEBUG - 2026-04-18 07:27:32 --> Session: Class initialized using 'CodeIgniter\Session\Handlers\FileHandler' driver.
DEBUG - 2026-04-18 07:27:34 --> Session: Class initialized using 'CodeIgniter\Session\Handlers\FileHandler' driver.
ERROR - 2026-04-18 07:27:34 --> Column 'user_id' in where clause is ambiguous
in SYSTEMPATH\Database\MySQLi\Connection.php on line 300.
 1 SYSTEMPATH\Database\MySQLi\Connection.php(300): mysqli->query('SELECT `plan_holders`.`plan_holder_id`, `plan_holders`.`user_id`, `plan_holders`.`unique_identifier`, `plan_holders`.`branch_id`, `u`.`first_name`, `u`.`last_name`
FROM `plan_holders`
LEFT JOIN `users` `u` ON `u`.`user_id` = `plan_holders`.`user_id`
WHERE `user_id` = 8
ORDER BY `plan_holders`.`plan_holder_id` DESC', 0)
 2 SYSTEMPATH\Database\BaseConnection.php(910): CodeIgniter\Database\MySQLi\Connection->execute('SELECT `plan_holders`.`plan_holder_id`, `plan_holders`.`user_id`, `plan_holders`.`unique_identifier`, `plan_holders`.`branch_id`, `u`.`first_name`, `u`.`last_name`
FROM `plan_holders`
LEFT JOIN `users` `u` ON `u`.`user_id` = `plan_holders`.`user_id`
WHERE `user_id` = 8
ORDER BY `plan_holders`.`plan_holder_id` DESC')
 3 SYSTEMPATH\Database\BaseConnection.php(827): CodeIgniter\Database\BaseConnection->simpleQuery('SELECT `plan_holders`.`plan_holder_id`, `plan_holders`.`user_id`, `plan_holders`.`unique_identifier`, `plan_holders`.`branch_id`, `u`.`first_name`, `u`.`last_name`
FROM `plan_holders`
LEFT JOIN `users` `u` ON `u`.`user_id` = `plan_holders`.`user_id`
WHERE `user_id` = 8
ORDER BY `plan_holders`.`plan_holder_id` DESC')
 4 SYSTEMPATH\Database\BaseBuilder.php(1649): CodeIgniter\Database\BaseConnection->query('SELECT `plan_holders`.`plan_holder_id`, `plan_holders`.`user_id`, `plan_holders`.`unique_identifier`, `plan_holders`.`branch_id`, `u`.`first_name`, `u`.`last_name`
FROM `plan_holders`
LEFT JOIN `users` `u` ON `u`.`user_id` = `plan_holders`.`user_id`
WHERE `user_id` = :user_id:
ORDER BY `plan_holders`.`plan_holder_id` DESC', [...], false)
 5 APPPATH\Controllers\PlanHolder\PaymentController.php(133): CodeIgniter\Database\BaseBuilder->get()
 6 APPPATH\Controllers\PlanHolder\PaymentController.php(12): App\Controllers\PlanHolder\PaymentController->getCurrentPlanHolderContext()
 7 SYSTEMPATH\CodeIgniter.php(951): App\Controllers\PlanHolder\PaymentController->index()
 8 SYSTEMPATH\CodeIgniter.php(497): CodeIgniter\CodeIgniter->runController(Object(App\Controllers\PlanHolder\PaymentController))
 9 SYSTEMPATH\CodeIgniter.php(340): CodeIgniter\CodeIgniter->handleRequest(null, Object(Config\Cache), false)
10 SYSTEMPATH\Boot.php(417): CodeIgniter\CodeIgniter->run()
11 SYSTEMPATH\Boot.php(68): CodeIgniter\Boot::runCodeIgniter(Object(CodeIgniter\CodeIgniter))
12 FCPATH\index.php(59): CodeIgniter\Boot::bootWeb(Object(Config\Paths))
CRITICAL - 2026-04-18 07:27:34 --> CodeIgniter\Database\Exceptions\DatabaseException: Column 'user_id' in where clause is ambiguous
[Method: GET, Route: client/payment]
in SYSTEMPATH\Database\BaseConnection.php on line 865.
 1 SYSTEMPATH\Database\BaseBuilder.php(1649): CodeIgniter\Database\BaseConnection->query('SELECT `plan_holders`.`plan_holder_id`, `plan_holders`.`user_id`, `plan_holders`.`unique_identifier`, `plan_holders`.`branch_id`, `u`.`first_name`, `u`.`last_name`
FROM `plan_holders`
LEFT JOIN `users` `u` ON `u`.`user_id` = `plan_holders`.`user_id`
WHERE `user_id` = :user_id:
ORDER BY `plan_holders`.`plan_holder_id` DESC', [...], false)
 2 APPPATH\Controllers\PlanHolder\PaymentController.php(133): CodeIgniter\Database\BaseBuilder->get()
 3 APPPATH\Controllers\PlanHolder\PaymentController.php(12): App\Controllers\PlanHolder\PaymentController->getCurrentPlanHolderContext()
 4 SYSTEMPATH\CodeIgniter.php(951): App\Controllers\PlanHolder\PaymentController->index()
 5 SYSTEMPATH\CodeIgniter.php(497): CodeIgniter\CodeIgniter->runController(Object(App\Controllers\PlanHolder\PaymentController))
 6 SYSTEMPATH\CodeIgniter.php(340): CodeIgniter\CodeIgniter->handleRequest(null, Object(Config\Cache), false)
 7 SYSTEMPATH\Boot.php(417): CodeIgniter\CodeIgniter->run()
 8 SYSTEMPATH\Boot.php(68): CodeIgniter\Boot::runCodeIgniter(Object(CodeIgniter\CodeIgniter))
 9 FCPATH\index.php(59): CodeIgniter\Boot::bootWeb(Object(Config\Paths))
CRITICAL - 2026-04-18 07:27:34 --> [Caused by] CodeIgniter\Database\Exceptions\DatabaseException: Column 'user_id' in where clause is ambiguous
in SYSTEMPATH\Database\MySQLi\Connection.php on line 310.
 1 SYSTEMPATH\Database\BaseConnection.php(910): CodeIgniter\Database\MySQLi\Connection->execute('SELECT `plan_holders`.`plan_holder_id`, `plan_holders`.`user_id`, `plan_holders`.`unique_identifier`, `plan_holders`.`branch_id`, `u`.`first_name`, `u`.`last_name`
FROM `plan_holders`
LEFT JOIN `users` `u` ON `u`.`user_id` = `plan_holders`.`user_id`
WHERE `user_id` = 8
ORDER BY `plan_holders`.`plan_holder_id` DESC')
 2 SYSTEMPATH\Database\BaseConnection.php(827): CodeIgniter\Database\BaseConnection->simpleQuery('SELECT `plan_holders`.`plan_holder_id`, `plan_holders`.`user_id`, `plan_holders`.`unique_identifier`, `plan_holders`.`branch_id`, `u`.`first_name`, `u`.`last_name`
FROM `plan_holders`
LEFT JOIN `users` `u` ON `u`.`user_id` = `plan_holders`.`user_id`
WHERE `user_id` = 8
ORDER BY `plan_holders`.`plan_holder_id` DESC')
 3 SYSTEMPATH\Database\BaseBuilder.php(1649): CodeIgniter\Database\BaseConnection->query('SELECT `plan_holders`.`plan_holder_id`, `plan_holders`.`user_id`, `plan_holders`.`unique_identifier`, `plan_holders`.`branch_id`, `u`.`first_name`, `u`.`last_name`
FROM `plan_holders`
LEFT JOIN `users` `u` ON `u`.`user_id` = `plan_holders`.`user_id`
WHERE `user_id` = :user_id:
ORDER BY `plan_holders`.`plan_holder_id` DESC', [...], false)
 4 APPPATH\Controllers\PlanHolder\PaymentController.php(133): CodeIgniter\Database\BaseBuilder->get()
 5 APPPATH\Controllers\PlanHolder\PaymentController.php(12): App\Controllers\PlanHolder\PaymentController->getCurrentPlanHolderContext()
 6 SYSTEMPATH\CodeIgniter.php(951): App\Controllers\PlanHolder\PaymentController->index()
 7 SYSTEMPATH\CodeIgniter.php(497): CodeIgniter\CodeIgniter->runController(Object(App\Controllers\PlanHolder\PaymentController))
 8 SYSTEMPATH\CodeIgniter.php(340): CodeIgniter\CodeIgniter->handleRequest(null, Object(Config\Cache), false)
 9 SYSTEMPATH\Boot.php(417): CodeIgniter\CodeIgniter->run()
10 SYSTEMPATH\Boot.php(68): CodeIgniter\Boot::runCodeIgniter(Object(CodeIgniter\CodeIgniter))
11 FCPATH\index.php(59): CodeIgniter\Boot::bootWeb(Object(Config\Paths))
CRITICAL - 2026-04-18 07:27:34 --> [Caused by] mysqli_sql_exception: Column 'user_id' in where clause is ambiguous
in SYSTEMPATH\Database\MySQLi\Connection.php on line 300.
 1 SYSTEMPATH\Database\MySQLi\Connection.php(300): mysqli->query('SELECT `plan_holders`.`plan_holder_id`, `plan_holders`.`user_id`, `plan_holders`.`unique_identifier`, `plan_holders`.`branch_id`, `u`.`first_name`, `u`.`last_name`
FROM `plan_holders`
LEFT JOIN `users` `u` ON `u`.`user_id` = `plan_holders`.`user_id`
WHERE `user_id` = 8
ORDER BY `plan_holders`.`plan_holder_id` DESC', 0)
 2 SYSTEMPATH\Database\BaseConnection.php(910): CodeIgniter\Database\MySQLi\Connection->execute('SELECT `plan_holders`.`plan_holder_id`, `plan_holders`.`user_id`, `plan_holders`.`unique_identifier`, `plan_holders`.`branch_id`, `u`.`first_name`, `u`.`last_name`
FROM `plan_holders`
LEFT JOIN `users` `u` ON `u`.`user_id` = `plan_holders`.`user_id`
WHERE `user_id` = 8
ORDER BY `plan_holders`.`plan_holder_id` DESC')
 3 SYSTEMPATH\Database\BaseConnection.php(827): CodeIgniter\Database\BaseConnection->simpleQuery('SELECT `plan_holders`.`plan_holder_id`, `plan_holders`.`user_id`, `plan_holders`.`unique_identifier`, `plan_holders`.`branch_id`, `u`.`first_name`, `u`.`last_name`
FROM `plan_holders`
LEFT JOIN `users` `u` ON `u`.`user_id` = `plan_holders`.`user_id`
WHERE `user_id` = 8
ORDER BY `plan_holders`.`plan_holder_id` DESC')
 4 SYSTEMPATH\Database\BaseBuilder.php(1649): CodeIgniter\Database\BaseConnection->query('SELECT `plan_holders`.`plan_holder_id`, `plan_holders`.`user_id`, `plan_holders`.`unique_identifier`, `plan_holders`.`branch_id`, `u`.`first_name`, `u`.`last_name`
FROM `plan_holders`
LEFT JOIN `users` `u` ON `u`.`user_id` = `plan_holders`.`user_id`
WHERE `user_id` = :user_id:
ORDER BY `plan_holders`.`plan_holder_id` DESC', [...], false)
 5 APPPATH\Controllers\PlanHolder\PaymentController.php(133): CodeIgniter\Database\BaseBuilder->get()
 6 APPPATH\Controllers\PlanHolder\PaymentController.php(12): App\Controllers\PlanHolder\PaymentController->getCurrentPlanHolderContext()
 7 SYSTEMPATH\CodeIgniter.php(951): App\Controllers\PlanHolder\PaymentController->index()
 8 SYSTEMPATH\CodeIgniter.php(497): CodeIgniter\CodeIgniter->runController(Object(App\Controllers\PlanHolder\PaymentController))
 9 SYSTEMPATH\CodeIgniter.php(340): CodeIgniter\CodeIgniter->handleRequest(null, Object(Config\Cache), false)
10 SYSTEMPATH\Boot.php(417): CodeIgniter\CodeIgniter->run()
11 SYSTEMPATH\Boot.php(68): CodeIgniter\Boot::runCodeIgniter(Object(CodeIgniter\CodeIgniter))
12 FCPATH\index.php(59): CodeIgniter\Boot::bootWeb(Object(Config\Paths))
DEBUG - 2026-04-18 07:29:21 --> Session: Class initialized using 'CodeIgniter\Session\Handlers\FileHandler' driver.
DEBUG - 2026-04-18 07:29:26 --> Session: Class initialized using 'CodeIgniter\Session\Handlers\FileHandler' driver.
DEBUG - 2026-04-18 07:29:30 --> Session: Class initialized using 'CodeIgniter\Session\Handlers\FileHandler' driver.
DEBUG - 2026-04-18 07:29:32 --> Session: Class initialized using 'CodeIgniter\Session\Handlers\FileHandler' driver.
DEBUG - 2026-04-18 07:29:39 --> Session: Class initialized using 'CodeIgniter\Session\Handlers\FileHandler' driver.
DEBUG - 2026-04-18 07:30:35 --> Session: Class initialized using 'CodeIgniter\Session\Handlers\FileHandler' driver.
DEBUG - 2026-04-18 07:30:39 --> Session: Class initialized using 'CodeIgniter\Session\Handlers\FileHandler' driver.
DEBUG - 2026-04-18 07:30:41 --> Session: Class initialized using 'CodeIgniter\Session\Handlers\FileHandler' driver.
DEBUG - 2026-04-18 07:30:43 --> Session: Class initialized using 'CodeIgniter\Session\Handlers\FileHandler' driver.
DEBUG - 2026-04-18 07:30:46 --> Session: Class initialized using 'CodeIgniter\Session\Handlers\FileHandler' driver.
DEBUG - 2026-04-18 07:30:48 --> Session: Class initialized using 'CodeIgniter\Session\Handlers\FileHandler' driver.
DEBUG - 2026-04-18 07:31:41 --> Session: Class initialized using 'CodeIgniter\Session\Handlers\FileHandler' driver.
DEBUG - 2026-04-18 07:36:01 --> Session: Class initialized using 'CodeIgniter\Session\Handlers\FileHandler' driver.
DEBUG - 2026-04-18 07:36:02 --> Session: Class initialized using 'CodeIgniter\Session\Handlers\FileHandler' driver.
DEBUG - 2026-04-18 07:36:13 --> Session: Class initialized using 'CodeIgniter\Session\Handlers\FileHandler' driver.
DEBUG - 2026-04-18 07:36:59 --> Session: Class initialized using 'CodeIgniter\Session\Handlers\FileHandler' driver.
DEBUG - 2026-04-18 07:36:59 --> Session: Class initialized using 'CodeIgniter\Session\Handlers\FileHandler' driver.
DEBUG - 2026-04-18 07:37:10 --> Session: Class initialized using 'CodeIgniter\Session\Handlers\FileHandler' driver.
DEBUG - 2026-04-18 07:37:10 --> Session: Class initialized using 'CodeIgniter\Session\Handlers\FileHandler' driver.
DEBUG - 2026-04-18 07:37:18 --> Session: Class initialized using 'CodeIgniter\Session\Handlers\FileHandler' driver.
DEBUG - 2026-04-18 07:37:20 --> Session: Class initialized using 'CodeIgniter\Session\Handlers\FileHandler' driver.
DEBUG - 2026-04-18 07:37:25 --> Session: Class initialized using 'CodeIgniter\Session\Handlers\FileHandler' driver.
DEBUG - 2026-04-18 07:52:16 --> Session: Class initialized using 'CodeIgniter\Session\Handlers\FileHandler' driver.
DEBUG - 2026-04-18 07:52:17 --> Session: Class initialized using 'CodeIgniter\Session\Handlers\FileHandler' driver.
DEBUG - 2026-04-18 07:52:52 --> Session: Class initialized using 'CodeIgniter\Session\Handlers\FileHandler' driver.
DEBUG - 2026-04-18 07:52:53 --> Session: Class initialized using 'CodeIgniter\Session\Handlers\FileHandler' driver.
DEBUG - 2026-04-18 07:53:27 --> Session: Class initialized using 'CodeIgniter\Session\Handlers\FileHandler' driver.
DEBUG - 2026-04-18 07:53:46 --> Session: Class initialized using 'CodeIgniter\Session\Handlers\FileHandler' driver.
DEBUG - 2026-04-18 07:54:43 --> Session: Class initialized using 'CodeIgniter\Session\Handlers\FileHandler' driver.
DEBUG - 2026-04-18 07:54:44 --> Session: Class initialized using 'CodeIgniter\Session\Handlers\FileHandler' driver.
DEBUG - 2026-04-18 07:55:24 --> Session: Class initialized using 'CodeIgniter\Session\Handlers\FileHandler' driver.
DEBUG - 2026-04-18 07:56:04 --> Session: Class initialized using 'CodeIgniter\Session\Handlers\FileHandler' driver.
DEBUG - 2026-04-18 07:56:04 --> Session: Class initialized using 'CodeIgniter\Session\Handlers\FileHandler' driver.
DEBUG - 2026-04-18 07:56:15 --> Session: Class initialized using 'CodeIgniter\Session\Handlers\FileHandler' driver.
DEBUG - 2026-04-18 07:56:15 --> Session: Class initialized using 'CodeIgniter\Session\Handlers\FileHandler' driver.
DEBUG - 2026-04-18 07:56:29 --> Session: Class initialized using 'CodeIgniter\Session\Handlers\FileHandler' driver.
DEBUG - 2026-04-18 07:56:29 --> Session: Class initialized using 'CodeIgniter\Session\Handlers\FileHandler' driver.
DEBUG - 2026-04-18 07:56:35 --> Session: Class initialized using 'CodeIgniter\Session\Handlers\FileHandler' driver.
DEBUG - 2026-04-18 07:56:44 --> Session: Class initialized using 'CodeIgniter\Session\Handlers\FileHandler' driver.
DEBUG - 2026-04-18 07:56:54 --> Session: Class initialized using 'CodeIgniter\Session\Handlers\FileHandler' driver.
ERROR - 2026-04-18 07:56:54 --> Cannot add or update a child row: a foreign key constraint fails (`kaagapay_db`.`services`, CONSTRAINT `services_ibfk_3` FOREIGN KEY (`package_id`) REFERENCES `packages` (`package_id`))
in SYSTEMPATH\Database\MySQLi\Connection.php on line 300.
 1 SYSTEMPATH\Database\MySQLi\Connection.php(300): mysqli->query('INSERT INTO `services` (`plan_holder_id`, `branch_id`, `service_list_id`, `package_id`, `total_cost`, `service_date`, `service_time`, `burial_location`, `assigned_staff`, `notes`, `status`) VALUES (7, 1, NULL, 0, \'0.00\', \'2026-04-18\', NULL, NULL, NULL, \'Created from approved service request.\', \'pending\')', 0)
 2 SYSTEMPATH\Database\BaseConnection.php(910): CodeIgniter\Database\MySQLi\Connection->execute('INSERT INTO `services` (`plan_holder_id`, `branch_id`, `service_list_id`, `package_id`, `total_cost`, `service_date`, `service_time`, `burial_location`, `assigned_staff`, `notes`, `status`) VALUES (7, 1, NULL, 0, \'0.00\', \'2026-04-18\', NULL, NULL, NULL, \'Created from approved service request.\', \'pending\')')
 3 SYSTEMPATH\Database\BaseConnection.php(827): CodeIgniter\Database\BaseConnection->simpleQuery('INSERT INTO `services` (`plan_holder_id`, `branch_id`, `service_list_id`, `package_id`, `total_cost`, `service_date`, `service_time`, `burial_location`, `assigned_staff`, `notes`, `status`) VALUES (7, 1, NULL, 0, \'0.00\', \'2026-04-18\', NULL, NULL, NULL, \'Created from approved service request.\', \'pending\')')
 4 SYSTEMPATH\Database\BaseBuilder.php(2345): CodeIgniter\Database\BaseConnection->query('INSERT INTO `services` (`plan_holder_id`, `branch_id`, `service_list_id`, `package_id`, `total_cost`, `service_date`, `service_time`, `burial_location`, `assigned_staff`, `notes`, `status`) VALUES (:plan_holder_id:, :branch_id:, :service_list_id:, :package_id:, :total_cost:, :service_date:, :service_time:, :burial_location:, :assigned_staff:, :notes:, :status:)', [...], false)
 5 SYSTEMPATH\Model.php(355): CodeIgniter\Database\BaseBuilder->insert()
 6 SYSTEMPATH\BaseModel.php(899): CodeIgniter\Model->doInsert([...])
 7 SYSTEMPATH\Model.php(668): CodeIgniter\BaseModel->insert([...], true)
 8 APPPATH\Controllers\BranchAdmin\ServiceApplicationController.php(77): CodeIgniter\Model->insert([...])
 9 SYSTEMPATH\CodeIgniter.php(951): App\Controllers\BranchAdmin\ServiceApplicationController->approve(5)
10 SYSTEMPATH\CodeIgniter.php(497): CodeIgniter\CodeIgniter->runController(Object(App\Controllers\BranchAdmin\ServiceApplicationController))
11 SYSTEMPATH\CodeIgniter.php(340): CodeIgniter\CodeIgniter->handleRequest(null, Object(Config\Cache), false)
12 SYSTEMPATH\Boot.php(417): CodeIgniter\CodeIgniter->run()
13 SYSTEMPATH\Boot.php(68): CodeIgniter\Boot::runCodeIgniter(Object(CodeIgniter\CodeIgniter))
14 FCPATH\index.php(59): CodeIgniter\Boot::bootWeb(Object(Config\Paths))
DEBUG - 2026-04-18 07:56:54 --> Session: Class initialized using 'CodeIgniter\Session\Handlers\FileHandler' driver.
DEBUG - 2026-04-18 07:57:04 --> Session: Class initialized using 'CodeIgniter\Session\Handlers\FileHandler' driver.
DEBUG - 2026-04-18 07:57:04 --> Session: Class initialized using 'CodeIgniter\Session\Handlers\FileHandler' driver.
DEBUG - 2026-04-18 07:57:15 --> Session: Class initialized using 'CodeIgniter\Session\Handlers\FileHandler' driver.
DEBUG - 2026-04-18 07:58:03 --> Session: Class initialized using 'CodeIgniter\Session\Handlers\FileHandler' driver.
DEBUG - 2026-04-18 07:58:16 --> Session: Class initialized using 'CodeIgniter\Session\Handlers\FileHandler' driver.
ERROR - 2026-04-18 07:58:16 --> Column 'user_id' in where clause is ambiguous
in SYSTEMPATH\Database\MySQLi\Connection.php on line 300.
 1 SYSTEMPATH\Database\MySQLi\Connection.php(300): mysqli->query('SELECT `plan_holders`.`plan_holder_id`, `plan_holders`.`user_id`, `plan_holders`.`unique_identifier`, `plan_holders`.`branch_id`, `u`.`first_name`, `u`.`last_name`
FROM `plan_holders`
LEFT JOIN `users` `u` ON `u`.`user_id` = `plan_holders`.`user_id`
WHERE `user_id` = 8
ORDER BY `plan_holders`.`plan_holder_id` DESC', 0)
 2 SYSTEMPATH\Database\BaseConnection.php(910): CodeIgniter\Database\MySQLi\Connection->execute('SELECT `plan_holders`.`plan_holder_id`, `plan_holders`.`user_id`, `plan_holders`.`unique_identifier`, `plan_holders`.`branch_id`, `u`.`first_name`, `u`.`last_name`
FROM `plan_holders`
LEFT JOIN `users` `u` ON `u`.`user_id` = `plan_holders`.`user_id`
WHERE `user_id` = 8
ORDER BY `plan_holders`.`plan_holder_id` DESC')
 3 SYSTEMPATH\Database\BaseConnection.php(827): CodeIgniter\Database\BaseConnection->simpleQuery('SELECT `plan_holders`.`plan_holder_id`, `plan_holders`.`user_id`, `plan_holders`.`unique_identifier`, `plan_holders`.`branch_id`, `u`.`first_name`, `u`.`last_name`
FROM `plan_holders`
LEFT JOIN `users` `u` ON `u`.`user_id` = `plan_holders`.`user_id`
WHERE `user_id` = 8
ORDER BY `plan_holders`.`plan_holder_id` DESC')
 4 SYSTEMPATH\Database\BaseBuilder.php(1649): CodeIgniter\Database\BaseConnection->query('SELECT `plan_holders`.`plan_holder_id`, `plan_holders`.`user_id`, `plan_holders`.`unique_identifier`, `plan_holders`.`branch_id`, `u`.`first_name`, `u`.`last_name`
FROM `plan_holders`
LEFT JOIN `users` `u` ON `u`.`user_id` = `plan_holders`.`user_id`
WHERE `user_id` = :user_id:
ORDER BY `plan_holders`.`plan_holder_id` DESC', [...], false)
 5 APPPATH\Controllers\PlanHolder\PaymentController.php(133): CodeIgniter\Database\BaseBuilder->get()
 6 APPPATH\Controllers\PlanHolder\PaymentController.php(12): App\Controllers\PlanHolder\PaymentController->getCurrentPlanHolderContext()
 7 SYSTEMPATH\CodeIgniter.php(951): App\Controllers\PlanHolder\PaymentController->index()
 8 SYSTEMPATH\CodeIgniter.php(497): CodeIgniter\CodeIgniter->runController(Object(App\Controllers\PlanHolder\PaymentController))
 9 SYSTEMPATH\CodeIgniter.php(340): CodeIgniter\CodeIgniter->handleRequest(null, Object(Config\Cache), false)
10 SYSTEMPATH\Boot.php(417): CodeIgniter\CodeIgniter->run()
11 SYSTEMPATH\Boot.php(68): CodeIgniter\Boot::runCodeIgniter(Object(CodeIgniter\CodeIgniter))
12 FCPATH\index.php(59): CodeIgniter\Boot::bootWeb(Object(Config\Paths))
CRITICAL - 2026-04-18 07:58:16 --> CodeIgniter\Database\Exceptions\DatabaseException: Column 'user_id' in where clause is ambiguous
[Method: GET, Route: client/payment]
in SYSTEMPATH\Database\BaseConnection.php on line 865.
 1 SYSTEMPATH\Database\BaseBuilder.php(1649): CodeIgniter\Database\BaseConnection->query('SELECT `plan_holders`.`plan_holder_id`, `plan_holders`.`user_id`, `plan_holders`.`unique_identifier`, `plan_holders`.`branch_id`, `u`.`first_name`, `u`.`last_name`
FROM `plan_holders`
LEFT JOIN `users` `u` ON `u`.`user_id` = `plan_holders`.`user_id`
WHERE `user_id` = :user_id:
ORDER BY `plan_holders`.`plan_holder_id` DESC', [...], false)
 2 APPPATH\Controllers\PlanHolder\PaymentController.php(133): CodeIgniter\Database\BaseBuilder->get()
 3 APPPATH\Controllers\PlanHolder\PaymentController.php(12): App\Controllers\PlanHolder\PaymentController->getCurrentPlanHolderContext()
 4 SYSTEMPATH\CodeIgniter.php(951): App\Controllers\PlanHolder\PaymentController->index()
 5 SYSTEMPATH\CodeIgniter.php(497): CodeIgniter\CodeIgniter->runController(Object(App\Controllers\PlanHolder\PaymentController))
 6 SYSTEMPATH\CodeIgniter.php(340): CodeIgniter\CodeIgniter->handleRequest(null, Object(Config\Cache), false)
 7 SYSTEMPATH\Boot.php(417): CodeIgniter\CodeIgniter->run()
 8 SYSTEMPATH\Boot.php(68): CodeIgniter\Boot::runCodeIgniter(Object(CodeIgniter\CodeIgniter))
 9 FCPATH\index.php(59): CodeIgniter\Boot::bootWeb(Object(Config\Paths))
CRITICAL - 2026-04-18 07:58:16 --> [Caused by] CodeIgniter\Database\Exceptions\DatabaseException: Column 'user_id' in where clause is ambiguous
in SYSTEMPATH\Database\MySQLi\Connection.php on line 310.
 1 SYSTEMPATH\Database\BaseConnection.php(910): CodeIgniter\Database\MySQLi\Connection->execute('SELECT `plan_holders`.`plan_holder_id`, `plan_holders`.`user_id`, `plan_holders`.`unique_identifier`, `plan_holders`.`branch_id`, `u`.`first_name`, `u`.`last_name`
FROM `plan_holders`
LEFT JOIN `users` `u` ON `u`.`user_id` = `plan_holders`.`user_id`
WHERE `user_id` = 8
ORDER BY `plan_holders`.`plan_holder_id` DESC')
 2 SYSTEMPATH\Database\BaseConnection.php(827): CodeIgniter\Database\BaseConnection->simpleQuery('SELECT `plan_holders`.`plan_holder_id`, `plan_holders`.`user_id`, `plan_holders`.`unique_identifier`, `plan_holders`.`branch_id`, `u`.`first_name`, `u`.`last_name`
FROM `plan_holders`
LEFT JOIN `users` `u` ON `u`.`user_id` = `plan_holders`.`user_id`
WHERE `user_id` = 8
ORDER BY `plan_holders`.`plan_holder_id` DESC')
 3 SYSTEMPATH\Database\BaseBuilder.php(1649): CodeIgniter\Database\BaseConnection->query('SELECT `plan_holders`.`plan_holder_id`, `plan_holders`.`user_id`, `plan_holders`.`unique_identifier`, `plan_holders`.`branch_id`, `u`.`first_name`, `u`.`last_name`
FROM `plan_holders`
LEFT JOIN `users` `u` ON `u`.`user_id` = `plan_holders`.`user_id`
WHERE `user_id` = :user_id:
ORDER BY `plan_holders`.`plan_holder_id` DESC', [...], false)
 4 APPPATH\Controllers\PlanHolder\PaymentController.php(133): CodeIgniter\Database\BaseBuilder->get()
 5 APPPATH\Controllers\PlanHolder\PaymentController.php(12): App\Controllers\PlanHolder\PaymentController->getCurrentPlanHolderContext()
 6 SYSTEMPATH\CodeIgniter.php(951): App\Controllers\PlanHolder\PaymentController->index()
 7 SYSTEMPATH\CodeIgniter.php(497): CodeIgniter\CodeIgniter->runController(Object(App\Controllers\PlanHolder\PaymentController))
 8 SYSTEMPATH\CodeIgniter.php(340): CodeIgniter\CodeIgniter->handleRequest(null, Object(Config\Cache), false)
 9 SYSTEMPATH\Boot.php(417): CodeIgniter\CodeIgniter->run()
10 SYSTEMPATH\Boot.php(68): CodeIgniter\Boot::runCodeIgniter(Object(CodeIgniter\CodeIgniter))
11 FCPATH\index.php(59): CodeIgniter\Boot::bootWeb(Object(Config\Paths))
CRITICAL - 2026-04-18 07:58:16 --> [Caused by] mysqli_sql_exception: Column 'user_id' in where clause is ambiguous
in SYSTEMPATH\Database\MySQLi\Connection.php on line 300.
 1 SYSTEMPATH\Database\MySQLi\Connection.php(300): mysqli->query('SELECT `plan_holders`.`plan_holder_id`, `plan_holders`.`user_id`, `plan_holders`.`unique_identifier`, `plan_holders`.`branch_id`, `u`.`first_name`, `u`.`last_name`
FROM `plan_holders`
LEFT JOIN `users` `u` ON `u`.`user_id` = `plan_holders`.`user_id`
WHERE `user_id` = 8
ORDER BY `plan_holders`.`plan_holder_id` DESC', 0)
 2 SYSTEMPATH\Database\BaseConnection.php(910): CodeIgniter\Database\MySQLi\Connection->execute('SELECT `plan_holders`.`plan_holder_id`, `plan_holders`.`user_id`, `plan_holders`.`unique_identifier`, `plan_holders`.`branch_id`, `u`.`first_name`, `u`.`last_name`
FROM `plan_holders`
LEFT JOIN `users` `u` ON `u`.`user_id` = `plan_holders`.`user_id`
WHERE `user_id` = 8
ORDER BY `plan_holders`.`plan_holder_id` DESC')
 3 SYSTEMPATH\Database\BaseConnection.php(827): CodeIgniter\Database\BaseConnection->simpleQuery('SELECT `plan_holders`.`plan_holder_id`, `plan_holders`.`user_id`, `plan_holders`.`unique_identifier`, `plan_holders`.`branch_id`, `u`.`first_name`, `u`.`last_name`
FROM `plan_holders`
LEFT JOIN `users` `u` ON `u`.`user_id` = `plan_holders`.`user_id`
WHERE `user_id` = 8
ORDER BY `plan_holders`.`plan_holder_id` DESC')
 4 SYSTEMPATH\Database\BaseBuilder.php(1649): CodeIgniter\Database\BaseConnection->query('SELECT `plan_holders`.`plan_holder_id`, `plan_holders`.`user_id`, `plan_holders`.`unique_identifier`, `plan_holders`.`branch_id`, `u`.`first_name`, `u`.`last_name`
FROM `plan_holders`
LEFT JOIN `users` `u` ON `u`.`user_id` = `plan_holders`.`user_id`
WHERE `user_id` = :user_id:
ORDER BY `plan_holders`.`plan_holder_id` DESC', [...], false)
 5 APPPATH\Controllers\PlanHolder\PaymentController.php(133): CodeIgniter\Database\BaseBuilder->get()
 6 APPPATH\Controllers\PlanHolder\PaymentController.php(12): App\Controllers\PlanHolder\PaymentController->getCurrentPlanHolderContext()
 7 SYSTEMPATH\CodeIgniter.php(951): App\Controllers\PlanHolder\PaymentController->index()
 8 SYSTEMPATH\CodeIgniter.php(497): CodeIgniter\CodeIgniter->runController(Object(App\Controllers\PlanHolder\PaymentController))
 9 SYSTEMPATH\CodeIgniter.php(340): CodeIgniter\CodeIgniter->handleRequest(null, Object(Config\Cache), false)
10 SYSTEMPATH\Boot.php(417): CodeIgniter\CodeIgniter->run()
11 SYSTEMPATH\Boot.php(68): CodeIgniter\Boot::runCodeIgniter(Object(CodeIgniter\CodeIgniter))
12 FCPATH\index.php(59): CodeIgniter\Boot::bootWeb(Object(Config\Paths))
DEBUG - 2026-04-18 07:58:19 --> Session: Class initialized using 'CodeIgniter\Session\Handlers\FileHandler' driver.
DEBUG - 2026-04-18 07:58:54 --> Session: Class initialized using 'CodeIgniter\Session\Handlers\FileHandler' driver.
DEBUG - 2026-04-18 07:59:06 --> Session: Class initialized using 'CodeIgniter\Session\Handlers\FileHandler' driver.
DEBUG - 2026-04-18 07:59:06 --> Session: Class initialized using 'CodeIgniter\Session\Handlers\FileHandler' driver.
DEBUG - 2026-04-18 07:59:13 --> Session: Class initialized using 'CodeIgniter\Session\Handlers\FileHandler' driver.
DEBUG - 2026-04-18 07:59:14 --> Session: Class initialized using 'CodeIgniter\Session\Handlers\FileHandler' driver.
DEBUG - 2026-04-18 07:59:32 --> Session: Class initialized using 'CodeIgniter\Session\Handlers\FileHandler' driver.
DEBUG - 2026-04-18 08:01:53 --> Session: Class initialized using 'CodeIgniter\Session\Handlers\FileHandler' driver.
DEBUG - 2026-04-18 08:02:01 --> Session: Class initialized using 'CodeIgniter\Session\Handlers\FileHandler' driver.
DEBUG - 2026-04-18 08:02:01 --> Session: Class initialized using 'CodeIgniter\Session\Handlers\FileHandler' driver.
DEBUG - 2026-04-18 08:02:07 --> Session: Class initialized using 'CodeIgniter\Session\Handlers\FileHandler' driver.
DEBUG - 2026-04-18 08:02:08 --> Session: Class initialized using 'CodeIgniter\Session\Handlers\FileHandler' driver.
DEBUG - 2026-04-18 08:02:16 --> Session: Class initialized using 'CodeIgniter\Session\Handlers\FileHandler' driver.
DEBUG - 2026-04-18 08:05:41 --> Session: Class initialized using 'CodeIgniter\Session\Handlers\FileHandler' driver.
DEBUG - 2026-04-18 08:06:30 --> Session: Class initialized using 'CodeIgniter\Session\Handlers\FileHandler' driver.
DEBUG - 2026-04-18 08:06:31 --> Session: Class initialized using 'CodeIgniter\Session\Handlers\FileHandler' driver.
DEBUG - 2026-04-18 08:06:39 --> Session: Class initialized using 'CodeIgniter\Session\Handlers\FileHandler' driver.
DEBUG - 2026-04-18 08:06:49 --> Session: Class initialized using 'CodeIgniter\Session\Handlers\FileHandler' driver.
DEBUG - 2026-04-18 08:06:53 --> Session: Class initialized using 'CodeIgniter\Session\Handlers\FileHandler' driver.
DEBUG - 2026-04-18 08:07:20 --> Session: Class initialized using 'CodeIgniter\Session\Handlers\FileHandler' driver.
DEBUG - 2026-04-18 08:07:26 --> Session: Class initialized using 'CodeIgniter\Session\Handlers\FileHandler' driver.
DEBUG - 2026-04-18 08:07:28 --> Session: Class initialized using 'CodeIgniter\Session\Handlers\FileHandler' driver.
DEBUG - 2026-04-18 08:07:29 --> Session: Class initialized using 'CodeIgniter\Session\Handlers\FileHandler' driver.
DEBUG - 2026-04-18 08:07:38 --> Session: Class initialized using 'CodeIgniter\Session\Handlers\FileHandler' driver.
DEBUG - 2026-04-18 08:07:39 --> Session: Class initialized using 'CodeIgniter\Session\Handlers\FileHandler' driver.
DEBUG - 2026-04-18 08:07:44 --> Session: Class initialized using 'CodeIgniter\Session\Handlers\FileHandler' driver.
DEBUG - 2026-04-18 08:07:47 --> Session: Class initialized using 'CodeIgniter\Session\Handlers\FileHandler' driver.
DEBUG - 2026-04-18 08:07:53 --> Session: Class initialized using 'CodeIgniter\Session\Handlers\FileHandler' driver.
DEBUG - 2026-04-18 08:08:03 --> Session: Class initialized using 'CodeIgniter\Session\Handlers\FileHandler' driver.
DEBUG - 2026-04-18 08:08:03 --> Session: Class initialized using 'CodeIgniter\Session\Handlers\FileHandler' driver.
DEBUG - 2026-04-18 08:08:18 --> Session: Class initialized using 'CodeIgniter\Session\Handlers\FileHandler' driver.
DEBUG - 2026-04-18 08:09:01 --> Session: Class initialized using 'CodeIgniter\Session\Handlers\FileHandler' driver.
DEBUG - 2026-04-18 08:09:01 --> Session: Class initialized using 'CodeIgniter\Session\Handlers\FileHandler' driver.
DEBUG - 2026-04-18 08:09:09 --> Session: Class initialized using 'CodeIgniter\Session\Handlers\FileHandler' driver.
DEBUG - 2026-04-18 08:09:09 --> Session: Class initialized using 'CodeIgniter\Session\Handlers\FileHandler' driver.
DEBUG - 2026-04-18 08:09:51 --> Session: Class initialized using 'CodeIgniter\Session\Handlers\FileHandler' driver.
DEBUG - 2026-04-18 08:10:05 --> Session: Class initialized using 'CodeIgniter\Session\Handlers\FileHandler' driver.
DEBUG - 2026-04-18 08:10:43 --> Session: Class initialized using 'CodeIgniter\Session\Handlers\FileHandler' driver.
DEBUG - 2026-04-18 08:10:49 --> Session: Class initialized using 'CodeIgniter\Session\Handlers\FileHandler' driver.
DEBUG - 2026-04-18 08:10:55 --> Session: Class initialized using 'CodeIgniter\Session\Handlers\FileHandler' driver.
DEBUG - 2026-04-18 08:11:01 --> Session: Class initialized using 'CodeIgniter\Session\Handlers\FileHandler' driver.
DEBUG - 2026-04-18 08:11:05 --> Session: Class initialized using 'CodeIgniter\Session\Handlers\FileHandler' driver.
DEBUG - 2026-04-18 08:11:59 --> Session: Class initialized using 'CodeIgniter\Session\Handlers\FileHandler' driver.
DEBUG - 2026-04-18 08:12:05 --> Session: Class initialized using 'CodeIgniter\Session\Handlers\FileHandler' driver.
DEBUG - 2026-04-18 08:12:17 --> Session: Class initialized using 'CodeIgniter\Session\Handlers\FileHandler' driver.
DEBUG - 2026-04-18 08:12:28 --> Session: Class initialized using 'CodeIgniter\Session\Handlers\FileHandler' driver.
DEBUG - 2026-04-18 08:12:28 --> Session: Class initialized using 'CodeIgniter\Session\Handlers\FileHandler' driver.
DEBUG - 2026-04-18 08:12:35 --> Session: Class initialized using 'CodeIgniter\Session\Handlers\FileHandler' driver.
DEBUG - 2026-04-18 08:12:35 --> Session: Class initialized using 'CodeIgniter\Session\Handlers\FileHandler' driver.
DEBUG - 2026-04-18 08:12:41 --> Session: Class initialized using 'CodeIgniter\Session\Handlers\FileHandler' driver.
DEBUG - 2026-04-18 08:12:44 --> Session: Class initialized using 'CodeIgniter\Session\Handlers\FileHandler' driver.
DEBUG - 2026-04-18 08:12:52 --> Session: Class initialized using 'CodeIgniter\Session\Handlers\FileHandler' driver.
DEBUG - 2026-04-18 08:13:44 --> Session: Class initialized using 'CodeIgniter\Session\Handlers\FileHandler' driver.
DEBUG - 2026-04-18 08:13:45 --> Session: Class initialized using 'CodeIgniter\Session\Handlers\FileHandler' driver.
DEBUG - 2026-04-18 08:14:01 --> Session: Class initialized using 'CodeIgniter\Session\Handlers\FileHandler' driver.
DEBUG - 2026-04-18 08:14:24 --> Session: Class initialized using 'CodeIgniter\Session\Handlers\FileHandler' driver.
DEBUG - 2026-04-18 08:15:09 --> Session: Class initialized using 'CodeIgniter\Session\Handlers\FileHandler' driver.
DEBUG - 2026-04-18 08:15:09 --> Session: Class initialized using 'CodeIgniter\Session\Handlers\FileHandler' driver.
DEBUG - 2026-04-18 08:15:17 --> Session: Class initialized using 'CodeIgniter\Session\Handlers\FileHandler' driver.
DEBUG - 2026-04-18 08:15:21 --> Session: Class initialized using 'CodeIgniter\Session\Handlers\FileHandler' driver.
DEBUG - 2026-04-18 08:15:32 --> Session: Class initialized using 'CodeIgniter\Session\Handlers\FileHandler' driver.
DEBUG - 2026-04-18 08:16:23 --> Session: Class initialized using 'CodeIgniter\Session\Handlers\FileHandler' driver.
DEBUG - 2026-04-18 08:23:25 --> Session: Class initialized using 'CodeIgniter\Session\Handlers\FileHandler' driver.
DEBUG - 2026-04-18 08:23:25 --> Session: Class initialized using 'CodeIgniter\Session\Handlers\FileHandler' driver.
DEBUG - 2026-04-18 08:24:20 --> Session: Class initialized using 'CodeIgniter\Session\Handlers\FileHandler' driver.
DEBUG - 2026-04-18 08:24:20 --> Session: Class initialized using 'CodeIgniter\Session\Handlers\FileHandler' driver.
DEBUG - 2026-04-18 08:24:30 --> Session: Class initialized using 'CodeIgniter\Session\Handlers\FileHandler' driver.
DEBUG - 2026-04-18 08:24:30 --> Session: Class initialized using 'CodeIgniter\Session\Handlers\FileHandler' driver.
DEBUG - 2026-04-18 08:24:35 --> Session: Class initialized using 'CodeIgniter\Session\Handlers\FileHandler' driver.
DEBUG - 2026-04-18 08:25:21 --> Session: Class initialized using 'CodeIgniter\Session\Handlers\FileHandler' driver.
DEBUG - 2026-04-18 08:25:22 --> Session: Class initialized using 'CodeIgniter\Session\Handlers\FileHandler' driver.
DEBUG - 2026-04-18 08:25:48 --> Session: Class initialized using 'CodeIgniter\Session\Handlers\FileHandler' driver.
DEBUG - 2026-04-18 08:27:06 --> Session: Class initialized using 'CodeIgniter\Session\Handlers\FileHandler' driver.
DEBUG - 2026-04-18 08:27:06 --> Session: Class initialized using 'CodeIgniter\Session\Handlers\FileHandler' driver.
DEBUG - 2026-04-18 08:27:50 --> Session: Class initialized using 'CodeIgniter\Session\Handlers\FileHandler' driver.
DEBUG - 2026-04-18 08:27:52 --> Session: Class initialized using 'CodeIgniter\Session\Handlers\FileHandler' driver.
DEBUG - 2026-04-18 08:27:52 --> Session: Class initialized using 'CodeIgniter\Session\Handlers\FileHandler' driver.
DEBUG - 2026-04-18 08:27:56 --> Session: Class initialized using 'CodeIgniter\Session\Handlers\FileHandler' driver.
DEBUG - 2026-04-18 08:28:13 --> Session: Class initialized using 'CodeIgniter\Session\Handlers\FileHandler' driver.
DEBUG - 2026-04-18 08:28:28 --> Session: Class initialized using 'CodeIgniter\Session\Handlers\FileHandler' driver.
DEBUG - 2026-04-18 08:28:34 --> Session: Class initialized using 'CodeIgniter\Session\Handlers\FileHandler' driver.
DEBUG - 2026-04-18 08:30:45 --> Session: Class initialized using 'CodeIgniter\Session\Handlers\FileHandler' driver.
DEBUG - 2026-04-18 08:30:49 --> Session: Class initialized using 'CodeIgniter\Session\Handlers\FileHandler' driver.
DEBUG - 2026-04-18 08:30:51 --> Session: Class initialized using 'CodeIgniter\Session\Handlers\FileHandler' driver.
DEBUG - 2026-04-18 08:30:55 --> Session: Class initialized using 'CodeIgniter\Session\Handlers\FileHandler' driver.
DEBUG - 2026-04-18 08:31:01 --> Session: Class initialized using 'CodeIgniter\Session\Handlers\FileHandler' driver.
DEBUG - 2026-04-18 08:31:05 --> Session: Class initialized using 'CodeIgniter\Session\Handlers\FileHandler' driver.
DEBUG - 2026-04-18 08:31:09 --> Session: Class initialized using 'CodeIgniter\Session\Handlers\FileHandler' driver.
DEBUG - 2026-04-18 08:31:13 --> Session: Class initialized using 'CodeIgniter\Session\Handlers\FileHandler' driver.
DEBUG - 2026-04-18 08:31:19 --> Session: Class initialized using 'CodeIgniter\Session\Handlers\FileHandler' driver.
DEBUG - 2026-04-18 08:31:23 --> Session: Class initialized using 'CodeIgniter\Session\Handlers\FileHandler' driver.
DEBUG - 2026-04-18 08:32:57 --> Session: Class initialized using 'CodeIgniter\Session\Handlers\FileHandler' driver.
DEBUG - 2026-04-18 08:32:57 --> Session: Class initialized using 'CodeIgniter\Session\Handlers\FileHandler' driver.
DEBUG - 2026-04-18 08:33:50 --> Session: Class initialized using 'CodeIgniter\Session\Handlers\FileHandler' driver.
DEBUG - 2026-04-18 08:33:50 --> Session: Class initialized using 'CodeIgniter\Session\Handlers\FileHandler' driver.
DEBUG - 2026-04-18 08:33:59 --> Session: Class initialized using 'CodeIgniter\Session\Handlers\FileHandler' driver.
DEBUG - 2026-04-18 08:34:08 --> Session: Class initialized using 'CodeIgniter\Session\Handlers\FileHandler' driver.
DEBUG - 2026-04-18 08:34:21 --> Session: Class initialized using 'CodeIgniter\Session\Handlers\FileHandler' driver.
DEBUG - 2026-04-18 08:34:28 --> Session: Class initialized using 'CodeIgniter\Session\Handlers\FileHandler' driver.
DEBUG - 2026-04-18 08:35:02 --> Session: Class initialized using 'CodeIgniter\Session\Handlers\FileHandler' driver.
DEBUG - 2026-04-18 08:35:02 --> Session: Class initialized using 'CodeIgniter\Session\Handlers\FileHandler' driver.
DEBUG - 2026-04-18 08:35:07 --> Session: Class initialized using 'CodeIgniter\Session\Handlers\FileHandler' driver.
DEBUG - 2026-04-18 08:36:40 --> Session: Class initialized using 'CodeIgniter\Session\Handlers\FileHandler' driver.
DEBUG - 2026-04-18 08:36:40 --> Session: Class initialized using 'CodeIgniter\Session\Handlers\FileHandler' driver.
DEBUG - 2026-04-18 08:38:56 --> Session: Class initialized using 'CodeIgniter\Session\Handlers\FileHandler' driver.
DEBUG - 2026-04-18 08:38:57 --> Session: Class initialized using 'CodeIgniter\Session\Handlers\FileHandler' driver.
DEBUG - 2026-04-18 08:39:03 --> Session: Class initialized using 'CodeIgniter\Session\Handlers\FileHandler' driver.
DEBUG - 2026-04-18 08:39:03 --> Session: Class initialized using 'CodeIgniter\Session\Handlers\FileHandler' driver.
DEBUG - 2026-04-18 08:39:09 --> Session: Class initialized using 'CodeIgniter\Session\Handlers\FileHandler' driver.
DEBUG - 2026-04-18 08:44:54 --> Session: Class initialized using 'CodeIgniter\Session\Handlers\FileHandler' driver.
DEBUG - 2026-04-18 08:44:55 --> Session: Class initialized using 'CodeIgniter\Session\Handlers\FileHandler' driver.
DEBUG - 2026-04-18 08:45:37 --> Session: Class initialized using 'CodeIgniter\Session\Handlers\FileHandler' driver.
DEBUG - 2026-04-18 08:47:44 --> Session: Class initialized using 'CodeIgniter\Session\Handlers\FileHandler' driver.
DEBUG - 2026-04-18 08:47:46 --> Session: Class initialized using 'CodeIgniter\Session\Handlers\FileHandler' driver.
DEBUG - 2026-04-18 08:47:48 --> Session: Class initialized using 'CodeIgniter\Session\Handlers\FileHandler' driver.
