DEBUG - 2026-05-18 08:37:30 --> Session: Class initialized using 'CodeIgniter\Session\Handlers\FileHandler' driver.
DEBUG - 2026-05-18 08:37:32 --> Session: Class initialized using 'CodeIgniter\Session\Handlers\FileHandler' driver.
DEBUG - 2026-05-18 08:37:36 --> Session: Class initialized using 'CodeIgniter\Session\Handlers\FileHandler' driver.
DEBUG - 2026-05-18 08:40:00 --> Session: Class initialized using 'CodeIgniter\Session\Handlers\FileHandler' driver.
DEBUG - 2026-05-18 08:40:01 --> Session: Class initialized using 'CodeIgniter\Session\Handlers\FileHandler' driver.
DEBUG - 2026-05-18 08:40:11 --> Session: Class initialized using 'CodeIgniter\Session\Handlers\FileHandler' driver.
DEBUG - 2026-05-18 08:41:28 --> Session: Class initialized using 'CodeIgniter\Session\Handlers\FileHandler' driver.
DEBUG - 2026-05-18 08:41:28 --> Session: Class initialized using 'CodeIgniter\Session\Handlers\FileHandler' driver.
DEBUG - 2026-05-18 08:41:32 --> Session: Class initialized using 'CodeIgniter\Session\Handlers\FileHandler' driver.
DEBUG - 2026-05-18 08:41:49 --> Session: Class initialized using 'CodeIgniter\Session\Handlers\FileHandler' driver.
DEBUG - 2026-05-18 08:41:50 --> Session: Class initialized using 'CodeIgniter\Session\Handlers\FileHandler' driver.
DEBUG - 2026-05-18 08:41:56 --> Session: Class initialized using 'CodeIgniter\Session\Handlers\FileHandler' driver.
DEBUG - 2026-05-18 08:41:57 --> Session: Class initialized using 'CodeIgniter\Session\Handlers\FileHandler' driver.
DEBUG - 2026-05-18 08:42:01 --> Session: Class initialized using 'CodeIgniter\Session\Handlers\FileHandler' driver.
DEBUG - 2026-05-18 08:42:13 --> Session: Class initialized using 'CodeIgniter\Session\Handlers\FileHandler' driver.
DEBUG - 2026-05-18 08:42:18 --> Session: Class initialized using 'CodeIgniter\Session\Handlers\FileHandler' driver.
DEBUG - 2026-05-18 08:42:23 --> Session: Class initialized using 'CodeIgniter\Session\Handlers\FileHandler' driver.
DEBUG - 2026-05-18 08:42:29 --> Session: Class initialized using 'CodeIgniter\Session\Handlers\FileHandler' driver.
DEBUG - 2026-05-18 08:42:34 --> Session: Class initialized using 'CodeIgniter\Session\Handlers\FileHandler' driver.
DEBUG - 2026-05-18 08:42:41 --> Session: Class initialized using 'CodeIgniter\Session\Handlers\FileHandler' driver.
DEBUG - 2026-05-18 08:43:01 --> Session: Class initialized using 'CodeIgniter\Session\Handlers\FileHandler' driver.
DEBUG - 2026-05-18 08:43:08 --> Session: Class initialized using 'CodeIgniter\Session\Handlers\FileHandler' driver.
DEBUG - 2026-05-18 08:43:10 --> Session: Class initialized using 'CodeIgniter\Session\Handlers\FileHandler' driver.
DEBUG - 2026-05-18 08:43:18 --> Session: Class initialized using 'CodeIgniter\Session\Handlers\FileHandler' driver.
ERROR - 2026-05-18 08:43:18 --> Unknown column 'ps.service_list_id' in 'on clause'
in SYSTEMPATH\Database\MySQLi\Connection.php on line 300.
 1 SYSTEMPATH\Database\MySQLi\Connection.php(300): mysqli->query('SELECT `ps`.`package_id`, `sl`.`service_list_id`, `sl`.`service_name`, `sl`.`base_price`
FROM `package_services` `ps`
INNER JOIN `service_list` `sl` ON `sl`.`service_list_id` = `ps`.`service_list_id`
WHERE `sl`.`is_available` = 1
AND `sl`.`status` = \'active\'
ORDER BY `sl`.`service_name` ASC', 0)
 2 SYSTEMPATH\Database\BaseConnection.php(910): CodeIgniter\Database\MySQLi\Connection->execute('SELECT `ps`.`package_id`, `sl`.`service_list_id`, `sl`.`service_name`, `sl`.`base_price`
FROM `package_services` `ps`
INNER JOIN `service_list` `sl` ON `sl`.`service_list_id` = `ps`.`service_list_id`
WHERE `sl`.`is_available` = 1
AND `sl`.`status` = \'active\'
ORDER BY `sl`.`service_name` ASC')
 3 SYSTEMPATH\Database\BaseConnection.php(827): CodeIgniter\Database\BaseConnection->simpleQuery('SELECT `ps`.`package_id`, `sl`.`service_list_id`, `sl`.`service_name`, `sl`.`base_price`
FROM `package_services` `ps`
INNER JOIN `service_list` `sl` ON `sl`.`service_list_id` = `ps`.`service_list_id`
WHERE `sl`.`is_available` = 1
AND `sl`.`status` = \'active\'
ORDER BY `sl`.`service_name` ASC')
 4 SYSTEMPATH\Database\BaseBuilder.php(1649): CodeIgniter\Database\BaseConnection->query('SELECT `ps`.`package_id`, `sl`.`service_list_id`, `sl`.`service_name`, `sl`.`base_price`
FROM `package_services` `ps`
INNER JOIN `service_list` `sl` ON `sl`.`service_list_id` = `ps`.`service_list_id`
WHERE `sl`.`is_available` = :sl.is_available:
AND `sl`.`status` = :sl.status:
ORDER BY `sl`.`service_name` ASC', [...], false)
 5 APPPATH\Controllers\BranchAdmin\ServiceController.php(97): CodeIgniter\Database\BaseBuilder->get()
 6 SYSTEMPATH\CodeIgniter.php(951): App\Controllers\BranchAdmin\ServiceController->create()
 7 SYSTEMPATH\CodeIgniter.php(497): CodeIgniter\CodeIgniter->runController(Object(App\Controllers\BranchAdmin\ServiceController))
 8 SYSTEMPATH\CodeIgniter.php(340): CodeIgniter\CodeIgniter->handleRequest(null, Object(Config\Cache), false)
 9 SYSTEMPATH\Boot.php(417): CodeIgniter\CodeIgniter->run()
10 SYSTEMPATH\Boot.php(68): CodeIgniter\Boot::runCodeIgniter(Object(CodeIgniter\CodeIgniter))
11 FCPATH\index.php(59): CodeIgniter\Boot::bootWeb(Object(Config\Paths))
CRITICAL - 2026-05-18 08:43:18 --> CodeIgniter\Database\Exceptions\DatabaseException: Unknown column 'ps.service_list_id' in 'on clause'
[Method: GET, Route: branch-admin/service-package/schedule]
in SYSTEMPATH\Database\BaseConnection.php on line 865.
 1 SYSTEMPATH\Database\BaseBuilder.php(1649): CodeIgniter\Database\BaseConnection->query('SELECT `ps`.`package_id`, `sl`.`service_list_id`, `sl`.`service_name`, `sl`.`base_price`
FROM `package_services` `ps`
INNER JOIN `service_list` `sl` ON `sl`.`service_list_id` = `ps`.`service_list_id`
WHERE `sl`.`is_available` = :sl.is_available:
AND `sl`.`status` = :sl.status:
ORDER BY `sl`.`service_name` ASC', [...], false)
 2 APPPATH\Controllers\BranchAdmin\ServiceController.php(97): CodeIgniter\Database\BaseBuilder->get()
 3 SYSTEMPATH\CodeIgniter.php(951): App\Controllers\BranchAdmin\ServiceController->create()
 4 SYSTEMPATH\CodeIgniter.php(497): CodeIgniter\CodeIgniter->runController(Object(App\Controllers\BranchAdmin\ServiceController))
 5 SYSTEMPATH\CodeIgniter.php(340): CodeIgniter\CodeIgniter->handleRequest(null, Object(Config\Cache), false)
 6 SYSTEMPATH\Boot.php(417): CodeIgniter\CodeIgniter->run()
 7 SYSTEMPATH\Boot.php(68): CodeIgniter\Boot::runCodeIgniter(Object(CodeIgniter\CodeIgniter))
 8 FCPATH\index.php(59): CodeIgniter\Boot::bootWeb(Object(Config\Paths))
CRITICAL - 2026-05-18 08:43:18 --> [Caused by] CodeIgniter\Database\Exceptions\DatabaseException: Unknown column 'ps.service_list_id' in 'on clause'
in SYSTEMPATH\Database\MySQLi\Connection.php on line 310.
 1 SYSTEMPATH\Database\BaseConnection.php(910): CodeIgniter\Database\MySQLi\Connection->execute('SELECT `ps`.`package_id`, `sl`.`service_list_id`, `sl`.`service_name`, `sl`.`base_price`
FROM `package_services` `ps`
INNER JOIN `service_list` `sl` ON `sl`.`service_list_id` = `ps`.`service_list_id`
WHERE `sl`.`is_available` = 1
AND `sl`.`status` = \'active\'
ORDER BY `sl`.`service_name` ASC')
 2 SYSTEMPATH\Database\BaseConnection.php(827): CodeIgniter\Database\BaseConnection->simpleQuery('SELECT `ps`.`package_id`, `sl`.`service_list_id`, `sl`.`service_name`, `sl`.`base_price`
FROM `package_services` `ps`
INNER JOIN `service_list` `sl` ON `sl`.`service_list_id` = `ps`.`service_list_id`
WHERE `sl`.`is_available` = 1
AND `sl`.`status` = \'active\'
ORDER BY `sl`.`service_name` ASC')
 3 SYSTEMPATH\Database\BaseBuilder.php(1649): CodeIgniter\Database\BaseConnection->query('SELECT `ps`.`package_id`, `sl`.`service_list_id`, `sl`.`service_name`, `sl`.`base_price`
FROM `package_services` `ps`
INNER JOIN `service_list` `sl` ON `sl`.`service_list_id` = `ps`.`service_list_id`
WHERE `sl`.`is_available` = :sl.is_available:
AND `sl`.`status` = :sl.status:
ORDER BY `sl`.`service_name` ASC', [...], false)
 4 APPPATH\Controllers\BranchAdmin\ServiceController.php(97): CodeIgniter\Database\BaseBuilder->get()
 5 SYSTEMPATH\CodeIgniter.php(951): App\Controllers\BranchAdmin\ServiceController->create()
 6 SYSTEMPATH\CodeIgniter.php(497): CodeIgniter\CodeIgniter->runController(Object(App\Controllers\BranchAdmin\ServiceController))
 7 SYSTEMPATH\CodeIgniter.php(340): CodeIgniter\CodeIgniter->handleRequest(null, Object(Config\Cache), false)
 8 SYSTEMPATH\Boot.php(417): CodeIgniter\CodeIgniter->run()
 9 SYSTEMPATH\Boot.php(68): CodeIgniter\Boot::runCodeIgniter(Object(CodeIgniter\CodeIgniter))
10 FCPATH\index.php(59): CodeIgniter\Boot::bootWeb(Object(Config\Paths))
CRITICAL - 2026-05-18 08:43:18 --> [Caused by] mysqli_sql_exception: Unknown column 'ps.service_list_id' in 'on clause'
in SYSTEMPATH\Database\MySQLi\Connection.php on line 300.
 1 SYSTEMPATH\Database\MySQLi\Connection.php(300): mysqli->query('SELECT `ps`.`package_id`, `sl`.`service_list_id`, `sl`.`service_name`, `sl`.`base_price`
FROM `package_services` `ps`
INNER JOIN `service_list` `sl` ON `sl`.`service_list_id` = `ps`.`service_list_id`
WHERE `sl`.`is_available` = 1
AND `sl`.`status` = \'active\'
ORDER BY `sl`.`service_name` ASC', 0)
 2 SYSTEMPATH\Database\BaseConnection.php(910): CodeIgniter\Database\MySQLi\Connection->execute('SELECT `ps`.`package_id`, `sl`.`service_list_id`, `sl`.`service_name`, `sl`.`base_price`
FROM `package_services` `ps`
INNER JOIN `service_list` `sl` ON `sl`.`service_list_id` = `ps`.`service_list_id`
WHERE `sl`.`is_available` = 1
AND `sl`.`status` = \'active\'
ORDER BY `sl`.`service_name` ASC')
 3 SYSTEMPATH\Database\BaseConnection.php(827): CodeIgniter\Database\BaseConnection->simpleQuery('SELECT `ps`.`package_id`, `sl`.`service_list_id`, `sl`.`service_name`, `sl`.`base_price`
FROM `package_services` `ps`
INNER JOIN `service_list` `sl` ON `sl`.`service_list_id` = `ps`.`service_list_id`
WHERE `sl`.`is_available` = 1
AND `sl`.`status` = \'active\'
ORDER BY `sl`.`service_name` ASC')
 4 SYSTEMPATH\Database\BaseBuilder.php(1649): CodeIgniter\Database\BaseConnection->query('SELECT `ps`.`package_id`, `sl`.`service_list_id`, `sl`.`service_name`, `sl`.`base_price`
FROM `package_services` `ps`
INNER JOIN `service_list` `sl` ON `sl`.`service_list_id` = `ps`.`service_list_id`
WHERE `sl`.`is_available` = :sl.is_available:
AND `sl`.`status` = :sl.status:
ORDER BY `sl`.`service_name` ASC', [...], false)
 5 APPPATH\Controllers\BranchAdmin\ServiceController.php(97): CodeIgniter\Database\BaseBuilder->get()
 6 SYSTEMPATH\CodeIgniter.php(951): App\Controllers\BranchAdmin\ServiceController->create()
 7 SYSTEMPATH\CodeIgniter.php(497): CodeIgniter\CodeIgniter->runController(Object(App\Controllers\BranchAdmin\ServiceController))
 8 SYSTEMPATH\CodeIgniter.php(340): CodeIgniter\CodeIgniter->handleRequest(null, Object(Config\Cache), false)
 9 SYSTEMPATH\Boot.php(417): CodeIgniter\CodeIgniter->run()
10 SYSTEMPATH\Boot.php(68): CodeIgniter\Boot::runCodeIgniter(Object(CodeIgniter\CodeIgniter))
11 FCPATH\index.php(59): CodeIgniter\Boot::bootWeb(Object(Config\Paths))
DEBUG - 2026-05-18 08:43:25 --> Session: Class initialized using 'CodeIgniter\Session\Handlers\FileHandler' driver.
DEBUG - 2026-05-18 08:43:34 --> Session: Class initialized using 'CodeIgniter\Session\Handlers\FileHandler' driver.
DEBUG - 2026-05-18 03:44:32 --> Session: Class initialized using 'CodeIgniter\Session\Handlers\FileHandler' driver.
DEBUG - 2026-05-18 03:44:35 --> Session: Class initialized using 'CodeIgniter\Session\Handlers\FileHandler' driver.
DEBUG - 2026-05-18 03:44:38 --> Session: Class initialized using 'CodeIgniter\Session\Handlers\FileHandler' driver.
DEBUG - 2026-05-18 03:44:41 --> Session: Class initialized using 'CodeIgniter\Session\Handlers\FileHandler' driver.
DEBUG - 2026-05-18 03:44:43 --> Session: Class initialized using 'CodeIgniter\Session\Handlers\FileHandler' driver.
DEBUG - 2026-05-18 03:44:46 --> Session: Class initialized using 'CodeIgniter\Session\Handlers\FileHandler' driver.
DEBUG - 2026-05-18 03:45:16 --> Session: Class initialized using 'CodeIgniter\Session\Handlers\FileHandler' driver.
DEBUG - 2026-05-18 03:45:23 --> Session: Class initialized using 'CodeIgniter\Session\Handlers\FileHandler' driver.
DEBUG - 2026-05-18 03:45:28 --> Session: Class initialized using 'CodeIgniter\Session\Handlers\FileHandler' driver.
DEBUG - 2026-05-18 03:45:29 --> Session: Class initialized using 'CodeIgniter\Session\Handlers\FileHandler' driver.
ERROR - 2026-05-18 03:45:29 --> Table 'kaagapay_db.activity_logs' doesn't exist
in SYSTEMPATH\Database\MySQLi\Connection.php on line 300.
 1 SYSTEMPATH\Database\MySQLi\Connection.php(300): mysqli->query('SELECT `al`.*, `u`.`first_name`, `u`.`last_name`
FROM `activity_logs` `al`
LEFT JOIN `users` `u` ON `u`.`user_id` = `al`.`user_id`
WHERE `u`.`branch_id` = 1
ORDER BY `al`.`created_at` DESC
 LIMIT 8', 0)
 2 SYSTEMPATH\Database\BaseConnection.php(910): CodeIgniter\Database\MySQLi\Connection->execute('SELECT `al`.*, `u`.`first_name`, `u`.`last_name`
FROM `activity_logs` `al`
LEFT JOIN `users` `u` ON `u`.`user_id` = `al`.`user_id`
WHERE `u`.`branch_id` = 1
ORDER BY `al`.`created_at` DESC
 LIMIT 8')
 3 SYSTEMPATH\Database\BaseConnection.php(827): CodeIgniter\Database\BaseConnection->simpleQuery('SELECT `al`.*, `u`.`first_name`, `u`.`last_name`
FROM `activity_logs` `al`
LEFT JOIN `users` `u` ON `u`.`user_id` = `al`.`user_id`
WHERE `u`.`branch_id` = 1
ORDER BY `al`.`created_at` DESC
 LIMIT 8')
 4 SYSTEMPATH\Database\BaseBuilder.php(1649): CodeIgniter\Database\BaseConnection->query('SELECT `al`.*, `u`.`first_name`, `u`.`last_name`
FROM `activity_logs` `al`
LEFT JOIN `users` `u` ON `u`.`user_id` = `al`.`user_id`
WHERE `u`.`branch_id` = :u.branch_id:
ORDER BY `al`.`created_at` DESC
 LIMIT 8', [...], false)
 5 APPPATH\Controllers\Dashboard.php(284): CodeIgniter\Database\BaseBuilder->get()
 6 APPPATH\Controllers\Dashboard.php(54): App\Controllers\Dashboard->getRecentBranchActivity(1, 8)
 7 SYSTEMPATH\CodeIgniter.php(951): App\Controllers\Dashboard->branchAdmin()
 8 SYSTEMPATH\CodeIgniter.php(497): CodeIgniter\CodeIgniter->runController(Object(App\Controllers\Dashboard))
 9 SYSTEMPATH\CodeIgniter.php(340): CodeIgniter\CodeIgniter->handleRequest(null, Object(Config\Cache), false)
10 SYSTEMPATH\Boot.php(417): CodeIgniter\CodeIgniter->run()
11 SYSTEMPATH\Boot.php(68): CodeIgniter\Boot::runCodeIgniter(Object(CodeIgniter\CodeIgniter))
12 FCPATH\index.php(59): CodeIgniter\Boot::bootWeb(Object(Config\Paths))
CRITICAL - 2026-05-18 03:45:29 --> CodeIgniter\Database\Exceptions\DatabaseException: Table 'kaagapay_db.activity_logs' doesn't exist
[Method: GET, Route: dashboard/branch-admin]
in SYSTEMPATH\Database\BaseConnection.php on line 865.
 1 SYSTEMPATH\Database\BaseBuilder.php(1649): CodeIgniter\Database\BaseConnection->query('SELECT `al`.*, `u`.`first_name`, `u`.`last_name`
FROM `activity_logs` `al`
LEFT JOIN `users` `u` ON `u`.`user_id` = `al`.`user_id`
WHERE `u`.`branch_id` = :u.branch_id:
ORDER BY `al`.`created_at` DESC
 LIMIT 8', [...], false)
 2 APPPATH\Controllers\Dashboard.php(284): CodeIgniter\Database\BaseBuilder->get()
 3 APPPATH\Controllers\Dashboard.php(54): App\Controllers\Dashboard->getRecentBranchActivity(1, 8)
 4 SYSTEMPATH\CodeIgniter.php(951): App\Controllers\Dashboard->branchAdmin()
 5 SYSTEMPATH\CodeIgniter.php(497): CodeIgniter\CodeIgniter->runController(Object(App\Controllers\Dashboard))
 6 SYSTEMPATH\CodeIgniter.php(340): CodeIgniter\CodeIgniter->handleRequest(null, Object(Config\Cache), false)
 7 SYSTEMPATH\Boot.php(417): CodeIgniter\CodeIgniter->run()
 8 SYSTEMPATH\Boot.php(68): CodeIgniter\Boot::runCodeIgniter(Object(CodeIgniter\CodeIgniter))
 9 FCPATH\index.php(59): CodeIgniter\Boot::bootWeb(Object(Config\Paths))
CRITICAL - 2026-05-18 03:45:29 --> [Caused by] CodeIgniter\Database\Exceptions\DatabaseException: Table 'kaagapay_db.activity_logs' doesn't exist
in SYSTEMPATH\Database\MySQLi\Connection.php on line 310.
 1 SYSTEMPATH\Database\BaseConnection.php(910): CodeIgniter\Database\MySQLi\Connection->execute('SELECT `al`.*, `u`.`first_name`, `u`.`last_name`
FROM `activity_logs` `al`
LEFT JOIN `users` `u` ON `u`.`user_id` = `al`.`user_id`
WHERE `u`.`branch_id` = 1
ORDER BY `al`.`created_at` DESC
 LIMIT 8')
 2 SYSTEMPATH\Database\BaseConnection.php(827): CodeIgniter\Database\BaseConnection->simpleQuery('SELECT `al`.*, `u`.`first_name`, `u`.`last_name`
FROM `activity_logs` `al`
LEFT JOIN `users` `u` ON `u`.`user_id` = `al`.`user_id`
WHERE `u`.`branch_id` = 1
ORDER BY `al`.`created_at` DESC
 LIMIT 8')
 3 SYSTEMPATH\Database\BaseBuilder.php(1649): CodeIgniter\Database\BaseConnection->query('SELECT `al`.*, `u`.`first_name`, `u`.`last_name`
FROM `activity_logs` `al`
LEFT JOIN `users` `u` ON `u`.`user_id` = `al`.`user_id`
WHERE `u`.`branch_id` = :u.branch_id:
ORDER BY `al`.`created_at` DESC
 LIMIT 8', [...], false)
 4 APPPATH\Controllers\Dashboard.php(284): CodeIgniter\Database\BaseBuilder->get()
 5 APPPATH\Controllers\Dashboard.php(54): App\Controllers\Dashboard->getRecentBranchActivity(1, 8)
 6 SYSTEMPATH\CodeIgniter.php(951): App\Controllers\Dashboard->branchAdmin()
 7 SYSTEMPATH\CodeIgniter.php(497): CodeIgniter\CodeIgniter->runController(Object(App\Controllers\Dashboard))
 8 SYSTEMPATH\CodeIgniter.php(340): CodeIgniter\CodeIgniter->handleRequest(null, Object(Config\Cache), false)
 9 SYSTEMPATH\Boot.php(417): CodeIgniter\CodeIgniter->run()
10 SYSTEMPATH\Boot.php(68): CodeIgniter\Boot::runCodeIgniter(Object(CodeIgniter\CodeIgniter))
11 FCPATH\index.php(59): CodeIgniter\Boot::bootWeb(Object(Config\Paths))
CRITICAL - 2026-05-18 03:45:29 --> [Caused by] mysqli_sql_exception: Table 'kaagapay_db.activity_logs' doesn't exist
in SYSTEMPATH\Database\MySQLi\Connection.php on line 300.
 1 SYSTEMPATH\Database\MySQLi\Connection.php(300): mysqli->query('SELECT `al`.*, `u`.`first_name`, `u`.`last_name`
FROM `activity_logs` `al`
LEFT JOIN `users` `u` ON `u`.`user_id` = `al`.`user_id`
WHERE `u`.`branch_id` = 1
ORDER BY `al`.`created_at` DESC
 LIMIT 8', 0)
 2 SYSTEMPATH\Database\BaseConnection.php(910): CodeIgniter\Database\MySQLi\Connection->execute('SELECT `al`.*, `u`.`first_name`, `u`.`last_name`
FROM `activity_logs` `al`
LEFT JOIN `users` `u` ON `u`.`user_id` = `al`.`user_id`
WHERE `u`.`branch_id` = 1
ORDER BY `al`.`created_at` DESC
 LIMIT 8')
 3 SYSTEMPATH\Database\BaseConnection.php(827): CodeIgniter\Database\BaseConnection->simpleQuery('SELECT `al`.*, `u`.`first_name`, `u`.`last_name`
FROM `activity_logs` `al`
LEFT JOIN `users` `u` ON `u`.`user_id` = `al`.`user_id`
WHERE `u`.`branch_id` = 1
ORDER BY `al`.`created_at` DESC
 LIMIT 8')
 4 SYSTEMPATH\Database\BaseBuilder.php(1649): CodeIgniter\Database\BaseConnection->query('SELECT `al`.*, `u`.`first_name`, `u`.`last_name`
FROM `activity_logs` `al`
LEFT JOIN `users` `u` ON `u`.`user_id` = `al`.`user_id`
WHERE `u`.`branch_id` = :u.branch_id:
ORDER BY `al`.`created_at` DESC
 LIMIT 8', [...], false)
 5 APPPATH\Controllers\Dashboard.php(284): CodeIgniter\Database\BaseBuilder->get()
 6 APPPATH\Controllers\Dashboard.php(54): App\Controllers\Dashboard->getRecentBranchActivity(1, 8)
 7 SYSTEMPATH\CodeIgniter.php(951): App\Controllers\Dashboard->branchAdmin()
 8 SYSTEMPATH\CodeIgniter.php(497): CodeIgniter\CodeIgniter->runController(Object(App\Controllers\Dashboard))
 9 SYSTEMPATH\CodeIgniter.php(340): CodeIgniter\CodeIgniter->handleRequest(null, Object(Config\Cache), false)
10 SYSTEMPATH\Boot.php(417): CodeIgniter\CodeIgniter->run()
11 SYSTEMPATH\Boot.php(68): CodeIgniter\Boot::runCodeIgniter(Object(CodeIgniter\CodeIgniter))
12 FCPATH\index.php(59): CodeIgniter\Boot::bootWeb(Object(Config\Paths))
DEBUG - 2026-05-18 03:45:51 --> Session: Class initialized using 'CodeIgniter\Session\Handlers\FileHandler' driver.
DEBUG - 2026-05-18 03:45:51 --> Session: Class initialized using 'CodeIgniter\Session\Handlers\FileHandler' driver.
ERROR - 2026-05-18 03:45:51 --> Table 'kaagapay_db.activity_logs' doesn't exist
in SYSTEMPATH\Database\MySQLi\Connection.php on line 300.
 1 SYSTEMPATH\Database\MySQLi\Connection.php(300): mysqli->query('SELECT `al`.*, `u`.`first_name`, `u`.`last_name`
FROM `activity_logs` `al`
LEFT JOIN `users` `u` ON `u`.`user_id` = `al`.`user_id`
WHERE `u`.`branch_id` = 1
ORDER BY `al`.`created_at` DESC
 LIMIT 8', 0)
 2 SYSTEMPATH\Database\BaseConnection.php(910): CodeIgniter\Database\MySQLi\Connection->execute('SELECT `al`.*, `u`.`first_name`, `u`.`last_name`
FROM `activity_logs` `al`
LEFT JOIN `users` `u` ON `u`.`user_id` = `al`.`user_id`
WHERE `u`.`branch_id` = 1
ORDER BY `al`.`created_at` DESC
 LIMIT 8')
 3 SYSTEMPATH\Database\BaseConnection.php(827): CodeIgniter\Database\BaseConnection->simpleQuery('SELECT `al`.*, `u`.`first_name`, `u`.`last_name`
FROM `activity_logs` `al`
LEFT JOIN `users` `u` ON `u`.`user_id` = `al`.`user_id`
WHERE `u`.`branch_id` = 1
ORDER BY `al`.`created_at` DESC
 LIMIT 8')
 4 SYSTEMPATH\Database\BaseBuilder.php(1649): CodeIgniter\Database\BaseConnection->query('SELECT `al`.*, `u`.`first_name`, `u`.`last_name`
FROM `activity_logs` `al`
LEFT JOIN `users` `u` ON `u`.`user_id` = `al`.`user_id`
WHERE `u`.`branch_id` = :u.branch_id:
ORDER BY `al`.`created_at` DESC
 LIMIT 8', [...], false)
 5 APPPATH\Controllers\Dashboard.php(284): CodeIgniter\Database\BaseBuilder->get()
 6 APPPATH\Controllers\Dashboard.php(54): App\Controllers\Dashboard->getRecentBranchActivity(1, 8)
 7 SYSTEMPATH\CodeIgniter.php(951): App\Controllers\Dashboard->branchAdmin()
 8 SYSTEMPATH\CodeIgniter.php(497): CodeIgniter\CodeIgniter->runController(Object(App\Controllers\Dashboard))
 9 SYSTEMPATH\CodeIgniter.php(340): CodeIgniter\CodeIgniter->handleRequest(null, Object(Config\Cache), false)
10 SYSTEMPATH\Boot.php(417): CodeIgniter\CodeIgniter->run()
11 SYSTEMPATH\Boot.php(68): CodeIgniter\Boot::runCodeIgniter(Object(CodeIgniter\CodeIgniter))
12 FCPATH\index.php(59): CodeIgniter\Boot::bootWeb(Object(Config\Paths))
CRITICAL - 2026-05-18 03:45:51 --> CodeIgniter\Database\Exceptions\DatabaseException: Table 'kaagapay_db.activity_logs' doesn't exist
[Method: GET, Route: dashboard/branch-admin]
in SYSTEMPATH\Database\BaseConnection.php on line 865.
 1 SYSTEMPATH\Database\BaseBuilder.php(1649): CodeIgniter\Database\BaseConnection->query('SELECT `al`.*, `u`.`first_name`, `u`.`last_name`
FROM `activity_logs` `al`
LEFT JOIN `users` `u` ON `u`.`user_id` = `al`.`user_id`
WHERE `u`.`branch_id` = :u.branch_id:
ORDER BY `al`.`created_at` DESC
 LIMIT 8', [...], false)
 2 APPPATH\Controllers\Dashboard.php(284): CodeIgniter\Database\BaseBuilder->get()
 3 APPPATH\Controllers\Dashboard.php(54): App\Controllers\Dashboard->getRecentBranchActivity(1, 8)
 4 SYSTEMPATH\CodeIgniter.php(951): App\Controllers\Dashboard->branchAdmin()
 5 SYSTEMPATH\CodeIgniter.php(497): CodeIgniter\CodeIgniter->runController(Object(App\Controllers\Dashboard))
 6 SYSTEMPATH\CodeIgniter.php(340): CodeIgniter\CodeIgniter->handleRequest(null, Object(Config\Cache), false)
 7 SYSTEMPATH\Boot.php(417): CodeIgniter\CodeIgniter->run()
 8 SYSTEMPATH\Boot.php(68): CodeIgniter\Boot::runCodeIgniter(Object(CodeIgniter\CodeIgniter))
 9 FCPATH\index.php(59): CodeIgniter\Boot::bootWeb(Object(Config\Paths))
CRITICAL - 2026-05-18 03:45:51 --> [Caused by] CodeIgniter\Database\Exceptions\DatabaseException: Table 'kaagapay_db.activity_logs' doesn't exist
in SYSTEMPATH\Database\MySQLi\Connection.php on line 310.
 1 SYSTEMPATH\Database\BaseConnection.php(910): CodeIgniter\Database\MySQLi\Connection->execute('SELECT `al`.*, `u`.`first_name`, `u`.`last_name`
FROM `activity_logs` `al`
LEFT JOIN `users` `u` ON `u`.`user_id` = `al`.`user_id`
WHERE `u`.`branch_id` = 1
ORDER BY `al`.`created_at` DESC
 LIMIT 8')
 2 SYSTEMPATH\Database\BaseConnection.php(827): CodeIgniter\Database\BaseConnection->simpleQuery('SELECT `al`.*, `u`.`first_name`, `u`.`last_name`
FROM `activity_logs` `al`
LEFT JOIN `users` `u` ON `u`.`user_id` = `al`.`user_id`
WHERE `u`.`branch_id` = 1
ORDER BY `al`.`created_at` DESC
 LIMIT 8')
 3 SYSTEMPATH\Database\BaseBuilder.php(1649): CodeIgniter\Database\BaseConnection->query('SELECT `al`.*, `u`.`first_name`, `u`.`last_name`
FROM `activity_logs` `al`
LEFT JOIN `users` `u` ON `u`.`user_id` = `al`.`user_id`
WHERE `u`.`branch_id` = :u.branch_id:
ORDER BY `al`.`created_at` DESC
 LIMIT 8', [...], false)
 4 APPPATH\Controllers\Dashboard.php(284): CodeIgniter\Database\BaseBuilder->get()
 5 APPPATH\Controllers\Dashboard.php(54): App\Controllers\Dashboard->getRecentBranchActivity(1, 8)
 6 SYSTEMPATH\CodeIgniter.php(951): App\Controllers\Dashboard->branchAdmin()
 7 SYSTEMPATH\CodeIgniter.php(497): CodeIgniter\CodeIgniter->runController(Object(App\Controllers\Dashboard))
 8 SYSTEMPATH\CodeIgniter.php(340): CodeIgniter\CodeIgniter->handleRequest(null, Object(Config\Cache), false)
 9 SYSTEMPATH\Boot.php(417): CodeIgniter\CodeIgniter->run()
10 SYSTEMPATH\Boot.php(68): CodeIgniter\Boot::runCodeIgniter(Object(CodeIgniter\CodeIgniter))
11 FCPATH\index.php(59): CodeIgniter\Boot::bootWeb(Object(Config\Paths))
CRITICAL - 2026-05-18 03:45:51 --> [Caused by] mysqli_sql_exception: Table 'kaagapay_db.activity_logs' doesn't exist
in SYSTEMPATH\Database\MySQLi\Connection.php on line 300.
 1 SYSTEMPATH\Database\MySQLi\Connection.php(300): mysqli->query('SELECT `al`.*, `u`.`first_name`, `u`.`last_name`
FROM `activity_logs` `al`
LEFT JOIN `users` `u` ON `u`.`user_id` = `al`.`user_id`
WHERE `u`.`branch_id` = 1
ORDER BY `al`.`created_at` DESC
 LIMIT 8', 0)
 2 SYSTEMPATH\Database\BaseConnection.php(910): CodeIgniter\Database\MySQLi\Connection->execute('SELECT `al`.*, `u`.`first_name`, `u`.`last_name`
FROM `activity_logs` `al`
LEFT JOIN `users` `u` ON `u`.`user_id` = `al`.`user_id`
WHERE `u`.`branch_id` = 1
ORDER BY `al`.`created_at` DESC
 LIMIT 8')
 3 SYSTEMPATH\Database\BaseConnection.php(827): CodeIgniter\Database\BaseConnection->simpleQuery('SELECT `al`.*, `u`.`first_name`, `u`.`last_name`
FROM `activity_logs` `al`
LEFT JOIN `users` `u` ON `u`.`user_id` = `al`.`user_id`
WHERE `u`.`branch_id` = 1
ORDER BY `al`.`created_at` DESC
 LIMIT 8')
 4 SYSTEMPATH\Database\BaseBuilder.php(1649): CodeIgniter\Database\BaseConnection->query('SELECT `al`.*, `u`.`first_name`, `u`.`last_name`
FROM `activity_logs` `al`
LEFT JOIN `users` `u` ON `u`.`user_id` = `al`.`user_id`
WHERE `u`.`branch_id` = :u.branch_id:
ORDER BY `al`.`created_at` DESC
 LIMIT 8', [...], false)
 5 APPPATH\Controllers\Dashboard.php(284): CodeIgniter\Database\BaseBuilder->get()
 6 APPPATH\Controllers\Dashboard.php(54): App\Controllers\Dashboard->getRecentBranchActivity(1, 8)
 7 SYSTEMPATH\CodeIgniter.php(951): App\Controllers\Dashboard->branchAdmin()
 8 SYSTEMPATH\CodeIgniter.php(497): CodeIgniter\CodeIgniter->runController(Object(App\Controllers\Dashboard))
 9 SYSTEMPATH\CodeIgniter.php(340): CodeIgniter\CodeIgniter->handleRequest(null, Object(Config\Cache), false)
10 SYSTEMPATH\Boot.php(417): CodeIgniter\CodeIgniter->run()
11 SYSTEMPATH\Boot.php(68): CodeIgniter\Boot::runCodeIgniter(Object(CodeIgniter\CodeIgniter))
12 FCPATH\index.php(59): CodeIgniter\Boot::bootWeb(Object(Config\Paths))
DEBUG - 2026-05-18 03:45:57 --> Session: Class initialized using 'CodeIgniter\Session\Handlers\FileHandler' driver.
DEBUG - 2026-05-18 03:45:57 --> Session: Class initialized using 'CodeIgniter\Session\Handlers\FileHandler' driver.
ERROR - 2026-05-18 03:45:57 --> Table 'kaagapay_db.activity_logs' doesn't exist
in SYSTEMPATH\Database\MySQLi\Connection.php on line 300.
 1 SYSTEMPATH\Database\MySQLi\Connection.php(300): mysqli->query('SELECT `al`.*, `u`.`first_name`, `u`.`last_name`
FROM `activity_logs` `al`
LEFT JOIN `users` `u` ON `u`.`user_id` = `al`.`user_id`
WHERE `u`.`branch_id` = 1
ORDER BY `al`.`created_at` DESC
 LIMIT 8', 0)
 2 SYSTEMPATH\Database\BaseConnection.php(910): CodeIgniter\Database\MySQLi\Connection->execute('SELECT `al`.*, `u`.`first_name`, `u`.`last_name`
FROM `activity_logs` `al`
LEFT JOIN `users` `u` ON `u`.`user_id` = `al`.`user_id`
WHERE `u`.`branch_id` = 1
ORDER BY `al`.`created_at` DESC
 LIMIT 8')
 3 SYSTEMPATH\Database\BaseConnection.php(827): CodeIgniter\Database\BaseConnection->simpleQuery('SELECT `al`.*, `u`.`first_name`, `u`.`last_name`
FROM `activity_logs` `al`
LEFT JOIN `users` `u` ON `u`.`user_id` = `al`.`user_id`
WHERE `u`.`branch_id` = 1
ORDER BY `al`.`created_at` DESC
 LIMIT 8')
 4 SYSTEMPATH\Database\BaseBuilder.php(1649): CodeIgniter\Database\BaseConnection->query('SELECT `al`.*, `u`.`first_name`, `u`.`last_name`
FROM `activity_logs` `al`
LEFT JOIN `users` `u` ON `u`.`user_id` = `al`.`user_id`
WHERE `u`.`branch_id` = :u.branch_id:
ORDER BY `al`.`created_at` DESC
 LIMIT 8', [...], false)
 5 APPPATH\Controllers\Dashboard.php(284): CodeIgniter\Database\BaseBuilder->get()
 6 APPPATH\Controllers\Dashboard.php(54): App\Controllers\Dashboard->getRecentBranchActivity(1, 8)
 7 SYSTEMPATH\CodeIgniter.php(951): App\Controllers\Dashboard->branchAdmin()
 8 SYSTEMPATH\CodeIgniter.php(497): CodeIgniter\CodeIgniter->runController(Object(App\Controllers\Dashboard))
 9 SYSTEMPATH\CodeIgniter.php(340): CodeIgniter\CodeIgniter->handleRequest(null, Object(Config\Cache), false)
10 SYSTEMPATH\Boot.php(417): CodeIgniter\CodeIgniter->run()
11 SYSTEMPATH\Boot.php(68): CodeIgniter\Boot::runCodeIgniter(Object(CodeIgniter\CodeIgniter))
12 FCPATH\index.php(59): CodeIgniter\Boot::bootWeb(Object(Config\Paths))
CRITICAL - 2026-05-18 03:45:57 --> CodeIgniter\Database\Exceptions\DatabaseException: Table 'kaagapay_db.activity_logs' doesn't exist
[Method: GET, Route: dashboard/branch-admin]
in SYSTEMPATH\Database\BaseConnection.php on line 865.
 1 SYSTEMPATH\Database\BaseBuilder.php(1649): CodeIgniter\Database\BaseConnection->query('SELECT `al`.*, `u`.`first_name`, `u`.`last_name`
FROM `activity_logs` `al`
LEFT JOIN `users` `u` ON `u`.`user_id` = `al`.`user_id`
WHERE `u`.`branch_id` = :u.branch_id:
ORDER BY `al`.`created_at` DESC
 LIMIT 8', [...], false)
 2 APPPATH\Controllers\Dashboard.php(284): CodeIgniter\Database\BaseBuilder->get()
 3 APPPATH\Controllers\Dashboard.php(54): App\Controllers\Dashboard->getRecentBranchActivity(1, 8)
 4 SYSTEMPATH\CodeIgniter.php(951): App\Controllers\Dashboard->branchAdmin()
 5 SYSTEMPATH\CodeIgniter.php(497): CodeIgniter\CodeIgniter->runController(Object(App\Controllers\Dashboard))
 6 SYSTEMPATH\CodeIgniter.php(340): CodeIgniter\CodeIgniter->handleRequest(null, Object(Config\Cache), false)
 7 SYSTEMPATH\Boot.php(417): CodeIgniter\CodeIgniter->run()
 8 SYSTEMPATH\Boot.php(68): CodeIgniter\Boot::runCodeIgniter(Object(CodeIgniter\CodeIgniter))
 9 FCPATH\index.php(59): CodeIgniter\Boot::bootWeb(Object(Config\Paths))
CRITICAL - 2026-05-18 03:45:57 --> [Caused by] CodeIgniter\Database\Exceptions\DatabaseException: Table 'kaagapay_db.activity_logs' doesn't exist
in SYSTEMPATH\Database\MySQLi\Connection.php on line 310.
 1 SYSTEMPATH\Database\BaseConnection.php(910): CodeIgniter\Database\MySQLi\Connection->execute('SELECT `al`.*, `u`.`first_name`, `u`.`last_name`
FROM `activity_logs` `al`
LEFT JOIN `users` `u` ON `u`.`user_id` = `al`.`user_id`
WHERE `u`.`branch_id` = 1
ORDER BY `al`.`created_at` DESC
 LIMIT 8')
 2 SYSTEMPATH\Database\BaseConnection.php(827): CodeIgniter\Database\BaseConnection->simpleQuery('SELECT `al`.*, `u`.`first_name`, `u`.`last_name`
FROM `activity_logs` `al`
LEFT JOIN `users` `u` ON `u`.`user_id` = `al`.`user_id`
WHERE `u`.`branch_id` = 1
ORDER BY `al`.`created_at` DESC
 LIMIT 8')
 3 SYSTEMPATH\Database\BaseBuilder.php(1649): CodeIgniter\Database\BaseConnection->query('SELECT `al`.*, `u`.`first_name`, `u`.`last_name`
FROM `activity_logs` `al`
LEFT JOIN `users` `u` ON `u`.`user_id` = `al`.`user_id`
WHERE `u`.`branch_id` = :u.branch_id:
ORDER BY `al`.`created_at` DESC
 LIMIT 8', [...], false)
 4 APPPATH\Controllers\Dashboard.php(284): CodeIgniter\Database\BaseBuilder->get()
 5 APPPATH\Controllers\Dashboard.php(54): App\Controllers\Dashboard->getRecentBranchActivity(1, 8)
 6 SYSTEMPATH\CodeIgniter.php(951): App\Controllers\Dashboard->branchAdmin()
 7 SYSTEMPATH\CodeIgniter.php(497): CodeIgniter\CodeIgniter->runController(Object(App\Controllers\Dashboard))
 8 SYSTEMPATH\CodeIgniter.php(340): CodeIgniter\CodeIgniter->handleRequest(null, Object(Config\Cache), false)
 9 SYSTEMPATH\Boot.php(417): CodeIgniter\CodeIgniter->run()
10 SYSTEMPATH\Boot.php(68): CodeIgniter\Boot::runCodeIgniter(Object(CodeIgniter\CodeIgniter))
11 FCPATH\index.php(59): CodeIgniter\Boot::bootWeb(Object(Config\Paths))
CRITICAL - 2026-05-18 03:45:57 --> [Caused by] mysqli_sql_exception: Table 'kaagapay_db.activity_logs' doesn't exist
in SYSTEMPATH\Database\MySQLi\Connection.php on line 300.
 1 SYSTEMPATH\Database\MySQLi\Connection.php(300): mysqli->query('SELECT `al`.*, `u`.`first_name`, `u`.`last_name`
FROM `activity_logs` `al`
LEFT JOIN `users` `u` ON `u`.`user_id` = `al`.`user_id`
WHERE `u`.`branch_id` = 1
ORDER BY `al`.`created_at` DESC
 LIMIT 8', 0)
 2 SYSTEMPATH\Database\BaseConnection.php(910): CodeIgniter\Database\MySQLi\Connection->execute('SELECT `al`.*, `u`.`first_name`, `u`.`last_name`
FROM `activity_logs` `al`
LEFT JOIN `users` `u` ON `u`.`user_id` = `al`.`user_id`
WHERE `u`.`branch_id` = 1
ORDER BY `al`.`created_at` DESC
 LIMIT 8')
 3 SYSTEMPATH\Database\BaseConnection.php(827): CodeIgniter\Database\BaseConnection->simpleQuery('SELECT `al`.*, `u`.`first_name`, `u`.`last_name`
FROM `activity_logs` `al`
LEFT JOIN `users` `u` ON `u`.`user_id` = `al`.`user_id`
WHERE `u`.`branch_id` = 1
ORDER BY `al`.`created_at` DESC
 LIMIT 8')
 4 SYSTEMPATH\Database\BaseBuilder.php(1649): CodeIgniter\Database\BaseConnection->query('SELECT `al`.*, `u`.`first_name`, `u`.`last_name`
FROM `activity_logs` `al`
LEFT JOIN `users` `u` ON `u`.`user_id` = `al`.`user_id`
WHERE `u`.`branch_id` = :u.branch_id:
ORDER BY `al`.`created_at` DESC
 LIMIT 8', [...], false)
 5 APPPATH\Controllers\Dashboard.php(284): CodeIgniter\Database\BaseBuilder->get()
 6 APPPATH\Controllers\Dashboard.php(54): App\Controllers\Dashboard->getRecentBranchActivity(1, 8)
 7 SYSTEMPATH\CodeIgniter.php(951): App\Controllers\Dashboard->branchAdmin()
 8 SYSTEMPATH\CodeIgniter.php(497): CodeIgniter\CodeIgniter->runController(Object(App\Controllers\Dashboard))
 9 SYSTEMPATH\CodeIgniter.php(340): CodeIgniter\CodeIgniter->handleRequest(null, Object(Config\Cache), false)
10 SYSTEMPATH\Boot.php(417): CodeIgniter\CodeIgniter->run()
11 SYSTEMPATH\Boot.php(68): CodeIgniter\Boot::runCodeIgniter(Object(CodeIgniter\CodeIgniter))
12 FCPATH\index.php(59): CodeIgniter\Boot::bootWeb(Object(Config\Paths))
DEBUG - 2026-05-18 03:46:49 --> Session: Class initialized using 'CodeIgniter\Session\Handlers\FileHandler' driver.
DEBUG - 2026-05-18 03:47:03 --> Session: Class initialized using 'CodeIgniter\Session\Handlers\FileHandler' driver.
DEBUG - 2026-05-18 03:47:03 --> Session: Class initialized using 'CodeIgniter\Session\Handlers\FileHandler' driver.
ERROR - 2026-05-18 03:47:04 --> Can't create table `kaagapay_db`.`package_services` (errno: 150 "Foreign key constraint is incorrectly formed")
in SYSTEMPATH\Database\MySQLi\Connection.php on line 300.
 1 SYSTEMPATH\Database\MySQLi\Connection.php(300): mysqli->query('CREATE TABLE `package_services` (
	`id` INT(11) UNSIGNED NOT NULL AUTO_INCREMENT,
	`package_id` INT(11) UNSIGNED NOT NULL,
	`service_list_id` INT(11) UNSIGNED NOT NULL,
	CONSTRAINT `pk_package_services` PRIMARY KEY(`id`),
	CONSTRAINT `package_services_package_id_foreign` FOREIGN KEY (`package_id`) REFERENCES `packages`(`package_id`) ON DELETE CASCADE ON UPDATE CASCADE,
	CONSTRAINT `package_services_service_list_id_foreign` FOREIGN KEY (`service_list_id`) REFERENCES `service_list`(`service_list_id`) ON DELETE CASCADE ON UPDATE CASCADE,
	KEY `package_id` (`package_id`),
	KEY `service_list_id` (`service_list_id`)
) DEFAULT CHARACTER SET = utf8mb4 COLLATE = utf8mb4_general_ci', 0)
 2 SYSTEMPATH\Database\BaseConnection.php(910): CodeIgniter\Database\MySQLi\Connection->execute('CREATE TABLE `package_services` (
	`id` INT(11) UNSIGNED NOT NULL AUTO_INCREMENT,
	`package_id` INT(11) UNSIGNED NOT NULL,
	`service_list_id` INT(11) UNSIGNED NOT NULL,
	CONSTRAINT `pk_package_services` PRIMARY KEY(`id`),
	CONSTRAINT `package_services_package_id_foreign` FOREIGN KEY (`package_id`) REFERENCES `packages`(`package_id`) ON DELETE CASCADE ON UPDATE CASCADE,
	CONSTRAINT `package_services_service_list_id_foreign` FOREIGN KEY (`service_list_id`) REFERENCES `service_list`(`service_list_id`) ON DELETE CASCADE ON UPDATE CASCADE,
	KEY `package_id` (`package_id`),
	KEY `service_list_id` (`service_list_id`)
) DEFAULT CHARACTER SET = utf8mb4 COLLATE = utf8mb4_general_ci')
 3 SYSTEMPATH\Database\BaseConnection.php(827): CodeIgniter\Database\BaseConnection->simpleQuery('CREATE TABLE `package_services` (
	`id` INT(11) UNSIGNED NOT NULL AUTO_INCREMENT,
	`package_id` INT(11) UNSIGNED NOT NULL,
	`service_list_id` INT(11) UNSIGNED NOT NULL,
	CONSTRAINT `pk_package_services` PRIMARY KEY(`id`),
	CONSTRAINT `package_services_package_id_foreign` FOREIGN KEY (`package_id`) REFERENCES `packages`(`package_id`) ON DELETE CASCADE ON UPDATE CASCADE,
	CONSTRAINT `package_services_service_list_id_foreign` FOREIGN KEY (`service_list_id`) REFERENCES `service_list`(`service_list_id`) ON DELETE CASCADE ON UPDATE CASCADE,
	KEY `package_id` (`package_id`),
	KEY `service_list_id` (`service_list_id`)
) DEFAULT CHARACTER SET = utf8mb4 COLLATE = utf8mb4_general_ci')
 4 SYSTEMPATH\Database\Forge.php(570): CodeIgniter\Database\BaseConnection->query('CREATE TABLE `package_services` (
	`id` INT(11) UNSIGNED NOT NULL AUTO_INCREMENT,
	`package_id` INT(11) UNSIGNED NOT NULL,
	`service_list_id` INT(11) UNSIGNED NOT NULL,
	CONSTRAINT `pk_package_services` PRIMARY KEY(`id`),
	CONSTRAINT `package_services_package_id_foreign` FOREIGN KEY (`package_id`) REFERENCES `packages`(`package_id`) ON DELETE CASCADE ON UPDATE CASCADE,
	CONSTRAINT `package_services_service_list_id_foreign` FOREIGN KEY (`service_list_id`) REFERENCES `service_list`(`service_list_id`) ON DELETE CASCADE ON UPDATE CASCADE,
	KEY `package_id` (`package_id`),
	KEY `service_list_id` (`service_list_id`)
) DEFAULT CHARACTER SET = utf8mb4 COLLATE = utf8mb4_general_ci')
 5 APPPATH\Database\Migrations\2026-04-17-120000_CreatePackageServicesTable.php(35): CodeIgniter\Database\Forge->createTable('package_services', true)
 6 SYSTEMPATH\Database\MigrationRunner.php(1014): App\Database\Migrations\CreatePackageServicesTable->up()
 7 SYSTEMPATH\Database\MigrationRunner.php(202): CodeIgniter\Database\MigrationRunner->migrate('up', Object(stdClass))
 8 SYSTEMPATH\Commands\Database\Migrate.php(89): CodeIgniter\Database\MigrationRunner->latest(null)
 9 SYSTEMPATH\CLI\SignalTrait.php(245): CodeIgniter\Commands\Database\Migrate::CodeIgniter\Commands\Database\{closure}()
10 SYSTEMPATH\Commands\Database\Migrate.php(88): CodeIgniter\Commands\Database\Migrate->withSignalsBlocked(Object(Closure))
11 SYSTEMPATH\CLI\Commands.php(74): CodeIgniter\Commands\Database\Migrate->run([])
12 SYSTEMPATH\CLI\Console.php(47): CodeIgniter\CLI\Commands->run('migrate', [])
13 SYSTEMPATH\Boot.php(442): CodeIgniter\CLI\Console->run()
14 SYSTEMPATH\Boot.php(166): CodeIgniter\Boot::runCommand(Object(CodeIgniter\CLI\Console))
15 ROOTPATH\spark(87): CodeIgniter\Boot::bootSpark(Object(Config\Paths))
DEBUG - 2026-05-18 03:47:09 --> Session: Class initialized using 'CodeIgniter\Session\Handlers\FileHandler' driver.
DEBUG - 2026-05-18 03:47:13 --> Session: Class initialized using 'CodeIgniter\Session\Handlers\FileHandler' driver.
DEBUG - 2026-05-18 03:48:33 --> Session: Class initialized using 'CodeIgniter\Session\Handlers\FileHandler' driver.
ERROR - 2026-05-18 03:48:33 --> Unknown column 'service_list_id' in 'field list'
in SYSTEMPATH\Database\MySQLi\Connection.php on line 300.
 1 SYSTEMPATH\Database\MySQLi\Connection.php(300): mysqli->query('INSERT INTO `service_applications` (`plan_holder_id`, `service_list_id`, `status`, `deceased_name`, `deceased_date_of_death`, `deceased_address`, `relationship_to_deceased`, `beneficiary_name`, `beneficiary_contact`, `application_notes`) VALUES (10, 2, \'pending\', \'Anne Collins\', \'2039-04-13\', \'Camansihan\', \'son\', \'Anthony Collins\', \'12345678910\', NULL)', 0)
 2 SYSTEMPATH\Database\BaseConnection.php(910): CodeIgniter\Database\MySQLi\Connection->execute('INSERT INTO `service_applications` (`plan_holder_id`, `service_list_id`, `status`, `deceased_name`, `deceased_date_of_death`, `deceased_address`, `relationship_to_deceased`, `beneficiary_name`, `beneficiary_contact`, `application_notes`) VALUES (10, 2, \'pending\', \'Anne Collins\', \'2039-04-13\', \'Camansihan\', \'son\', \'Anthony Collins\', \'12345678910\', NULL)')
 3 SYSTEMPATH\Database\BaseConnection.php(827): CodeIgniter\Database\BaseConnection->simpleQuery('INSERT INTO `service_applications` (`plan_holder_id`, `service_list_id`, `status`, `deceased_name`, `deceased_date_of_death`, `deceased_address`, `relationship_to_deceased`, `beneficiary_name`, `beneficiary_contact`, `application_notes`) VALUES (10, 2, \'pending\', \'Anne Collins\', \'2039-04-13\', \'Camansihan\', \'son\', \'Anthony Collins\', \'12345678910\', NULL)')
 4 SYSTEMPATH\Database\BaseBuilder.php(2345): CodeIgniter\Database\BaseConnection->query('INSERT INTO `service_applications` (`plan_holder_id`, `service_list_id`, `status`, `deceased_name`, `deceased_date_of_death`, `deceased_address`, `relationship_to_deceased`, `beneficiary_name`, `beneficiary_contact`, `application_notes`) VALUES (:plan_holder_id:, :service_list_id:, :status:, :deceased_name:, :deceased_date_of_death:, :deceased_address:, :relationship_to_deceased:, :beneficiary_name:, :beneficiary_contact:, :application_notes:)', [...], false)
 5 APPPATH\Controllers\Client\ClientServiceController.php(269): CodeIgniter\Database\BaseBuilder->insert([...])
 6 SYSTEMPATH\CodeIgniter.php(951): App\Controllers\Client\ClientServiceController->submitServiceApplication(2)
 7 SYSTEMPATH\CodeIgniter.php(497): CodeIgniter\CodeIgniter->runController(Object(App\Controllers\Client\ClientServiceController))
 8 SYSTEMPATH\CodeIgniter.php(340): CodeIgniter\CodeIgniter->handleRequest(null, Object(Config\Cache), false)
 9 SYSTEMPATH\Boot.php(417): CodeIgniter\CodeIgniter->run()
10 SYSTEMPATH\Boot.php(68): CodeIgniter\Boot::runCodeIgniter(Object(CodeIgniter\CodeIgniter))
11 FCPATH\index.php(59): CodeIgniter\Boot::bootWeb(Object(Config\Paths))
DEBUG - 2026-05-18 03:48:34 --> Session: Class initialized using 'CodeIgniter\Session\Handlers\FileHandler' driver.
DEBUG - 2026-05-18 03:48:54 --> Session: Class initialized using 'CodeIgniter\Session\Handlers\FileHandler' driver.
ERROR - 2026-05-18 03:48:54 --> Unknown column 'service_list_id' in 'field list'
in SYSTEMPATH\Database\MySQLi\Connection.php on line 300.
 1 SYSTEMPATH\Database\MySQLi\Connection.php(300): mysqli->query('INSERT INTO `service_applications` (`plan_holder_id`, `service_list_id`, `status`, `deceased_name`, `deceased_date_of_death`, `deceased_address`, `relationship_to_deceased`, `beneficiary_name`, `beneficiary_contact`, `application_notes`) VALUES (10, 2, \'pending\', \'Anne Collins\', \'2039-04-13\', \'Camansihan\', \'son\', \'Anthony Collins\', \'09369111954\', NULL)', 0)
 2 SYSTEMPATH\Database\BaseConnection.php(910): CodeIgniter\Database\MySQLi\Connection->execute('INSERT INTO `service_applications` (`plan_holder_id`, `service_list_id`, `status`, `deceased_name`, `deceased_date_of_death`, `deceased_address`, `relationship_to_deceased`, `beneficiary_name`, `beneficiary_contact`, `application_notes`) VALUES (10, 2, \'pending\', \'Anne Collins\', \'2039-04-13\', \'Camansihan\', \'son\', \'Anthony Collins\', \'09369111954\', NULL)')
 3 SYSTEMPATH\Database\BaseConnection.php(827): CodeIgniter\Database\BaseConnection->simpleQuery('INSERT INTO `service_applications` (`plan_holder_id`, `service_list_id`, `status`, `deceased_name`, `deceased_date_of_death`, `deceased_address`, `relationship_to_deceased`, `beneficiary_name`, `beneficiary_contact`, `application_notes`) VALUES (10, 2, \'pending\', \'Anne Collins\', \'2039-04-13\', \'Camansihan\', \'son\', \'Anthony Collins\', \'09369111954\', NULL)')
 4 SYSTEMPATH\Database\BaseBuilder.php(2345): CodeIgniter\Database\BaseConnection->query('INSERT INTO `service_applications` (`plan_holder_id`, `service_list_id`, `status`, `deceased_name`, `deceased_date_of_death`, `deceased_address`, `relationship_to_deceased`, `beneficiary_name`, `beneficiary_contact`, `application_notes`) VALUES (:plan_holder_id:, :service_list_id:, :status:, :deceased_name:, :deceased_date_of_death:, :deceased_address:, :relationship_to_deceased:, :beneficiary_name:, :beneficiary_contact:, :application_notes:)', [...], false)
 5 APPPATH\Controllers\Client\ClientServiceController.php(269): CodeIgniter\Database\BaseBuilder->insert([...])
 6 SYSTEMPATH\CodeIgniter.php(951): App\Controllers\Client\ClientServiceController->submitServiceApplication(2)
 7 SYSTEMPATH\CodeIgniter.php(497): CodeIgniter\CodeIgniter->runController(Object(App\Controllers\Client\ClientServiceController))
 8 SYSTEMPATH\CodeIgniter.php(340): CodeIgniter\CodeIgniter->handleRequest(null, Object(Config\Cache), false)
 9 SYSTEMPATH\Boot.php(417): CodeIgniter\CodeIgniter->run()
10 SYSTEMPATH\Boot.php(68): CodeIgniter\Boot::runCodeIgniter(Object(CodeIgniter\CodeIgniter))
11 FCPATH\index.php(59): CodeIgniter\Boot::bootWeb(Object(Config\Paths))
DEBUG - 2026-05-18 03:48:54 --> Session: Class initialized using 'CodeIgniter\Session\Handlers\FileHandler' driver.
DEBUG - 2026-05-18 03:50:21 --> Session: Class initialized using 'CodeIgniter\Session\Handlers\FileHandler' driver.
ERROR - 2026-05-18 03:50:21 --> Table 'kaagapay_db.activity_logs' doesn't exist
in SYSTEMPATH\Database\MySQLi\Connection.php on line 300.
 1 SYSTEMPATH\Database\MySQLi\Connection.php(300): mysqli->query('SELECT `al`.*, `u`.`first_name`, `u`.`last_name`
FROM `activity_logs` `al`
LEFT JOIN `users` `u` ON `u`.`user_id` = `al`.`user_id`
WHERE `u`.`branch_id` = 1
ORDER BY `al`.`created_at` DESC
 LIMIT 8', 0)
 2 SYSTEMPATH\Database\BaseConnection.php(910): CodeIgniter\Database\MySQLi\Connection->execute('SELECT `al`.*, `u`.`first_name`, `u`.`last_name`
FROM `activity_logs` `al`
LEFT JOIN `users` `u` ON `u`.`user_id` = `al`.`user_id`
WHERE `u`.`branch_id` = 1
ORDER BY `al`.`created_at` DESC
 LIMIT 8')
 3 SYSTEMPATH\Database\BaseConnection.php(827): CodeIgniter\Database\BaseConnection->simpleQuery('SELECT `al`.*, `u`.`first_name`, `u`.`last_name`
FROM `activity_logs` `al`
LEFT JOIN `users` `u` ON `u`.`user_id` = `al`.`user_id`
WHERE `u`.`branch_id` = 1
ORDER BY `al`.`created_at` DESC
 LIMIT 8')
 4 SYSTEMPATH\Database\BaseBuilder.php(1649): CodeIgniter\Database\BaseConnection->query('SELECT `al`.*, `u`.`first_name`, `u`.`last_name`
FROM `activity_logs` `al`
LEFT JOIN `users` `u` ON `u`.`user_id` = `al`.`user_id`
WHERE `u`.`branch_id` = :u.branch_id:
ORDER BY `al`.`created_at` DESC
 LIMIT 8', [...], false)
 5 APPPATH\Controllers\Dashboard.php(284): CodeIgniter\Database\BaseBuilder->get()
 6 APPPATH\Controllers\Dashboard.php(54): App\Controllers\Dashboard->getRecentBranchActivity(1, 8)
 7 SYSTEMPATH\CodeIgniter.php(951): App\Controllers\Dashboard->branchAdmin()
 8 SYSTEMPATH\CodeIgniter.php(497): CodeIgniter\CodeIgniter->runController(Object(App\Controllers\Dashboard))
 9 SYSTEMPATH\CodeIgniter.php(340): CodeIgniter\CodeIgniter->handleRequest(null, Object(Config\Cache), false)
10 SYSTEMPATH\Boot.php(417): CodeIgniter\CodeIgniter->run()
11 SYSTEMPATH\Boot.php(68): CodeIgniter\Boot::runCodeIgniter(Object(CodeIgniter\CodeIgniter))
12 FCPATH\index.php(59): CodeIgniter\Boot::bootWeb(Object(Config\Paths))
CRITICAL - 2026-05-18 03:50:21 --> CodeIgniter\Database\Exceptions\DatabaseException: Table 'kaagapay_db.activity_logs' doesn't exist
[Method: GET, Route: dashboard/branch-admin]
in SYSTEMPATH\Database\BaseConnection.php on line 865.
 1 SYSTEMPATH\Database\BaseBuilder.php(1649): CodeIgniter\Database\BaseConnection->query('SELECT `al`.*, `u`.`first_name`, `u`.`last_name`
FROM `activity_logs` `al`
LEFT JOIN `users` `u` ON `u`.`user_id` = `al`.`user_id`
WHERE `u`.`branch_id` = :u.branch_id:
ORDER BY `al`.`created_at` DESC
 LIMIT 8', [...], false)
 2 APPPATH\Controllers\Dashboard.php(284): CodeIgniter\Database\BaseBuilder->get()
 3 APPPATH\Controllers\Dashboard.php(54): App\Controllers\Dashboard->getRecentBranchActivity(1, 8)
 4 SYSTEMPATH\CodeIgniter.php(951): App\Controllers\Dashboard->branchAdmin()
 5 SYSTEMPATH\CodeIgniter.php(497): CodeIgniter\CodeIgniter->runController(Object(App\Controllers\Dashboard))
 6 SYSTEMPATH\CodeIgniter.php(340): CodeIgniter\CodeIgniter->handleRequest(null, Object(Config\Cache), false)
 7 SYSTEMPATH\Boot.php(417): CodeIgniter\CodeIgniter->run()
 8 SYSTEMPATH\Boot.php(68): CodeIgniter\Boot::runCodeIgniter(Object(CodeIgniter\CodeIgniter))
 9 FCPATH\index.php(59): CodeIgniter\Boot::bootWeb(Object(Config\Paths))
CRITICAL - 2026-05-18 03:50:21 --> [Caused by] CodeIgniter\Database\Exceptions\DatabaseException: Table 'kaagapay_db.activity_logs' doesn't exist
in SYSTEMPATH\Database\MySQLi\Connection.php on line 310.
 1 SYSTEMPATH\Database\BaseConnection.php(910): CodeIgniter\Database\MySQLi\Connection->execute('SELECT `al`.*, `u`.`first_name`, `u`.`last_name`
FROM `activity_logs` `al`
LEFT JOIN `users` `u` ON `u`.`user_id` = `al`.`user_id`
WHERE `u`.`branch_id` = 1
ORDER BY `al`.`created_at` DESC
 LIMIT 8')
 2 SYSTEMPATH\Database\BaseConnection.php(827): CodeIgniter\Database\BaseConnection->simpleQuery('SELECT `al`.*, `u`.`first_name`, `u`.`last_name`
FROM `activity_logs` `al`
LEFT JOIN `users` `u` ON `u`.`user_id` = `al`.`user_id`
WHERE `u`.`branch_id` = 1
ORDER BY `al`.`created_at` DESC
 LIMIT 8')
 3 SYSTEMPATH\Database\BaseBuilder.php(1649): CodeIgniter\Database\BaseConnection->query('SELECT `al`.*, `u`.`first_name`, `u`.`last_name`
FROM `activity_logs` `al`
LEFT JOIN `users` `u` ON `u`.`user_id` = `al`.`user_id`
WHERE `u`.`branch_id` = :u.branch_id:
ORDER BY `al`.`created_at` DESC
 LIMIT 8', [...], false)
 4 APPPATH\Controllers\Dashboard.php(284): CodeIgniter\Database\BaseBuilder->get()
 5 APPPATH\Controllers\Dashboard.php(54): App\Controllers\Dashboard->getRecentBranchActivity(1, 8)
 6 SYSTEMPATH\CodeIgniter.php(951): App\Controllers\Dashboard->branchAdmin()
 7 SYSTEMPATH\CodeIgniter.php(497): CodeIgniter\CodeIgniter->runController(Object(App\Controllers\Dashboard))
 8 SYSTEMPATH\CodeIgniter.php(340): CodeIgniter\CodeIgniter->handleRequest(null, Object(Config\Cache), false)
 9 SYSTEMPATH\Boot.php(417): CodeIgniter\CodeIgniter->run()
10 SYSTEMPATH\Boot.php(68): CodeIgniter\Boot::runCodeIgniter(Object(CodeIgniter\CodeIgniter))
11 FCPATH\index.php(59): CodeIgniter\Boot::bootWeb(Object(Config\Paths))
CRITICAL - 2026-05-18 03:50:21 --> [Caused by] mysqli_sql_exception: Table 'kaagapay_db.activity_logs' doesn't exist
in SYSTEMPATH\Database\MySQLi\Connection.php on line 300.
 1 SYSTEMPATH\Database\MySQLi\Connection.php(300): mysqli->query('SELECT `al`.*, `u`.`first_name`, `u`.`last_name`
FROM `activity_logs` `al`
LEFT JOIN `users` `u` ON `u`.`user_id` = `al`.`user_id`
WHERE `u`.`branch_id` = 1
ORDER BY `al`.`created_at` DESC
 LIMIT 8', 0)
 2 SYSTEMPATH\Database\BaseConnection.php(910): CodeIgniter\Database\MySQLi\Connection->execute('SELECT `al`.*, `u`.`first_name`, `u`.`last_name`
FROM `activity_logs` `al`
LEFT JOIN `users` `u` ON `u`.`user_id` = `al`.`user_id`
WHERE `u`.`branch_id` = 1
ORDER BY `al`.`created_at` DESC
 LIMIT 8')
 3 SYSTEMPATH\Database\BaseConnection.php(827): CodeIgniter\Database\BaseConnection->simpleQuery('SELECT `al`.*, `u`.`first_name`, `u`.`last_name`
FROM `activity_logs` `al`
LEFT JOIN `users` `u` ON `u`.`user_id` = `al`.`user_id`
WHERE `u`.`branch_id` = 1
ORDER BY `al`.`created_at` DESC
 LIMIT 8')
 4 SYSTEMPATH\Database\BaseBuilder.php(1649): CodeIgniter\Database\BaseConnection->query('SELECT `al`.*, `u`.`first_name`, `u`.`last_name`
FROM `activity_logs` `al`
LEFT JOIN `users` `u` ON `u`.`user_id` = `al`.`user_id`
WHERE `u`.`branch_id` = :u.branch_id:
ORDER BY `al`.`created_at` DESC
 LIMIT 8', [...], false)
 5 APPPATH\Controllers\Dashboard.php(284): CodeIgniter\Database\BaseBuilder->get()
 6 APPPATH\Controllers\Dashboard.php(54): App\Controllers\Dashboard->getRecentBranchActivity(1, 8)
 7 SYSTEMPATH\CodeIgniter.php(951): App\Controllers\Dashboard->branchAdmin()
 8 SYSTEMPATH\CodeIgniter.php(497): CodeIgniter\CodeIgniter->runController(Object(App\Controllers\Dashboard))
 9 SYSTEMPATH\CodeIgniter.php(340): CodeIgniter\CodeIgniter->handleRequest(null, Object(Config\Cache), false)
10 SYSTEMPATH\Boot.php(417): CodeIgniter\CodeIgniter->run()
11 SYSTEMPATH\Boot.php(68): CodeIgniter\Boot::runCodeIgniter(Object(CodeIgniter\CodeIgniter))
12 FCPATH\index.php(59): CodeIgniter\Boot::bootWeb(Object(Config\Paths))
DEBUG - 2026-05-18 03:51:17 --> Session: Class initialized using 'CodeIgniter\Session\Handlers\FileHandler' driver.
ERROR - 2026-05-18 03:51:18 --> Table 'kaagapay_db.activity_logs' doesn't exist
in SYSTEMPATH\Database\MySQLi\Connection.php on line 300.
 1 SYSTEMPATH\Database\MySQLi\Connection.php(300): mysqli->query('SELECT `al`.*, `u`.`first_name`, `u`.`last_name`
FROM `activity_logs` `al`
LEFT JOIN `users` `u` ON `u`.`user_id` = `al`.`user_id`
WHERE `u`.`branch_id` = 1
ORDER BY `al`.`created_at` DESC
 LIMIT 8', 0)
 2 SYSTEMPATH\Database\BaseConnection.php(910): CodeIgniter\Database\MySQLi\Connection->execute('SELECT `al`.*, `u`.`first_name`, `u`.`last_name`
FROM `activity_logs` `al`
LEFT JOIN `users` `u` ON `u`.`user_id` = `al`.`user_id`
WHERE `u`.`branch_id` = 1
ORDER BY `al`.`created_at` DESC
 LIMIT 8')
 3 SYSTEMPATH\Database\BaseConnection.php(827): CodeIgniter\Database\BaseConnection->simpleQuery('SELECT `al`.*, `u`.`first_name`, `u`.`last_name`
FROM `activity_logs` `al`
LEFT JOIN `users` `u` ON `u`.`user_id` = `al`.`user_id`
WHERE `u`.`branch_id` = 1
ORDER BY `al`.`created_at` DESC
 LIMIT 8')
 4 SYSTEMPATH\Database\BaseBuilder.php(1649): CodeIgniter\Database\BaseConnection->query('SELECT `al`.*, `u`.`first_name`, `u`.`last_name`
FROM `activity_logs` `al`
LEFT JOIN `users` `u` ON `u`.`user_id` = `al`.`user_id`
WHERE `u`.`branch_id` = :u.branch_id:
ORDER BY `al`.`created_at` DESC
 LIMIT 8', [...], false)
 5 APPPATH\Controllers\Dashboard.php(284): CodeIgniter\Database\BaseBuilder->get()
 6 APPPATH\Controllers\Dashboard.php(54): App\Controllers\Dashboard->getRecentBranchActivity(1, 8)
 7 SYSTEMPATH\CodeIgniter.php(951): App\Controllers\Dashboard->branchAdmin()
 8 SYSTEMPATH\CodeIgniter.php(497): CodeIgniter\CodeIgniter->runController(Object(App\Controllers\Dashboard))
 9 SYSTEMPATH\CodeIgniter.php(340): CodeIgniter\CodeIgniter->handleRequest(null, Object(Config\Cache), false)
10 SYSTEMPATH\Boot.php(417): CodeIgniter\CodeIgniter->run()
11 SYSTEMPATH\Boot.php(68): CodeIgniter\Boot::runCodeIgniter(Object(CodeIgniter\CodeIgniter))
12 FCPATH\index.php(59): CodeIgniter\Boot::bootWeb(Object(Config\Paths))
CRITICAL - 2026-05-18 03:51:18 --> CodeIgniter\Database\Exceptions\DatabaseException: Table 'kaagapay_db.activity_logs' doesn't exist
[Method: GET, Route: dashboard/branch-admin]
in SYSTEMPATH\Database\BaseConnection.php on line 865.
 1 SYSTEMPATH\Database\BaseBuilder.php(1649): CodeIgniter\Database\BaseConnection->query('SELECT `al`.*, `u`.`first_name`, `u`.`last_name`
FROM `activity_logs` `al`
LEFT JOIN `users` `u` ON `u`.`user_id` = `al`.`user_id`
WHERE `u`.`branch_id` = :u.branch_id:
ORDER BY `al`.`created_at` DESC
 LIMIT 8', [...], false)
 2 APPPATH\Controllers\Dashboard.php(284): CodeIgniter\Database\BaseBuilder->get()
 3 APPPATH\Controllers\Dashboard.php(54): App\Controllers\Dashboard->getRecentBranchActivity(1, 8)
 4 SYSTEMPATH\CodeIgniter.php(951): App\Controllers\Dashboard->branchAdmin()
 5 SYSTEMPATH\CodeIgniter.php(497): CodeIgniter\CodeIgniter->runController(Object(App\Controllers\Dashboard))
 6 SYSTEMPATH\CodeIgniter.php(340): CodeIgniter\CodeIgniter->handleRequest(null, Object(Config\Cache), false)
 7 SYSTEMPATH\Boot.php(417): CodeIgniter\CodeIgniter->run()
 8 SYSTEMPATH\Boot.php(68): CodeIgniter\Boot::runCodeIgniter(Object(CodeIgniter\CodeIgniter))
 9 FCPATH\index.php(59): CodeIgniter\Boot::bootWeb(Object(Config\Paths))
CRITICAL - 2026-05-18 03:51:18 --> [Caused by] CodeIgniter\Database\Exceptions\DatabaseException: Table 'kaagapay_db.activity_logs' doesn't exist
in SYSTEMPATH\Database\MySQLi\Connection.php on line 310.
 1 SYSTEMPATH\Database\BaseConnection.php(910): CodeIgniter\Database\MySQLi\Connection->execute('SELECT `al`.*, `u`.`first_name`, `u`.`last_name`
FROM `activity_logs` `al`
LEFT JOIN `users` `u` ON `u`.`user_id` = `al`.`user_id`
WHERE `u`.`branch_id` = 1
ORDER BY `al`.`created_at` DESC
 LIMIT 8')
 2 SYSTEMPATH\Database\BaseConnection.php(827): CodeIgniter\Database\BaseConnection->simpleQuery('SELECT `al`.*, `u`.`first_name`, `u`.`last_name`
FROM `activity_logs` `al`
LEFT JOIN `users` `u` ON `u`.`user_id` = `al`.`user_id`
WHERE `u`.`branch_id` = 1
ORDER BY `al`.`created_at` DESC
 LIMIT 8')
 3 SYSTEMPATH\Database\BaseBuilder.php(1649): CodeIgniter\Database\BaseConnection->query('SELECT `al`.*, `u`.`first_name`, `u`.`last_name`
FROM `activity_logs` `al`
LEFT JOIN `users` `u` ON `u`.`user_id` = `al`.`user_id`
WHERE `u`.`branch_id` = :u.branch_id:
ORDER BY `al`.`created_at` DESC
 LIMIT 8', [...], false)
 4 APPPATH\Controllers\Dashboard.php(284): CodeIgniter\Database\BaseBuilder->get()
 5 APPPATH\Controllers\Dashboard.php(54): App\Controllers\Dashboard->getRecentBranchActivity(1, 8)
 6 SYSTEMPATH\CodeIgniter.php(951): App\Controllers\Dashboard->branchAdmin()
 7 SYSTEMPATH\CodeIgniter.php(497): CodeIgniter\CodeIgniter->runController(Object(App\Controllers\Dashboard))
 8 SYSTEMPATH\CodeIgniter.php(340): CodeIgniter\CodeIgniter->handleRequest(null, Object(Config\Cache), false)
 9 SYSTEMPATH\Boot.php(417): CodeIgniter\CodeIgniter->run()
10 SYSTEMPATH\Boot.php(68): CodeIgniter\Boot::runCodeIgniter(Object(CodeIgniter\CodeIgniter))
11 FCPATH\index.php(59): CodeIgniter\Boot::bootWeb(Object(Config\Paths))
CRITICAL - 2026-05-18 03:51:18 --> [Caused by] mysqli_sql_exception: Table 'kaagapay_db.activity_logs' doesn't exist
in SYSTEMPATH\Database\MySQLi\Connection.php on line 300.
 1 SYSTEMPATH\Database\MySQLi\Connection.php(300): mysqli->query('SELECT `al`.*, `u`.`first_name`, `u`.`last_name`
FROM `activity_logs` `al`
LEFT JOIN `users` `u` ON `u`.`user_id` = `al`.`user_id`
WHERE `u`.`branch_id` = 1
ORDER BY `al`.`created_at` DESC
 LIMIT 8', 0)
 2 SYSTEMPATH\Database\BaseConnection.php(910): CodeIgniter\Database\MySQLi\Connection->execute('SELECT `al`.*, `u`.`first_name`, `u`.`last_name`
FROM `activity_logs` `al`
LEFT JOIN `users` `u` ON `u`.`user_id` = `al`.`user_id`
WHERE `u`.`branch_id` = 1
ORDER BY `al`.`created_at` DESC
 LIMIT 8')
 3 SYSTEMPATH\Database\BaseConnection.php(827): CodeIgniter\Database\BaseConnection->simpleQuery('SELECT `al`.*, `u`.`first_name`, `u`.`last_name`
FROM `activity_logs` `al`
LEFT JOIN `users` `u` ON `u`.`user_id` = `al`.`user_id`
WHERE `u`.`branch_id` = 1
ORDER BY `al`.`created_at` DESC
 LIMIT 8')
 4 SYSTEMPATH\Database\BaseBuilder.php(1649): CodeIgniter\Database\BaseConnection->query('SELECT `al`.*, `u`.`first_name`, `u`.`last_name`
FROM `activity_logs` `al`
LEFT JOIN `users` `u` ON `u`.`user_id` = `al`.`user_id`
WHERE `u`.`branch_id` = :u.branch_id:
ORDER BY `al`.`created_at` DESC
 LIMIT 8', [...], false)
 5 APPPATH\Controllers\Dashboard.php(284): CodeIgniter\Database\BaseBuilder->get()
 6 APPPATH\Controllers\Dashboard.php(54): App\Controllers\Dashboard->getRecentBranchActivity(1, 8)
 7 SYSTEMPATH\CodeIgniter.php(951): App\Controllers\Dashboard->branchAdmin()
 8 SYSTEMPATH\CodeIgniter.php(497): CodeIgniter\CodeIgniter->runController(Object(App\Controllers\Dashboard))
 9 SYSTEMPATH\CodeIgniter.php(340): CodeIgniter\CodeIgniter->handleRequest(null, Object(Config\Cache), false)
10 SYSTEMPATH\Boot.php(417): CodeIgniter\CodeIgniter->run()
11 SYSTEMPATH\Boot.php(68): CodeIgniter\Boot::runCodeIgniter(Object(CodeIgniter\CodeIgniter))
12 FCPATH\index.php(59): CodeIgniter\Boot::bootWeb(Object(Config\Paths))
DEBUG - 2026-05-18 03:51:21 --> Session: Class initialized using 'CodeIgniter\Session\Handlers\FileHandler' driver.
ERROR - 2026-05-18 03:51:21 --> Table 'kaagapay_db.activity_logs' doesn't exist
in SYSTEMPATH\Database\MySQLi\Connection.php on line 300.
 1 SYSTEMPATH\Database\MySQLi\Connection.php(300): mysqli->query('SELECT `al`.*, `u`.`first_name`, `u`.`last_name`
FROM `activity_logs` `al`
LEFT JOIN `users` `u` ON `u`.`user_id` = `al`.`user_id`
WHERE `u`.`branch_id` = 1
ORDER BY `al`.`created_at` DESC
 LIMIT 8', 0)
 2 SYSTEMPATH\Database\BaseConnection.php(910): CodeIgniter\Database\MySQLi\Connection->execute('SELECT `al`.*, `u`.`first_name`, `u`.`last_name`
FROM `activity_logs` `al`
LEFT JOIN `users` `u` ON `u`.`user_id` = `al`.`user_id`
WHERE `u`.`branch_id` = 1
ORDER BY `al`.`created_at` DESC
 LIMIT 8')
 3 SYSTEMPATH\Database\BaseConnection.php(827): CodeIgniter\Database\BaseConnection->simpleQuery('SELECT `al`.*, `u`.`first_name`, `u`.`last_name`
FROM `activity_logs` `al`
LEFT JOIN `users` `u` ON `u`.`user_id` = `al`.`user_id`
WHERE `u`.`branch_id` = 1
ORDER BY `al`.`created_at` DESC
 LIMIT 8')
 4 SYSTEMPATH\Database\BaseBuilder.php(1649): CodeIgniter\Database\BaseConnection->query('SELECT `al`.*, `u`.`first_name`, `u`.`last_name`
FROM `activity_logs` `al`
LEFT JOIN `users` `u` ON `u`.`user_id` = `al`.`user_id`
WHERE `u`.`branch_id` = :u.branch_id:
ORDER BY `al`.`created_at` DESC
 LIMIT 8', [...], false)
 5 APPPATH\Controllers\Dashboard.php(284): CodeIgniter\Database\BaseBuilder->get()
 6 APPPATH\Controllers\Dashboard.php(54): App\Controllers\Dashboard->getRecentBranchActivity(1, 8)
 7 SYSTEMPATH\CodeIgniter.php(951): App\Controllers\Dashboard->branchAdmin()
 8 SYSTEMPATH\CodeIgniter.php(497): CodeIgniter\CodeIgniter->runController(Object(App\Controllers\Dashboard))
 9 SYSTEMPATH\CodeIgniter.php(340): CodeIgniter\CodeIgniter->handleRequest(null, Object(Config\Cache), false)
10 SYSTEMPATH\Boot.php(417): CodeIgniter\CodeIgniter->run()
11 SYSTEMPATH\Boot.php(68): CodeIgniter\Boot::runCodeIgniter(Object(CodeIgniter\CodeIgniter))
12 FCPATH\index.php(59): CodeIgniter\Boot::bootWeb(Object(Config\Paths))
CRITICAL - 2026-05-18 03:51:21 --> CodeIgniter\Database\Exceptions\DatabaseException: Table 'kaagapay_db.activity_logs' doesn't exist
[Method: GET, Route: dashboard/branch-admin]
in SYSTEMPATH\Database\BaseConnection.php on line 865.
 1 SYSTEMPATH\Database\BaseBuilder.php(1649): CodeIgniter\Database\BaseConnection->query('SELECT `al`.*, `u`.`first_name`, `u`.`last_name`
FROM `activity_logs` `al`
LEFT JOIN `users` `u` ON `u`.`user_id` = `al`.`user_id`
WHERE `u`.`branch_id` = :u.branch_id:
ORDER BY `al`.`created_at` DESC
 LIMIT 8', [...], false)
 2 APPPATH\Controllers\Dashboard.php(284): CodeIgniter\Database\BaseBuilder->get()
 3 APPPATH\Controllers\Dashboard.php(54): App\Controllers\Dashboard->getRecentBranchActivity(1, 8)
 4 SYSTEMPATH\CodeIgniter.php(951): App\Controllers\Dashboard->branchAdmin()
 5 SYSTEMPATH\CodeIgniter.php(497): CodeIgniter\CodeIgniter->runController(Object(App\Controllers\Dashboard))
 6 SYSTEMPATH\CodeIgniter.php(340): CodeIgniter\CodeIgniter->handleRequest(null, Object(Config\Cache), false)
 7 SYSTEMPATH\Boot.php(417): CodeIgniter\CodeIgniter->run()
 8 SYSTEMPATH\Boot.php(68): CodeIgniter\Boot::runCodeIgniter(Object(CodeIgniter\CodeIgniter))
 9 FCPATH\index.php(59): CodeIgniter\Boot::bootWeb(Object(Config\Paths))
CRITICAL - 2026-05-18 03:51:21 --> [Caused by] CodeIgniter\Database\Exceptions\DatabaseException: Table 'kaagapay_db.activity_logs' doesn't exist
in SYSTEMPATH\Database\MySQLi\Connection.php on line 310.
 1 SYSTEMPATH\Database\BaseConnection.php(910): CodeIgniter\Database\MySQLi\Connection->execute('SELECT `al`.*, `u`.`first_name`, `u`.`last_name`
FROM `activity_logs` `al`
LEFT JOIN `users` `u` ON `u`.`user_id` = `al`.`user_id`
WHERE `u`.`branch_id` = 1
ORDER BY `al`.`created_at` DESC
 LIMIT 8')
 2 SYSTEMPATH\Database\BaseConnection.php(827): CodeIgniter\Database\BaseConnection->simpleQuery('SELECT `al`.*, `u`.`first_name`, `u`.`last_name`
FROM `activity_logs` `al`
LEFT JOIN `users` `u` ON `u`.`user_id` = `al`.`user_id`
WHERE `u`.`branch_id` = 1
ORDER BY `al`.`created_at` DESC
 LIMIT 8')
 3 SYSTEMPATH\Database\BaseBuilder.php(1649): CodeIgniter\Database\BaseConnection->query('SELECT `al`.*, `u`.`first_name`, `u`.`last_name`
FROM `activity_logs` `al`
LEFT JOIN `users` `u` ON `u`.`user_id` = `al`.`user_id`
WHERE `u`.`branch_id` = :u.branch_id:
ORDER BY `al`.`created_at` DESC
 LIMIT 8', [...], false)
 4 APPPATH\Controllers\Dashboard.php(284): CodeIgniter\Database\BaseBuilder->get()
 5 APPPATH\Controllers\Dashboard.php(54): App\Controllers\Dashboard->getRecentBranchActivity(1, 8)
 6 SYSTEMPATH\CodeIgniter.php(951): App\Controllers\Dashboard->branchAdmin()
 7 SYSTEMPATH\CodeIgniter.php(497): CodeIgniter\CodeIgniter->runController(Object(App\Controllers\Dashboard))
 8 SYSTEMPATH\CodeIgniter.php(340): CodeIgniter\CodeIgniter->handleRequest(null, Object(Config\Cache), false)
 9 SYSTEMPATH\Boot.php(417): CodeIgniter\CodeIgniter->run()
10 SYSTEMPATH\Boot.php(68): CodeIgniter\Boot::runCodeIgniter(Object(CodeIgniter\CodeIgniter))
11 FCPATH\index.php(59): CodeIgniter\Boot::bootWeb(Object(Config\Paths))
CRITICAL - 2026-05-18 03:51:21 --> [Caused by] mysqli_sql_exception: Table 'kaagapay_db.activity_logs' doesn't exist
in SYSTEMPATH\Database\MySQLi\Connection.php on line 300.
 1 SYSTEMPATH\Database\MySQLi\Connection.php(300): mysqli->query('SELECT `al`.*, `u`.`first_name`, `u`.`last_name`
FROM `activity_logs` `al`
LEFT JOIN `users` `u` ON `u`.`user_id` = `al`.`user_id`
WHERE `u`.`branch_id` = 1
ORDER BY `al`.`created_at` DESC
 LIMIT 8', 0)
 2 SYSTEMPATH\Database\BaseConnection.php(910): CodeIgniter\Database\MySQLi\Connection->execute('SELECT `al`.*, `u`.`first_name`, `u`.`last_name`
FROM `activity_logs` `al`
LEFT JOIN `users` `u` ON `u`.`user_id` = `al`.`user_id`
WHERE `u`.`branch_id` = 1
ORDER BY `al`.`created_at` DESC
 LIMIT 8')
 3 SYSTEMPATH\Database\BaseConnection.php(827): CodeIgniter\Database\BaseConnection->simpleQuery('SELECT `al`.*, `u`.`first_name`, `u`.`last_name`
FROM `activity_logs` `al`
LEFT JOIN `users` `u` ON `u`.`user_id` = `al`.`user_id`
WHERE `u`.`branch_id` = 1
ORDER BY `al`.`created_at` DESC
 LIMIT 8')
 4 SYSTEMPATH\Database\BaseBuilder.php(1649): CodeIgniter\Database\BaseConnection->query('SELECT `al`.*, `u`.`first_name`, `u`.`last_name`
FROM `activity_logs` `al`
LEFT JOIN `users` `u` ON `u`.`user_id` = `al`.`user_id`
WHERE `u`.`branch_id` = :u.branch_id:
ORDER BY `al`.`created_at` DESC
 LIMIT 8', [...], false)
 5 APPPATH\Controllers\Dashboard.php(284): CodeIgniter\Database\BaseBuilder->get()
 6 APPPATH\Controllers\Dashboard.php(54): App\Controllers\Dashboard->getRecentBranchActivity(1, 8)
 7 SYSTEMPATH\CodeIgniter.php(951): App\Controllers\Dashboard->branchAdmin()
 8 SYSTEMPATH\CodeIgniter.php(497): CodeIgniter\CodeIgniter->runController(Object(App\Controllers\Dashboard))
 9 SYSTEMPATH\CodeIgniter.php(340): CodeIgniter\CodeIgniter->handleRequest(null, Object(Config\Cache), false)
10 SYSTEMPATH\Boot.php(417): CodeIgniter\CodeIgniter->run()
11 SYSTEMPATH\Boot.php(68): CodeIgniter\Boot::runCodeIgniter(Object(CodeIgniter\CodeIgniter))
12 FCPATH\index.php(59): CodeIgniter\Boot::bootWeb(Object(Config\Paths))
DEBUG - 2026-05-18 03:53:21 --> Session: Class initialized using 'CodeIgniter\Session\Handlers\FileHandler' driver.
ERROR - 2026-05-18 03:53:21 --> Table 'kaagapay_db.activity_logs' doesn't exist
in SYSTEMPATH\Database\MySQLi\Connection.php on line 300.
 1 SYSTEMPATH\Database\MySQLi\Connection.php(300): mysqli->query('SELECT `al`.*, `u`.`first_name`, `u`.`last_name`
FROM `activity_logs` `al`
LEFT JOIN `users` `u` ON `u`.`user_id` = `al`.`user_id`
WHERE `u`.`branch_id` = 1
ORDER BY `al`.`created_at` DESC
 LIMIT 8', 0)
 2 SYSTEMPATH\Database\BaseConnection.php(910): CodeIgniter\Database\MySQLi\Connection->execute('SELECT `al`.*, `u`.`first_name`, `u`.`last_name`
FROM `activity_logs` `al`
LEFT JOIN `users` `u` ON `u`.`user_id` = `al`.`user_id`
WHERE `u`.`branch_id` = 1
ORDER BY `al`.`created_at` DESC
 LIMIT 8')
 3 SYSTEMPATH\Database\BaseConnection.php(827): CodeIgniter\Database\BaseConnection->simpleQuery('SELECT `al`.*, `u`.`first_name`, `u`.`last_name`
FROM `activity_logs` `al`
LEFT JOIN `users` `u` ON `u`.`user_id` = `al`.`user_id`
WHERE `u`.`branch_id` = 1
ORDER BY `al`.`created_at` DESC
 LIMIT 8')
 4 SYSTEMPATH\Database\BaseBuilder.php(1649): CodeIgniter\Database\BaseConnection->query('SELECT `al`.*, `u`.`first_name`, `u`.`last_name`
FROM `activity_logs` `al`
LEFT JOIN `users` `u` ON `u`.`user_id` = `al`.`user_id`
WHERE `u`.`branch_id` = :u.branch_id:
ORDER BY `al`.`created_at` DESC
 LIMIT 8', [...], false)
 5 APPPATH\Controllers\Dashboard.php(284): CodeIgniter\Database\BaseBuilder->get()
 6 APPPATH\Controllers\Dashboard.php(54): App\Controllers\Dashboard->getRecentBranchActivity(1, 8)
 7 SYSTEMPATH\CodeIgniter.php(951): App\Controllers\Dashboard->branchAdmin()
 8 SYSTEMPATH\CodeIgniter.php(497): CodeIgniter\CodeIgniter->runController(Object(App\Controllers\Dashboard))
 9 SYSTEMPATH\CodeIgniter.php(340): CodeIgniter\CodeIgniter->handleRequest(null, Object(Config\Cache), false)
10 SYSTEMPATH\Boot.php(417): CodeIgniter\CodeIgniter->run()
11 SYSTEMPATH\Boot.php(68): CodeIgniter\Boot::runCodeIgniter(Object(CodeIgniter\CodeIgniter))
12 FCPATH\index.php(59): CodeIgniter\Boot::bootWeb(Object(Config\Paths))
CRITICAL - 2026-05-18 03:53:21 --> CodeIgniter\Database\Exceptions\DatabaseException: Table 'kaagapay_db.activity_logs' doesn't exist
[Method: GET, Route: dashboard/branch-admin]
in SYSTEMPATH\Database\BaseConnection.php on line 865.
 1 SYSTEMPATH\Database\BaseBuilder.php(1649): CodeIgniter\Database\BaseConnection->query('SELECT `al`.*, `u`.`first_name`, `u`.`last_name`
FROM `activity_logs` `al`
LEFT JOIN `users` `u` ON `u`.`user_id` = `al`.`user_id`
WHERE `u`.`branch_id` = :u.branch_id:
ORDER BY `al`.`created_at` DESC
 LIMIT 8', [...], false)
 2 APPPATH\Controllers\Dashboard.php(284): CodeIgniter\Database\BaseBuilder->get()
 3 APPPATH\Controllers\Dashboard.php(54): App\Controllers\Dashboard->getRecentBranchActivity(1, 8)
 4 SYSTEMPATH\CodeIgniter.php(951): App\Controllers\Dashboard->branchAdmin()
 5 SYSTEMPATH\CodeIgniter.php(497): CodeIgniter\CodeIgniter->runController(Object(App\Controllers\Dashboard))
 6 SYSTEMPATH\CodeIgniter.php(340): CodeIgniter\CodeIgniter->handleRequest(null, Object(Config\Cache), false)
 7 SYSTEMPATH\Boot.php(417): CodeIgniter\CodeIgniter->run()
 8 SYSTEMPATH\Boot.php(68): CodeIgniter\Boot::runCodeIgniter(Object(CodeIgniter\CodeIgniter))
 9 FCPATH\index.php(59): CodeIgniter\Boot::bootWeb(Object(Config\Paths))
CRITICAL - 2026-05-18 03:53:21 --> [Caused by] CodeIgniter\Database\Exceptions\DatabaseException: Table 'kaagapay_db.activity_logs' doesn't exist
in SYSTEMPATH\Database\MySQLi\Connection.php on line 310.
 1 SYSTEMPATH\Database\BaseConnection.php(910): CodeIgniter\Database\MySQLi\Connection->execute('SELECT `al`.*, `u`.`first_name`, `u`.`last_name`
FROM `activity_logs` `al`
LEFT JOIN `users` `u` ON `u`.`user_id` = `al`.`user_id`
WHERE `u`.`branch_id` = 1
ORDER BY `al`.`created_at` DESC
 LIMIT 8')
 2 SYSTEMPATH\Database\BaseConnection.php(827): CodeIgniter\Database\BaseConnection->simpleQuery('SELECT `al`.*, `u`.`first_name`, `u`.`last_name`
FROM `activity_logs` `al`
LEFT JOIN `users` `u` ON `u`.`user_id` = `al`.`user_id`
WHERE `u`.`branch_id` = 1
ORDER BY `al`.`created_at` DESC
 LIMIT 8')
 3 SYSTEMPATH\Database\BaseBuilder.php(1649): CodeIgniter\Database\BaseConnection->query('SELECT `al`.*, `u`.`first_name`, `u`.`last_name`
FROM `activity_logs` `al`
LEFT JOIN `users` `u` ON `u`.`user_id` = `al`.`user_id`
WHERE `u`.`branch_id` = :u.branch_id:
ORDER BY `al`.`created_at` DESC
 LIMIT 8', [...], false)
 4 APPPATH\Controllers\Dashboard.php(284): CodeIgniter\Database\BaseBuilder->get()
 5 APPPATH\Controllers\Dashboard.php(54): App\Controllers\Dashboard->getRecentBranchActivity(1, 8)
 6 SYSTEMPATH\CodeIgniter.php(951): App\Controllers\Dashboard->branchAdmin()
 7 SYSTEMPATH\CodeIgniter.php(497): CodeIgniter\CodeIgniter->runController(Object(App\Controllers\Dashboard))
 8 SYSTEMPATH\CodeIgniter.php(340): CodeIgniter\CodeIgniter->handleRequest(null, Object(Config\Cache), false)
 9 SYSTEMPATH\Boot.php(417): CodeIgniter\CodeIgniter->run()
10 SYSTEMPATH\Boot.php(68): CodeIgniter\Boot::runCodeIgniter(Object(CodeIgniter\CodeIgniter))
11 FCPATH\index.php(59): CodeIgniter\Boot::bootWeb(Object(Config\Paths))
CRITICAL - 2026-05-18 03:53:21 --> [Caused by] mysqli_sql_exception: Table 'kaagapay_db.activity_logs' doesn't exist
in SYSTEMPATH\Database\MySQLi\Connection.php on line 300.
 1 SYSTEMPATH\Database\MySQLi\Connection.php(300): mysqli->query('SELECT `al`.*, `u`.`first_name`, `u`.`last_name`
FROM `activity_logs` `al`
LEFT JOIN `users` `u` ON `u`.`user_id` = `al`.`user_id`
WHERE `u`.`branch_id` = 1
ORDER BY `al`.`created_at` DESC
 LIMIT 8', 0)
 2 SYSTEMPATH\Database\BaseConnection.php(910): CodeIgniter\Database\MySQLi\Connection->execute('SELECT `al`.*, `u`.`first_name`, `u`.`last_name`
FROM `activity_logs` `al`
LEFT JOIN `users` `u` ON `u`.`user_id` = `al`.`user_id`
WHERE `u`.`branch_id` = 1
ORDER BY `al`.`created_at` DESC
 LIMIT 8')
 3 SYSTEMPATH\Database\BaseConnection.php(827): CodeIgniter\Database\BaseConnection->simpleQuery('SELECT `al`.*, `u`.`first_name`, `u`.`last_name`
FROM `activity_logs` `al`
LEFT JOIN `users` `u` ON `u`.`user_id` = `al`.`user_id`
WHERE `u`.`branch_id` = 1
ORDER BY `al`.`created_at` DESC
 LIMIT 8')
 4 SYSTEMPATH\Database\BaseBuilder.php(1649): CodeIgniter\Database\BaseConnection->query('SELECT `al`.*, `u`.`first_name`, `u`.`last_name`
FROM `activity_logs` `al`
LEFT JOIN `users` `u` ON `u`.`user_id` = `al`.`user_id`
WHERE `u`.`branch_id` = :u.branch_id:
ORDER BY `al`.`created_at` DESC
 LIMIT 8', [...], false)
 5 APPPATH\Controllers\Dashboard.php(284): CodeIgniter\Database\BaseBuilder->get()
 6 APPPATH\Controllers\Dashboard.php(54): App\Controllers\Dashboard->getRecentBranchActivity(1, 8)
 7 SYSTEMPATH\CodeIgniter.php(951): App\Controllers\Dashboard->branchAdmin()
 8 SYSTEMPATH\CodeIgniter.php(497): CodeIgniter\CodeIgniter->runController(Object(App\Controllers\Dashboard))
 9 SYSTEMPATH\CodeIgniter.php(340): CodeIgniter\CodeIgniter->handleRequest(null, Object(Config\Cache), false)
10 SYSTEMPATH\Boot.php(417): CodeIgniter\CodeIgniter->run()
11 SYSTEMPATH\Boot.php(68): CodeIgniter\Boot::runCodeIgniter(Object(CodeIgniter\CodeIgniter))
12 FCPATH\index.php(59): CodeIgniter\Boot::bootWeb(Object(Config\Paths))
DEBUG - 2026-05-18 03:53:29 --> Session: Class initialized using 'CodeIgniter\Session\Handlers\FileHandler' driver.
ERROR - 2026-05-18 03:53:29 --> Unknown column 'service_list_id' in 'field list'
in SYSTEMPATH\Database\MySQLi\Connection.php on line 300.
 1 SYSTEMPATH\Database\MySQLi\Connection.php(300): mysqli->query('INSERT INTO `service_applications` (`plan_holder_id`, `service_list_id`, `status`, `deceased_name`, `deceased_date_of_death`, `deceased_address`, `relationship_to_deceased`, `beneficiary_name`, `beneficiary_contact`, `application_notes`) VALUES (10, 2, \'pending\', \'Anne Collins\', \'2039-04-13\', \'Camansihan\', \'son\', \'Anthony Collins\', \'09369111954\', NULL)', 0)
 2 SYSTEMPATH\Database\BaseConnection.php(910): CodeIgniter\Database\MySQLi\Connection->execute('INSERT INTO `service_applications` (`plan_holder_id`, `service_list_id`, `status`, `deceased_name`, `deceased_date_of_death`, `deceased_address`, `relationship_to_deceased`, `beneficiary_name`, `beneficiary_contact`, `application_notes`) VALUES (10, 2, \'pending\', \'Anne Collins\', \'2039-04-13\', \'Camansihan\', \'son\', \'Anthony Collins\', \'09369111954\', NULL)')
 3 SYSTEMPATH\Database\BaseConnection.php(827): CodeIgniter\Database\BaseConnection->simpleQuery('INSERT INTO `service_applications` (`plan_holder_id`, `service_list_id`, `status`, `deceased_name`, `deceased_date_of_death`, `deceased_address`, `relationship_to_deceased`, `beneficiary_name`, `beneficiary_contact`, `application_notes`) VALUES (10, 2, \'pending\', \'Anne Collins\', \'2039-04-13\', \'Camansihan\', \'son\', \'Anthony Collins\', \'09369111954\', NULL)')
 4 SYSTEMPATH\Database\BaseBuilder.php(2345): CodeIgniter\Database\BaseConnection->query('INSERT INTO `service_applications` (`plan_holder_id`, `service_list_id`, `status`, `deceased_name`, `deceased_date_of_death`, `deceased_address`, `relationship_to_deceased`, `beneficiary_name`, `beneficiary_contact`, `application_notes`) VALUES (:plan_holder_id:, :service_list_id:, :status:, :deceased_name:, :deceased_date_of_death:, :deceased_address:, :relationship_to_deceased:, :beneficiary_name:, :beneficiary_contact:, :application_notes:)', [...], false)
 5 APPPATH\Controllers\Client\ClientServiceController.php(269): CodeIgniter\Database\BaseBuilder->insert([...])
 6 SYSTEMPATH\CodeIgniter.php(951): App\Controllers\Client\ClientServiceController->submitServiceApplication(2)
 7 SYSTEMPATH\CodeIgniter.php(497): CodeIgniter\CodeIgniter->runController(Object(App\Controllers\Client\ClientServiceController))
 8 SYSTEMPATH\CodeIgniter.php(340): CodeIgniter\CodeIgniter->handleRequest(null, Object(Config\Cache), false)
 9 SYSTEMPATH\Boot.php(417): CodeIgniter\CodeIgniter->run()
10 SYSTEMPATH\Boot.php(68): CodeIgniter\Boot::runCodeIgniter(Object(CodeIgniter\CodeIgniter))
11 FCPATH\index.php(59): CodeIgniter\Boot::bootWeb(Object(Config\Paths))
DEBUG - 2026-05-18 03:53:29 --> Session: Class initialized using 'CodeIgniter\Session\Handlers\FileHandler' driver.
DEBUG - 2026-05-18 03:53:38 --> Session: Class initialized using 'CodeIgniter\Session\Handlers\FileHandler' driver.
DEBUG - 2026-05-18 03:53:51 --> Session: Class initialized using 'CodeIgniter\Session\Handlers\FileHandler' driver.
DEBUG - 2026-05-18 03:53:52 --> Session: Class initialized using 'CodeIgniter\Session\Handlers\FileHandler' driver.
DEBUG - 2026-05-18 03:53:54 --> Session: Class initialized using 'CodeIgniter\Session\Handlers\FileHandler' driver.
DEBUG - 2026-05-18 03:53:59 --> Session: Class initialized using 'CodeIgniter\Session\Handlers\FileHandler' driver.
DEBUG - 2026-05-18 03:54:16 --> Session: Class initialized using 'CodeIgniter\Session\Handlers\FileHandler' driver.
ERROR - 2026-05-18 03:54:16 --> Unknown column 'service_list_id' in 'field list'
in SYSTEMPATH\Database\MySQLi\Connection.php on line 300.
 1 SYSTEMPATH\Database\MySQLi\Connection.php(300): mysqli->query('INSERT INTO `service_applications` (`plan_holder_id`, `service_list_id`, `status`, `deceased_name`, `deceased_date_of_death`, `deceased_address`, `relationship_to_deceased`, `beneficiary_name`, `beneficiary_contact`, `application_notes`) VALUES (10, 2, \'pending\', \'Anne Collins\', \'2039-04-13\', \'Camansihan\', NULL, \'annecollins\', \'09369111954\', NULL)', 0)
 2 SYSTEMPATH\Database\BaseConnection.php(910): CodeIgniter\Database\MySQLi\Connection->execute('INSERT INTO `service_applications` (`plan_holder_id`, `service_list_id`, `status`, `deceased_name`, `deceased_date_of_death`, `deceased_address`, `relationship_to_deceased`, `beneficiary_name`, `beneficiary_contact`, `application_notes`) VALUES (10, 2, \'pending\', \'Anne Collins\', \'2039-04-13\', \'Camansihan\', NULL, \'annecollins\', \'09369111954\', NULL)')
 3 SYSTEMPATH\Database\BaseConnection.php(827): CodeIgniter\Database\BaseConnection->simpleQuery('INSERT INTO `service_applications` (`plan_holder_id`, `service_list_id`, `status`, `deceased_name`, `deceased_date_of_death`, `deceased_address`, `relationship_to_deceased`, `beneficiary_name`, `beneficiary_contact`, `application_notes`) VALUES (10, 2, \'pending\', \'Anne Collins\', \'2039-04-13\', \'Camansihan\', NULL, \'annecollins\', \'09369111954\', NULL)')
 4 SYSTEMPATH\Database\BaseBuilder.php(2345): CodeIgniter\Database\BaseConnection->query('INSERT INTO `service_applications` (`plan_holder_id`, `service_list_id`, `status`, `deceased_name`, `deceased_date_of_death`, `deceased_address`, `relationship_to_deceased`, `beneficiary_name`, `beneficiary_contact`, `application_notes`) VALUES (:plan_holder_id:, :service_list_id:, :status:, :deceased_name:, :deceased_date_of_death:, :deceased_address:, :relationship_to_deceased:, :beneficiary_name:, :beneficiary_contact:, :application_notes:)', [...], false)
 5 APPPATH\Controllers\Client\ClientServiceController.php(269): CodeIgniter\Database\BaseBuilder->insert([...])
 6 SYSTEMPATH\CodeIgniter.php(951): App\Controllers\Client\ClientServiceController->submitServiceApplication(2)
 7 SYSTEMPATH\CodeIgniter.php(497): CodeIgniter\CodeIgniter->runController(Object(App\Controllers\Client\ClientServiceController))
 8 SYSTEMPATH\CodeIgniter.php(340): CodeIgniter\CodeIgniter->handleRequest(null, Object(Config\Cache), false)
 9 SYSTEMPATH\Boot.php(417): CodeIgniter\CodeIgniter->run()
10 SYSTEMPATH\Boot.php(68): CodeIgniter\Boot::runCodeIgniter(Object(CodeIgniter\CodeIgniter))
11 FCPATH\index.php(59): CodeIgniter\Boot::bootWeb(Object(Config\Paths))
DEBUG - 2026-05-18 03:54:16 --> Session: Class initialized using 'CodeIgniter\Session\Handlers\FileHandler' driver.
DEBUG - 2026-05-18 03:54:33 --> Session: Class initialized using 'CodeIgniter\Session\Handlers\FileHandler' driver.
DEBUG - 2026-05-18 03:54:43 --> Session: Class initialized using 'CodeIgniter\Session\Handlers\FileHandler' driver.
DEBUG - 2026-05-18 03:54:45 --> Session: Class initialized using 'CodeIgniter\Session\Handlers\FileHandler' driver.
DEBUG - 2026-05-18 03:55:46 --> Session: Class initialized using 'CodeIgniter\Session\Handlers\FileHandler' driver.
ERROR - 2026-05-18 03:55:46 --> Unknown column 'ph.id_control_no' in 'field list'
in SYSTEMPATH\Database\MySQLi\Connection.php on line 300.
 1 SYSTEMPATH\Database\MySQLi\Connection.php(300): mysqli->query('SELECT `ph`.`plan_holder_id`, `ph`.`user_id`, `ph`.`branch_id`, `ph`.`unique_identifier`, `ph`.`address_no`, `ph`.`address_street`, `ph`.`address_barangay`, `ph`.`address_city`, `ph`.`date_of_birth`, `ph`.`place_of_birth`, `ph`.`age`, `ph`.`gender`, `ph`.`civil_status`, `ph`.`citizenship`, `ph`.`height`, `ph`.`weight`, `ph`.`spouse_name`, `ph`.`spouse_birthdate`, `ph`.`spouse_occupation`, `ph`.`senior_citizen_id`, `ph`.`organization_affiliation`, `ph`.`id_control_no`, `ph`.`coordinator`, `ph`.`application_date`, `ph`.`emergency_contact_name`, `ph`.`emergency_contact_number`, `ph`.`emergency_contact_address`, `ph`.`status` AS `plan_holder_status`, `u`.`first_name`, `u`.`last_name`, `u`.`email`, `u`.`contact_number`, `b`.`branch_name`
FROM `plan_holders` `ph`
INNER JOIN `users` `u` ON `u`.`user_id` = `ph`.`user_id`
LEFT JOIN `branches` `b` ON `b`.`branch_id` = `ph`.`branch_id`
WHERE `ph`.`plan_holder_id` = 10', 0)
 2 SYSTEMPATH\Database\BaseConnection.php(910): CodeIgniter\Database\MySQLi\Connection->execute('SELECT `ph`.`plan_holder_id`, `ph`.`user_id`, `ph`.`branch_id`, `ph`.`unique_identifier`, `ph`.`address_no`, `ph`.`address_street`, `ph`.`address_barangay`, `ph`.`address_city`, `ph`.`date_of_birth`, `ph`.`place_of_birth`, `ph`.`age`, `ph`.`gender`, `ph`.`civil_status`, `ph`.`citizenship`, `ph`.`height`, `ph`.`weight`, `ph`.`spouse_name`, `ph`.`spouse_birthdate`, `ph`.`spouse_occupation`, `ph`.`senior_citizen_id`, `ph`.`organization_affiliation`, `ph`.`id_control_no`, `ph`.`coordinator`, `ph`.`application_date`, `ph`.`emergency_contact_name`, `ph`.`emergency_contact_number`, `ph`.`emergency_contact_address`, `ph`.`status` AS `plan_holder_status`, `u`.`first_name`, `u`.`last_name`, `u`.`email`, `u`.`contact_number`, `b`.`branch_name`
FROM `plan_holders` `ph`
INNER JOIN `users` `u` ON `u`.`user_id` = `ph`.`user_id`
LEFT JOIN `branches` `b` ON `b`.`branch_id` = `ph`.`branch_id`
WHERE `ph`.`plan_holder_id` = 10')
 3 SYSTEMPATH\Database\BaseConnection.php(827): CodeIgniter\Database\BaseConnection->simpleQuery('SELECT `ph`.`plan_holder_id`, `ph`.`user_id`, `ph`.`branch_id`, `ph`.`unique_identifier`, `ph`.`address_no`, `ph`.`address_street`, `ph`.`address_barangay`, `ph`.`address_city`, `ph`.`date_of_birth`, `ph`.`place_of_birth`, `ph`.`age`, `ph`.`gender`, `ph`.`civil_status`, `ph`.`citizenship`, `ph`.`height`, `ph`.`weight`, `ph`.`spouse_name`, `ph`.`spouse_birthdate`, `ph`.`spouse_occupation`, `ph`.`senior_citizen_id`, `ph`.`organization_affiliation`, `ph`.`id_control_no`, `ph`.`coordinator`, `ph`.`application_date`, `ph`.`emergency_contact_name`, `ph`.`emergency_contact_number`, `ph`.`emergency_contact_address`, `ph`.`status` AS `plan_holder_status`, `u`.`first_name`, `u`.`last_name`, `u`.`email`, `u`.`contact_number`, `b`.`branch_name`
FROM `plan_holders` `ph`
INNER JOIN `users` `u` ON `u`.`user_id` = `ph`.`user_id`
LEFT JOIN `branches` `b` ON `b`.`branch_id` = `ph`.`branch_id`
WHERE `ph`.`plan_holder_id` = 10')
 4 SYSTEMPATH\Database\BaseBuilder.php(1649): CodeIgniter\Database\BaseConnection->query('SELECT `ph`.`plan_holder_id`, `ph`.`user_id`, `ph`.`branch_id`, `ph`.`unique_identifier`, `ph`.`address_no`, `ph`.`address_street`, `ph`.`address_barangay`, `ph`.`address_city`, `ph`.`date_of_birth`, `ph`.`place_of_birth`, `ph`.`age`, `ph`.`gender`, `ph`.`civil_status`, `ph`.`citizenship`, `ph`.`height`, `ph`.`weight`, `ph`.`spouse_name`, `ph`.`spouse_birthdate`, `ph`.`spouse_occupation`, `ph`.`senior_citizen_id`, `ph`.`organization_affiliation`, `ph`.`id_control_no`, `ph`.`coordinator`, `ph`.`application_date`, `ph`.`emergency_contact_name`, `ph`.`emergency_contact_number`, `ph`.`emergency_contact_address`, `ph`.`status` AS `plan_holder_status`, `u`.`first_name`, `u`.`last_name`, `u`.`email`, `u`.`contact_number`, `b`.`branch_name`
FROM `plan_holders` `ph`
INNER JOIN `users` `u` ON `u`.`user_id` = `ph`.`user_id`
LEFT JOIN `branches` `b` ON `b`.`branch_id` = `ph`.`branch_id`
WHERE `ph`.`plan_holder_id` = :ph.plan_holder_id:', [...], false)
 5 APPPATH\Services\ClientService.php(49): CodeIgniter\Database\BaseBuilder->get()
 6 APPPATH\Controllers\BranchAdmin\ClientController.php(114): App\Services\ClientService->getClientDetails(10)
 7 SYSTEMPATH\CodeIgniter.php(951): App\Controllers\BranchAdmin\ClientController->view(10)
 8 SYSTEMPATH\CodeIgniter.php(497): CodeIgniter\CodeIgniter->runController(Object(App\Controllers\BranchAdmin\ClientController))
 9 SYSTEMPATH\CodeIgniter.php(340): CodeIgniter\CodeIgniter->handleRequest(null, Object(Config\Cache), false)
10 SYSTEMPATH\Boot.php(417): CodeIgniter\CodeIgniter->run()
11 SYSTEMPATH\Boot.php(68): CodeIgniter\Boot::runCodeIgniter(Object(CodeIgniter\CodeIgniter))
12 FCPATH\index.php(59): CodeIgniter\Boot::bootWeb(Object(Config\Paths))
CRITICAL - 2026-05-18 03:55:46 --> CodeIgniter\Database\Exceptions\DatabaseException: Unknown column 'ph.id_control_no' in 'field list'
[Method: GET, Route: branch-admin/client-management/view/10]
in SYSTEMPATH\Database\BaseConnection.php on line 865.
 1 SYSTEMPATH\Database\BaseBuilder.php(1649): CodeIgniter\Database\BaseConnection->query('SELECT `ph`.`plan_holder_id`, `ph`.`user_id`, `ph`.`branch_id`, `ph`.`unique_identifier`, `ph`.`address_no`, `ph`.`address_street`, `ph`.`address_barangay`, `ph`.`address_city`, `ph`.`date_of_birth`, `ph`.`place_of_birth`, `ph`.`age`, `ph`.`gender`, `ph`.`civil_status`, `ph`.`citizenship`, `ph`.`height`, `ph`.`weight`, `ph`.`spouse_name`, `ph`.`spouse_birthdate`, `ph`.`spouse_occupation`, `ph`.`senior_citizen_id`, `ph`.`organization_affiliation`, `ph`.`id_control_no`, `ph`.`coordinator`, `ph`.`application_date`, `ph`.`emergency_contact_name`, `ph`.`emergency_contact_number`, `ph`.`emergency_contact_address`, `ph`.`status` AS `plan_holder_status`, `u`.`first_name`, `u`.`last_name`, `u`.`email`, `u`.`contact_number`, `b`.`branch_name`
FROM `plan_holders` `ph`
INNER JOIN `users` `u` ON `u`.`user_id` = `ph`.`user_id`
LEFT JOIN `branches` `b` ON `b`.`branch_id` = `ph`.`branch_id`
WHERE `ph`.`plan_holder_id` = :ph.plan_holder_id:', [...], false)
 2 APPPATH\Services\ClientService.php(49): CodeIgniter\Database\BaseBuilder->get()
 3 APPPATH\Controllers\BranchAdmin\ClientController.php(114): App\Services\ClientService->getClientDetails(10)
 4 SYSTEMPATH\CodeIgniter.php(951): App\Controllers\BranchAdmin\ClientController->view(10)
 5 SYSTEMPATH\CodeIgniter.php(497): CodeIgniter\CodeIgniter->runController(Object(App\Controllers\BranchAdmin\ClientController))
 6 SYSTEMPATH\CodeIgniter.php(340): CodeIgniter\CodeIgniter->handleRequest(null, Object(Config\Cache), false)
 7 SYSTEMPATH\Boot.php(417): CodeIgniter\CodeIgniter->run()
 8 SYSTEMPATH\Boot.php(68): CodeIgniter\Boot::runCodeIgniter(Object(CodeIgniter\CodeIgniter))
 9 FCPATH\index.php(59): CodeIgniter\Boot::bootWeb(Object(Config\Paths))
CRITICAL - 2026-05-18 03:55:46 --> [Caused by] CodeIgniter\Database\Exceptions\DatabaseException: Unknown column 'ph.id_control_no' in 'field list'
in SYSTEMPATH\Database\MySQLi\Connection.php on line 310.
 1 SYSTEMPATH\Database\BaseConnection.php(910): CodeIgniter\Database\MySQLi\Connection->execute('SELECT `ph`.`plan_holder_id`, `ph`.`user_id`, `ph`.`branch_id`, `ph`.`unique_identifier`, `ph`.`address_no`, `ph`.`address_street`, `ph`.`address_barangay`, `ph`.`address_city`, `ph`.`date_of_birth`, `ph`.`place_of_birth`, `ph`.`age`, `ph`.`gender`, `ph`.`civil_status`, `ph`.`citizenship`, `ph`.`height`, `ph`.`weight`, `ph`.`spouse_name`, `ph`.`spouse_birthdate`, `ph`.`spouse_occupation`, `ph`.`senior_citizen_id`, `ph`.`organization_affiliation`, `ph`.`id_control_no`, `ph`.`coordinator`, `ph`.`application_date`, `ph`.`emergency_contact_name`, `ph`.`emergency_contact_number`, `ph`.`emergency_contact_address`, `ph`.`status` AS `plan_holder_status`, `u`.`first_name`, `u`.`last_name`, `u`.`email`, `u`.`contact_number`, `b`.`branch_name`
FROM `plan_holders` `ph`
INNER JOIN `users` `u` ON `u`.`user_id` = `ph`.`user_id`
LEFT JOIN `branches` `b` ON `b`.`branch_id` = `ph`.`branch_id`
WHERE `ph`.`plan_holder_id` = 10')
 2 SYSTEMPATH\Database\BaseConnection.php(827): CodeIgniter\Database\BaseConnection->simpleQuery('SELECT `ph`.`plan_holder_id`, `ph`.`user_id`, `ph`.`branch_id`, `ph`.`unique_identifier`, `ph`.`address_no`, `ph`.`address_street`, `ph`.`address_barangay`, `ph`.`address_city`, `ph`.`date_of_birth`, `ph`.`place_of_birth`, `ph`.`age`, `ph`.`gender`, `ph`.`civil_status`, `ph`.`citizenship`, `ph`.`height`, `ph`.`weight`, `ph`.`spouse_name`, `ph`.`spouse_birthdate`, `ph`.`spouse_occupation`, `ph`.`senior_citizen_id`, `ph`.`organization_affiliation`, `ph`.`id_control_no`, `ph`.`coordinator`, `ph`.`application_date`, `ph`.`emergency_contact_name`, `ph`.`emergency_contact_number`, `ph`.`emergency_contact_address`, `ph`.`status` AS `plan_holder_status`, `u`.`first_name`, `u`.`last_name`, `u`.`email`, `u`.`contact_number`, `b`.`branch_name`
FROM `plan_holders` `ph`
INNER JOIN `users` `u` ON `u`.`user_id` = `ph`.`user_id`
LEFT JOIN `branches` `b` ON `b`.`branch_id` = `ph`.`branch_id`
WHERE `ph`.`plan_holder_id` = 10')
 3 SYSTEMPATH\Database\BaseBuilder.php(1649): CodeIgniter\Database\BaseConnection->query('SELECT `ph`.`plan_holder_id`, `ph`.`user_id`, `ph`.`branch_id`, `ph`.`unique_identifier`, `ph`.`address_no`, `ph`.`address_street`, `ph`.`address_barangay`, `ph`.`address_city`, `ph`.`date_of_birth`, `ph`.`place_of_birth`, `ph`.`age`, `ph`.`gender`, `ph`.`civil_status`, `ph`.`citizenship`, `ph`.`height`, `ph`.`weight`, `ph`.`spouse_name`, `ph`.`spouse_birthdate`, `ph`.`spouse_occupation`, `ph`.`senior_citizen_id`, `ph`.`organization_affiliation`, `ph`.`id_control_no`, `ph`.`coordinator`, `ph`.`application_date`, `ph`.`emergency_contact_name`, `ph`.`emergency_contact_number`, `ph`.`emergency_contact_address`, `ph`.`status` AS `plan_holder_status`, `u`.`first_name`, `u`.`last_name`, `u`.`email`, `u`.`contact_number`, `b`.`branch_name`
FROM `plan_holders` `ph`
INNER JOIN `users` `u` ON `u`.`user_id` = `ph`.`user_id`
LEFT JOIN `branches` `b` ON `b`.`branch_id` = `ph`.`branch_id`
WHERE `ph`.`plan_holder_id` = :ph.plan_holder_id:', [...], false)
 4 APPPATH\Services\ClientService.php(49): CodeIgniter\Database\BaseBuilder->get()
 5 APPPATH\Controllers\BranchAdmin\ClientController.php(114): App\Services\ClientService->getClientDetails(10)
 6 SYSTEMPATH\CodeIgniter.php(951): App\Controllers\BranchAdmin\ClientController->view(10)
 7 SYSTEMPATH\CodeIgniter.php(497): CodeIgniter\CodeIgniter->runController(Object(App\Controllers\BranchAdmin\ClientController))
 8 SYSTEMPATH\CodeIgniter.php(340): CodeIgniter\CodeIgniter->handleRequest(null, Object(Config\Cache), false)
 9 SYSTEMPATH\Boot.php(417): CodeIgniter\CodeIgniter->run()
10 SYSTEMPATH\Boot.php(68): CodeIgniter\Boot::runCodeIgniter(Object(CodeIgniter\CodeIgniter))
11 FCPATH\index.php(59): CodeIgniter\Boot::bootWeb(Object(Config\Paths))
CRITICAL - 2026-05-18 03:55:46 --> [Caused by] mysqli_sql_exception: Unknown column 'ph.id_control_no' in 'field list'
in SYSTEMPATH\Database\MySQLi\Connection.php on line 300.
 1 SYSTEMPATH\Database\MySQLi\Connection.php(300): mysqli->query('SELECT `ph`.`plan_holder_id`, `ph`.`user_id`, `ph`.`branch_id`, `ph`.`unique_identifier`, `ph`.`address_no`, `ph`.`address_street`, `ph`.`address_barangay`, `ph`.`address_city`, `ph`.`date_of_birth`, `ph`.`place_of_birth`, `ph`.`age`, `ph`.`gender`, `ph`.`civil_status`, `ph`.`citizenship`, `ph`.`height`, `ph`.`weight`, `ph`.`spouse_name`, `ph`.`spouse_birthdate`, `ph`.`spouse_occupation`, `ph`.`senior_citizen_id`, `ph`.`organization_affiliation`, `ph`.`id_control_no`, `ph`.`coordinator`, `ph`.`application_date`, `ph`.`emergency_contact_name`, `ph`.`emergency_contact_number`, `ph`.`emergency_contact_address`, `ph`.`status` AS `plan_holder_status`, `u`.`first_name`, `u`.`last_name`, `u`.`email`, `u`.`contact_number`, `b`.`branch_name`
FROM `plan_holders` `ph`
INNER JOIN `users` `u` ON `u`.`user_id` = `ph`.`user_id`
LEFT JOIN `branches` `b` ON `b`.`branch_id` = `ph`.`branch_id`
WHERE `ph`.`plan_holder_id` = 10', 0)
 2 SYSTEMPATH\Database\BaseConnection.php(910): CodeIgniter\Database\MySQLi\Connection->execute('SELECT `ph`.`plan_holder_id`, `ph`.`user_id`, `ph`.`branch_id`, `ph`.`unique_identifier`, `ph`.`address_no`, `ph`.`address_street`, `ph`.`address_barangay`, `ph`.`address_city`, `ph`.`date_of_birth`, `ph`.`place_of_birth`, `ph`.`age`, `ph`.`gender`, `ph`.`civil_status`, `ph`.`citizenship`, `ph`.`height`, `ph`.`weight`, `ph`.`spouse_name`, `ph`.`spouse_birthdate`, `ph`.`spouse_occupation`, `ph`.`senior_citizen_id`, `ph`.`organization_affiliation`, `ph`.`id_control_no`, `ph`.`coordinator`, `ph`.`application_date`, `ph`.`emergency_contact_name`, `ph`.`emergency_contact_number`, `ph`.`emergency_contact_address`, `ph`.`status` AS `plan_holder_status`, `u`.`first_name`, `u`.`last_name`, `u`.`email`, `u`.`contact_number`, `b`.`branch_name`
FROM `plan_holders` `ph`
INNER JOIN `users` `u` ON `u`.`user_id` = `ph`.`user_id`
LEFT JOIN `branches` `b` ON `b`.`branch_id` = `ph`.`branch_id`
WHERE `ph`.`plan_holder_id` = 10')
 3 SYSTEMPATH\Database\BaseConnection.php(827): CodeIgniter\Database\BaseConnection->simpleQuery('SELECT `ph`.`plan_holder_id`, `ph`.`user_id`, `ph`.`branch_id`, `ph`.`unique_identifier`, `ph`.`address_no`, `ph`.`address_street`, `ph`.`address_barangay`, `ph`.`address_city`, `ph`.`date_of_birth`, `ph`.`place_of_birth`, `ph`.`age`, `ph`.`gender`, `ph`.`civil_status`, `ph`.`citizenship`, `ph`.`height`, `ph`.`weight`, `ph`.`spouse_name`, `ph`.`spouse_birthdate`, `ph`.`spouse_occupation`, `ph`.`senior_citizen_id`, `ph`.`organization_affiliation`, `ph`.`id_control_no`, `ph`.`coordinator`, `ph`.`application_date`, `ph`.`emergency_contact_name`, `ph`.`emergency_contact_number`, `ph`.`emergency_contact_address`, `ph`.`status` AS `plan_holder_status`, `u`.`first_name`, `u`.`last_name`, `u`.`email`, `u`.`contact_number`, `b`.`branch_name`
FROM `plan_holders` `ph`
INNER JOIN `users` `u` ON `u`.`user_id` = `ph`.`user_id`
LEFT JOIN `branches` `b` ON `b`.`branch_id` = `ph`.`branch_id`
WHERE `ph`.`plan_holder_id` = 10')
 4 SYSTEMPATH\Database\BaseBuilder.php(1649): CodeIgniter\Database\BaseConnection->query('SELECT `ph`.`plan_holder_id`, `ph`.`user_id`, `ph`.`branch_id`, `ph`.`unique_identifier`, `ph`.`address_no`, `ph`.`address_street`, `ph`.`address_barangay`, `ph`.`address_city`, `ph`.`date_of_birth`, `ph`.`place_of_birth`, `ph`.`age`, `ph`.`gender`, `ph`.`civil_status`, `ph`.`citizenship`, `ph`.`height`, `ph`.`weight`, `ph`.`spouse_name`, `ph`.`spouse_birthdate`, `ph`.`spouse_occupation`, `ph`.`senior_citizen_id`, `ph`.`organization_affiliation`, `ph`.`id_control_no`, `ph`.`coordinator`, `ph`.`application_date`, `ph`.`emergency_contact_name`, `ph`.`emergency_contact_number`, `ph`.`emergency_contact_address`, `ph`.`status` AS `plan_holder_status`, `u`.`first_name`, `u`.`last_name`, `u`.`email`, `u`.`contact_number`, `b`.`branch_name`
FROM `plan_holders` `ph`
INNER JOIN `users` `u` ON `u`.`user_id` = `ph`.`user_id`
LEFT JOIN `branches` `b` ON `b`.`branch_id` = `ph`.`branch_id`
WHERE `ph`.`plan_holder_id` = :ph.plan_holder_id:', [...], false)
 5 APPPATH\Services\ClientService.php(49): CodeIgniter\Database\BaseBuilder->get()
 6 APPPATH\Controllers\BranchAdmin\ClientController.php(114): App\Services\ClientService->getClientDetails(10)
 7 SYSTEMPATH\CodeIgniter.php(951): App\Controllers\BranchAdmin\ClientController->view(10)
 8 SYSTEMPATH\CodeIgniter.php(497): CodeIgniter\CodeIgniter->runController(Object(App\Controllers\BranchAdmin\ClientController))
 9 SYSTEMPATH\CodeIgniter.php(340): CodeIgniter\CodeIgniter->handleRequest(null, Object(Config\Cache), false)
10 SYSTEMPATH\Boot.php(417): CodeIgniter\CodeIgniter->run()
11 SYSTEMPATH\Boot.php(68): CodeIgniter\Boot::runCodeIgniter(Object(CodeIgniter\CodeIgniter))
12 FCPATH\index.php(59): CodeIgniter\Boot::bootWeb(Object(Config\Paths))
DEBUG - 2026-05-18 03:55:50 --> Session: Class initialized using 'CodeIgniter\Session\Handlers\FileHandler' driver.
DEBUG - 2026-05-18 03:55:52 --> Session: Class initialized using 'CodeIgniter\Session\Handlers\FileHandler' driver.
DEBUG - 2026-05-18 04:20:08 --> Session: Class initialized using 'CodeIgniter\Session\Handlers\FileHandler' driver.
DEBUG - 2026-05-18 04:20:13 --> Session: Class initialized using 'CodeIgniter\Session\Handlers\FileHandler' driver.
DEBUG - 2026-05-18 04:20:13 --> Session: Class initialized using 'CodeIgniter\Session\Handlers\FileHandler' driver.
DEBUG - 2026-05-18 04:20:17 --> Session: Class initialized using 'CodeIgniter\Session\Handlers\FileHandler' driver.
ERROR - 2026-05-18 04:20:17 --> Unknown column 'ph.id_control_no' in 'field list'
in SYSTEMPATH\Database\MySQLi\Connection.php on line 300.
 1 SYSTEMPATH\Database\MySQLi\Connection.php(300): mysqli->query('SELECT `ph`.`plan_holder_id`, `ph`.`user_id`, `ph`.`branch_id`, `ph`.`unique_identifier`, `ph`.`address_no`, `ph`.`address_street`, `ph`.`address_barangay`, `ph`.`address_city`, `ph`.`date_of_birth`, `ph`.`place_of_birth`, `ph`.`age`, `ph`.`gender`, `ph`.`civil_status`, `ph`.`citizenship`, `ph`.`height`, `ph`.`weight`, `ph`.`spouse_name`, `ph`.`spouse_birthdate`, `ph`.`spouse_occupation`, `ph`.`senior_citizen_id`, `ph`.`organization_affiliation`, `ph`.`id_control_no`, `ph`.`coordinator`, `ph`.`application_date`, `ph`.`emergency_contact_name`, `ph`.`emergency_contact_number`, `ph`.`emergency_contact_address`, `ph`.`status` AS `plan_holder_status`, `u`.`first_name`, `u`.`last_name`, `u`.`email`, `u`.`contact_number`, `b`.`branch_name`
FROM `plan_holders` `ph`
INNER JOIN `users` `u` ON `u`.`user_id` = `ph`.`user_id`
LEFT JOIN `branches` `b` ON `b`.`branch_id` = `ph`.`branch_id`
WHERE `ph`.`plan_holder_id` = 10', 0)
 2 SYSTEMPATH\Database\BaseConnection.php(910): CodeIgniter\Database\MySQLi\Connection->execute('SELECT `ph`.`plan_holder_id`, `ph`.`user_id`, `ph`.`branch_id`, `ph`.`unique_identifier`, `ph`.`address_no`, `ph`.`address_street`, `ph`.`address_barangay`, `ph`.`address_city`, `ph`.`date_of_birth`, `ph`.`place_of_birth`, `ph`.`age`, `ph`.`gender`, `ph`.`civil_status`, `ph`.`citizenship`, `ph`.`height`, `ph`.`weight`, `ph`.`spouse_name`, `ph`.`spouse_birthdate`, `ph`.`spouse_occupation`, `ph`.`senior_citizen_id`, `ph`.`organization_affiliation`, `ph`.`id_control_no`, `ph`.`coordinator`, `ph`.`application_date`, `ph`.`emergency_contact_name`, `ph`.`emergency_contact_number`, `ph`.`emergency_contact_address`, `ph`.`status` AS `plan_holder_status`, `u`.`first_name`, `u`.`last_name`, `u`.`email`, `u`.`contact_number`, `b`.`branch_name`
FROM `plan_holders` `ph`
INNER JOIN `users` `u` ON `u`.`user_id` = `ph`.`user_id`
LEFT JOIN `branches` `b` ON `b`.`branch_id` = `ph`.`branch_id`
WHERE `ph`.`plan_holder_id` = 10')
 3 SYSTEMPATH\Database\BaseConnection.php(827): CodeIgniter\Database\BaseConnection->simpleQuery('SELECT `ph`.`plan_holder_id`, `ph`.`user_id`, `ph`.`branch_id`, `ph`.`unique_identifier`, `ph`.`address_no`, `ph`.`address_street`, `ph`.`address_barangay`, `ph`.`address_city`, `ph`.`date_of_birth`, `ph`.`place_of_birth`, `ph`.`age`, `ph`.`gender`, `ph`.`civil_status`, `ph`.`citizenship`, `ph`.`height`, `ph`.`weight`, `ph`.`spouse_name`, `ph`.`spouse_birthdate`, `ph`.`spouse_occupation`, `ph`.`senior_citizen_id`, `ph`.`organization_affiliation`, `ph`.`id_control_no`, `ph`.`coordinator`, `ph`.`application_date`, `ph`.`emergency_contact_name`, `ph`.`emergency_contact_number`, `ph`.`emergency_contact_address`, `ph`.`status` AS `plan_holder_status`, `u`.`first_name`, `u`.`last_name`, `u`.`email`, `u`.`contact_number`, `b`.`branch_name`
FROM `plan_holders` `ph`
INNER JOIN `users` `u` ON `u`.`user_id` = `ph`.`user_id`
LEFT JOIN `branches` `b` ON `b`.`branch_id` = `ph`.`branch_id`
WHERE `ph`.`plan_holder_id` = 10')
 4 SYSTEMPATH\Database\BaseBuilder.php(1649): CodeIgniter\Database\BaseConnection->query('SELECT `ph`.`plan_holder_id`, `ph`.`user_id`, `ph`.`branch_id`, `ph`.`unique_identifier`, `ph`.`address_no`, `ph`.`address_street`, `ph`.`address_barangay`, `ph`.`address_city`, `ph`.`date_of_birth`, `ph`.`place_of_birth`, `ph`.`age`, `ph`.`gender`, `ph`.`civil_status`, `ph`.`citizenship`, `ph`.`height`, `ph`.`weight`, `ph`.`spouse_name`, `ph`.`spouse_birthdate`, `ph`.`spouse_occupation`, `ph`.`senior_citizen_id`, `ph`.`organization_affiliation`, `ph`.`id_control_no`, `ph`.`coordinator`, `ph`.`application_date`, `ph`.`emergency_contact_name`, `ph`.`emergency_contact_number`, `ph`.`emergency_contact_address`, `ph`.`status` AS `plan_holder_status`, `u`.`first_name`, `u`.`last_name`, `u`.`email`, `u`.`contact_number`, `b`.`branch_name`
FROM `plan_holders` `ph`
INNER JOIN `users` `u` ON `u`.`user_id` = `ph`.`user_id`
LEFT JOIN `branches` `b` ON `b`.`branch_id` = `ph`.`branch_id`
WHERE `ph`.`plan_holder_id` = :ph.plan_holder_id:', [...], false)
 5 APPPATH\Services\ClientService.php(49): CodeIgniter\Database\BaseBuilder->get()
 6 APPPATH\Controllers\BranchAdmin\ClientController.php(114): App\Services\ClientService->getClientDetails(10)
 7 SYSTEMPATH\CodeIgniter.php(951): App\Controllers\BranchAdmin\ClientController->view(10)
 8 SYSTEMPATH\CodeIgniter.php(497): CodeIgniter\CodeIgniter->runController(Object(App\Controllers\BranchAdmin\ClientController))
 9 SYSTEMPATH\CodeIgniter.php(340): CodeIgniter\CodeIgniter->handleRequest(null, Object(Config\Cache), false)
10 SYSTEMPATH\Boot.php(417): CodeIgniter\CodeIgniter->run()
11 SYSTEMPATH\Boot.php(68): CodeIgniter\Boot::runCodeIgniter(Object(CodeIgniter\CodeIgniter))
12 FCPATH\index.php(59): CodeIgniter\Boot::bootWeb(Object(Config\Paths))
CRITICAL - 2026-05-18 04:20:17 --> CodeIgniter\Database\Exceptions\DatabaseException: Unknown column 'ph.id_control_no' in 'field list'
[Method: GET, Route: branch-admin/client-management/view/10]
in SYSTEMPATH\Database\BaseConnection.php on line 865.
 1 SYSTEMPATH\Database\BaseBuilder.php(1649): CodeIgniter\Database\BaseConnection->query('SELECT `ph`.`plan_holder_id`, `ph`.`user_id`, `ph`.`branch_id`, `ph`.`unique_identifier`, `ph`.`address_no`, `ph`.`address_street`, `ph`.`address_barangay`, `ph`.`address_city`, `ph`.`date_of_birth`, `ph`.`place_of_birth`, `ph`.`age`, `ph`.`gender`, `ph`.`civil_status`, `ph`.`citizenship`, `ph`.`height`, `ph`.`weight`, `ph`.`spouse_name`, `ph`.`spouse_birthdate`, `ph`.`spouse_occupation`, `ph`.`senior_citizen_id`, `ph`.`organization_affiliation`, `ph`.`id_control_no`, `ph`.`coordinator`, `ph`.`application_date`, `ph`.`emergency_contact_name`, `ph`.`emergency_contact_number`, `ph`.`emergency_contact_address`, `ph`.`status` AS `plan_holder_status`, `u`.`first_name`, `u`.`last_name`, `u`.`email`, `u`.`contact_number`, `b`.`branch_name`
FROM `plan_holders` `ph`
INNER JOIN `users` `u` ON `u`.`user_id` = `ph`.`user_id`
LEFT JOIN `branches` `b` ON `b`.`branch_id` = `ph`.`branch_id`
WHERE `ph`.`plan_holder_id` = :ph.plan_holder_id:', [...], false)
 2 APPPATH\Services\ClientService.php(49): CodeIgniter\Database\BaseBuilder->get()
 3 APPPATH\Controllers\BranchAdmin\ClientController.php(114): App\Services\ClientService->getClientDetails(10)
 4 SYSTEMPATH\CodeIgniter.php(951): App\Controllers\BranchAdmin\ClientController->view(10)
 5 SYSTEMPATH\CodeIgniter.php(497): CodeIgniter\CodeIgniter->runController(Object(App\Controllers\BranchAdmin\ClientController))
 6 SYSTEMPATH\CodeIgniter.php(340): CodeIgniter\CodeIgniter->handleRequest(null, Object(Config\Cache), false)
 7 SYSTEMPATH\Boot.php(417): CodeIgniter\CodeIgniter->run()
 8 SYSTEMPATH\Boot.php(68): CodeIgniter\Boot::runCodeIgniter(Object(CodeIgniter\CodeIgniter))
 9 FCPATH\index.php(59): CodeIgniter\Boot::bootWeb(Object(Config\Paths))
CRITICAL - 2026-05-18 04:20:17 --> [Caused by] CodeIgniter\Database\Exceptions\DatabaseException: Unknown column 'ph.id_control_no' in 'field list'
in SYSTEMPATH\Database\MySQLi\Connection.php on line 310.
 1 SYSTEMPATH\Database\BaseConnection.php(910): CodeIgniter\Database\MySQLi\Connection->execute('SELECT `ph`.`plan_holder_id`, `ph`.`user_id`, `ph`.`branch_id`, `ph`.`unique_identifier`, `ph`.`address_no`, `ph`.`address_street`, `ph`.`address_barangay`, `ph`.`address_city`, `ph`.`date_of_birth`, `ph`.`place_of_birth`, `ph`.`age`, `ph`.`gender`, `ph`.`civil_status`, `ph`.`citizenship`, `ph`.`height`, `ph`.`weight`, `ph`.`spouse_name`, `ph`.`spouse_birthdate`, `ph`.`spouse_occupation`, `ph`.`senior_citizen_id`, `ph`.`organization_affiliation`, `ph`.`id_control_no`, `ph`.`coordinator`, `ph`.`application_date`, `ph`.`emergency_contact_name`, `ph`.`emergency_contact_number`, `ph`.`emergency_contact_address`, `ph`.`status` AS `plan_holder_status`, `u`.`first_name`, `u`.`last_name`, `u`.`email`, `u`.`contact_number`, `b`.`branch_name`
FROM `plan_holders` `ph`
INNER JOIN `users` `u` ON `u`.`user_id` = `ph`.`user_id`
LEFT JOIN `branches` `b` ON `b`.`branch_id` = `ph`.`branch_id`
WHERE `ph`.`plan_holder_id` = 10')
 2 SYSTEMPATH\Database\BaseConnection.php(827): CodeIgniter\Database\BaseConnection->simpleQuery('SELECT `ph`.`plan_holder_id`, `ph`.`user_id`, `ph`.`branch_id`, `ph`.`unique_identifier`, `ph`.`address_no`, `ph`.`address_street`, `ph`.`address_barangay`, `ph`.`address_city`, `ph`.`date_of_birth`, `ph`.`place_of_birth`, `ph`.`age`, `ph`.`gender`, `ph`.`civil_status`, `ph`.`citizenship`, `ph`.`height`, `ph`.`weight`, `ph`.`spouse_name`, `ph`.`spouse_birthdate`, `ph`.`spouse_occupation`, `ph`.`senior_citizen_id`, `ph`.`organization_affiliation`, `ph`.`id_control_no`, `ph`.`coordinator`, `ph`.`application_date`, `ph`.`emergency_contact_name`, `ph`.`emergency_contact_number`, `ph`.`emergency_contact_address`, `ph`.`status` AS `plan_holder_status`, `u`.`first_name`, `u`.`last_name`, `u`.`email`, `u`.`contact_number`, `b`.`branch_name`
FROM `plan_holders` `ph`
INNER JOIN `users` `u` ON `u`.`user_id` = `ph`.`user_id`
LEFT JOIN `branches` `b` ON `b`.`branch_id` = `ph`.`branch_id`
WHERE `ph`.`plan_holder_id` = 10')
 3 SYSTEMPATH\Database\BaseBuilder.php(1649): CodeIgniter\Database\BaseConnection->query('SELECT `ph`.`plan_holder_id`, `ph`.`user_id`, `ph`.`branch_id`, `ph`.`unique_identifier`, `ph`.`address_no`, `ph`.`address_street`, `ph`.`address_barangay`, `ph`.`address_city`, `ph`.`date_of_birth`, `ph`.`place_of_birth`, `ph`.`age`, `ph`.`gender`, `ph`.`civil_status`, `ph`.`citizenship`, `ph`.`height`, `ph`.`weight`, `ph`.`spouse_name`, `ph`.`spouse_birthdate`, `ph`.`spouse_occupation`, `ph`.`senior_citizen_id`, `ph`.`organization_affiliation`, `ph`.`id_control_no`, `ph`.`coordinator`, `ph`.`application_date`, `ph`.`emergency_contact_name`, `ph`.`emergency_contact_number`, `ph`.`emergency_contact_address`, `ph`.`status` AS `plan_holder_status`, `u`.`first_name`, `u`.`last_name`, `u`.`email`, `u`.`contact_number`, `b`.`branch_name`
FROM `plan_holders` `ph`
INNER JOIN `users` `u` ON `u`.`user_id` = `ph`.`user_id`
LEFT JOIN `branches` `b` ON `b`.`branch_id` = `ph`.`branch_id`
WHERE `ph`.`plan_holder_id` = :ph.plan_holder_id:', [...], false)
 4 APPPATH\Services\ClientService.php(49): CodeIgniter\Database\BaseBuilder->get()
 5 APPPATH\Controllers\BranchAdmin\ClientController.php(114): App\Services\ClientService->getClientDetails(10)
 6 SYSTEMPATH\CodeIgniter.php(951): App\Controllers\BranchAdmin\ClientController->view(10)
 7 SYSTEMPATH\CodeIgniter.php(497): CodeIgniter\CodeIgniter->runController(Object(App\Controllers\BranchAdmin\ClientController))
 8 SYSTEMPATH\CodeIgniter.php(340): CodeIgniter\CodeIgniter->handleRequest(null, Object(Config\Cache), false)
 9 SYSTEMPATH\Boot.php(417): CodeIgniter\CodeIgniter->run()
10 SYSTEMPATH\Boot.php(68): CodeIgniter\Boot::runCodeIgniter(Object(CodeIgniter\CodeIgniter))
11 FCPATH\index.php(59): CodeIgniter\Boot::bootWeb(Object(Config\Paths))
CRITICAL - 2026-05-18 04:20:17 --> [Caused by] mysqli_sql_exception: Unknown column 'ph.id_control_no' in 'field list'
in SYSTEMPATH\Database\MySQLi\Connection.php on line 300.
 1 SYSTEMPATH\Database\MySQLi\Connection.php(300): mysqli->query('SELECT `ph`.`plan_holder_id`, `ph`.`user_id`, `ph`.`branch_id`, `ph`.`unique_identifier`, `ph`.`address_no`, `ph`.`address_street`, `ph`.`address_barangay`, `ph`.`address_city`, `ph`.`date_of_birth`, `ph`.`place_of_birth`, `ph`.`age`, `ph`.`gender`, `ph`.`civil_status`, `ph`.`citizenship`, `ph`.`height`, `ph`.`weight`, `ph`.`spouse_name`, `ph`.`spouse_birthdate`, `ph`.`spouse_occupation`, `ph`.`senior_citizen_id`, `ph`.`organization_affiliation`, `ph`.`id_control_no`, `ph`.`coordinator`, `ph`.`application_date`, `ph`.`emergency_contact_name`, `ph`.`emergency_contact_number`, `ph`.`emergency_contact_address`, `ph`.`status` AS `plan_holder_status`, `u`.`first_name`, `u`.`last_name`, `u`.`email`, `u`.`contact_number`, `b`.`branch_name`
FROM `plan_holders` `ph`
INNER JOIN `users` `u` ON `u`.`user_id` = `ph`.`user_id`
LEFT JOIN `branches` `b` ON `b`.`branch_id` = `ph`.`branch_id`
WHERE `ph`.`plan_holder_id` = 10', 0)
 2 SYSTEMPATH\Database\BaseConnection.php(910): CodeIgniter\Database\MySQLi\Connection->execute('SELECT `ph`.`plan_holder_id`, `ph`.`user_id`, `ph`.`branch_id`, `ph`.`unique_identifier`, `ph`.`address_no`, `ph`.`address_street`, `ph`.`address_barangay`, `ph`.`address_city`, `ph`.`date_of_birth`, `ph`.`place_of_birth`, `ph`.`age`, `ph`.`gender`, `ph`.`civil_status`, `ph`.`citizenship`, `ph`.`height`, `ph`.`weight`, `ph`.`spouse_name`, `ph`.`spouse_birthdate`, `ph`.`spouse_occupation`, `ph`.`senior_citizen_id`, `ph`.`organization_affiliation`, `ph`.`id_control_no`, `ph`.`coordinator`, `ph`.`application_date`, `ph`.`emergency_contact_name`, `ph`.`emergency_contact_number`, `ph`.`emergency_contact_address`, `ph`.`status` AS `plan_holder_status`, `u`.`first_name`, `u`.`last_name`, `u`.`email`, `u`.`contact_number`, `b`.`branch_name`
FROM `plan_holders` `ph`
INNER JOIN `users` `u` ON `u`.`user_id` = `ph`.`user_id`
LEFT JOIN `branches` `b` ON `b`.`branch_id` = `ph`.`branch_id`
WHERE `ph`.`plan_holder_id` = 10')
 3 SYSTEMPATH\Database\BaseConnection.php(827): CodeIgniter\Database\BaseConnection->simpleQuery('SELECT `ph`.`plan_holder_id`, `ph`.`user_id`, `ph`.`branch_id`, `ph`.`unique_identifier`, `ph`.`address_no`, `ph`.`address_street`, `ph`.`address_barangay`, `ph`.`address_city`, `ph`.`date_of_birth`, `ph`.`place_of_birth`, `ph`.`age`, `ph`.`gender`, `ph`.`civil_status`, `ph`.`citizenship`, `ph`.`height`, `ph`.`weight`, `ph`.`spouse_name`, `ph`.`spouse_birthdate`, `ph`.`spouse_occupation`, `ph`.`senior_citizen_id`, `ph`.`organization_affiliation`, `ph`.`id_control_no`, `ph`.`coordinator`, `ph`.`application_date`, `ph`.`emergency_contact_name`, `ph`.`emergency_contact_number`, `ph`.`emergency_contact_address`, `ph`.`status` AS `plan_holder_status`, `u`.`first_name`, `u`.`last_name`, `u`.`email`, `u`.`contact_number`, `b`.`branch_name`
FROM `plan_holders` `ph`
INNER JOIN `users` `u` ON `u`.`user_id` = `ph`.`user_id`
LEFT JOIN `branches` `b` ON `b`.`branch_id` = `ph`.`branch_id`
WHERE `ph`.`plan_holder_id` = 10')
 4 SYSTEMPATH\Database\BaseBuilder.php(1649): CodeIgniter\Database\BaseConnection->query('SELECT `ph`.`plan_holder_id`, `ph`.`user_id`, `ph`.`branch_id`, `ph`.`unique_identifier`, `ph`.`address_no`, `ph`.`address_street`, `ph`.`address_barangay`, `ph`.`address_city`, `ph`.`date_of_birth`, `ph`.`place_of_birth`, `ph`.`age`, `ph`.`gender`, `ph`.`civil_status`, `ph`.`citizenship`, `ph`.`height`, `ph`.`weight`, `ph`.`spouse_name`, `ph`.`spouse_birthdate`, `ph`.`spouse_occupation`, `ph`.`senior_citizen_id`, `ph`.`organization_affiliation`, `ph`.`id_control_no`, `ph`.`coordinator`, `ph`.`application_date`, `ph`.`emergency_contact_name`, `ph`.`emergency_contact_number`, `ph`.`emergency_contact_address`, `ph`.`status` AS `plan_holder_status`, `u`.`first_name`, `u`.`last_name`, `u`.`email`, `u`.`contact_number`, `b`.`branch_name`
FROM `plan_holders` `ph`
INNER JOIN `users` `u` ON `u`.`user_id` = `ph`.`user_id`
LEFT JOIN `branches` `b` ON `b`.`branch_id` = `ph`.`branch_id`
WHERE `ph`.`plan_holder_id` = :ph.plan_holder_id:', [...], false)
 5 APPPATH\Services\ClientService.php(49): CodeIgniter\Database\BaseBuilder->get()
 6 APPPATH\Controllers\BranchAdmin\ClientController.php(114): App\Services\ClientService->getClientDetails(10)
 7 SYSTEMPATH\CodeIgniter.php(951): App\Controllers\BranchAdmin\ClientController->view(10)
 8 SYSTEMPATH\CodeIgniter.php(497): CodeIgniter\CodeIgniter->runController(Object(App\Controllers\BranchAdmin\ClientController))
 9 SYSTEMPATH\CodeIgniter.php(340): CodeIgniter\CodeIgniter->handleRequest(null, Object(Config\Cache), false)
10 SYSTEMPATH\Boot.php(417): CodeIgniter\CodeIgniter->run()
11 SYSTEMPATH\Boot.php(68): CodeIgniter\Boot::runCodeIgniter(Object(CodeIgniter\CodeIgniter))
12 FCPATH\index.php(59): CodeIgniter\Boot::bootWeb(Object(Config\Paths))
DEBUG - 2026-05-18 04:23:03 --> Session: Class initialized using 'CodeIgniter\Session\Handlers\FileHandler' driver.
DEBUG - 2026-05-18 04:23:06 --> Session: Class initialized using 'CodeIgniter\Session\Handlers\FileHandler' driver.
DEBUG - 2026-05-18 04:23:08 --> Session: Class initialized using 'CodeIgniter\Session\Handlers\FileHandler' driver.
DEBUG - 2026-05-18 04:23:10 --> Session: Class initialized using 'CodeIgniter\Session\Handlers\FileHandler' driver.
DEBUG - 2026-05-18 04:23:11 --> Session: Class initialized using 'CodeIgniter\Session\Handlers\FileHandler' driver.
DEBUG - 2026-05-18 04:23:12 --> Session: Class initialized using 'CodeIgniter\Session\Handlers\FileHandler' driver.
DEBUG - 2026-05-18 04:23:14 --> Session: Class initialized using 'CodeIgniter\Session\Handlers\FileHandler' driver.
DEBUG - 2026-05-18 04:23:15 --> Session: Class initialized using 'CodeIgniter\Session\Handlers\FileHandler' driver.
DEBUG - 2026-05-18 04:23:17 --> Session: Class initialized using 'CodeIgniter\Session\Handlers\FileHandler' driver.
DEBUG - 2026-05-18 04:23:19 --> Session: Class initialized using 'CodeIgniter\Session\Handlers\FileHandler' driver.
DEBUG - 2026-05-18 04:23:21 --> Session: Class initialized using 'CodeIgniter\Session\Handlers\FileHandler' driver.
DEBUG - 2026-05-18 04:23:23 --> Session: Class initialized using 'CodeIgniter\Session\Handlers\FileHandler' driver.
DEBUG - 2026-05-18 04:23:26 --> Session: Class initialized using 'CodeIgniter\Session\Handlers\FileHandler' driver.
DEBUG - 2026-05-18 04:23:41 --> Session: Class initialized using 'CodeIgniter\Session\Handlers\FileHandler' driver.
DEBUG - 2026-05-18 04:23:47 --> Session: Class initialized using 'CodeIgniter\Session\Handlers\FileHandler' driver.
DEBUG - 2026-05-18 04:23:56 --> Session: Class initialized using 'CodeIgniter\Session\Handlers\FileHandler' driver.
DEBUG - 2026-05-18 04:24:05 --> Session: Class initialized using 'CodeIgniter\Session\Handlers\FileHandler' driver.
ERROR - 2026-05-18 04:24:05 --> Unknown column 'is_available' in 'where clause'
in SYSTEMPATH\Database\MySQLi\Connection.php on line 300.
 1 SYSTEMPATH\Database\MySQLi\Connection.php(300): mysqli->query('SELECT `package_id`, `package_name`, `base_price`
FROM `packages`
WHERE `is_available` = 1
ORDER BY `package_name` ASC', 0)
 2 SYSTEMPATH\Database\BaseConnection.php(910): CodeIgniter\Database\MySQLi\Connection->execute('SELECT `package_id`, `package_name`, `base_price`
FROM `packages`
WHERE `is_available` = 1
ORDER BY `package_name` ASC')
 3 SYSTEMPATH\Database\BaseConnection.php(827): CodeIgniter\Database\BaseConnection->simpleQuery('SELECT `package_id`, `package_name`, `base_price`
FROM `packages`
WHERE `is_available` = 1
ORDER BY `package_name` ASC')
 4 SYSTEMPATH\Database\BaseBuilder.php(1649): CodeIgniter\Database\BaseConnection->query('SELECT `package_id`, `package_name`, `base_price`
FROM `packages`
WHERE `is_available` = :is_available:
ORDER BY `package_name` ASC', [...], false)
 5 APPPATH\Controllers\BranchAdmin\ServiceController.php(80): CodeIgniter\Database\BaseBuilder->get()
 6 SYSTEMPATH\CodeIgniter.php(951): App\Controllers\BranchAdmin\ServiceController->create()
 7 SYSTEMPATH\CodeIgniter.php(497): CodeIgniter\CodeIgniter->runController(Object(App\Controllers\BranchAdmin\ServiceController))
 8 SYSTEMPATH\CodeIgniter.php(340): CodeIgniter\CodeIgniter->handleRequest(null, Object(Config\Cache), false)
 9 SYSTEMPATH\Boot.php(417): CodeIgniter\CodeIgniter->run()
10 SYSTEMPATH\Boot.php(68): CodeIgniter\Boot::runCodeIgniter(Object(CodeIgniter\CodeIgniter))
11 FCPATH\index.php(59): CodeIgniter\Boot::bootWeb(Object(Config\Paths))
CRITICAL - 2026-05-18 04:24:05 --> CodeIgniter\Database\Exceptions\DatabaseException: Unknown column 'is_available' in 'where clause'
[Method: GET, Route: branch-admin/service-package/schedule]
in SYSTEMPATH\Database\BaseConnection.php on line 865.
 1 SYSTEMPATH\Database\BaseBuilder.php(1649): CodeIgniter\Database\BaseConnection->query('SELECT `package_id`, `package_name`, `base_price`
FROM `packages`
WHERE `is_available` = :is_available:
ORDER BY `package_name` ASC', [...], false)
 2 APPPATH\Controllers\BranchAdmin\ServiceController.php(80): CodeIgniter\Database\BaseBuilder->get()
 3 SYSTEMPATH\CodeIgniter.php(951): App\Controllers\BranchAdmin\ServiceController->create()
 4 SYSTEMPATH\CodeIgniter.php(497): CodeIgniter\CodeIgniter->runController(Object(App\Controllers\BranchAdmin\ServiceController))
 5 SYSTEMPATH\CodeIgniter.php(340): CodeIgniter\CodeIgniter->handleRequest(null, Object(Config\Cache), false)
 6 SYSTEMPATH\Boot.php(417): CodeIgniter\CodeIgniter->run()
 7 SYSTEMPATH\Boot.php(68): CodeIgniter\Boot::runCodeIgniter(Object(CodeIgniter\CodeIgniter))
 8 FCPATH\index.php(59): CodeIgniter\Boot::bootWeb(Object(Config\Paths))
CRITICAL - 2026-05-18 04:24:05 --> [Caused by] CodeIgniter\Database\Exceptions\DatabaseException: Unknown column 'is_available' in 'where clause'
in SYSTEMPATH\Database\MySQLi\Connection.php on line 310.
 1 SYSTEMPATH\Database\BaseConnection.php(910): CodeIgniter\Database\MySQLi\Connection->execute('SELECT `package_id`, `package_name`, `base_price`
FROM `packages`
WHERE `is_available` = 1
ORDER BY `package_name` ASC')
 2 SYSTEMPATH\Database\BaseConnection.php(827): CodeIgniter\Database\BaseConnection->simpleQuery('SELECT `package_id`, `package_name`, `base_price`
FROM `packages`
WHERE `is_available` = 1
ORDER BY `package_name` ASC')
 3 SYSTEMPATH\Database\BaseBuilder.php(1649): CodeIgniter\Database\BaseConnection->query('SELECT `package_id`, `package_name`, `base_price`
FROM `packages`
WHERE `is_available` = :is_available:
ORDER BY `package_name` ASC', [...], false)
 4 APPPATH\Controllers\BranchAdmin\ServiceController.php(80): CodeIgniter\Database\BaseBuilder->get()
 5 SYSTEMPATH\CodeIgniter.php(951): App\Controllers\BranchAdmin\ServiceController->create()
 6 SYSTEMPATH\CodeIgniter.php(497): CodeIgniter\CodeIgniter->runController(Object(App\Controllers\BranchAdmin\ServiceController))
 7 SYSTEMPATH\CodeIgniter.php(340): CodeIgniter\CodeIgniter->handleRequest(null, Object(Config\Cache), false)
 8 SYSTEMPATH\Boot.php(417): CodeIgniter\CodeIgniter->run()
 9 SYSTEMPATH\Boot.php(68): CodeIgniter\Boot::runCodeIgniter(Object(CodeIgniter\CodeIgniter))
10 FCPATH\index.php(59): CodeIgniter\Boot::bootWeb(Object(Config\Paths))
CRITICAL - 2026-05-18 04:24:05 --> [Caused by] mysqli_sql_exception: Unknown column 'is_available' in 'where clause'
in SYSTEMPATH\Database\MySQLi\Connection.php on line 300.
 1 SYSTEMPATH\Database\MySQLi\Connection.php(300): mysqli->query('SELECT `package_id`, `package_name`, `base_price`
FROM `packages`
WHERE `is_available` = 1
ORDER BY `package_name` ASC', 0)
 2 SYSTEMPATH\Database\BaseConnection.php(910): CodeIgniter\Database\MySQLi\Connection->execute('SELECT `package_id`, `package_name`, `base_price`
FROM `packages`
WHERE `is_available` = 1
ORDER BY `package_name` ASC')
 3 SYSTEMPATH\Database\BaseConnection.php(827): CodeIgniter\Database\BaseConnection->simpleQuery('SELECT `package_id`, `package_name`, `base_price`
FROM `packages`
WHERE `is_available` = 1
ORDER BY `package_name` ASC')
 4 SYSTEMPATH\Database\BaseBuilder.php(1649): CodeIgniter\Database\BaseConnection->query('SELECT `package_id`, `package_name`, `base_price`
FROM `packages`
WHERE `is_available` = :is_available:
ORDER BY `package_name` ASC', [...], false)
 5 APPPATH\Controllers\BranchAdmin\ServiceController.php(80): CodeIgniter\Database\BaseBuilder->get()
 6 SYSTEMPATH\CodeIgniter.php(951): App\Controllers\BranchAdmin\ServiceController->create()
 7 SYSTEMPATH\CodeIgniter.php(497): CodeIgniter\CodeIgniter->runController(Object(App\Controllers\BranchAdmin\ServiceController))
 8 SYSTEMPATH\CodeIgniter.php(340): CodeIgniter\CodeIgniter->handleRequest(null, Object(Config\Cache), false)
 9 SYSTEMPATH\Boot.php(417): CodeIgniter\CodeIgniter->run()
10 SYSTEMPATH\Boot.php(68): CodeIgniter\Boot::runCodeIgniter(Object(CodeIgniter\CodeIgniter))
11 FCPATH\index.php(59): CodeIgniter\Boot::bootWeb(Object(Config\Paths))
DEBUG - 2026-05-18 04:24:09 --> Session: Class initialized using 'CodeIgniter\Session\Handlers\FileHandler' driver.
DEBUG - 2026-05-18 04:24:13 --> Session: Class initialized using 'CodeIgniter\Session\Handlers\FileHandler' driver.
DEBUG - 2026-05-18 04:24:22 --> Session: Class initialized using 'CodeIgniter\Session\Handlers\FileHandler' driver.
DEBUG - 2026-05-18 04:24:28 --> Session: Class initialized using 'CodeIgniter\Session\Handlers\FileHandler' driver.
DEBUG - 2026-05-18 04:24:32 --> Session: Class initialized using 'CodeIgniter\Session\Handlers\FileHandler' driver.
DEBUG - 2026-05-18 04:24:48 --> Session: Class initialized using 'CodeIgniter\Session\Handlers\FileHandler' driver.
DEBUG - 2026-05-18 04:29:40 --> Session: Class initialized using 'CodeIgniter\Session\Handlers\FileHandler' driver.
DEBUG - 2026-05-18 04:29:43 --> Session: Class initialized using 'CodeIgniter\Session\Handlers\FileHandler' driver.
DEBUG - 2026-05-18 04:29:44 --> Session: Class initialized using 'CodeIgniter\Session\Handlers\FileHandler' driver.
DEBUG - 2026-05-18 04:29:45 --> Session: Class initialized using 'CodeIgniter\Session\Handlers\FileHandler' driver.
DEBUG - 2026-05-18 04:29:50 --> Session: Class initialized using 'CodeIgniter\Session\Handlers\FileHandler' driver.
DEBUG - 2026-05-18 04:29:53 --> Session: Class initialized using 'CodeIgniter\Session\Handlers\FileHandler' driver.
DEBUG - 2026-05-18 04:29:54 --> Session: Class initialized using 'CodeIgniter\Session\Handlers\FileHandler' driver.
DEBUG - 2026-05-18 04:29:55 --> Session: Class initialized using 'CodeIgniter\Session\Handlers\FileHandler' driver.
DEBUG - 2026-05-18 05:18:30 --> Session: Class initialized using 'CodeIgniter\Session\Handlers\FileHandler' driver.
DEBUG - 2026-05-18 05:18:31 --> Session: Class initialized using 'CodeIgniter\Session\Handlers\FileHandler' driver.
DEBUG - 2026-05-18 05:18:31 --> Session: Class initialized using 'CodeIgniter\Session\Handlers\FileHandler' driver.
DEBUG - 2026-05-18 05:18:31 --> Session: Class initialized using 'CodeIgniter\Session\Handlers\FileHandler' driver.
DEBUG - 2026-05-18 05:18:32 --> Session: Class initialized using 'CodeIgniter\Session\Handlers\FileHandler' driver.
DEBUG - 2026-05-18 05:18:32 --> Session: Class initialized using 'CodeIgniter\Session\Handlers\FileHandler' driver.
DEBUG - 2026-05-18 05:18:33 --> Session: Class initialized using 'CodeIgniter\Session\Handlers\FileHandler' driver.
DEBUG - 2026-05-18 05:18:33 --> Session: Class initialized using 'CodeIgniter\Session\Handlers\FileHandler' driver.
DEBUG - 2026-05-18 05:18:34 --> Session: Class initialized using 'CodeIgniter\Session\Handlers\FileHandler' driver.
DEBUG - 2026-05-18 05:18:34 --> Session: Class initialized using 'CodeIgniter\Session\Handlers\FileHandler' driver.
DEBUG - 2026-05-18 05:18:35 --> Session: Class initialized using 'CodeIgniter\Session\Handlers\FileHandler' driver.
DEBUG - 2026-05-18 05:18:35 --> Session: Class initialized using 'CodeIgniter\Session\Handlers\FileHandler' driver.
DEBUG - 2026-05-18 05:18:35 --> Session: Class initialized using 'CodeIgniter\Session\Handlers\FileHandler' driver.
DEBUG - 2026-05-18 05:18:36 --> Session: Class initialized using 'CodeIgniter\Session\Handlers\FileHandler' driver.
DEBUG - 2026-05-18 05:18:36 --> Session: Class initialized using 'CodeIgniter\Session\Handlers\FileHandler' driver.
DEBUG - 2026-05-18 05:18:37 --> Session: Class initialized using 'CodeIgniter\Session\Handlers\FileHandler' driver.
DEBUG - 2026-05-18 05:18:37 --> Session: Class initialized using 'CodeIgniter\Session\Handlers\FileHandler' driver.
DEBUG - 2026-05-18 05:18:38 --> Session: Class initialized using 'CodeIgniter\Session\Handlers\FileHandler' driver.
DEBUG - 2026-05-18 05:18:38 --> Session: Class initialized using 'CodeIgniter\Session\Handlers\FileHandler' driver.
DEBUG - 2026-05-18 05:18:39 --> Session: Class initialized using 'CodeIgniter\Session\Handlers\FileHandler' driver.
DEBUG - 2026-05-18 05:18:41 --> Session: Class initialized using 'CodeIgniter\Session\Handlers\FileHandler' driver.
DEBUG - 2026-05-18 05:18:42 --> Session: Class initialized using 'CodeIgniter\Session\Handlers\FileHandler' driver.
DEBUG - 2026-05-18 05:18:43 --> Session: Class initialized using 'CodeIgniter\Session\Handlers\FileHandler' driver.
DEBUG - 2026-05-18 05:18:43 --> Session: Class initialized using 'CodeIgniter\Session\Handlers\FileHandler' driver.
DEBUG - 2026-05-18 05:18:44 --> Session: Class initialized using 'CodeIgniter\Session\Handlers\FileHandler' driver.
DEBUG - 2026-05-18 05:18:44 --> Session: Class initialized using 'CodeIgniter\Session\Handlers\FileHandler' driver.
DEBUG - 2026-05-18 05:18:45 --> Session: Class initialized using 'CodeIgniter\Session\Handlers\FileHandler' driver.
DEBUG - 2026-05-18 05:18:45 --> Session: Class initialized using 'CodeIgniter\Session\Handlers\FileHandler' driver.
DEBUG - 2026-05-18 05:18:46 --> Session: Class initialized using 'CodeIgniter\Session\Handlers\FileHandler' driver.
DEBUG - 2026-05-18 05:18:47 --> Session: Class initialized using 'CodeIgniter\Session\Handlers\FileHandler' driver.
DEBUG - 2026-05-18 05:18:47 --> Session: Class initialized using 'CodeIgniter\Session\Handlers\FileHandler' driver.
DEBUG - 2026-05-18 05:18:48 --> Session: Class initialized using 'CodeIgniter\Session\Handlers\FileHandler' driver.
DEBUG - 2026-05-18 05:18:49 --> Session: Class initialized using 'CodeIgniter\Session\Handlers\FileHandler' driver.
DEBUG - 2026-05-18 05:18:49 --> Session: Class initialized using 'CodeIgniter\Session\Handlers\FileHandler' driver.
DEBUG - 2026-05-18 05:18:50 --> Session: Class initialized using 'CodeIgniter\Session\Handlers\FileHandler' driver.
DEBUG - 2026-05-18 05:18:51 --> Session: Class initialized using 'CodeIgniter\Session\Handlers\FileHandler' driver.
DEBUG - 2026-05-18 05:18:51 --> Session: Class initialized using 'CodeIgniter\Session\Handlers\FileHandler' driver.
DEBUG - 2026-05-18 05:18:52 --> Session: Class initialized using 'CodeIgniter\Session\Handlers\FileHandler' driver.
DEBUG - 2026-05-18 05:18:52 --> Session: Class initialized using 'CodeIgniter\Session\Handlers\FileHandler' driver.
DEBUG - 2026-05-18 05:18:52 --> Session: Class initialized using 'CodeIgniter\Session\Handlers\FileHandler' driver.
DEBUG - 2026-05-18 05:18:58 --> Session: Class initialized using 'CodeIgniter\Session\Handlers\FileHandler' driver.
DEBUG - 2026-05-18 05:18:59 --> Session: Class initialized using 'CodeIgniter\Session\Handlers\FileHandler' driver.
DEBUG - 2026-05-18 05:18:59 --> Session: Class initialized using 'CodeIgniter\Session\Handlers\FileHandler' driver.
DEBUG - 2026-05-18 05:19:00 --> Session: Class initialized using 'CodeIgniter\Session\Handlers\FileHandler' driver.
DEBUG - 2026-05-18 05:19:00 --> Session: Class initialized using 'CodeIgniter\Session\Handlers\FileHandler' driver.
DEBUG - 2026-05-18 05:19:01 --> Session: Class initialized using 'CodeIgniter\Session\Handlers\FileHandler' driver.
DEBUG - 2026-05-18 05:19:01 --> Session: Class initialized using 'CodeIgniter\Session\Handlers\FileHandler' driver.
DEBUG - 2026-05-18 05:19:02 --> Session: Class initialized using 'CodeIgniter\Session\Handlers\FileHandler' driver.
DEBUG - 2026-05-18 05:19:02 --> Session: Class initialized using 'CodeIgniter\Session\Handlers\FileHandler' driver.
DEBUG - 2026-05-18 05:19:02 --> Session: Class initialized using 'CodeIgniter\Session\Handlers\FileHandler' driver.
DEBUG - 2026-05-18 05:19:03 --> Session: Class initialized using 'CodeIgniter\Session\Handlers\FileHandler' driver.
DEBUG - 2026-05-18 05:19:03 --> Session: Class initialized using 'CodeIgniter\Session\Handlers\FileHandler' driver.
DEBUG - 2026-05-18 05:19:04 --> Session: Class initialized using 'CodeIgniter\Session\Handlers\FileHandler' driver.
DEBUG - 2026-05-18 05:19:04 --> Session: Class initialized using 'CodeIgniter\Session\Handlers\FileHandler' driver.
DEBUG - 2026-05-18 05:19:04 --> Session: Class initialized using 'CodeIgniter\Session\Handlers\FileHandler' driver.
DEBUG - 2026-05-18 05:19:05 --> Session: Class initialized using 'CodeIgniter\Session\Handlers\FileHandler' driver.
DEBUG - 2026-05-18 05:19:05 --> Session: Class initialized using 'CodeIgniter\Session\Handlers\FileHandler' driver.
DEBUG - 2026-05-18 05:19:06 --> Session: Class initialized using 'CodeIgniter\Session\Handlers\FileHandler' driver.
DEBUG - 2026-05-18 05:19:06 --> Session: Class initialized using 'CodeIgniter\Session\Handlers\FileHandler' driver.
DEBUG - 2026-05-18 05:19:07 --> Session: Class initialized using 'CodeIgniter\Session\Handlers\FileHandler' driver.
DEBUG - 2026-05-18 05:19:38 --> Session: Class initialized using 'CodeIgniter\Session\Handlers\FileHandler' driver.
DEBUG - 2026-05-18 05:19:39 --> Session: Class initialized using 'CodeIgniter\Session\Handlers\FileHandler' driver.
DEBUG - 2026-05-18 05:19:39 --> Session: Class initialized using 'CodeIgniter\Session\Handlers\FileHandler' driver.
DEBUG - 2026-05-18 05:19:40 --> Session: Class initialized using 'CodeIgniter\Session\Handlers\FileHandler' driver.
DEBUG - 2026-05-18 05:19:40 --> Session: Class initialized using 'CodeIgniter\Session\Handlers\FileHandler' driver.
DEBUG - 2026-05-18 05:19:41 --> Session: Class initialized using 'CodeIgniter\Session\Handlers\FileHandler' driver.
DEBUG - 2026-05-18 05:19:41 --> Session: Class initialized using 'CodeIgniter\Session\Handlers\FileHandler' driver.
DEBUG - 2026-05-18 05:19:42 --> Session: Class initialized using 'CodeIgniter\Session\Handlers\FileHandler' driver.
DEBUG - 2026-05-18 05:19:42 --> Session: Class initialized using 'CodeIgniter\Session\Handlers\FileHandler' driver.
DEBUG - 2026-05-18 05:19:43 --> Session: Class initialized using 'CodeIgniter\Session\Handlers\FileHandler' driver.
DEBUG - 2026-05-18 05:19:43 --> Session: Class initialized using 'CodeIgniter\Session\Handlers\FileHandler' driver.
DEBUG - 2026-05-18 05:19:44 --> Session: Class initialized using 'CodeIgniter\Session\Handlers\FileHandler' driver.
DEBUG - 2026-05-18 05:19:44 --> Session: Class initialized using 'CodeIgniter\Session\Handlers\FileHandler' driver.
DEBUG - 2026-05-18 05:19:44 --> Session: Class initialized using 'CodeIgniter\Session\Handlers\FileHandler' driver.
DEBUG - 2026-05-18 05:19:45 --> Session: Class initialized using 'CodeIgniter\Session\Handlers\FileHandler' driver.
DEBUG - 2026-05-18 05:19:45 --> Session: Class initialized using 'CodeIgniter\Session\Handlers\FileHandler' driver.
DEBUG - 2026-05-18 05:19:46 --> Session: Class initialized using 'CodeIgniter\Session\Handlers\FileHandler' driver.
DEBUG - 2026-05-18 05:19:46 --> Session: Class initialized using 'CodeIgniter\Session\Handlers\FileHandler' driver.
DEBUG - 2026-05-18 05:19:46 --> Session: Class initialized using 'CodeIgniter\Session\Handlers\FileHandler' driver.
DEBUG - 2026-05-18 05:19:47 --> Session: Class initialized using 'CodeIgniter\Session\Handlers\FileHandler' driver.
DEBUG - 2026-05-18 05:20:48 --> Session: Class initialized using 'CodeIgniter\Session\Handlers\FileHandler' driver.
DEBUG - 2026-05-18 05:20:48 --> Session: Class initialized using 'CodeIgniter\Session\Handlers\FileHandler' driver.
DEBUG - 2026-05-18 05:20:48 --> Session: Class initialized using 'CodeIgniter\Session\Handlers\FileHandler' driver.
DEBUG - 2026-05-18 05:20:49 --> Session: Class initialized using 'CodeIgniter\Session\Handlers\FileHandler' driver.
DEBUG - 2026-05-18 05:20:49 --> Session: Class initialized using 'CodeIgniter\Session\Handlers\FileHandler' driver.
DEBUG - 2026-05-18 05:20:50 --> Session: Class initialized using 'CodeIgniter\Session\Handlers\FileHandler' driver.
DEBUG - 2026-05-18 05:20:51 --> Session: Class initialized using 'CodeIgniter\Session\Handlers\FileHandler' driver.
DEBUG - 2026-05-18 05:20:51 --> Session: Class initialized using 'CodeIgniter\Session\Handlers\FileHandler' driver.
DEBUG - 2026-05-18 05:20:51 --> Session: Class initialized using 'CodeIgniter\Session\Handlers\FileHandler' driver.
DEBUG - 2026-05-18 05:20:52 --> Session: Class initialized using 'CodeIgniter\Session\Handlers\FileHandler' driver.
DEBUG - 2026-05-18 05:20:52 --> Session: Class initialized using 'CodeIgniter\Session\Handlers\FileHandler' driver.
DEBUG - 2026-05-18 05:20:53 --> Session: Class initialized using 'CodeIgniter\Session\Handlers\FileHandler' driver.
DEBUG - 2026-05-18 05:20:53 --> Session: Class initialized using 'CodeIgniter\Session\Handlers\FileHandler' driver.
DEBUG - 2026-05-18 05:20:53 --> Session: Class initialized using 'CodeIgniter\Session\Handlers\FileHandler' driver.
DEBUG - 2026-05-18 05:20:54 --> Session: Class initialized using 'CodeIgniter\Session\Handlers\FileHandler' driver.
DEBUG - 2026-05-18 05:20:54 --> Session: Class initialized using 'CodeIgniter\Session\Handlers\FileHandler' driver.
DEBUG - 2026-05-18 05:20:55 --> Session: Class initialized using 'CodeIgniter\Session\Handlers\FileHandler' driver.
DEBUG - 2026-05-18 05:20:55 --> Session: Class initialized using 'CodeIgniter\Session\Handlers\FileHandler' driver.
DEBUG - 2026-05-18 05:20:56 --> Session: Class initialized using 'CodeIgniter\Session\Handlers\FileHandler' driver.
DEBUG - 2026-05-18 05:20:56 --> Session: Class initialized using 'CodeIgniter\Session\Handlers\FileHandler' driver.
DEBUG - 2026-05-18 05:21:43 --> Session: Class initialized using 'CodeIgniter\Session\Handlers\FileHandler' driver.
DEBUG - 2026-05-18 05:21:44 --> Session: Class initialized using 'CodeIgniter\Session\Handlers\FileHandler' driver.
DEBUG - 2026-05-18 05:21:44 --> Session: Class initialized using 'CodeIgniter\Session\Handlers\FileHandler' driver.
DEBUG - 2026-05-18 05:21:45 --> Session: Class initialized using 'CodeIgniter\Session\Handlers\FileHandler' driver.
DEBUG - 2026-05-18 05:21:45 --> Session: Class initialized using 'CodeIgniter\Session\Handlers\FileHandler' driver.
DEBUG - 2026-05-18 05:21:46 --> Session: Class initialized using 'CodeIgniter\Session\Handlers\FileHandler' driver.
DEBUG - 2026-05-18 05:21:46 --> Session: Class initialized using 'CodeIgniter\Session\Handlers\FileHandler' driver.
DEBUG - 2026-05-18 05:21:46 --> Session: Class initialized using 'CodeIgniter\Session\Handlers\FileHandler' driver.
DEBUG - 2026-05-18 05:21:47 --> Session: Class initialized using 'CodeIgniter\Session\Handlers\FileHandler' driver.
DEBUG - 2026-05-18 05:21:47 --> Session: Class initialized using 'CodeIgniter\Session\Handlers\FileHandler' driver.
DEBUG - 2026-05-18 05:21:48 --> Session: Class initialized using 'CodeIgniter\Session\Handlers\FileHandler' driver.
DEBUG - 2026-05-18 05:21:48 --> Session: Class initialized using 'CodeIgniter\Session\Handlers\FileHandler' driver.
DEBUG - 2026-05-18 05:21:49 --> Session: Class initialized using 'CodeIgniter\Session\Handlers\FileHandler' driver.
DEBUG - 2026-05-18 05:21:49 --> Session: Class initialized using 'CodeIgniter\Session\Handlers\FileHandler' driver.
DEBUG - 2026-05-18 05:21:49 --> Session: Class initialized using 'CodeIgniter\Session\Handlers\FileHandler' driver.
DEBUG - 2026-05-18 05:21:50 --> Session: Class initialized using 'CodeIgniter\Session\Handlers\FileHandler' driver.
DEBUG - 2026-05-18 05:21:50 --> Session: Class initialized using 'CodeIgniter\Session\Handlers\FileHandler' driver.
DEBUG - 2026-05-18 05:21:51 --> Session: Class initialized using 'CodeIgniter\Session\Handlers\FileHandler' driver.
DEBUG - 2026-05-18 05:21:51 --> Session: Class initialized using 'CodeIgniter\Session\Handlers\FileHandler' driver.
DEBUG - 2026-05-18 05:21:52 --> Session: Class initialized using 'CodeIgniter\Session\Handlers\FileHandler' driver.
DEBUG - 2026-05-18 05:21:56 --> Session: Class initialized using 'CodeIgniter\Session\Handlers\FileHandler' driver.
DEBUG - 2026-05-18 05:21:56 --> Session: Class initialized using 'CodeIgniter\Session\Handlers\FileHandler' driver.
DEBUG - 2026-05-18 05:21:56 --> Session: Class initialized using 'CodeIgniter\Session\Handlers\FileHandler' driver.
DEBUG - 2026-05-18 05:21:57 --> Session: Class initialized using 'CodeIgniter\Session\Handlers\FileHandler' driver.
DEBUG - 2026-05-18 05:21:57 --> Session: Class initialized using 'CodeIgniter\Session\Handlers\FileHandler' driver.
DEBUG - 2026-05-18 05:21:58 --> Session: Class initialized using 'CodeIgniter\Session\Handlers\FileHandler' driver.
DEBUG - 2026-05-18 05:21:58 --> Session: Class initialized using 'CodeIgniter\Session\Handlers\FileHandler' driver.
DEBUG - 2026-05-18 05:21:58 --> Session: Class initialized using 'CodeIgniter\Session\Handlers\FileHandler' driver.
DEBUG - 2026-05-18 05:21:59 --> Session: Class initialized using 'CodeIgniter\Session\Handlers\FileHandler' driver.
DEBUG - 2026-05-18 05:21:59 --> Session: Class initialized using 'CodeIgniter\Session\Handlers\FileHandler' driver.
DEBUG - 2026-05-18 05:21:59 --> Session: Class initialized using 'CodeIgniter\Session\Handlers\FileHandler' driver.
DEBUG - 2026-05-18 05:22:00 --> Session: Class initialized using 'CodeIgniter\Session\Handlers\FileHandler' driver.
DEBUG - 2026-05-18 05:22:00 --> Session: Class initialized using 'CodeIgniter\Session\Handlers\FileHandler' driver.
DEBUG - 2026-05-18 05:22:00 --> Session: Class initialized using 'CodeIgniter\Session\Handlers\FileHandler' driver.
DEBUG - 2026-05-18 05:22:01 --> Session: Class initialized using 'CodeIgniter\Session\Handlers\FileHandler' driver.
DEBUG - 2026-05-18 05:22:04 --> Session: Class initialized using 'CodeIgniter\Session\Handlers\FileHandler' driver.
DEBUG - 2026-05-18 05:22:05 --> Session: Class initialized using 'CodeIgniter\Session\Handlers\FileHandler' driver.
DEBUG - 2026-05-18 05:22:05 --> Session: Class initialized using 'CodeIgniter\Session\Handlers\FileHandler' driver.
DEBUG - 2026-05-18 05:22:06 --> Session: Class initialized using 'CodeIgniter\Session\Handlers\FileHandler' driver.
DEBUG - 2026-05-18 05:22:06 --> Session: Class initialized using 'CodeIgniter\Session\Handlers\FileHandler' driver.
DEBUG - 2026-05-18 05:22:20 --> Session: Class initialized using 'CodeIgniter\Session\Handlers\FileHandler' driver.
DEBUG - 2026-05-18 05:22:21 --> Session: Class initialized using 'CodeIgniter\Session\Handlers\FileHandler' driver.
DEBUG - 2026-05-18 05:22:22 --> Session: Class initialized using 'CodeIgniter\Session\Handlers\FileHandler' driver.
DEBUG - 2026-05-18 05:22:22 --> Session: Class initialized using 'CodeIgniter\Session\Handlers\FileHandler' driver.
DEBUG - 2026-05-18 05:22:23 --> Session: Class initialized using 'CodeIgniter\Session\Handlers\FileHandler' driver.
DEBUG - 2026-05-18 05:22:24 --> Session: Class initialized using 'CodeIgniter\Session\Handlers\FileHandler' driver.
DEBUG - 2026-05-18 05:22:26 --> Session: Class initialized using 'CodeIgniter\Session\Handlers\FileHandler' driver.
DEBUG - 2026-05-18 05:22:27 --> Session: Class initialized using 'CodeIgniter\Session\Handlers\FileHandler' driver.
DEBUG - 2026-05-18 05:22:29 --> Session: Class initialized using 'CodeIgniter\Session\Handlers\FileHandler' driver.
DEBUG - 2026-05-18 05:22:30 --> Session: Class initialized using 'CodeIgniter\Session\Handlers\FileHandler' driver.
DEBUG - 2026-05-18 05:22:31 --> Session: Class initialized using 'CodeIgniter\Session\Handlers\FileHandler' driver.
DEBUG - 2026-05-18 05:22:33 --> Session: Class initialized using 'CodeIgniter\Session\Handlers\FileHandler' driver.
DEBUG - 2026-05-18 05:22:35 --> Session: Class initialized using 'CodeIgniter\Session\Handlers\FileHandler' driver.
DEBUG - 2026-05-18 05:22:36 --> Session: Class initialized using 'CodeIgniter\Session\Handlers\FileHandler' driver.
DEBUG - 2026-05-18 05:22:37 --> Session: Class initialized using 'CodeIgniter\Session\Handlers\FileHandler' driver.
DEBUG - 2026-05-18 05:22:38 --> Session: Class initialized using 'CodeIgniter\Session\Handlers\FileHandler' driver.
DEBUG - 2026-05-18 05:22:38 --> Session: Class initialized using 'CodeIgniter\Session\Handlers\FileHandler' driver.
DEBUG - 2026-05-18 05:22:39 --> Session: Class initialized using 'CodeIgniter\Session\Handlers\FileHandler' driver.
DEBUG - 2026-05-18 05:22:40 --> Session: Class initialized using 'CodeIgniter\Session\Handlers\FileHandler' driver.
DEBUG - 2026-05-18 05:22:40 --> Session: Class initialized using 'CodeIgniter\Session\Handlers\FileHandler' driver.
DEBUG - 2026-05-18 06:30:00 --> Session: Class initialized using 'CodeIgniter\Session\Handlers\FileHandler' driver.
DEBUG - 2026-05-18 06:30:01 --> Session: Class initialized using 'CodeIgniter\Session\Handlers\FileHandler' driver.
DEBUG - 2026-05-18 06:30:06 --> Session: Class initialized using 'CodeIgniter\Session\Handlers\FileHandler' driver.
ERROR - 2026-05-18 06:35:02 --> Unknown column 'type' in 'field list'
in SYSTEMPATH\Database\MySQLi\Connection.php on line 300.
 1 SYSTEMPATH\Database\MySQLi\Connection.php(300): mysqli->query('INSERT INTO `notifications` (`user_id`, `message`, `type`, `status`, `created_at`) VALUES (16, \'Your account was created. Complete plan holder registration to unlock services and payments.\', \'registration_pending\', \'unread\', \'2026-05-18 06:35:02\')', 0)
 2 SYSTEMPATH\Database\BaseConnection.php(910): CodeIgniter\Database\MySQLi\Connection->execute('INSERT INTO `notifications` (`user_id`, `message`, `type`, `status`, `created_at`) VALUES (16, \'Your account was created. Complete plan holder registration to unlock services and payments.\', \'registration_pending\', \'unread\', \'2026-05-18 06:35:02\')')
 3 SYSTEMPATH\Database\BaseConnection.php(827): CodeIgniter\Database\BaseConnection->simpleQuery('INSERT INTO `notifications` (`user_id`, `message`, `type`, `status`, `created_at`) VALUES (16, \'Your account was created. Complete plan holder registration to unlock services and payments.\', \'registration_pending\', \'unread\', \'2026-05-18 06:35:02\')')
 4 SYSTEMPATH\Database\BaseBuilder.php(2345): CodeIgniter\Database\BaseConnection->query('INSERT INTO `notifications` (`user_id`, `message`, `type`, `status`, `created_at`) VALUES (:user_id:, :message:, :type:, :status:, :created_at:)', [...], false)
 5 APPPATH\Services\NotificationService.php(35): CodeIgniter\Database\BaseBuilder->insert([...])
 6 APPPATH\Controllers\Auth.php(167): App\Services\NotificationService->notify(16, 'Your account was created. Complete plan holder registration to unlock services and payments.', 'registration_pending')
 7 SYSTEMPATH\CodeIgniter.php(951): App\Controllers\Auth->attemptRegister()
 8 SYSTEMPATH\CodeIgniter.php(497): CodeIgniter\CodeIgniter->runController(Object(App\Controllers\Auth))
 9 SYSTEMPATH\CodeIgniter.php(340): CodeIgniter\CodeIgniter->handleRequest(null, Object(Config\Cache), false)
10 SYSTEMPATH\Boot.php(417): CodeIgniter\CodeIgniter->run()
11 SYSTEMPATH\Boot.php(68): CodeIgniter\Boot::runCodeIgniter(Object(CodeIgniter\CodeIgniter))
12 FCPATH\index.php(59): CodeIgniter\Boot::bootWeb(Object(Config\Paths))
ERROR - 2026-05-18 06:35:02 --> NotificationService::notify - Unknown column 'type' in 'field list'
DEBUG - 2026-05-18 06:35:02 --> Session: Class initialized using 'CodeIgniter\Session\Handlers\FileHandler' driver.
DEBUG - 2026-05-18 06:35:03 --> Session: Class initialized using 'CodeIgniter\Session\Handlers\FileHandler' driver.
DEBUG - 2026-05-18 06:35:09 --> Session: Class initialized using 'CodeIgniter\Session\Handlers\FileHandler' driver.
DEBUG - 2026-05-18 06:35:10 --> Session: Class initialized using 'CodeIgniter\Session\Handlers\FileHandler' driver.
DEBUG - 2026-05-18 06:35:31 --> Session: Class initialized using 'CodeIgniter\Session\Handlers\FileHandler' driver.
DEBUG - 2026-05-18 06:35:31 --> Session: Class initialized using 'CodeIgniter\Session\Handlers\FileHandler' driver.
DEBUG - 2026-05-18 06:35:32 --> Session: Class initialized using 'CodeIgniter\Session\Handlers\FileHandler' driver.
DEBUG - 2026-05-18 06:35:32 --> Session: Class initialized using 'CodeIgniter\Session\Handlers\FileHandler' driver.
DEBUG - 2026-05-18 06:35:33 --> Session: Class initialized using 'CodeIgniter\Session\Handlers\FileHandler' driver.
DEBUG - 2026-05-18 06:35:33 --> Session: Class initialized using 'CodeIgniter\Session\Handlers\FileHandler' driver.
DEBUG - 2026-05-18 06:35:34 --> Session: Class initialized using 'CodeIgniter\Session\Handlers\FileHandler' driver.
DEBUG - 2026-05-18 06:35:34 --> Session: Class initialized using 'CodeIgniter\Session\Handlers\FileHandler' driver.
DEBUG - 2026-05-18 06:35:35 --> Session: Class initialized using 'CodeIgniter\Session\Handlers\FileHandler' driver.
DEBUG - 2026-05-18 06:35:35 --> Session: Class initialized using 'CodeIgniter\Session\Handlers\FileHandler' driver.
DEBUG - 2026-05-18 06:35:36 --> Session: Class initialized using 'CodeIgniter\Session\Handlers\FileHandler' driver.
DEBUG - 2026-05-18 06:35:36 --> Session: Class initialized using 'CodeIgniter\Session\Handlers\FileHandler' driver.
DEBUG - 2026-05-18 06:35:37 --> Session: Class initialized using 'CodeIgniter\Session\Handlers\FileHandler' driver.
DEBUG - 2026-05-18 06:35:38 --> Session: Class initialized using 'CodeIgniter\Session\Handlers\FileHandler' driver.
DEBUG - 2026-05-18 06:35:38 --> Session: Class initialized using 'CodeIgniter\Session\Handlers\FileHandler' driver.
DEBUG - 2026-05-18 06:35:39 --> Session: Class initialized using 'CodeIgniter\Session\Handlers\FileHandler' driver.
DEBUG - 2026-05-18 06:35:39 --> Session: Class initialized using 'CodeIgniter\Session\Handlers\FileHandler' driver.
DEBUG - 2026-05-18 06:35:40 --> Session: Class initialized using 'CodeIgniter\Session\Handlers\FileHandler' driver.
DEBUG - 2026-05-18 06:35:40 --> Session: Class initialized using 'CodeIgniter\Session\Handlers\FileHandler' driver.
DEBUG - 2026-05-18 06:35:41 --> Session: Class initialized using 'CodeIgniter\Session\Handlers\FileHandler' driver.
DEBUG - 2026-05-18 06:35:42 --> Session: Class initialized using 'CodeIgniter\Session\Handlers\FileHandler' driver.
DEBUG - 2026-05-18 06:35:43 --> Session: Class initialized using 'CodeIgniter\Session\Handlers\FileHandler' driver.
DEBUG - 2026-05-18 06:35:43 --> Session: Class initialized using 'CodeIgniter\Session\Handlers\FileHandler' driver.
DEBUG - 2026-05-18 06:35:44 --> Session: Class initialized using 'CodeIgniter\Session\Handlers\FileHandler' driver.
DEBUG - 2026-05-18 06:35:44 --> Session: Class initialized using 'CodeIgniter\Session\Handlers\FileHandler' driver.
DEBUG - 2026-05-18 06:35:44 --> Session: Class initialized using 'CodeIgniter\Session\Handlers\FileHandler' driver.
DEBUG - 2026-05-18 06:35:45 --> Session: Class initialized using 'CodeIgniter\Session\Handlers\FileHandler' driver.
DEBUG - 2026-05-18 06:35:45 --> Session: Class initialized using 'CodeIgniter\Session\Handlers\FileHandler' driver.
DEBUG - 2026-05-18 06:35:46 --> Session: Class initialized using 'CodeIgniter\Session\Handlers\FileHandler' driver.
DEBUG - 2026-05-18 06:35:46 --> Session: Class initialized using 'CodeIgniter\Session\Handlers\FileHandler' driver.
DEBUG - 2026-05-18 06:35:46 --> Session: Class initialized using 'CodeIgniter\Session\Handlers\FileHandler' driver.
DEBUG - 2026-05-18 06:35:47 --> Session: Class initialized using 'CodeIgniter\Session\Handlers\FileHandler' driver.
DEBUG - 2026-05-18 06:35:47 --> Session: Class initialized using 'CodeIgniter\Session\Handlers\FileHandler' driver.
DEBUG - 2026-05-18 06:35:48 --> Session: Class initialized using 'CodeIgniter\Session\Handlers\FileHandler' driver.
DEBUG - 2026-05-18 06:35:48 --> Session: Class initialized using 'CodeIgniter\Session\Handlers\FileHandler' driver.
DEBUG - 2026-05-18 06:35:48 --> Session: Class initialized using 'CodeIgniter\Session\Handlers\FileHandler' driver.
ERROR - 2026-05-18 06:35:49 --> Error connecting to the database: ErrorException: mysqli::real_connect(): Error while reading greeting packet. PID=11312 in C:\xampp\htdocs\caresync\ci4\system\Database\MySQLi\Connection.php:201
Stack trace:
#0 [internal function]: CodeIgniter\Debug\Exceptions->errorHandler(2, 'mysqli::real_co...', 'C:\\xampp\\htdocs...', 201)
#1 C:\xampp\htdocs\caresync\ci4\system\Database\MySQLi\Connection.php(201): mysqli->real_connect('localhost', 'root', Object(SensitiveParameterValue), 'kaagapay_db', 3306, '', 0)
#2 C:\xampp\htdocs\caresync\ci4\system\Database\BaseConnection.php(555): CodeIgniter\Database\MySQLi\Connection->connect(false)
#3 C:\xampp\htdocs\caresync\ci4\system\Database\BaseConnection.php(795): CodeIgniter\Database\BaseConnection->initialize()
#4 C:\xampp\htdocs\caresync\ci4\system\Database\BaseConnection.php(1706): CodeIgniter\Database\BaseConnection->query('SHOW TABLES FRO...')
#5 C:\xampp\htdocs\caresync\ci4\system\Database\BaseConnection.php(1726): CodeIgniter\Database\BaseConnection->listTables()
#6 C:\xampp\htdocs\caresync\ci4\app\Services\MembershipService.php(89): CodeIgniter\Database\BaseConnection->tableExists('membership_prog...')
#7 C:\xampp\htdocs\caresync\ci4\app\Config\Events.php(59): App\Services\MembershipService::ensureMembershipProgram()
#8 C:\xampp\htdocs\caresync\ci4\system\Events\Events.php(152): CodeIgniter\Events\Events::Config\{closure}()
#9 C:\xampp\htdocs\caresync\ci4\system\CodeIgniter.php(325): CodeIgniter\Events\Events::trigger('pre_system')
#10 C:\xampp\htdocs\caresync\ci4\system\Boot.php(417): CodeIgniter\CodeIgniter->run()
#11 C:\xampp\htdocs\caresync\ci4\system\Boot.php(68): CodeIgniter\Boot::runCodeIgniter(Object(CodeIgniter\CodeIgniter))
#12 C:\xampp\htdocs\caresync\ci4\public\index.php(59): CodeIgniter\Boot::bootWeb(Object(Config\Paths))
#13 {main}

Next mysqli_sql_exception: MySQL server has gone away in C:\xampp\htdocs\caresync\ci4\system\Database\MySQLi\Connection.php:201
Stack trace:
#0 C:\xampp\htdocs\caresync\ci4\system\Database\MySQLi\Connection.php(201): mysqli->real_connect('localhost', 'root', Object(SensitiveParameterValue), 'kaagapay_db', 3306, '', 0)
#1 C:\xampp\htdocs\caresync\ci4\system\Database\BaseConnection.php(555): CodeIgniter\Database\MySQLi\Connection->connect(false)
#2 C:\xampp\htdocs\caresync\ci4\system\Database\BaseConnection.php(795): CodeIgniter\Database\BaseConnection->initialize()
#3 C:\xampp\htdocs\caresync\ci4\system\Database\BaseConnection.php(1706): CodeIgniter\Database\BaseConnection->query('SHOW TABLES FRO...')
#4 C:\xampp\htdocs\caresync\ci4\system\Database\BaseConnection.php(1726): CodeIgniter\Database\BaseConnection->listTables()
#5 C:\xampp\htdocs\caresync\ci4\app\Services\MembershipService.php(89): CodeIgniter\Database\BaseConnection->tableExists('membership_prog...')
#6 C:\xampp\htdocs\caresync\ci4\app\Config\Events.php(59): App\Services\MembershipService::ensureMembershipProgram()
#7 C:\xampp\htdocs\caresync\ci4\system\Events\Events.php(152): CodeIgniter\Events\Events::Config\{closure}()
#8 C:\xampp\htdocs\caresync\ci4\system\CodeIgniter.php(325): CodeIgniter\Events\Events::trigger('pre_system')
#9 C:\xampp\htdocs\caresync\ci4\system\Boot.php(417): CodeIgniter\CodeIgniter->run()
#10 C:\xampp\htdocs\caresync\ci4\system\Boot.php(68): CodeIgniter\Boot::runCodeIgniter(Object(CodeIgniter\CodeIgniter))
#11 C:\xampp\htdocs\caresync\ci4\public\index.php(59): CodeIgniter\Boot::bootWeb(Object(Config\Paths))
#12 {main}

Next CodeIgniter\Database\Exceptions\DatabaseException: MySQL server has gone away in C:\xampp\htdocs\caresync\ci4\system\Database\MySQLi\Connection.php:231
Stack trace:
#0 C:\xampp\htdocs\caresync\ci4\system\Database\BaseConnection.php(555): CodeIgniter\Database\MySQLi\Connection->connect(false)
#1 C:\xampp\htdocs\caresync\ci4\system\Database\BaseConnection.php(795): CodeIgniter\Database\BaseConnection->initialize()
#2 C:\xampp\htdocs\caresync\ci4\system\Database\BaseConnection.php(1706): CodeIgniter\Database\BaseConnection->query('SHOW TABLES FRO...')
#3 C:\xampp\htdocs\caresync\ci4\system\Database\BaseConnection.php(1726): CodeIgniter\Database\BaseConnection->listTables()
#4 C:\xampp\htdocs\caresync\ci4\app\Services\MembershipService.php(89): CodeIgniter\Database\BaseConnection->tableExists('membership_prog...')
#5 C:\xampp\htdocs\caresync\ci4\app\Config\Events.php(59): App\Services\MembershipService::ensureMembershipProgram()
#6 C:\xampp\htdocs\caresync\ci4\system\Events\Events.php(152): CodeIgniter\Events\Events::Config\{closure}()
#7 C:\xampp\htdocs\caresync\ci4\system\CodeIgniter.php(325): CodeIgniter\Events\Events::trigger('pre_system')
#8 C:\xampp\htdocs\caresync\ci4\system\Boot.php(417): CodeIgniter\CodeIgniter->run()
#9 C:\xampp\htdocs\caresync\ci4\system\Boot.php(68): CodeIgniter\Boot::runCodeIgniter(Object(CodeIgniter\CodeIgniter))
#10 C:\xampp\htdocs\caresync\ci4\public\index.php(59): CodeIgniter\Boot::bootWeb(Object(Config\Paths))
#11 {main}
ERROR - 2026-05-18 06:35:49 --> Membership bootstrap failed: Unable to connect to the database.
Main connection [MySQLi]: MySQL server has gone away
DEBUG - 2026-05-18 06:35:49 --> Session: Class initialized using 'CodeIgniter\Session\Handlers\FileHandler' driver.
DEBUG - 2026-05-18 06:35:55 --> Session: Class initialized using 'CodeIgniter\Session\Handlers\FileHandler' driver.
DEBUG - 2026-05-18 06:35:55 --> Session: Class initialized using 'CodeIgniter\Session\Handlers\FileHandler' driver.
DEBUG - 2026-05-18 06:35:57 --> Session: Class initialized using 'CodeIgniter\Session\Handlers\FileHandler' driver.
DEBUG - 2026-05-18 06:35:57 --> Session: Class initialized using 'CodeIgniter\Session\Handlers\FileHandler' driver.
DEBUG - 2026-05-18 06:35:58 --> Session: Class initialized using 'CodeIgniter\Session\Handlers\FileHandler' driver.
DEBUG - 2026-05-18 06:35:59 --> Session: Class initialized using 'CodeIgniter\Session\Handlers\FileHandler' driver.
DEBUG - 2026-05-18 06:36:00 --> Session: Class initialized using 'CodeIgniter\Session\Handlers\FileHandler' driver.
DEBUG - 2026-05-18 06:36:00 --> Session: Class initialized using 'CodeIgniter\Session\Handlers\FileHandler' driver.
DEBUG - 2026-05-18 06:36:00 --> Session: Class initialized using 'CodeIgniter\Session\Handlers\FileHandler' driver.
DEBUG - 2026-05-18 06:36:01 --> Session: Class initialized using 'CodeIgniter\Session\Handlers\FileHandler' driver.
DEBUG - 2026-05-18 06:36:01 --> Session: Class initialized using 'CodeIgniter\Session\Handlers\FileHandler' driver.
DEBUG - 2026-05-18 06:36:02 --> Session: Class initialized using 'CodeIgniter\Session\Handlers\FileHandler' driver.
DEBUG - 2026-05-18 06:36:02 --> Session: Class initialized using 'CodeIgniter\Session\Handlers\FileHandler' driver.
DEBUG - 2026-05-18 06:36:02 --> Session: Class initialized using 'CodeIgniter\Session\Handlers\FileHandler' driver.
DEBUG - 2026-05-18 06:36:03 --> Session: Class initialized using 'CodeIgniter\Session\Handlers\FileHandler' driver.
DEBUG - 2026-05-18 06:36:03 --> Session: Class initialized using 'CodeIgniter\Session\Handlers\FileHandler' driver.
DEBUG - 2026-05-18 06:36:03 --> Session: Class initialized using 'CodeIgniter\Session\Handlers\FileHandler' driver.
DEBUG - 2026-05-18 06:36:04 --> Session: Class initialized using 'CodeIgniter\Session\Handlers\FileHandler' driver.
DEBUG - 2026-05-18 06:36:04 --> Session: Class initialized using 'CodeIgniter\Session\Handlers\FileHandler' driver.
DEBUG - 2026-05-18 06:36:04 --> Session: Class initialized using 'CodeIgniter\Session\Handlers\FileHandler' driver.
DEBUG - 2026-05-18 06:36:05 --> Session: Class initialized using 'CodeIgniter\Session\Handlers\FileHandler' driver.
DEBUG - 2026-05-18 06:36:05 --> Session: Class initialized using 'CodeIgniter\Session\Handlers\FileHandler' driver.
DEBUG - 2026-05-18 06:36:05 --> Session: Class initialized using 'CodeIgniter\Session\Handlers\FileHandler' driver.
DEBUG - 2026-05-18 06:36:06 --> Session: Class initialized using 'CodeIgniter\Session\Handlers\FileHandler' driver.
DEBUG - 2026-05-18 06:36:06 --> Session: Class initialized using 'CodeIgniter\Session\Handlers\FileHandler' driver.
DEBUG - 2026-05-18 06:36:06 --> Session: Class initialized using 'CodeIgniter\Session\Handlers\FileHandler' driver.
DEBUG - 2026-05-18 06:36:07 --> Session: Class initialized using 'CodeIgniter\Session\Handlers\FileHandler' driver.
DEBUG - 2026-05-18 06:36:07 --> Session: Class initialized using 'CodeIgniter\Session\Handlers\FileHandler' driver.
DEBUG - 2026-05-18 06:36:08 --> Session: Class initialized using 'CodeIgniter\Session\Handlers\FileHandler' driver.
DEBUG - 2026-05-18 06:36:08 --> Session: Class initialized using 'CodeIgniter\Session\Handlers\FileHandler' driver.
DEBUG - 2026-05-18 06:36:08 --> Session: Class initialized using 'CodeIgniter\Session\Handlers\FileHandler' driver.
DEBUG - 2026-05-18 06:36:09 --> Session: Class initialized using 'CodeIgniter\Session\Handlers\FileHandler' driver.
DEBUG - 2026-05-18 06:36:09 --> Session: Class initialized using 'CodeIgniter\Session\Handlers\FileHandler' driver.
DEBUG - 2026-05-18 06:36:09 --> Session: Class initialized using 'CodeIgniter\Session\Handlers\FileHandler' driver.
DEBUG - 2026-05-18 06:36:10 --> Session: Class initialized using 'CodeIgniter\Session\Handlers\FileHandler' driver.
DEBUG - 2026-05-18 06:36:10 --> Session: Class initialized using 'CodeIgniter\Session\Handlers\FileHandler' driver.
DEBUG - 2026-05-18 06:36:10 --> Session: Class initialized using 'CodeIgniter\Session\Handlers\FileHandler' driver.
DEBUG - 2026-05-18 06:36:11 --> Session: Class initialized using 'CodeIgniter\Session\Handlers\FileHandler' driver.
DEBUG - 2026-05-18 06:36:11 --> Session: Class initialized using 'CodeIgniter\Session\Handlers\FileHandler' driver.
DEBUG - 2026-05-18 06:36:12 --> Session: Class initialized using 'CodeIgniter\Session\Handlers\FileHandler' driver.
DEBUG - 2026-05-18 06:36:12 --> Session: Class initialized using 'CodeIgniter\Session\Handlers\FileHandler' driver.
DEBUG - 2026-05-18 06:36:12 --> Session: Class initialized using 'CodeIgniter\Session\Handlers\FileHandler' driver.
DEBUG - 2026-05-18 06:36:13 --> Session: Class initialized using 'CodeIgniter\Session\Handlers\FileHandler' driver.
DEBUG - 2026-05-18 06:36:13 --> Session: Class initialized using 'CodeIgniter\Session\Handlers\FileHandler' driver.
DEBUG - 2026-05-18 06:36:13 --> Session: Class initialized using 'CodeIgniter\Session\Handlers\FileHandler' driver.
DEBUG - 2026-05-18 06:36:14 --> Session: Class initialized using 'CodeIgniter\Session\Handlers\FileHandler' driver.
DEBUG - 2026-05-18 06:36:14 --> Session: Class initialized using 'CodeIgniter\Session\Handlers\FileHandler' driver.
DEBUG - 2026-05-18 06:36:14 --> Session: Class initialized using 'CodeIgniter\Session\Handlers\FileHandler' driver.
DEBUG - 2026-05-18 06:36:15 --> Session: Class initialized using 'CodeIgniter\Session\Handlers\FileHandler' driver.
DEBUG - 2026-05-18 06:36:15 --> Session: Class initialized using 'CodeIgniter\Session\Handlers\FileHandler' driver.
DEBUG - 2026-05-18 06:36:16 --> Session: Class initialized using 'CodeIgniter\Session\Handlers\FileHandler' driver.
DEBUG - 2026-05-18 06:36:16 --> Session: Class initialized using 'CodeIgniter\Session\Handlers\FileHandler' driver.
DEBUG - 2026-05-18 06:36:16 --> Session: Class initialized using 'CodeIgniter\Session\Handlers\FileHandler' driver.
DEBUG - 2026-05-18 06:36:17 --> Session: Class initialized using 'CodeIgniter\Session\Handlers\FileHandler' driver.
DEBUG - 2026-05-18 06:36:17 --> Session: Class initialized using 'CodeIgniter\Session\Handlers\FileHandler' driver.
DEBUG - 2026-05-18 06:36:18 --> Session: Class initialized using 'CodeIgniter\Session\Handlers\FileHandler' driver.
DEBUG - 2026-05-18 06:36:18 --> Session: Class initialized using 'CodeIgniter\Session\Handlers\FileHandler' driver.
DEBUG - 2026-05-18 06:36:18 --> Session: Class initialized using 'CodeIgniter\Session\Handlers\FileHandler' driver.
DEBUG - 2026-05-18 06:36:19 --> Session: Class initialized using 'CodeIgniter\Session\Handlers\FileHandler' driver.
DEBUG - 2026-05-18 06:36:19 --> Session: Class initialized using 'CodeIgniter\Session\Handlers\FileHandler' driver.
DEBUG - 2026-05-18 06:36:21 --> Session: Class initialized using 'CodeIgniter\Session\Handlers\FileHandler' driver.
DEBUG - 2026-05-18 06:36:21 --> Session: Class initialized using 'CodeIgniter\Session\Handlers\FileHandler' driver.
DEBUG - 2026-05-18 06:36:21 --> Session: Class initialized using 'CodeIgniter\Session\Handlers\FileHandler' driver.
DEBUG - 2026-05-18 06:36:22 --> Session: Class initialized using 'CodeIgniter\Session\Handlers\FileHandler' driver.
DEBUG - 2026-05-18 06:36:22 --> Session: Class initialized using 'CodeIgniter\Session\Handlers\FileHandler' driver.
DEBUG - 2026-05-18 06:36:22 --> Session: Class initialized using 'CodeIgniter\Session\Handlers\FileHandler' driver.
DEBUG - 2026-05-18 06:36:23 --> Session: Class initialized using 'CodeIgniter\Session\Handlers\FileHandler' driver.
DEBUG - 2026-05-18 06:36:23 --> Session: Class initialized using 'CodeIgniter\Session\Handlers\FileHandler' driver.
DEBUG - 2026-05-18 06:36:24 --> Session: Class initialized using 'CodeIgniter\Session\Handlers\FileHandler' driver.
DEBUG - 2026-05-18 06:36:24 --> Session: Class initialized using 'CodeIgniter\Session\Handlers\FileHandler' driver.
DEBUG - 2026-05-18 06:36:25 --> Session: Class initialized using 'CodeIgniter\Session\Handlers\FileHandler' driver.
DEBUG - 2026-05-18 06:36:25 --> Session: Class initialized using 'CodeIgniter\Session\Handlers\FileHandler' driver.
DEBUG - 2026-05-18 06:36:25 --> Session: Class initialized using 'CodeIgniter\Session\Handlers\FileHandler' driver.
DEBUG - 2026-05-18 06:36:25 --> Session: Class initialized using 'CodeIgniter\Session\Handlers\FileHandler' driver.
DEBUG - 2026-05-18 06:37:09 --> Session: Class initialized using 'CodeIgniter\Session\Handlers\FileHandler' driver.
DEBUG - 2026-05-18 06:37:09 --> Session: Class initialized using 'CodeIgniter\Session\Handlers\FileHandler' driver.
DEBUG - 2026-05-18 06:37:27 --> Session: Class initialized using 'CodeIgniter\Session\Handlers\FileHandler' driver.
DEBUG - 2026-05-18 06:37:29 --> Session: Class initialized using 'CodeIgniter\Session\Handlers\FileHandler' driver.
DEBUG - 2026-05-18 06:37:32 --> Session: Class initialized using 'CodeIgniter\Session\Handlers\FileHandler' driver.
DEBUG - 2026-05-18 06:43:24 --> Session: Class initialized using 'CodeIgniter\Session\Handlers\FileHandler' driver.
DEBUG - 2026-05-18 06:43:25 --> Session: Class initialized using 'CodeIgniter\Session\Handlers\FileHandler' driver.
DEBUG - 2026-05-18 06:43:41 --> Session: Class initialized using 'CodeIgniter\Session\Handlers\FileHandler' driver.
DEBUG - 2026-05-18 06:44:51 --> Session: Class initialized using 'CodeIgniter\Session\Handlers\FileHandler' driver.
ERROR - 2026-05-18 06:44:52 --> Unknown column 'type' in 'field list'
in SYSTEMPATH\Database\MySQLi\Connection.php on line 300.
 1 SYSTEMPATH\Database\MySQLi\Connection.php(300): mysqli->query('INSERT INTO `notifications` (`user_id`, `message`, `type`, `status`, `created_at`) VALUES (16, \'Your registration has been approved. Your plan is now active.\', \'registration_pending\', \'unread\', \'2026-05-18 06:44:52\')', 0)
 2 SYSTEMPATH\Database\BaseConnection.php(910): CodeIgniter\Database\MySQLi\Connection->execute('INSERT INTO `notifications` (`user_id`, `message`, `type`, `status`, `created_at`) VALUES (16, \'Your registration has been approved. Your plan is now active.\', \'registration_pending\', \'unread\', \'2026-05-18 06:44:52\')')
 3 SYSTEMPATH\Database\BaseConnection.php(827): CodeIgniter\Database\BaseConnection->simpleQuery('INSERT INTO `notifications` (`user_id`, `message`, `type`, `status`, `created_at`) VALUES (16, \'Your registration has been approved. Your plan is now active.\', \'registration_pending\', \'unread\', \'2026-05-18 06:44:52\')')
 4 SYSTEMPATH\Database\BaseBuilder.php(2345): CodeIgniter\Database\BaseConnection->query('INSERT INTO `notifications` (`user_id`, `message`, `type`, `status`, `created_at`) VALUES (:user_id:, :message:, :type:, :status:, :created_at:)', [...], false)
 5 APPPATH\Services\NotificationService.php(35): CodeIgniter\Database\BaseBuilder->insert([...])
 6 APPPATH\Controllers\PaymentTracking.php(543): App\Services\NotificationService->notify(16, 'Your registration has been approved. Your plan is now active.', 'registration_pending')
 7 APPPATH\Controllers\PaymentTracking.php(208): App\Controllers\PaymentTracking->autoApprovePlanHolderFromInitialPayment([...], 1)
 8 SYSTEMPATH\CodeIgniter.php(951): App\Controllers\PaymentTracking->recordCash()
 9 SYSTEMPATH\CodeIgniter.php(497): CodeIgniter\CodeIgniter->runController(Object(App\Controllers\PaymentTracking))
10 SYSTEMPATH\CodeIgniter.php(340): CodeIgniter\CodeIgniter->handleRequest(null, Object(Config\Cache), false)
11 SYSTEMPATH\Boot.php(417): CodeIgniter\CodeIgniter->run()
12 SYSTEMPATH\Boot.php(68): CodeIgniter\Boot::runCodeIgniter(Object(CodeIgniter\CodeIgniter))
13 FCPATH\index.php(59): CodeIgniter\Boot::bootWeb(Object(Config\Paths))
ERROR - 2026-05-18 06:44:52 --> Unknown column 'type' in 'field list'
in SYSTEMPATH\Database\MySQLi\Connection.php on line 300.
 1 SYSTEMPATH\Database\MySQLi\Connection.php(300): mysqli->query('INSERT INTO `notifications` (`user_id`, `message`, `type`, `status`, `created_at`) VALUES (16, \'Your advance payment covering 1 month has been approved.\', \'payment_approved\', \'unread\', \'2026-05-18 06:44:52\')', 0)
 2 SYSTEMPATH\Database\BaseConnection.php(910): CodeIgniter\Database\MySQLi\Connection->execute('INSERT INTO `notifications` (`user_id`, `message`, `type`, `status`, `created_at`) VALUES (16, \'Your advance payment covering 1 month has been approved.\', \'payment_approved\', \'unread\', \'2026-05-18 06:44:52\')')
 3 SYSTEMPATH\Database\BaseConnection.php(827): CodeIgniter\Database\BaseConnection->simpleQuery('INSERT INTO `notifications` (`user_id`, `message`, `type`, `status`, `created_at`) VALUES (16, \'Your advance payment covering 1 month has been approved.\', \'payment_approved\', \'unread\', \'2026-05-18 06:44:52\')')
 4 SYSTEMPATH\Database\BaseBuilder.php(2345): CodeIgniter\Database\BaseConnection->query('INSERT INTO `notifications` (`user_id`, `message`, `type`, `status`, `created_at`) VALUES (:user_id:, :message:, :type:, :status:, :created_at:)', [...], false)
 5 APPPATH\Services\NotificationService.php(35): CodeIgniter\Database\BaseBuilder->insert([...])
 6 APPPATH\Controllers\PaymentTracking.php(222): App\Services\NotificationService->notify(16, 'Your advance payment covering 1 month has been approved.', 'payment_approved')
 7 SYSTEMPATH\CodeIgniter.php(951): App\Controllers\PaymentTracking->recordCash()
 8 SYSTEMPATH\CodeIgniter.php(497): CodeIgniter\CodeIgniter->runController(Object(App\Controllers\PaymentTracking))
 9 SYSTEMPATH\CodeIgniter.php(340): CodeIgniter\CodeIgniter->handleRequest(null, Object(Config\Cache), false)
10 SYSTEMPATH\Boot.php(417): CodeIgniter\CodeIgniter->run()
11 SYSTEMPATH\Boot.php(68): CodeIgniter\Boot::runCodeIgniter(Object(CodeIgniter\CodeIgniter))
12 FCPATH\index.php(59): CodeIgniter\Boot::bootWeb(Object(Config\Paths))
ERROR - 2026-05-18 06:44:52 --> NotificationService::notify - Unknown column 'type' in 'field list'
DEBUG - 2026-05-18 06:44:52 --> Session: Class initialized using 'CodeIgniter\Session\Handlers\FileHandler' driver.
DEBUG - 2026-05-18 06:44:59 --> Session: Class initialized using 'CodeIgniter\Session\Handlers\FileHandler' driver.
DEBUG - 2026-05-18 06:45:09 --> Session: Class initialized using 'CodeIgniter\Session\Handlers\FileHandler' driver.
DEBUG - 2026-05-18 06:45:17 --> Session: Class initialized using 'CodeIgniter\Session\Handlers\FileHandler' driver.
DEBUG - 2026-05-18 06:45:19 --> Session: Class initialized using 'CodeIgniter\Session\Handlers\FileHandler' driver.
DEBUG - 2026-05-18 06:45:19 --> Session: Class initialized using 'CodeIgniter\Session\Handlers\FileHandler' driver.
DEBUG - 2026-05-18 06:45:25 --> Session: Class initialized using 'CodeIgniter\Session\Handlers\FileHandler' driver.
DEBUG - 2026-05-18 06:45:27 --> Session: Class initialized using 'CodeIgniter\Session\Handlers\FileHandler' driver.
DEBUG - 2026-05-18 06:45:28 --> Session: Class initialized using 'CodeIgniter\Session\Handlers\FileHandler' driver.
DEBUG - 2026-05-18 06:45:31 --> Session: Class initialized using 'CodeIgniter\Session\Handlers\FileHandler' driver.
DEBUG - 2026-05-18 06:45:50 --> Session: Class initialized using 'CodeIgniter\Session\Handlers\FileHandler' driver.
DEBUG - 2026-05-18 06:45:53 --> Session: Class initialized using 'CodeIgniter\Session\Handlers\FileHandler' driver.
DEBUG - 2026-05-18 06:46:03 --> Session: Class initialized using 'CodeIgniter\Session\Handlers\FileHandler' driver.
DEBUG - 2026-05-18 06:46:05 --> Session: Class initialized using 'CodeIgniter\Session\Handlers\FileHandler' driver.
DEBUG - 2026-05-18 06:46:05 --> Session: Class initialized using 'CodeIgniter\Session\Handlers\FileHandler' driver.
DEBUG - 2026-05-18 06:46:16 --> Session: Class initialized using 'CodeIgniter\Session\Handlers\FileHandler' driver.
DEBUG - 2026-05-18 06:48:31 --> Session: Class initialized using 'CodeIgniter\Session\Handlers\FileHandler' driver.
DEBUG - 2026-05-18 06:49:55 --> Session: Class initialized using 'CodeIgniter\Session\Handlers\FileHandler' driver.
DEBUG - 2026-05-18 06:50:02 --> Session: Class initialized using 'CodeIgniter\Session\Handlers\FileHandler' driver.
DEBUG - 2026-05-18 06:50:03 --> Session: Class initialized using 'CodeIgniter\Session\Handlers\FileHandler' driver.
DEBUG - 2026-05-18 06:50:04 --> Session: Class initialized using 'CodeIgniter\Session\Handlers\FileHandler' driver.
DEBUG - 2026-05-18 06:50:04 --> Session: Class initialized using 'CodeIgniter\Session\Handlers\FileHandler' driver.
DEBUG - 2026-05-18 06:51:33 --> Session: Class initialized using 'CodeIgniter\Session\Handlers\FileHandler' driver.
DEBUG - 2026-05-18 06:51:37 --> Session: Class initialized using 'CodeIgniter\Session\Handlers\FileHandler' driver.
DEBUG - 2026-05-18 06:51:40 --> Session: Class initialized using 'CodeIgniter\Session\Handlers\FileHandler' driver.
DEBUG - 2026-05-18 06:51:42 --> Session: Class initialized using 'CodeIgniter\Session\Handlers\FileHandler' driver.
DEBUG - 2026-05-18 06:58:08 --> Session: Class initialized using 'CodeIgniter\Session\Handlers\FileHandler' driver.
DEBUG - 2026-05-18 06:58:18 --> Session: Class initialized using 'CodeIgniter\Session\Handlers\FileHandler' driver.
DEBUG - 2026-05-18 06:58:18 --> Session: Class initialized using 'CodeIgniter\Session\Handlers\FileHandler' driver.
DEBUG - 2026-05-18 06:58:20 --> Session: Class initialized using 'CodeIgniter\Session\Handlers\FileHandler' driver.
DEBUG - 2026-05-18 06:58:21 --> Session: Class initialized using 'CodeIgniter\Session\Handlers\FileHandler' driver.
DEBUG - 2026-05-18 06:58:24 --> Session: Class initialized using 'CodeIgniter\Session\Handlers\FileHandler' driver.
DEBUG - 2026-05-18 06:58:24 --> Session: Class initialized using 'CodeIgniter\Session\Handlers\FileHandler' driver.
DEBUG - 2026-05-18 06:58:31 --> Session: Class initialized using 'CodeIgniter\Session\Handlers\FileHandler' driver.
DEBUG - 2026-05-18 06:58:34 --> Session: Class initialized using 'CodeIgniter\Session\Handlers\FileHandler' driver.
DEBUG - 2026-05-18 06:58:35 --> Session: Class initialized using 'CodeIgniter\Session\Handlers\FileHandler' driver.
DEBUG - 2026-05-18 08:05:35 --> Session: Class initialized using 'CodeIgniter\Session\Handlers\FileHandler' driver.
DEBUG - 2026-05-18 08:05:36 --> Session: Class initialized using 'CodeIgniter\Session\Handlers\FileHandler' driver.
DEBUG - 2026-05-18 08:07:01 --> Session: Class initialized using 'CodeIgniter\Session\Handlers\FileHandler' driver.
DEBUG - 2026-05-18 08:07:02 --> Session: Class initialized using 'CodeIgniter\Session\Handlers\FileHandler' driver.
DEBUG - 2026-05-18 08:07:02 --> Session: Class initialized using 'CodeIgniter\Session\Handlers\FileHandler' driver.
DEBUG - 2026-05-18 08:07:02 --> Session: Class initialized using 'CodeIgniter\Session\Handlers\FileHandler' driver.
DEBUG - 2026-05-18 08:07:03 --> Session: Class initialized using 'CodeIgniter\Session\Handlers\FileHandler' driver.
DEBUG - 2026-05-18 08:07:03 --> Session: Class initialized using 'CodeIgniter\Session\Handlers\FileHandler' driver.
DEBUG - 2026-05-18 08:07:04 --> Session: Class initialized using 'CodeIgniter\Session\Handlers\FileHandler' driver.
DEBUG - 2026-05-18 08:07:04 --> Session: Class initialized using 'CodeIgniter\Session\Handlers\FileHandler' driver.
DEBUG - 2026-05-18 08:07:04 --> Session: Class initialized using 'CodeIgniter\Session\Handlers\FileHandler' driver.
DEBUG - 2026-05-18 08:07:05 --> Session: Class initialized using 'CodeIgniter\Session\Handlers\FileHandler' driver.
DEBUG - 2026-05-18 08:07:05 --> Session: Class initialized using 'CodeIgniter\Session\Handlers\FileHandler' driver.
DEBUG - 2026-05-18 08:07:05 --> Session: Class initialized using 'CodeIgniter\Session\Handlers\FileHandler' driver.
DEBUG - 2026-05-18 08:07:06 --> Session: Class initialized using 'CodeIgniter\Session\Handlers\FileHandler' driver.
DEBUG - 2026-05-18 08:07:06 --> Session: Class initialized using 'CodeIgniter\Session\Handlers\FileHandler' driver.
DEBUG - 2026-05-18 08:07:07 --> Session: Class initialized using 'CodeIgniter\Session\Handlers\FileHandler' driver.
DEBUG - 2026-05-18 08:07:07 --> Session: Class initialized using 'CodeIgniter\Session\Handlers\FileHandler' driver.
DEBUG - 2026-05-18 08:07:08 --> Session: Class initialized using 'CodeIgniter\Session\Handlers\FileHandler' driver.
DEBUG - 2026-05-18 08:07:08 --> Session: Class initialized using 'CodeIgniter\Session\Handlers\FileHandler' driver.
DEBUG - 2026-05-18 08:07:08 --> Session: Class initialized using 'CodeIgniter\Session\Handlers\FileHandler' driver.
DEBUG - 2026-05-18 08:07:09 --> Session: Class initialized using 'CodeIgniter\Session\Handlers\FileHandler' driver.
DEBUG - 2026-05-18 08:07:10 --> Session: Class initialized using 'CodeIgniter\Session\Handlers\FileHandler' driver.
DEBUG - 2026-05-18 08:07:11 --> Session: Class initialized using 'CodeIgniter\Session\Handlers\FileHandler' driver.
DEBUG - 2026-05-18 08:07:11 --> Session: Class initialized using 'CodeIgniter\Session\Handlers\FileHandler' driver.
DEBUG - 2026-05-18 08:07:11 --> Session: Class initialized using 'CodeIgniter\Session\Handlers\FileHandler' driver.
DEBUG - 2026-05-18 08:07:12 --> Session: Class initialized using 'CodeIgniter\Session\Handlers\FileHandler' driver.
DEBUG - 2026-05-18 08:07:12 --> Session: Class initialized using 'CodeIgniter\Session\Handlers\FileHandler' driver.
DEBUG - 2026-05-18 08:07:13 --> Session: Class initialized using 'CodeIgniter\Session\Handlers\FileHandler' driver.
DEBUG - 2026-05-18 08:07:13 --> Session: Class initialized using 'CodeIgniter\Session\Handlers\FileHandler' driver.
DEBUG - 2026-05-18 08:07:13 --> Session: Class initialized using 'CodeIgniter\Session\Handlers\FileHandler' driver.
DEBUG - 2026-05-18 08:07:14 --> Session: Class initialized using 'CodeIgniter\Session\Handlers\FileHandler' driver.
DEBUG - 2026-05-18 08:07:14 --> Session: Class initialized using 'CodeIgniter\Session\Handlers\FileHandler' driver.
DEBUG - 2026-05-18 08:07:15 --> Session: Class initialized using 'CodeIgniter\Session\Handlers\FileHandler' driver.
DEBUG - 2026-05-18 08:07:15 --> Session: Class initialized using 'CodeIgniter\Session\Handlers\FileHandler' driver.
DEBUG - 2026-05-18 08:07:15 --> Session: Class initialized using 'CodeIgniter\Session\Handlers\FileHandler' driver.
DEBUG - 2026-05-18 08:07:16 --> Session: Class initialized using 'CodeIgniter\Session\Handlers\FileHandler' driver.
DEBUG - 2026-05-18 08:07:16 --> Session: Class initialized using 'CodeIgniter\Session\Handlers\FileHandler' driver.
DEBUG - 2026-05-18 08:07:17 --> Session: Class initialized using 'CodeIgniter\Session\Handlers\FileHandler' driver.
DEBUG - 2026-05-18 08:07:17 --> Session: Class initialized using 'CodeIgniter\Session\Handlers\FileHandler' driver.
DEBUG - 2026-05-18 08:07:17 --> Session: Class initialized using 'CodeIgniter\Session\Handlers\FileHandler' driver.
DEBUG - 2026-05-18 08:07:18 --> Session: Class initialized using 'CodeIgniter\Session\Handlers\FileHandler' driver.
DEBUG - 2026-05-18 08:07:40 --> Session: Class initialized using 'CodeIgniter\Session\Handlers\FileHandler' driver.
ERROR - 2026-05-18 08:09:20 --> Unknown column 'type' in 'field list'
in SYSTEMPATH\Database\MySQLi\Connection.php on line 300.
 1 SYSTEMPATH\Database\MySQLi\Connection.php(300): mysqli->query('INSERT INTO `notifications` (`user_id`, `message`, `type`, `status`, `created_at`) VALUES (17, \'Your account was created. Complete plan holder registration to unlock services and payments.\', \'registration_pending\', \'unread\', \'2026-05-18 08:09:20\')', 0)
 2 SYSTEMPATH\Database\BaseConnection.php(910): CodeIgniter\Database\MySQLi\Connection->execute('INSERT INTO `notifications` (`user_id`, `message`, `type`, `status`, `created_at`) VALUES (17, \'Your account was created. Complete plan holder registration to unlock services and payments.\', \'registration_pending\', \'unread\', \'2026-05-18 08:09:20\')')
 3 SYSTEMPATH\Database\BaseConnection.php(827): CodeIgniter\Database\BaseConnection->simpleQuery('INSERT INTO `notifications` (`user_id`, `message`, `type`, `status`, `created_at`) VALUES (17, \'Your account was created. Complete plan holder registration to unlock services and payments.\', \'registration_pending\', \'unread\', \'2026-05-18 08:09:20\')')
 4 SYSTEMPATH\Database\BaseBuilder.php(2345): CodeIgniter\Database\BaseConnection->query('INSERT INTO `notifications` (`user_id`, `message`, `type`, `status`, `created_at`) VALUES (:user_id:, :message:, :type:, :status:, :created_at:)', [...], false)
 5 APPPATH\Services\NotificationService.php(35): CodeIgniter\Database\BaseBuilder->insert([...])
 6 APPPATH\Controllers\Auth.php(167): App\Services\NotificationService->notify(17, 'Your account was created. Complete plan holder registration to unlock services and payments.', 'registration_pending')
 7 SYSTEMPATH\CodeIgniter.php(951): App\Controllers\Auth->attemptRegister()
 8 SYSTEMPATH\CodeIgniter.php(497): CodeIgniter\CodeIgniter->runController(Object(App\Controllers\Auth))
 9 SYSTEMPATH\CodeIgniter.php(340): CodeIgniter\CodeIgniter->handleRequest(null, Object(Config\Cache), false)
10 SYSTEMPATH\Boot.php(417): CodeIgniter\CodeIgniter->run()
11 SYSTEMPATH\Boot.php(68): CodeIgniter\Boot::runCodeIgniter(Object(CodeIgniter\CodeIgniter))
12 FCPATH\index.php(59): CodeIgniter\Boot::bootWeb(Object(Config\Paths))
ERROR - 2026-05-18 08:09:20 --> NotificationService::notify - Unknown column 'type' in 'field list'
DEBUG - 2026-05-18 08:09:20 --> Session: Class initialized using 'CodeIgniter\Session\Handlers\FileHandler' driver.
DEBUG - 2026-05-18 08:09:20 --> Session: Class initialized using 'CodeIgniter\Session\Handlers\FileHandler' driver.
DEBUG - 2026-05-18 08:09:52 --> Session: Class initialized using 'CodeIgniter\Session\Handlers\FileHandler' driver.
DEBUG - 2026-05-18 08:09:53 --> Session: Class initialized using 'CodeIgniter\Session\Handlers\FileHandler' driver.
DEBUG - 2026-05-18 08:10:13 --> Session: Class initialized using 'CodeIgniter\Session\Handlers\FileHandler' driver.
DEBUG - 2026-05-18 08:10:17 --> Session: Class initialized using 'CodeIgniter\Session\Handlers\FileHandler' driver.
DEBUG - 2026-05-18 08:10:17 --> Session: Class initialized using 'CodeIgniter\Session\Handlers\FileHandler' driver.
DEBUG - 2026-05-18 08:10:23 --> Session: Class initialized using 'CodeIgniter\Session\Handlers\FileHandler' driver.
DEBUG - 2026-05-18 08:10:24 --> Session: Class initialized using 'CodeIgniter\Session\Handlers\FileHandler' driver.
DEBUG - 2026-05-18 08:10:27 --> Session: Class initialized using 'CodeIgniter\Session\Handlers\FileHandler' driver.
DEBUG - 2026-05-18 08:10:29 --> Session: Class initialized using 'CodeIgniter\Session\Handlers\FileHandler' driver.
DEBUG - 2026-05-18 08:10:31 --> Session: Class initialized using 'CodeIgniter\Session\Handlers\FileHandler' driver.
DEBUG - 2026-05-18 08:18:24 --> Session: Class initialized using 'CodeIgniter\Session\Handlers\FileHandler' driver.
DEBUG - 2026-05-18 08:18:26 --> Session: Class initialized using 'CodeIgniter\Session\Handlers\FileHandler' driver.
DEBUG - 2026-05-18 08:18:35 --> Session: Class initialized using 'CodeIgniter\Session\Handlers\FileHandler' driver.
DEBUG - 2026-05-18 08:18:45 --> Session: Class initialized using 'CodeIgniter\Session\Handlers\FileHandler' driver.
ERROR - 2026-05-18 08:18:45 --> Unknown column 'type' in 'field list'
in SYSTEMPATH\Database\MySQLi\Connection.php on line 300.
 1 SYSTEMPATH\Database\MySQLi\Connection.php(300): mysqli->query('INSERT INTO `notifications` (`user_id`, `message`, `type`, `status`, `created_at`) VALUES (17, \'Your registration has been approved. Your plan is now active.\', \'registration_pending\', \'unread\', \'2026-05-18 08:18:45\')', 0)
 2 SYSTEMPATH\Database\BaseConnection.php(910): CodeIgniter\Database\MySQLi\Connection->execute('INSERT INTO `notifications` (`user_id`, `message`, `type`, `status`, `created_at`) VALUES (17, \'Your registration has been approved. Your plan is now active.\', \'registration_pending\', \'unread\', \'2026-05-18 08:18:45\')')
 3 SYSTEMPATH\Database\BaseConnection.php(827): CodeIgniter\Database\BaseConnection->simpleQuery('INSERT INTO `notifications` (`user_id`, `message`, `type`, `status`, `created_at`) VALUES (17, \'Your registration has been approved. Your plan is now active.\', \'registration_pending\', \'unread\', \'2026-05-18 08:18:45\')')
 4 SYSTEMPATH\Database\BaseBuilder.php(2345): CodeIgniter\Database\BaseConnection->query('INSERT INTO `notifications` (`user_id`, `message`, `type`, `status`, `created_at`) VALUES (:user_id:, :message:, :type:, :status:, :created_at:)', [...], false)
 5 APPPATH\Services\NotificationService.php(35): CodeIgniter\Database\BaseBuilder->insert([...])
 6 APPPATH\Controllers\PaymentTracking.php(543): App\Services\NotificationService->notify(17, 'Your registration has been approved. Your plan is now active.', 'registration_pending')
 7 APPPATH\Controllers\PaymentTracking.php(208): App\Controllers\PaymentTracking->autoApprovePlanHolderFromInitialPayment([...], 1)
 8 SYSTEMPATH\CodeIgniter.php(951): App\Controllers\PaymentTracking->recordCash()
 9 SYSTEMPATH\CodeIgniter.php(497): CodeIgniter\CodeIgniter->runController(Object(App\Controllers\PaymentTracking))
10 SYSTEMPATH\CodeIgniter.php(340): CodeIgniter\CodeIgniter->handleRequest(null, Object(Config\Cache), false)
11 SYSTEMPATH\Boot.php(417): CodeIgniter\CodeIgniter->run()
12 SYSTEMPATH\Boot.php(68): CodeIgniter\Boot::runCodeIgniter(Object(CodeIgniter\CodeIgniter))
13 FCPATH\index.php(59): CodeIgniter\Boot::bootWeb(Object(Config\Paths))
ERROR - 2026-05-18 08:18:45 --> Unknown column 'type' in 'field list'
in SYSTEMPATH\Database\MySQLi\Connection.php on line 300.
 1 SYSTEMPATH\Database\MySQLi\Connection.php(300): mysqli->query('INSERT INTO `notifications` (`user_id`, `message`, `type`, `status`, `created_at`) VALUES (17, \'Your advance payment covering 1 month has been approved.\', \'payment_approved\', \'unread\', \'2026-05-18 08:18:45\')', 0)
 2 SYSTEMPATH\Database\BaseConnection.php(910): CodeIgniter\Database\MySQLi\Connection->execute('INSERT INTO `notifications` (`user_id`, `message`, `type`, `status`, `created_at`) VALUES (17, \'Your advance payment covering 1 month has been approved.\', \'payment_approved\', \'unread\', \'2026-05-18 08:18:45\')')
 3 SYSTEMPATH\Database\BaseConnection.php(827): CodeIgniter\Database\BaseConnection->simpleQuery('INSERT INTO `notifications` (`user_id`, `message`, `type`, `status`, `created_at`) VALUES (17, \'Your advance payment covering 1 month has been approved.\', \'payment_approved\', \'unread\', \'2026-05-18 08:18:45\')')
 4 SYSTEMPATH\Database\BaseBuilder.php(2345): CodeIgniter\Database\BaseConnection->query('INSERT INTO `notifications` (`user_id`, `message`, `type`, `status`, `created_at`) VALUES (:user_id:, :message:, :type:, :status:, :created_at:)', [...], false)
 5 APPPATH\Services\NotificationService.php(35): CodeIgniter\Database\BaseBuilder->insert([...])
 6 APPPATH\Controllers\PaymentTracking.php(222): App\Services\NotificationService->notify(17, 'Your advance payment covering 1 month has been approved.', 'payment_approved')
 7 SYSTEMPATH\CodeIgniter.php(951): App\Controllers\PaymentTracking->recordCash()
 8 SYSTEMPATH\CodeIgniter.php(497): CodeIgniter\CodeIgniter->runController(Object(App\Controllers\PaymentTracking))
 9 SYSTEMPATH\CodeIgniter.php(340): CodeIgniter\CodeIgniter->handleRequest(null, Object(Config\Cache), false)
10 SYSTEMPATH\Boot.php(417): CodeIgniter\CodeIgniter->run()
11 SYSTEMPATH\Boot.php(68): CodeIgniter\Boot::runCodeIgniter(Object(CodeIgniter\CodeIgniter))
12 FCPATH\index.php(59): CodeIgniter\Boot::bootWeb(Object(Config\Paths))
ERROR - 2026-05-18 08:18:45 --> NotificationService::notify - Unknown column 'type' in 'field list'
DEBUG - 2026-05-18 08:18:46 --> Session: Class initialized using 'CodeIgniter\Session\Handlers\FileHandler' driver.
DEBUG - 2026-05-18 08:19:04 --> Session: Class initialized using 'CodeIgniter\Session\Handlers\FileHandler' driver.
DEBUG - 2026-05-18 08:19:04 --> [CashPayment] Client entered receipt: "2026-0001" for plan_id: 5
DEBUG - 2026-05-18 08:19:04 --> [CashPayment] Plan details: {"plan_id":"5","plan_holder_id":"12","package_id":"1","monthly_fee":"240.00","passbook_fee":"50.00","start_date":"2026-05-18","status":"inactive","months_paid":"0","remaining_balance":"2880.00","version_id":"1","next_due_date":null}
DEBUG - 2026-05-18 08:19:04 --> [CashPayment] Latest cash payment row for plan 5: {"payment_id":"13","plan_id":"5","amount":"240.00","payment_date":"2026-05-18","payment_method":"cash","reference_number":"2026-0001","official_receipt_number":"2026-0001","status":"paid","remarks":"Recorded at branch counter"}
ERROR - 2026-05-18 08:19:04 --> Unknown column 'membership_state' in 'field list'
in SYSTEMPATH\Database\MySQLi\Connection.php on line 300.
 1 SYSTEMPATH\Database\MySQLi\Connection.php(300): mysqli->query('UPDATE `plans` SET `status` = \'active\', `membership_state` = \'active\'
WHERE `plan_id` = 5', 0)
 2 SYSTEMPATH\Database\BaseConnection.php(910): CodeIgniter\Database\MySQLi\Connection->execute('UPDATE `plans` SET `status` = \'active\', `membership_state` = \'active\'
WHERE `plan_id` = 5')
 3 SYSTEMPATH\Database\BaseConnection.php(827): CodeIgniter\Database\BaseConnection->simpleQuery('UPDATE `plans` SET `status` = \'active\', `membership_state` = \'active\'
WHERE `plan_id` = 5')
 4 SYSTEMPATH\Database\BaseBuilder.php(2521): CodeIgniter\Database\BaseConnection->query('UPDATE `plans` SET `status` = :status:, `membership_state` = :membership_state:
WHERE `plan_id` = :plan_id:', [...], false)
 5 APPPATH\Services\ApprovalService.php(71): CodeIgniter\Database\BaseBuilder->update([...])
 6 APPPATH\Controllers\Client\ClientPaymentInitialController.php(225): App\Services\ApprovalService->approveInitialPayment(13)
 7 SYSTEMPATH\CodeIgniter.php(951): App\Controllers\Client\ClientPaymentInitialController->submitInitialPayment()
 8 SYSTEMPATH\CodeIgniter.php(497): CodeIgniter\CodeIgniter->runController(Object(App\Controllers\Client\ClientPaymentInitialController))
 9 SYSTEMPATH\CodeIgniter.php(340): CodeIgniter\CodeIgniter->handleRequest(null, Object(Config\Cache), false)
10 SYSTEMPATH\Boot.php(417): CodeIgniter\CodeIgniter->run()
11 SYSTEMPATH\Boot.php(68): CodeIgniter\Boot::runCodeIgniter(Object(CodeIgniter\CodeIgniter))
12 FCPATH\index.php(59): CodeIgniter\Boot::bootWeb(Object(Config\Paths))
ERROR - 2026-05-18 08:19:04 --> Unknown column 'payment_coverage_until' in 'field list'
in SYSTEMPATH\Database\MySQLi\Connection.php on line 300.
 1 SYSTEMPATH\Database\MySQLi\Connection.php(300): mysqli->query('UPDATE `plans` SET `payment_coverage_until` = \'2026-06-18\', `next_due_date` = \'2026-06-19\', `overdue_months` = 0, `membership_state` = \'active\', `months_paid` = 1
WHERE `plans`.`plan_id` IN (5)', 0)
 2 SYSTEMPATH\Database\BaseConnection.php(910): CodeIgniter\Database\MySQLi\Connection->execute('UPDATE `plans` SET `payment_coverage_until` = \'2026-06-18\', `next_due_date` = \'2026-06-19\', `overdue_months` = 0, `membership_state` = \'active\', `months_paid` = 1
WHERE `plans`.`plan_id` IN (5)')
 3 SYSTEMPATH\Database\BaseConnection.php(827): CodeIgniter\Database\BaseConnection->simpleQuery('UPDATE `plans` SET `payment_coverage_until` = \'2026-06-18\', `next_due_date` = \'2026-06-19\', `overdue_months` = 0, `membership_state` = \'active\', `months_paid` = 1
WHERE `plans`.`plan_id` IN (5)')
 4 SYSTEMPATH\Database\BaseBuilder.php(2521): CodeIgniter\Database\BaseConnection->query('UPDATE `plans` SET `payment_coverage_until` = :payment_coverage_until:, `next_due_date` = :next_due_date:, `overdue_months` = :overdue_months:, `membership_state` = :membership_state:, `months_paid` = :months_paid:
WHERE `plans`.`plan_id` IN :plans.plan_id:', [...], false)
 5 SYSTEMPATH\Model.php(406): CodeIgniter\Database\BaseBuilder->update()
 6 SYSTEMPATH\BaseModel.php(1074): CodeIgniter\Model->doUpdate([...], [...])
 7 SYSTEMPATH\Model.php(709): CodeIgniter\BaseModel->update([...], [...])
 8 APPPATH\Services\MembershipService.php(332): CodeIgniter\Model->update(5, [...])
 9 APPPATH\Services\ApprovalService.php(76): App\Services\MembershipService->applyMembershipCoverage(5, 1)
10 APPPATH\Controllers\Client\ClientPaymentInitialController.php(225): App\Services\ApprovalService->approveInitialPayment(13)
11 SYSTEMPATH\CodeIgniter.php(951): App\Controllers\Client\ClientPaymentInitialController->submitInitialPayment()
12 SYSTEMPATH\CodeIgniter.php(497): CodeIgniter\CodeIgniter->runController(Object(App\Controllers\Client\ClientPaymentInitialController))
13 SYSTEMPATH\CodeIgniter.php(340): CodeIgniter\CodeIgniter->handleRequest(null, Object(Config\Cache), false)
14 SYSTEMPATH\Boot.php(417): CodeIgniter\CodeIgniter->run()
15 SYSTEMPATH\Boot.php(68): CodeIgniter\Boot::runCodeIgniter(Object(CodeIgniter\CodeIgniter))
16 FCPATH\index.php(59): CodeIgniter\Boot::bootWeb(Object(Config\Paths))
ERROR - 2026-05-18 08:19:04 --> Unknown column 'type' in 'field list'
in SYSTEMPATH\Database\MySQLi\Connection.php on line 300.
 1 SYSTEMPATH\Database\MySQLi\Connection.php(300): mysqli->query('INSERT INTO `notifications` (`user_id`, `message`, `type`, `status`, `created_at`) VALUES (17, \'Your registration has been approved. Your plan is now active.\', \'general\', \'unread\', \'2026-05-18 08:19:04\')', 0)
 2 SYSTEMPATH\Database\BaseConnection.php(910): CodeIgniter\Database\MySQLi\Connection->execute('INSERT INTO `notifications` (`user_id`, `message`, `type`, `status`, `created_at`) VALUES (17, \'Your registration has been approved. Your plan is now active.\', \'general\', \'unread\', \'2026-05-18 08:19:04\')')
 3 SYSTEMPATH\Database\BaseConnection.php(827): CodeIgniter\Database\BaseConnection->simpleQuery('INSERT INTO `notifications` (`user_id`, `message`, `type`, `status`, `created_at`) VALUES (17, \'Your registration has been approved. Your plan is now active.\', \'general\', \'unread\', \'2026-05-18 08:19:04\')')
 4 SYSTEMPATH\Database\BaseBuilder.php(2345): CodeIgniter\Database\BaseConnection->query('INSERT INTO `notifications` (`user_id`, `message`, `type`, `status`, `created_at`) VALUES (:user_id:, :message:, :type:, :status:, :created_at:)', [...], false)
 5 APPPATH\Services\NotificationService.php(35): CodeIgniter\Database\BaseBuilder->insert([...])
 6 APPPATH\Services\ApprovalService.php(93): App\Services\NotificationService->notify(17, 'Your registration has been approved. Your plan is now active.', 'general')
 7 APPPATH\Controllers\Client\ClientPaymentInitialController.php(225): App\Services\ApprovalService->approveInitialPayment(13)
 8 SYSTEMPATH\CodeIgniter.php(951): App\Controllers\Client\ClientPaymentInitialController->submitInitialPayment()
 9 SYSTEMPATH\CodeIgniter.php(497): CodeIgniter\CodeIgniter->runController(Object(App\Controllers\Client\ClientPaymentInitialController))
10 SYSTEMPATH\CodeIgniter.php(340): CodeIgniter\CodeIgniter->handleRequest(null, Object(Config\Cache), false)
11 SYSTEMPATH\Boot.php(417): CodeIgniter\CodeIgniter->run()
12 SYSTEMPATH\Boot.php(68): CodeIgniter\Boot::runCodeIgniter(Object(CodeIgniter\CodeIgniter))
13 FCPATH\index.php(59): CodeIgniter\Boot::bootWeb(Object(Config\Paths))
WARNING - 2026-05-18 08:19:04 --> [CashPayment] ApprovalService fallback activation applied for payment_id=13
ERROR - 2026-05-18 08:19:04 --> Unknown column 'type' in 'field list'
in SYSTEMPATH\Database\MySQLi\Connection.php on line 300.
 1 SYSTEMPATH\Database\MySQLi\Connection.php(300): mysqli->query('INSERT INTO `notifications` (`user_id`, `message`, `type`, `status`, `created_at`) VALUES (17, \'Initial payment of PHP 240.00 has been verified and approved!\', \'payment_approved\', \'unread\', \'2026-05-18 08:19:04\')', 0)
 2 SYSTEMPATH\Database\BaseConnection.php(910): CodeIgniter\Database\MySQLi\Connection->execute('INSERT INTO `notifications` (`user_id`, `message`, `type`, `status`, `created_at`) VALUES (17, \'Initial payment of PHP 240.00 has been verified and approved!\', \'payment_approved\', \'unread\', \'2026-05-18 08:19:04\')')
 3 SYSTEMPATH\Database\BaseConnection.php(827): CodeIgniter\Database\BaseConnection->simpleQuery('INSERT INTO `notifications` (`user_id`, `message`, `type`, `status`, `created_at`) VALUES (17, \'Initial payment of PHP 240.00 has been verified and approved!\', \'payment_approved\', \'unread\', \'2026-05-18 08:19:04\')')
 4 SYSTEMPATH\Database\BaseBuilder.php(2345): CodeIgniter\Database\BaseConnection->query('INSERT INTO `notifications` (`user_id`, `message`, `type`, `status`, `created_at`) VALUES (:user_id:, :message:, :type:, :status:, :created_at:)', [...], false)
 5 APPPATH\Services\NotificationService.php(35): CodeIgniter\Database\BaseBuilder->insert([...])
 6 APPPATH\Controllers\Client\ClientPaymentInitialController.php(251): App\Services\NotificationService->notify(17, 'Initial payment of PHP 240.00 has been verified and approved!', 'payment_approved')
 7 SYSTEMPATH\CodeIgniter.php(951): App\Controllers\Client\ClientPaymentInitialController->submitInitialPayment()
 8 SYSTEMPATH\CodeIgniter.php(497): CodeIgniter\CodeIgniter->runController(Object(App\Controllers\Client\ClientPaymentInitialController))
 9 SYSTEMPATH\CodeIgniter.php(340): CodeIgniter\CodeIgniter->handleRequest(null, Object(Config\Cache), false)
10 SYSTEMPATH\Boot.php(417): CodeIgniter\CodeIgniter->run()
11 SYSTEMPATH\Boot.php(68): CodeIgniter\Boot::runCodeIgniter(Object(CodeIgniter\CodeIgniter))
12 FCPATH\index.php(59): CodeIgniter\Boot::bootWeb(Object(Config\Paths))
ERROR - 2026-05-18 08:19:04 --> NotificationService::notify - Unknown column 'type' in 'field list'
DEBUG - 2026-05-18 08:19:04 --> Session: Class initialized using 'CodeIgniter\Session\Handlers\FileHandler' driver.
DEBUG - 2026-05-18 08:19:05 --> Session: Class initialized using 'CodeIgniter\Session\Handlers\FileHandler' driver.
CRITICAL - 2026-05-18 08:19:05 --> ErrorException: Undefined variable $membership_since
[Method: GET, Route: dashboard/plan-holder]
in APPPATH\Views\client\dashboard.php on line 93.
 1 APPPATH\Views\client\dashboard.php(93): CodeIgniter\Debug\Exceptions->errorHandler(2, 'Undefined variable $membership_since', 'C:\\xampp\\htdocs\\caresync\\ci4\\app\\Views\\client\\dashboard.php', 93)
 2 SYSTEMPATH\View\View.php(240): include('C:\\xampp\\htdocs\\caresync\\ci4\\app\\Views\\client\\dashboard.php')
 3 SYSTEMPATH\View\View.php(243): CodeIgniter\View\View->CodeIgniter\View\{closure}()
 4 SYSTEMPATH\Common.php(1250): CodeIgniter\View\View->render('client/dashboard', [], true)
 5 APPPATH\Controllers\ClientPortal.php(60): view('client/dashboard', [...])
 6 SYSTEMPATH\CodeIgniter.php(951): App\Controllers\ClientPortal->dashboard()
 7 SYSTEMPATH\CodeIgniter.php(497): CodeIgniter\CodeIgniter->runController(Object(App\Controllers\ClientPortal))
 8 SYSTEMPATH\CodeIgniter.php(340): CodeIgniter\CodeIgniter->handleRequest(null, Object(Config\Cache), false)
 9 SYSTEMPATH\Boot.php(417): CodeIgniter\CodeIgniter->run()
10 SYSTEMPATH\Boot.php(68): CodeIgniter\Boot::runCodeIgniter(Object(CodeIgniter\CodeIgniter))
11 FCPATH\index.php(59): CodeIgniter\Boot::bootWeb(Object(Config\Paths))
DEBUG - 2026-05-18 08:21:13 --> Session: Class initialized using 'CodeIgniter\Session\Handlers\FileHandler' driver.
CRITICAL - 2026-05-18 08:21:13 --> ErrorException: Undefined variable $branch_name
[Method: GET, Route: dashboard/plan-holder]
in APPPATH\Views\client\dashboard.php on line 97.
 1 APPPATH\Views\client\dashboard.php(97): CodeIgniter\Debug\Exceptions->errorHandler(2, 'Undefined variable $branch_name', 'C:\\xampp\\htdocs\\caresync\\ci4\\app\\Views\\client\\dashboard.php', 97)
 2 SYSTEMPATH\View\View.php(240): include('C:\\xampp\\htdocs\\caresync\\ci4\\app\\Views\\client\\dashboard.php')
 3 SYSTEMPATH\View\View.php(243): CodeIgniter\View\View->CodeIgniter\View\{closure}()
 4 SYSTEMPATH\Common.php(1250): CodeIgniter\View\View->render('client/dashboard', [], true)
 5 APPPATH\Controllers\ClientPortal.php(67): view('client/dashboard', [...])
 6 SYSTEMPATH\CodeIgniter.php(951): App\Controllers\ClientPortal->dashboard()
 7 SYSTEMPATH\CodeIgniter.php(497): CodeIgniter\CodeIgniter->runController(Object(App\Controllers\ClientPortal))
 8 SYSTEMPATH\CodeIgniter.php(340): CodeIgniter\CodeIgniter->handleRequest(null, Object(Config\Cache), false)
 9 SYSTEMPATH\Boot.php(417): CodeIgniter\CodeIgniter->run()
10 SYSTEMPATH\Boot.php(68): CodeIgniter\Boot::runCodeIgniter(Object(CodeIgniter\CodeIgniter))
11 FCPATH\index.php(59): CodeIgniter\Boot::bootWeb(Object(Config\Paths))
DEBUG - 2026-05-18 08:21:15 --> Session: Class initialized using 'CodeIgniter\Session\Handlers\FileHandler' driver.
CRITICAL - 2026-05-18 08:21:15 --> ErrorException: Undefined variable $branch_name
[Method: GET, Route: dashboard/plan-holder]
in APPPATH\Views\client\dashboard.php on line 97.
 1 APPPATH\Views\client\dashboard.php(97): CodeIgniter\Debug\Exceptions->errorHandler(2, 'Undefined variable $branch_name', 'C:\\xampp\\htdocs\\caresync\\ci4\\app\\Views\\client\\dashboard.php', 97)
 2 SYSTEMPATH\View\View.php(240): include('C:\\xampp\\htdocs\\caresync\\ci4\\app\\Views\\client\\dashboard.php')
 3 SYSTEMPATH\View\View.php(243): CodeIgniter\View\View->CodeIgniter\View\{closure}()
 4 SYSTEMPATH\Common.php(1250): CodeIgniter\View\View->render('client/dashboard', [], true)
 5 APPPATH\Controllers\ClientPortal.php(67): view('client/dashboard', [...])
 6 SYSTEMPATH\CodeIgniter.php(951): App\Controllers\ClientPortal->dashboard()
 7 SYSTEMPATH\CodeIgniter.php(497): CodeIgniter\CodeIgniter->runController(Object(App\Controllers\ClientPortal))
 8 SYSTEMPATH\CodeIgniter.php(340): CodeIgniter\CodeIgniter->handleRequest(null, Object(Config\Cache), false)
 9 SYSTEMPATH\Boot.php(417): CodeIgniter\CodeIgniter->run()
10 SYSTEMPATH\Boot.php(68): CodeIgniter\Boot::runCodeIgniter(Object(CodeIgniter\CodeIgniter))
11 FCPATH\index.php(59): CodeIgniter\Boot::bootWeb(Object(Config\Paths))
DEBUG - 2026-05-18 08:27:02 --> Session: Class initialized using 'CodeIgniter\Session\Handlers\FileHandler' driver.
DEBUG - 2026-05-18 08:42:43 --> Session: Class initialized using 'CodeIgniter\Session\Handlers\FileHandler' driver.
DEBUG - 2026-05-18 08:46:14 --> Session: Class initialized using 'CodeIgniter\Session\Handlers\FileHandler' driver.
CRITICAL - 2026-05-18 08:46:14 --> Error: Class "App\Controllers\PaymentService" not found
[Method: GET, Route: dashboard/plan-holder]
in APPPATH\Controllers\ClientPortal.php on line 58.
 1 SYSTEMPATH\CodeIgniter.php(951): App\Controllers\ClientPortal->dashboard()
 2 SYSTEMPATH\CodeIgniter.php(497): CodeIgniter\CodeIgniter->runController(Object(App\Controllers\ClientPortal))
 3 SYSTEMPATH\CodeIgniter.php(340): CodeIgniter\CodeIgniter->handleRequest(null, Object(Config\Cache), false)
 4 SYSTEMPATH\Boot.php(417): CodeIgniter\CodeIgniter->run()
 5 SYSTEMPATH\Boot.php(68): CodeIgniter\Boot::runCodeIgniter(Object(CodeIgniter\CodeIgniter))
 6 FCPATH\index.php(59): CodeIgniter\Boot::bootWeb(Object(Config\Paths))
DEBUG - 2026-05-18 08:53:02 --> Session: Class initialized using 'CodeIgniter\Session\Handlers\FileHandler' driver.
DEBUG - 2026-05-18 08:53:48 --> Session: Class initialized using 'CodeIgniter\Session\Handlers\FileHandler' driver.
DEBUG - 2026-05-18 08:53:58 --> Session: Class initialized using 'CodeIgniter\Session\Handlers\FileHandler' driver.
DEBUG - 2026-05-18 09:02:35 --> Session: Class initialized using 'CodeIgniter\Session\Handlers\FileHandler' driver.
DEBUG - 2026-05-18 09:04:22 --> Session: Class initialized using 'CodeIgniter\Session\Handlers\FileHandler' driver.
ERROR - 2026-05-18 09:04:23 --> Unknown column 'payment_coverage_until' in 'field list'
in SYSTEMPATH\Database\MySQLi\Connection.php on line 300.
 1 SYSTEMPATH\Database\MySQLi\Connection.php(300): mysqli->query('UPDATE `plans` SET `payment_coverage_until` = \'2026-06-18\', `next_due_date` = \'2026-06-19\', `overdue_months` = 0, `membership_state` = \'active\', `months_paid` = 1
WHERE `plans`.`plan_id` IN (5)', 0)
 2 SYSTEMPATH\Database\BaseConnection.php(910): CodeIgniter\Database\MySQLi\Connection->execute('UPDATE `plans` SET `payment_coverage_until` = \'2026-06-18\', `next_due_date` = \'2026-06-19\', `overdue_months` = 0, `membership_state` = \'active\', `months_paid` = 1
WHERE `plans`.`plan_id` IN (5)')
 3 SYSTEMPATH\Database\BaseConnection.php(827): CodeIgniter\Database\BaseConnection->simpleQuery('UPDATE `plans` SET `payment_coverage_until` = \'2026-06-18\', `next_due_date` = \'2026-06-19\', `overdue_months` = 0, `membership_state` = \'active\', `months_paid` = 1
WHERE `plans`.`plan_id` IN (5)')
 4 SYSTEMPATH\Database\BaseBuilder.php(2521): CodeIgniter\Database\BaseConnection->query('UPDATE `plans` SET `payment_coverage_until` = :payment_coverage_until:, `next_due_date` = :next_due_date:, `overdue_months` = :overdue_months:, `membership_state` = :membership_state:, `months_paid` = :months_paid:
WHERE `plans`.`plan_id` IN :plans.plan_id:', [...], false)
 5 SYSTEMPATH\Model.php(406): CodeIgniter\Database\BaseBuilder->update()
 6 SYSTEMPATH\BaseModel.php(1074): CodeIgniter\Model->doUpdate([...], [...])
 7 SYSTEMPATH\Model.php(709): CodeIgniter\BaseModel->update([...], [...])
 8 APPPATH\Services\MembershipService.php(333): CodeIgniter\Model->update(5, [...])
 9 APPPATH\Controllers\PaymentTracking.php(212): App\Services\MembershipService->applyMembershipCoverage(5, 1)
10 SYSTEMPATH\CodeIgniter.php(951): App\Controllers\PaymentTracking->recordCash()
11 SYSTEMPATH\CodeIgniter.php(497): CodeIgniter\CodeIgniter->runController(Object(App\Controllers\PaymentTracking))
12 SYSTEMPATH\CodeIgniter.php(340): CodeIgniter\CodeIgniter->handleRequest(null, Object(Config\Cache), false)
13 SYSTEMPATH\Boot.php(417): CodeIgniter\CodeIgniter->run()
14 SYSTEMPATH\Boot.php(68): CodeIgniter\Boot::runCodeIgniter(Object(CodeIgniter\CodeIgniter))
15 FCPATH\index.php(59): CodeIgniter\Boot::bootWeb(Object(Config\Paths))
ERROR - 2026-05-18 09:04:23 --> Unknown column 'type' in 'field list'
in SYSTEMPATH\Database\MySQLi\Connection.php on line 300.
 1 SYSTEMPATH\Database\MySQLi\Connection.php(300): mysqli->query('INSERT INTO `notifications` (`user_id`, `message`, `type`, `status`, `created_at`) VALUES (17, \'Your advance payment covering 1 month has been approved.\', \'payment_approved\', \'unread\', \'2026-05-18 09:04:23\')', 0)
 2 SYSTEMPATH\Database\BaseConnection.php(910): CodeIgniter\Database\MySQLi\Connection->execute('INSERT INTO `notifications` (`user_id`, `message`, `type`, `status`, `created_at`) VALUES (17, \'Your advance payment covering 1 month has been approved.\', \'payment_approved\', \'unread\', \'2026-05-18 09:04:23\')')
 3 SYSTEMPATH\Database\BaseConnection.php(827): CodeIgniter\Database\BaseConnection->simpleQuery('INSERT INTO `notifications` (`user_id`, `message`, `type`, `status`, `created_at`) VALUES (17, \'Your advance payment covering 1 month has been approved.\', \'payment_approved\', \'unread\', \'2026-05-18 09:04:23\')')
 4 SYSTEMPATH\Database\BaseBuilder.php(2345): CodeIgniter\Database\BaseConnection->query('INSERT INTO `notifications` (`user_id`, `message`, `type`, `status`, `created_at`) VALUES (:user_id:, :message:, :type:, :status:, :created_at:)', [...], false)
 5 APPPATH\Services\NotificationService.php(35): CodeIgniter\Database\BaseBuilder->insert([...])
 6 APPPATH\Controllers\PaymentTracking.php(222): App\Services\NotificationService->notify(17, 'Your advance payment covering 1 month has been approved.', 'payment_approved')
 7 SYSTEMPATH\CodeIgniter.php(951): App\Controllers\PaymentTracking->recordCash()
 8 SYSTEMPATH\CodeIgniter.php(497): CodeIgniter\CodeIgniter->runController(Object(App\Controllers\PaymentTracking))
 9 SYSTEMPATH\CodeIgniter.php(340): CodeIgniter\CodeIgniter->handleRequest(null, Object(Config\Cache), false)
10 SYSTEMPATH\Boot.php(417): CodeIgniter\CodeIgniter->run()
11 SYSTEMPATH\Boot.php(68): CodeIgniter\Boot::runCodeIgniter(Object(CodeIgniter\CodeIgniter))
12 FCPATH\index.php(59): CodeIgniter\Boot::bootWeb(Object(Config\Paths))
ERROR - 2026-05-18 09:04:23 --> NotificationService::notify - Unknown column 'type' in 'field list'
DEBUG - 2026-05-18 09:04:23 --> Session: Class initialized using 'CodeIgniter\Session\Handlers\FileHandler' driver.
DEBUG - 2026-05-18 09:04:46 --> Session: Class initialized using 'CodeIgniter\Session\Handlers\FileHandler' driver.
DEBUG - 2026-05-18 09:05:36 --> Session: Class initialized using 'CodeIgniter\Session\Handlers\FileHandler' driver.
DEBUG - 2026-05-18 09:07:19 --> Session: Class initialized using 'CodeIgniter\Session\Handlers\FileHandler' driver.
DEBUG - 2026-05-18 09:07:20 --> Session: Class initialized using 'CodeIgniter\Session\Handlers\FileHandler' driver.
DEBUG - 2026-05-18 17:11:53 --> Session: Class initialized using 'CodeIgniter\Session\Handlers\FileHandler' driver.
DEBUG - 2026-05-18 17:11:55 --> Session: Class initialized using 'CodeIgniter\Session\Handlers\FileHandler' driver.
DEBUG - 2026-05-18 17:12:01 --> Session: Class initialized using 'CodeIgniter\Session\Handlers\FileHandler' driver.
DEBUG - 2026-05-18 17:12:02 --> Session: Class initialized using 'CodeIgniter\Session\Handlers\FileHandler' driver.
DEBUG - 2026-05-18 17:12:12 --> Session: Class initialized using 'CodeIgniter\Session\Handlers\FileHandler' driver.
DEBUG - 2026-05-18 17:12:58 --> Session: Class initialized using 'CodeIgniter\Session\Handlers\FileHandler' driver.
DEBUG - 2026-05-18 17:12:59 --> Session: Class initialized using 'CodeIgniter\Session\Handlers\FileHandler' driver.
DEBUG - 2026-05-18 17:13:41 --> Session: Class initialized using 'CodeIgniter\Session\Handlers\FileHandler' driver.
DEBUG - 2026-05-18 17:13:41 --> Session: Class initialized using 'CodeIgniter\Session\Handlers\FileHandler' driver.
DEBUG - 2026-05-18 17:14:21 --> Session: Class initialized using 'CodeIgniter\Session\Handlers\FileHandler' driver.
DEBUG - 2026-05-18 17:25:45 --> Session: Class initialized using 'CodeIgniter\Session\Handlers\FileHandler' driver.
DEBUG - 2026-05-18 17:25:48 --> Session: Class initialized using 'CodeIgniter\Session\Handlers\FileHandler' driver.
DEBUG - 2026-05-18 17:25:56 --> Session: Class initialized using 'CodeIgniter\Session\Handlers\FileHandler' driver.
DEBUG - 2026-05-18 17:26:07 --> Session: Class initialized using 'CodeIgniter\Session\Handlers\FileHandler' driver.
DEBUG - 2026-05-18 17:26:20 --> Session: Class initialized using 'CodeIgniter\Session\Handlers\FileHandler' driver.
DEBUG - 2026-05-18 17:26:24 --> Session: Class initialized using 'CodeIgniter\Session\Handlers\FileHandler' driver.
DEBUG - 2026-05-18 17:26:36 --> Session: Class initialized using 'CodeIgniter\Session\Handlers\FileHandler' driver.
DEBUG - 2026-05-18 17:35:07 --> Session: Class initialized using 'CodeIgniter\Session\Handlers\FileHandler' driver.
CRITICAL - 2026-05-18 17:35:07 --> CodeIgniter\Exceptions\RuntimeException: View themes, no current section.
[Method: GET, Route: client/service]
in SYSTEMPATH\View\View.php on line 444.
 1 APPPATH\Views\client\services.php(320): CodeIgniter\View\View->endSection()
 2 SYSTEMPATH\View\View.php(240): include('C:\\xampp\\htdocs\\caresync\\ci4\\app\\Views\\client\\services.php')
 3 SYSTEMPATH\View\View.php(243): CodeIgniter\View\View->CodeIgniter\View\{closure}()
 4 SYSTEMPATH\Common.php(1250): CodeIgniter\View\View->render('client/services', [], true)
 5 APPPATH\Controllers\Client\ClientServiceController.php(58): view('client/services', [...])
 6 SYSTEMPATH\CodeIgniter.php(951): App\Controllers\Client\ClientServiceController->services()
 7 SYSTEMPATH\CodeIgniter.php(497): CodeIgniter\CodeIgniter->runController(Object(App\Controllers\Client\ClientServiceController))
 8 SYSTEMPATH\CodeIgniter.php(340): CodeIgniter\CodeIgniter->handleRequest(null, Object(Config\Cache), false)
 9 SYSTEMPATH\Boot.php(417): CodeIgniter\CodeIgniter->run()
10 SYSTEMPATH\Boot.php(68): CodeIgniter\Boot::runCodeIgniter(Object(CodeIgniter\CodeIgniter))
11 FCPATH\index.php(59): CodeIgniter\Boot::bootWeb(Object(Config\Paths))
DEBUG - 2026-05-18 17:38:21 --> Session: Class initialized using 'CodeIgniter\Session\Handlers\FileHandler' driver.
DEBUG - 2026-05-18 17:38:36 --> Session: Class initialized using 'CodeIgniter\Session\Handlers\FileHandler' driver.
DEBUG - 2026-05-18 17:38:38 --> Session: Class initialized using 'CodeIgniter\Session\Handlers\FileHandler' driver.
DEBUG - 2026-05-18 18:15:16 --> Session: Class initialized using 'CodeIgniter\Session\Handlers\FileHandler' driver.
DEBUG - 2026-05-18 18:16:59 --> Session: Class initialized using 'CodeIgniter\Session\Handlers\FileHandler' driver.
DEBUG - 2026-05-18 18:17:50 --> Session: Class initialized using 'CodeIgniter\Session\Handlers\FileHandler' driver.
DEBUG - 2026-05-18 18:25:31 --> Session: Class initialized using 'CodeIgniter\Session\Handlers\FileHandler' driver.
DEBUG - 2026-05-18 18:25:33 --> Session: Class initialized using 'CodeIgniter\Session\Handlers\FileHandler' driver.
DEBUG - 2026-05-18 18:25:36 --> Session: Class initialized using 'CodeIgniter\Session\Handlers\FileHandler' driver.
DEBUG - 2026-05-18 18:25:38 --> Session: Class initialized using 'CodeIgniter\Session\Handlers\FileHandler' driver.
DEBUG - 2026-05-18 18:25:43 --> Session: Class initialized using 'CodeIgniter\Session\Handlers\FileHandler' driver.
DEBUG - 2026-05-18 18:25:47 --> Session: Class initialized using 'CodeIgniter\Session\Handlers\FileHandler' driver.
DEBUG - 2026-05-18 18:25:56 --> Session: Class initialized using 'CodeIgniter\Session\Handlers\FileHandler' driver.
DEBUG - 2026-05-18 18:25:59 --> Session: Class initialized using 'CodeIgniter\Session\Handlers\FileHandler' driver.
DEBUG - 2026-05-18 18:26:00 --> Session: Class initialized using 'CodeIgniter\Session\Handlers\FileHandler' driver.
DEBUG - 2026-05-18 18:29:24 --> Session: Class initialized using 'CodeIgniter\Session\Handlers\FileHandler' driver.
DEBUG - 2026-05-18 18:29:29 --> Session: Class initialized using 'CodeIgniter\Session\Handlers\FileHandler' driver.
DEBUG - 2026-05-18 18:29:47 --> Session: Class initialized using 'CodeIgniter\Session\Handlers\FileHandler' driver.
DEBUG - 2026-05-18 18:29:51 --> Session: Class initialized using 'CodeIgniter\Session\Handlers\FileHandler' driver.
DEBUG - 2026-05-18 18:29:57 --> Session: Class initialized using 'CodeIgniter\Session\Handlers\FileHandler' driver.
DEBUG - 2026-05-18 18:29:57 --> Session: Class initialized using 'CodeIgniter\Session\Handlers\FileHandler' driver.
DEBUG - 2026-05-18 18:30:05 --> Session: Class initialized using 'CodeIgniter\Session\Handlers\FileHandler' driver.
DEBUG - 2026-05-18 18:30:08 --> Session: Class initialized using 'CodeIgniter\Session\Handlers\FileHandler' driver.
ERROR - 2026-05-18 20:05:29 --> Can't create table `kaagapay_db`.`package_services` (errno: 150 "Foreign key constraint is incorrectly formed")
in SYSTEMPATH\Database\MySQLi\Connection.php on line 300.
 1 SYSTEMPATH\Database\MySQLi\Connection.php(300): mysqli->query('CREATE TABLE `package_services` (
	`id` INT(11) UNSIGNED NOT NULL AUTO_INCREMENT,
	`package_id` INT(11) UNSIGNED NOT NULL,
	`service_list_id` INT(11) UNSIGNED NOT NULL,
	CONSTRAINT `pk_package_services` PRIMARY KEY(`id`),
	CONSTRAINT `package_services_package_id_foreign` FOREIGN KEY (`package_id`) REFERENCES `packages`(`package_id`) ON DELETE CASCADE ON UPDATE CASCADE,
	CONSTRAINT `package_services_service_list_id_foreign` FOREIGN KEY (`service_list_id`) REFERENCES `service_list`(`service_list_id`) ON DELETE CASCADE ON UPDATE CASCADE,
	KEY `package_id` (`package_id`),
	KEY `service_list_id` (`service_list_id`)
) DEFAULT CHARACTER SET = utf8mb4 COLLATE = utf8mb4_general_ci', 0)
 2 SYSTEMPATH\Database\BaseConnection.php(910): CodeIgniter\Database\MySQLi\Connection->execute('CREATE TABLE `package_services` (
	`id` INT(11) UNSIGNED NOT NULL AUTO_INCREMENT,
	`package_id` INT(11) UNSIGNED NOT NULL,
	`service_list_id` INT(11) UNSIGNED NOT NULL,
	CONSTRAINT `pk_package_services` PRIMARY KEY(`id`),
	CONSTRAINT `package_services_package_id_foreign` FOREIGN KEY (`package_id`) REFERENCES `packages`(`package_id`) ON DELETE CASCADE ON UPDATE CASCADE,
	CONSTRAINT `package_services_service_list_id_foreign` FOREIGN KEY (`service_list_id`) REFERENCES `service_list`(`service_list_id`) ON DELETE CASCADE ON UPDATE CASCADE,
	KEY `package_id` (`package_id`),
	KEY `service_list_id` (`service_list_id`)
) DEFAULT CHARACTER SET = utf8mb4 COLLATE = utf8mb4_general_ci')
 3 SYSTEMPATH\Database\BaseConnection.php(827): CodeIgniter\Database\BaseConnection->simpleQuery('CREATE TABLE `package_services` (
	`id` INT(11) UNSIGNED NOT NULL AUTO_INCREMENT,
	`package_id` INT(11) UNSIGNED NOT NULL,
	`service_list_id` INT(11) UNSIGNED NOT NULL,
	CONSTRAINT `pk_package_services` PRIMARY KEY(`id`),
	CONSTRAINT `package_services_package_id_foreign` FOREIGN KEY (`package_id`) REFERENCES `packages`(`package_id`) ON DELETE CASCADE ON UPDATE CASCADE,
	CONSTRAINT `package_services_service_list_id_foreign` FOREIGN KEY (`service_list_id`) REFERENCES `service_list`(`service_list_id`) ON DELETE CASCADE ON UPDATE CASCADE,
	KEY `package_id` (`package_id`),
	KEY `service_list_id` (`service_list_id`)
) DEFAULT CHARACTER SET = utf8mb4 COLLATE = utf8mb4_general_ci')
 4 SYSTEMPATH\Database\Forge.php(570): CodeIgniter\Database\BaseConnection->query('CREATE TABLE `package_services` (
	`id` INT(11) UNSIGNED NOT NULL AUTO_INCREMENT,
	`package_id` INT(11) UNSIGNED NOT NULL,
	`service_list_id` INT(11) UNSIGNED NOT NULL,
	CONSTRAINT `pk_package_services` PRIMARY KEY(`id`),
	CONSTRAINT `package_services_package_id_foreign` FOREIGN KEY (`package_id`) REFERENCES `packages`(`package_id`) ON DELETE CASCADE ON UPDATE CASCADE,
	CONSTRAINT `package_services_service_list_id_foreign` FOREIGN KEY (`service_list_id`) REFERENCES `service_list`(`service_list_id`) ON DELETE CASCADE ON UPDATE CASCADE,
	KEY `package_id` (`package_id`),
	KEY `service_list_id` (`service_list_id`)
) DEFAULT CHARACTER SET = utf8mb4 COLLATE = utf8mb4_general_ci')
 5 APPPATH\Database\Migrations\2026-04-17-120000_CreatePackageServicesTable.php(35): CodeIgniter\Database\Forge->createTable('package_services', true)
 6 SYSTEMPATH\Database\MigrationRunner.php(1014): App\Database\Migrations\CreatePackageServicesTable->up()
 7 SYSTEMPATH\Database\MigrationRunner.php(202): CodeIgniter\Database\MigrationRunner->migrate('up', Object(stdClass))
 8 SYSTEMPATH\Commands\Database\Migrate.php(89): CodeIgniter\Database\MigrationRunner->latest(null)
 9 SYSTEMPATH\CLI\SignalTrait.php(245): CodeIgniter\Commands\Database\Migrate::CodeIgniter\Commands\Database\{closure}()
10 SYSTEMPATH\Commands\Database\Migrate.php(88): CodeIgniter\Commands\Database\Migrate->withSignalsBlocked(Object(Closure))
11 SYSTEMPATH\CLI\Commands.php(74): CodeIgniter\Commands\Database\Migrate->run([])
12 SYSTEMPATH\CLI\Console.php(47): CodeIgniter\CLI\Commands->run('migrate', [])
13 SYSTEMPATH\Boot.php(442): CodeIgniter\CLI\Console->run()
14 SYSTEMPATH\Boot.php(166): CodeIgniter\Boot::runCommand(Object(CodeIgniter\CLI\Console))
15 ROOTPATH\spark(87): CodeIgniter\Boot::bootSpark(Object(Config\Paths))
ERROR - 2026-05-18 20:13:43 --> Table 'audit_logs' already exists
in SYSTEMPATH\Database\MySQLi\Connection.php on line 300.
 1 SYSTEMPATH\Database\MySQLi\Connection.php(300): mysqli->query('CREATE TABLE `audit_logs` (
	`log_id` INT(11) NOT NULL AUTO_INCREMENT,
	`table_name` VARCHAR(100) NOT NULL,
	`record_id` VARCHAR(50) NOT NULL,
	`action` ENUM(\'INSERT\',\'UPDATE\',\'DELETE\') NOT NULL,
	`old_values` JSON NULL,
	`new_values` JSON NULL,
	`changed_by` INT(11) NULL,
	`ip_address` VARCHAR(45) NULL,
	`description` TEXT NULL,
	`changed_at` TIMESTAMP NOT NULL DEFAULT CURRENT_TIMESTAMP,
	CONSTRAINT `pk_audit_logs` PRIMARY KEY(`log_id`),
	CONSTRAINT `audit_logs_changed_by_foreign` FOREIGN KEY (`changed_by`) REFERENCES `users`(`user_id`) ON DELETE SET NULL ON UPDATE CASCADE,
	KEY `table_name` (`table_name`),
	KEY `changed_at` (`changed_at`),
	KEY `table_name_record_id` (`table_name`, `record_id`)
) DEFAULT CHARACTER SET = utf8mb4 COLLATE = utf8mb4_general_ci', 0)
 2 SYSTEMPATH\Database\BaseConnection.php(910): CodeIgniter\Database\MySQLi\Connection->execute('CREATE TABLE `audit_logs` (
	`log_id` INT(11) NOT NULL AUTO_INCREMENT,
	`table_name` VARCHAR(100) NOT NULL,
	`record_id` VARCHAR(50) NOT NULL,
	`action` ENUM(\'INSERT\',\'UPDATE\',\'DELETE\') NOT NULL,
	`old_values` JSON NULL,
	`new_values` JSON NULL,
	`changed_by` INT(11) NULL,
	`ip_address` VARCHAR(45) NULL,
	`description` TEXT NULL,
	`changed_at` TIMESTAMP NOT NULL DEFAULT CURRENT_TIMESTAMP,
	CONSTRAINT `pk_audit_logs` PRIMARY KEY(`log_id`),
	CONSTRAINT `audit_logs_changed_by_foreign` FOREIGN KEY (`changed_by`) REFERENCES `users`(`user_id`) ON DELETE SET NULL ON UPDATE CASCADE,
	KEY `table_name` (`table_name`),
	KEY `changed_at` (`changed_at`),
	KEY `table_name_record_id` (`table_name`, `record_id`)
) DEFAULT CHARACTER SET = utf8mb4 COLLATE = utf8mb4_general_ci')
 3 SYSTEMPATH\Database\BaseConnection.php(827): CodeIgniter\Database\BaseConnection->simpleQuery('CREATE TABLE `audit_logs` (
	`log_id` INT(11) NOT NULL AUTO_INCREMENT,
	`table_name` VARCHAR(100) NOT NULL,
	`record_id` VARCHAR(50) NOT NULL,
	`action` ENUM(\'INSERT\',\'UPDATE\',\'DELETE\') NOT NULL,
	`old_values` JSON NULL,
	`new_values` JSON NULL,
	`changed_by` INT(11) NULL,
	`ip_address` VARCHAR(45) NULL,
	`description` TEXT NULL,
	`changed_at` TIMESTAMP NOT NULL DEFAULT CURRENT_TIMESTAMP,
	CONSTRAINT `pk_audit_logs` PRIMARY KEY(`log_id`),
	CONSTRAINT `audit_logs_changed_by_foreign` FOREIGN KEY (`changed_by`) REFERENCES `users`(`user_id`) ON DELETE SET NULL ON UPDATE CASCADE,
	KEY `table_name` (`table_name`),
	KEY `changed_at` (`changed_at`),
	KEY `table_name_record_id` (`table_name`, `record_id`)
) DEFAULT CHARACTER SET = utf8mb4 COLLATE = utf8mb4_general_ci')
 4 SYSTEMPATH\Database\Forge.php(570): CodeIgniter\Database\BaseConnection->query('CREATE TABLE `audit_logs` (
	`log_id` INT(11) NOT NULL AUTO_INCREMENT,
	`table_name` VARCHAR(100) NOT NULL,
	`record_id` VARCHAR(50) NOT NULL,
	`action` ENUM(\'INSERT\',\'UPDATE\',\'DELETE\') NOT NULL,
	`old_values` JSON NULL,
	`new_values` JSON NULL,
	`changed_by` INT(11) NULL,
	`ip_address` VARCHAR(45) NULL,
	`description` TEXT NULL,
	`changed_at` TIMESTAMP NOT NULL DEFAULT CURRENT_TIMESTAMP,
	CONSTRAINT `pk_audit_logs` PRIMARY KEY(`log_id`),
	CONSTRAINT `audit_logs_changed_by_foreign` FOREIGN KEY (`changed_by`) REFERENCES `users`(`user_id`) ON DELETE SET NULL ON UPDATE CASCADE,
	KEY `table_name` (`table_name`),
	KEY `changed_at` (`changed_at`),
	KEY `table_name_record_id` (`table_name`, `record_id`)
) DEFAULT CHARACTER SET = utf8mb4 COLLATE = utf8mb4_general_ci')
 5 APPPATH\Database\Migrations\2026-05-10-120000_CreateAuditInfrastructure.php(67): CodeIgniter\Database\Forge->createTable('audit_logs')
 6 SYSTEMPATH\Database\MigrationRunner.php(1014): App\Database\Migrations\CreateAuditInfrastructure->up()
 7 SYSTEMPATH\Database\MigrationRunner.php(202): CodeIgniter\Database\MigrationRunner->migrate('up', Object(stdClass))
 8 SYSTEMPATH\Commands\Database\Migrate.php(89): CodeIgniter\Database\MigrationRunner->latest(null)
 9 SYSTEMPATH\CLI\SignalTrait.php(245): CodeIgniter\Commands\Database\Migrate::CodeIgniter\Commands\Database\{closure}()
10 SYSTEMPATH\Commands\Database\Migrate.php(88): CodeIgniter\Commands\Database\Migrate->withSignalsBlocked(Object(Closure))
11 SYSTEMPATH\CLI\Commands.php(74): CodeIgniter\Commands\Database\Migrate->run([...])
12 SYSTEMPATH\CLI\Console.php(47): CodeIgniter\CLI\Commands->run('migrate', [...])
13 SYSTEMPATH\Boot.php(442): CodeIgniter\CLI\Console->run()
14 SYSTEMPATH\Boot.php(166): CodeIgniter\Boot::runCommand(Object(CodeIgniter\CLI\Console))
15 ROOTPATH\spark(87): CodeIgniter\Boot::bootSpark(Object(Config\Paths))
ERROR - 2026-05-18 20:14:51 --> Duplicate column name 'created_at'
in SYSTEMPATH\Database\MySQLi\Connection.php on line 300.
 1 SYSTEMPATH\Database\MySQLi\Connection.php(300): mysqli->query('ALTER TABLE `users`
	ADD `setting_id` INT(11) AUTO_INCREMENT,
	ADD `setting_key` VARCHAR(100) NOT NULL UNIQUE,
	ADD `setting_value` LONGTEXT NOT NULL,
	ADD `category` VARCHAR(50) NULL,
	ADD `data_type` ENUM(\'string\',\'integer\',\'boolean\',\'json\',\'decimal\') DEFAULT \'string\',
	ADD `description` TEXT NULL,
	ADD `is_active` TINYINT(1) DEFAULT 1,
	ADD `created_at` TIMESTAMP NOT NULL DEFAULT CURRENT_TIMESTAMP,
	ADD `updated_at` TIMESTAMP NULL,
	ADD `limit_id` INT(11) AUTO_INCREMENT,
	ADD `ip_address` VARCHAR(45) NOT NULL,
	ADD `action` VARCHAR(100) NOT NULL,
	ADD `attempt_count` INT(11) DEFAULT 1,
	ADD `first_attempt` TIMESTAMP NOT NULL DEFAULT CURRENT_TIMESTAMP,
	ADD `last_attempt` TIMESTAMP NOT NULL DEFAULT CURRENT_TIMESTAMP ON UPDATE CURRENT_TIMESTAMP,
	ADD `is_blocked` TINYINT(1) DEFAULT 0,
	ADD `blocked_until` TIMESTAMP NULL,
	ADD `session_id` INT(11) AUTO_INCREMENT,
	ADD `user_id` INT(11) NOT NULL,
	ADD `session_token` VARCHAR(255) NOT NULL UNIQUE,
	ADD `user_agent` TEXT NULL,
	ADD `last_activity` TIMESTAMP NOT NULL DEFAULT CURRENT_TIMESTAMP ON UPDATE CURRENT_TIMESTAMP,
	ADD `expires_at` TIMESTAMP NULL,
	ADD `key_id` INT(11) AUTO_INCREMENT,
	ADD `api_key` VARCHAR(255) NOT NULL UNIQUE,
	ADD `api_secret` VARCHAR(255) NOT NULL,
	ADD `name` VARCHAR(100) NULL,
	ADD `last_used` TIMESTAMP NULL,
	ADD `ip_whitelist` JSON NULL,
	ADD `failed_login_attempts` INT(11) NULL DEFAULT 0,
	ADD `last_failed_login` TIMESTAMP NULL,
	ADD `locked_until` TIMESTAMP NULL,
	ADD `two_factor_enabled` TINYINT(1) NULL DEFAULT 0,
	ADD `two_factor_secret` VARCHAR(255) NULL,
	ADD `ip_address_created` VARCHAR(45) NULL,
	ADD `ip_address_last_login` VARCHAR(45) NULL', 0)
 2 SYSTEMPATH\Database\BaseConnection.php(910): CodeIgniter\Database\MySQLi\Connection->execute('ALTER TABLE `users`
	ADD `setting_id` INT(11) AUTO_INCREMENT,
	ADD `setting_key` VARCHAR(100) NOT NULL UNIQUE,
	ADD `setting_value` LONGTEXT NOT NULL,
	ADD `category` VARCHAR(50) NULL,
	ADD `data_type` ENUM(\'string\',\'integer\',\'boolean\',\'json\',\'decimal\') DEFAULT \'string\',
	ADD `description` TEXT NULL,
	ADD `is_active` TINYINT(1) DEFAULT 1,
	ADD `created_at` TIMESTAMP NOT NULL DEFAULT CURRENT_TIMESTAMP,
	ADD `updated_at` TIMESTAMP NULL,
	ADD `limit_id` INT(11) AUTO_INCREMENT,
	ADD `ip_address` VARCHAR(45) NOT NULL,
	ADD `action` VARCHAR(100) NOT NULL,
	ADD `attempt_count` INT(11) DEFAULT 1,
	ADD `first_attempt` TIMESTAMP NOT NULL DEFAULT CURRENT_TIMESTAMP,
	ADD `last_attempt` TIMESTAMP NOT NULL DEFAULT CURRENT_TIMESTAMP ON UPDATE CURRENT_TIMESTAMP,
	ADD `is_blocked` TINYINT(1) DEFAULT 0,
	ADD `blocked_until` TIMESTAMP NULL,
	ADD `session_id` INT(11) AUTO_INCREMENT,
	ADD `user_id` INT(11) NOT NULL,
	ADD `session_token` VARCHAR(255) NOT NULL UNIQUE,
	ADD `user_agent` TEXT NULL,
	ADD `last_activity` TIMESTAMP NOT NULL DEFAULT CURRENT_TIMESTAMP ON UPDATE CURRENT_TIMESTAMP,
	ADD `expires_at` TIMESTAMP NULL,
	ADD `key_id` INT(11) AUTO_INCREMENT,
	ADD `api_key` VARCHAR(255) NOT NULL UNIQUE,
	ADD `api_secret` VARCHAR(255) NOT NULL,
	ADD `name` VARCHAR(100) NULL,
	ADD `last_used` TIMESTAMP NULL,
	ADD `ip_whitelist` JSON NULL,
	ADD `failed_login_attempts` INT(11) NULL DEFAULT 0,
	ADD `last_failed_login` TIMESTAMP NULL,
	ADD `locked_until` TIMESTAMP NULL,
	ADD `two_factor_enabled` TINYINT(1) NULL DEFAULT 0,
	ADD `two_factor_secret` VARCHAR(255) NULL,
	ADD `ip_address_created` VARCHAR(45) NULL,
	ADD `ip_address_last_login` VARCHAR(45) NULL')
 3 SYSTEMPATH\Database\BaseConnection.php(827): CodeIgniter\Database\BaseConnection->simpleQuery('ALTER TABLE `users`
	ADD `setting_id` INT(11) AUTO_INCREMENT,
	ADD `setting_key` VARCHAR(100) NOT NULL UNIQUE,
	ADD `setting_value` LONGTEXT NOT NULL,
	ADD `category` VARCHAR(50) NULL,
	ADD `data_type` ENUM(\'string\',\'integer\',\'boolean\',\'json\',\'decimal\') DEFAULT \'string\',
	ADD `description` TEXT NULL,
	ADD `is_active` TINYINT(1) DEFAULT 1,
	ADD `created_at` TIMESTAMP NOT NULL DEFAULT CURRENT_TIMESTAMP,
	ADD `updated_at` TIMESTAMP NULL,
	ADD `limit_id` INT(11) AUTO_INCREMENT,
	ADD `ip_address` VARCHAR(45) NOT NULL,
	ADD `action` VARCHAR(100) NOT NULL,
	ADD `attempt_count` INT(11) DEFAULT 1,
	ADD `first_attempt` TIMESTAMP NOT NULL DEFAULT CURRENT_TIMESTAMP,
	ADD `last_attempt` TIMESTAMP NOT NULL DEFAULT CURRENT_TIMESTAMP ON UPDATE CURRENT_TIMESTAMP,
	ADD `is_blocked` TINYINT(1) DEFAULT 0,
	ADD `blocked_until` TIMESTAMP NULL,
	ADD `session_id` INT(11) AUTO_INCREMENT,
	ADD `user_id` INT(11) NOT NULL,
	ADD `session_token` VARCHAR(255) NOT NULL UNIQUE,
	ADD `user_agent` TEXT NULL,
	ADD `last_activity` TIMESTAMP NOT NULL DEFAULT CURRENT_TIMESTAMP ON UPDATE CURRENT_TIMESTAMP,
	ADD `expires_at` TIMESTAMP NULL,
	ADD `key_id` INT(11) AUTO_INCREMENT,
	ADD `api_key` VARCHAR(255) NOT NULL UNIQUE,
	ADD `api_secret` VARCHAR(255) NOT NULL,
	ADD `name` VARCHAR(100) NULL,
	ADD `last_used` TIMESTAMP NULL,
	ADD `ip_whitelist` JSON NULL,
	ADD `failed_login_attempts` INT(11) NULL DEFAULT 0,
	ADD `last_failed_login` TIMESTAMP NULL,
	ADD `locked_until` TIMESTAMP NULL,
	ADD `two_factor_enabled` TINYINT(1) NULL DEFAULT 0,
	ADD `two_factor_secret` VARCHAR(255) NULL,
	ADD `ip_address_created` VARCHAR(45) NULL,
	ADD `ip_address_last_login` VARCHAR(45) NULL')
 4 SYSTEMPATH\Database\Forge.php(772): CodeIgniter\Database\BaseConnection->query('ALTER TABLE `users`
	ADD `setting_id` INT(11) AUTO_INCREMENT,
	ADD `setting_key` VARCHAR(100) NOT NULL UNIQUE,
	ADD `setting_value` LONGTEXT NOT NULL,
	ADD `category` VARCHAR(50) NULL,
	ADD `data_type` ENUM(\'string\',\'integer\',\'boolean\',\'json\',\'decimal\') DEFAULT \'string\',
	ADD `description` TEXT NULL,
	ADD `is_active` TINYINT(1) DEFAULT 1,
	ADD `created_at` TIMESTAMP NOT NULL DEFAULT CURRENT_TIMESTAMP,
	ADD `updated_at` TIMESTAMP NULL,
	ADD `limit_id` INT(11) AUTO_INCREMENT,
	ADD `ip_address` VARCHAR(45) NOT NULL,
	ADD `action` VARCHAR(100) NOT NULL,
	ADD `attempt_count` INT(11) DEFAULT 1,
	ADD `first_attempt` TIMESTAMP NOT NULL DEFAULT CURRENT_TIMESTAMP,
	ADD `last_attempt` TIMESTAMP NOT NULL DEFAULT CURRENT_TIMESTAMP ON UPDATE CURRENT_TIMESTAMP,
	ADD `is_blocked` TINYINT(1) DEFAULT 0,
	ADD `blocked_until` TIMESTAMP NULL,
	ADD `session_id` INT(11) AUTO_INCREMENT,
	ADD `user_id` INT(11) NOT NULL,
	ADD `session_token` VARCHAR(255) NOT NULL UNIQUE,
	ADD `user_agent` TEXT NULL,
	ADD `last_activity` TIMESTAMP NOT NULL DEFAULT CURRENT_TIMESTAMP ON UPDATE CURRENT_TIMESTAMP,
	ADD `expires_at` TIMESTAMP NULL,
	ADD `key_id` INT(11) AUTO_INCREMENT,
	ADD `api_key` VARCHAR(255) NOT NULL UNIQUE,
	ADD `api_secret` VARCHAR(255) NOT NULL,
	ADD `name` VARCHAR(100) NULL,
	ADD `last_used` TIMESTAMP NULL,
	ADD `ip_whitelist` JSON NULL,
	ADD `failed_login_attempts` INT(11) NULL DEFAULT 0,
	ADD `last_failed_login` TIMESTAMP NULL,
	ADD `locked_until` TIMESTAMP NULL,
	ADD `two_factor_enabled` TINYINT(1) NULL DEFAULT 0,
	ADD `two_factor_secret` VARCHAR(255) NULL,
	ADD `ip_address_created` VARCHAR(45) NULL,
	ADD `ip_address_last_login` VARCHAR(45) NULL')
 5 APPPATH\Database\Migrations\2026-05-10-130000_CreateSecurityTables.php(236): CodeIgniter\Database\Forge->addColumn('users', [...])
 6 SYSTEMPATH\Database\MigrationRunner.php(1014): App\Database\Migrations\CreateSecurityTables->up()
 7 SYSTEMPATH\Database\MigrationRunner.php(202): CodeIgniter\Database\MigrationRunner->migrate('up', Object(stdClass))
 8 SYSTEMPATH\Commands\Database\Migrate.php(89): CodeIgniter\Database\MigrationRunner->latest(null)
 9 SYSTEMPATH\CLI\SignalTrait.php(245): CodeIgniter\Commands\Database\Migrate::CodeIgniter\Commands\Database\{closure}()
10 SYSTEMPATH\Commands\Database\Migrate.php(88): CodeIgniter\Commands\Database\Migrate->withSignalsBlocked(Object(Closure))
11 SYSTEMPATH\CLI\Commands.php(74): CodeIgniter\Commands\Database\Migrate->run([...])
12 SYSTEMPATH\CLI\Console.php(47): CodeIgniter\CLI\Commands->run('migrate', [...])
13 SYSTEMPATH\Boot.php(442): CodeIgniter\CLI\Console->run()
14 SYSTEMPATH\Boot.php(166): CodeIgniter\Boot::runCommand(Object(CodeIgniter\CLI\Console))
15 ROOTPATH\spark(87): CodeIgniter\Boot::bootSpark(Object(Config\Paths))
ERROR - 2026-05-18 20:15:17 --> Table 'cash_payment_records' already exists
in SYSTEMPATH\Database\MySQLi\Connection.php on line 300.
 1 SYSTEMPATH\Database\MySQLi\Connection.php(300): mysqli->query('CREATE TABLE `cash_payment_records` (
	`cash_record_id` INT(11) UNSIGNED NOT NULL AUTO_INCREMENT,
	`branch_id` INT(11) UNSIGNED NOT NULL,
	`client_name` VARCHAR(255) NOT NULL,
	`months_covered` INT(3) NOT NULL DEFAULT 1,
	`amount` DECIMAL(10,2) NOT NULL,
	`receipt_number` VARCHAR(50) NOT NULL UNIQUE,
	`recorded_by` INT(11) UNSIGNED NULL,
	`recorded_date` DATE NOT NULL,
	`verified` TINYINT(1) NOT NULL DEFAULT 0,
	`verified_date` DATETIME NULL,
	`created_at` DATETIME NOT NULL,
	`updated_at` DATETIME NULL,
	CONSTRAINT `pk_cash_payment_records` PRIMARY KEY(`cash_record_id`),
	KEY `branch_id` (`branch_id`),
	KEY `receipt_number` (`receipt_number`),
	KEY `verified` (`verified`)
) DEFAULT CHARACTER SET = utf8mb4 COLLATE = utf8mb4_general_ci', 0)
 2 SYSTEMPATH\Database\BaseConnection.php(910): CodeIgniter\Database\MySQLi\Connection->execute('CREATE TABLE `cash_payment_records` (
	`cash_record_id` INT(11) UNSIGNED NOT NULL AUTO_INCREMENT,
	`branch_id` INT(11) UNSIGNED NOT NULL,
	`client_name` VARCHAR(255) NOT NULL,
	`months_covered` INT(3) NOT NULL DEFAULT 1,
	`amount` DECIMAL(10,2) NOT NULL,
	`receipt_number` VARCHAR(50) NOT NULL UNIQUE,
	`recorded_by` INT(11) UNSIGNED NULL,
	`recorded_date` DATE NOT NULL,
	`verified` TINYINT(1) NOT NULL DEFAULT 0,
	`verified_date` DATETIME NULL,
	`created_at` DATETIME NOT NULL,
	`updated_at` DATETIME NULL,
	CONSTRAINT `pk_cash_payment_records` PRIMARY KEY(`cash_record_id`),
	KEY `branch_id` (`branch_id`),
	KEY `receipt_number` (`receipt_number`),
	KEY `verified` (`verified`)
) DEFAULT CHARACTER SET = utf8mb4 COLLATE = utf8mb4_general_ci')
 3 SYSTEMPATH\Database\BaseConnection.php(827): CodeIgniter\Database\BaseConnection->simpleQuery('CREATE TABLE `cash_payment_records` (
	`cash_record_id` INT(11) UNSIGNED NOT NULL AUTO_INCREMENT,
	`branch_id` INT(11) UNSIGNED NOT NULL,
	`client_name` VARCHAR(255) NOT NULL,
	`months_covered` INT(3) NOT NULL DEFAULT 1,
	`amount` DECIMAL(10,2) NOT NULL,
	`receipt_number` VARCHAR(50) NOT NULL UNIQUE,
	`recorded_by` INT(11) UNSIGNED NULL,
	`recorded_date` DATE NOT NULL,
	`verified` TINYINT(1) NOT NULL DEFAULT 0,
	`verified_date` DATETIME NULL,
	`created_at` DATETIME NOT NULL,
	`updated_at` DATETIME NULL,
	CONSTRAINT `pk_cash_payment_records` PRIMARY KEY(`cash_record_id`),
	KEY `branch_id` (`branch_id`),
	KEY `receipt_number` (`receipt_number`),
	KEY `verified` (`verified`)
) DEFAULT CHARACTER SET = utf8mb4 COLLATE = utf8mb4_general_ci')
 4 SYSTEMPATH\Database\Forge.php(570): CodeIgniter\Database\BaseConnection->query('CREATE TABLE `cash_payment_records` (
	`cash_record_id` INT(11) UNSIGNED NOT NULL AUTO_INCREMENT,
	`branch_id` INT(11) UNSIGNED NOT NULL,
	`client_name` VARCHAR(255) NOT NULL,
	`months_covered` INT(3) NOT NULL DEFAULT 1,
	`amount` DECIMAL(10,2) NOT NULL,
	`receipt_number` VARCHAR(50) NOT NULL UNIQUE,
	`recorded_by` INT(11) UNSIGNED NULL,
	`recorded_date` DATE NOT NULL,
	`verified` TINYINT(1) NOT NULL DEFAULT 0,
	`verified_date` DATETIME NULL,
	`created_at` DATETIME NOT NULL,
	`updated_at` DATETIME NULL,
	CONSTRAINT `pk_cash_payment_records` PRIMARY KEY(`cash_record_id`),
	KEY `branch_id` (`branch_id`),
	KEY `receipt_number` (`receipt_number`),
	KEY `verified` (`verified`)
) DEFAULT CHARACTER SET = utf8mb4 COLLATE = utf8mb4_general_ci')
 5 APPPATH\Database\Migrations\2026-05-12-000001_CreateCashPaymentRecords.php(72): CodeIgniter\Database\Forge->createTable('cash_payment_records')
 6 SYSTEMPATH\Database\MigrationRunner.php(1014): App\Database\Migrations\CreateCashPaymentRecords->up()
 7 SYSTEMPATH\Database\MigrationRunner.php(202): CodeIgniter\Database\MigrationRunner->migrate('up', Object(stdClass))
 8 SYSTEMPATH\Commands\Database\Migrate.php(89): CodeIgniter\Database\MigrationRunner->latest(null)
 9 SYSTEMPATH\CLI\SignalTrait.php(245): CodeIgniter\Commands\Database\Migrate::CodeIgniter\Commands\Database\{closure}()
10 SYSTEMPATH\Commands\Database\Migrate.php(88): CodeIgniter\Commands\Database\Migrate->withSignalsBlocked(Object(Closure))
11 SYSTEMPATH\CLI\Commands.php(74): CodeIgniter\Commands\Database\Migrate->run([...])
12 SYSTEMPATH\CLI\Console.php(47): CodeIgniter\CLI\Commands->run('migrate', [...])
13 SYSTEMPATH\Boot.php(442): CodeIgniter\CLI\Console->run()
14 SYSTEMPATH\Boot.php(166): CodeIgniter\Boot::runCommand(Object(CodeIgniter\CLI\Console))
15 ROOTPATH\spark(87): CodeIgniter\Boot::bootSpark(Object(Config\Paths))
